sample_id,SLOT_MAIN_LENGTH,SLOT_MAIN_HEIGHT,PATCH_BRICK_1_SIDE_MARGIN,PATCH_BRICK_1_TOP_MARGIN,PATCH_BRICK_3_BOTTOM_MARGIN,PATCH_BRICK_2_HEIGHT_MARGIN,PATCH_BRICK_4_MARGIN,UPPER_CORNER_NOTCH_1_K1,UPPER_CORNER_NOTCH_1_K2,UPPER_CORNER_EAR_1_K1,UPPER_CORNER_EAR_1_K2,LOWER_CORNER_NOTCH_1_K1,LOWER_CORNER_NOTCH_1_K2,LOWER_CORNER_EAR_1_K1,LOWER_CORNER_EAR_1_K2,LOWER_CORNER_EAR_2_K1,LOWER_CORNER_EAR_2_K2,BRANCH_UP_1_K,BRANCH_UP_1_K2,BRANCH_UP_1_K3,BRANCH_DOWN_1_K,BRANCH_DOWN_1_K2,BRANCH_DOWN_1_K3,geometry_valid,geometry_error,final_conductor_components,allowed_bottom_y_mm,bottom_contact_pairs,non_bottom_intersection,non_bottom_intersection_pairs,non_bottom_crossing_pairs,non_bottom_overlapping_pairs,non_bottom_touching_pairs,non_bottom_intersection_details,intersection_check_completed,intersection_check_error
0,50.404373779892921,2.6581014227122068,3.4744183123111725,3.4928713494911792,2.1841225810348988,9.4251385750249028,3.4930623732507229,0.031163305975496769,0.71248653065413237,0.66959358192980289,0.17204897943884134,0.2905625319108367,0.37828397378325462,0.11577374488115311,0.50856124423444271,0.20724438596516848,0.24823253136128187,0.58617617003619671,0.82783479150384665,0.27866214513778687,0.96217029727995396,0.94278720021247864,0.043839329853653908,True,,1,0,Slot__Patch;Slot__CPW_Feed_Pin;Patch__CPW_Feed_Pin,True,Slot__CPW_Feed_Pin,,Slot__CPW_Feed_Pin,,"{""Slot__CPW_Feed_Pin"": {""geometry_type"": ""MultiLineString"", ""relations"": ""overlaps"", ""wkt"": ""MULTILINESTRING ((0.5 22.34, 0 22.34), (0 22.34, -0.5 22.34))""}}",True,
1,28.30793559551239,1.9383076503872871,8.5766723603010178,2.5354519315063957,1.0023456197232008,16.899276142939925,5.9305763281881809,0.73189820908010006,0.3109263526275754,0.1718183746561408,0.73620786145329475,0.68661975208669901,0.97810360323637724,0.81338724493980408,0.010172147303819656,0.75733038224279881,0.73787243384867907,0.23596348520368338,0.1824279110878706,0.7786055589094758,0.33743549603968859,0.10940934345126152,0.67809724807739258,True,,1,0,Slot__Patch;Slot__CPW_Feed_Pin;Patch__CPW_Feed_Pin,True,Slot__CPW_Feed_Pin,,Slot__CPW_Feed_Pin,,"{""Slot__CPW_Feed_Pin"": {""geometry_type"": ""MultiLineString"", ""relations"": ""overlaps"", ""wkt"": ""MULTILINESTRING ((0.5 22.87, 0 22.87), (0 22.87, -0.5 22.87))""}}",True,
2,16.734810504131019,2.1117903478443623,5.0771926157176495,2.6850792098790413,1.6316373851150274,19.566894443705678,2.3999047912657261,0.78317093569785357,0.2090634424239397,0.25749479793012142,0.82591967564076185,0.7777925543487072,0.19074085541069508,0.34976204391568899,0.38223656080663204,0.45652779564261436,0.99226966872811317,0.92240230832248926,0.45707292202860117,0.057269095443189144,0.57711566612124443,0.34508534520864487,0.35755536891520023,True,,1,0,Slot__Patch;Slot__CPW_Feed_Pin;Patch__CPW_Feed_Pin,True,Slot__CPW_Feed_Pin,,Slot__CPW_Feed_Pin,,"{""Slot__CPW_Feed_Pin"": {""geometry_type"": ""MultiLineString"", ""relations"": ""overlaps"", ""wkt"": ""MULTILINESTRING ((0.5 20.15, 0 20.15), (0 20.15, -0.5 20.15))""}}",True,
3,39.43551819305867,1.2688589859753847,6.7834798358380795,1.6877479782328011,2.5548389218747616,12.026381143368781,4.9624517522752285,0.45645309425890446,0.79871299490332603,0.75581503193825483,0.26214602403342724,0.13564157672226429,0.66564441192895174,0.57842242624610662,0.88064508512616158,0.50077162962406874,0.48993667401373386,0.2744932547211647,0.53268195688724518,0.55734213255345821,0.20140438806265593,0.70726417377591133,0.98886837065219879,True,,1,0,Slot__Patch;Slot__CPW_Feed_Pin;Patch__CPW_Feed_Pin,True,Slot__CPW_Feed_Pin,,Slot__CPW_Feed_Pin,,"{""Slot__CPW_Feed_Pin"": {""geometry_type"": ""MultiLineString"", ""relations"": ""overlaps"", ""wkt"": ""MULTILINESTRING ((0.5 22.78, 0 22.78), (0 22.78, -0.5 22.78))""}}",True,
4,45.681367018260062,2.3027601856738329,7.8121242206543684,1.3146995276212692,2.9608048591762781,7.8637742064893246,2.5186219997704029,0.90677999053150415,0.0091690374538302422,0.057454510591924191,0.95237372443079948,0.0093541080132126808,0.0095662102103233337,0.92104502394795418,0.84415847808122635,0.63011669181287289,0.28374585788697004,0.49588895682245493,0.29286982864141464,0.46781858708709478,0.82804122939705849,0.79729181341826916,0.46245255786925554,True,,1,0,Slot__Patch;Slot__CPW_Feed_Pin;Patch__CPW_Feed_Pin,True,Slot__CPW_Feed_Pin,,Slot__CPW_Feed_Pin,,"{""Slot__CPW_Feed_Pin"": {""geometry_type"": ""MultiLineString"", ""relations"": ""overlaps"", ""wkt"": ""MULTILINESTRING ((0.5 21.78, 0 21.78), (0 21.78, -0.5 21.78))""}}",True,
5,22.793919914402068,1.0851446725428104,4.2331185769289732,3.0798684509471066,1.8527277708053589,15.381837445311248,4.0811689309775829,0.33015847764909267,0.98299766052514315,0.5552274826914072,0.38961380813270807,0.90528907533735037,0.59669726993888617,0.14967202767729759,0.34645752049982548,0.33451482001692057,0.79605951625853777,0.83040107786655426,0.71739047858864069,0.96786712668836117,0.45227648597210646,0.1299371886998415,0.81563661154359579,True,,1,0,Slot__Patch;Slot__CPW_Feed_Pin;Patch__CPW_Feed_Pin,True,Slot__CPW_Feed_Pin,,Slot__CPW_Feed_Pin,,"{""Slot__CPW_Feed_Pin"": {""geometry_type"": ""MultiLineString"", ""relations"": ""overlaps"", ""wkt"": ""MULTILINESTRING ((0.5 21.02, 0 21.02), (0 21.02, -0.5 21.02))""}}",True,
6,34.377913484349847,2.9742230400443077,6.0421746466308832,2.2646794093772771,1.4820419624447823,21.276688626967371,3.6117719225585461,0.15486202854663134,0.50671839900314808,0.89141889195889235,0.049482202157378197,0.55899238772690296,0.3220480140298605,0.68702335190027952,0.23415503650903702,0.87740549352020025,0.53581010177731514,0.019039085134863853,0.92223765514791012,0.24312958121299744,0.71129717119038105,0.39487189613282681,0.15165663976222277,True,,1,0,Slot__Patch;Slot__CPW_Feed_Pin;Patch__CPW_Feed_Pin,True,Slot__CPW_Feed_Pin,,Slot__CPW_Feed_Pin,,"{""Slot__CPW_Feed_Pin"": {""geometry_type"": ""MultiLineString"", ""relations"": ""overlaps"", ""wkt"": ""MULTILINESTRING ((0.5 22.07, 0 22.07), (0 22.07, -0.5 22.07))""}}",True,
7,56.63916134275496,1.6295636873692274,5.8126270417124033,3.7447595264762645,2.3314825613051653,13.809437155723572,5.0492859072983265,0.60551395453512669,0.46980422362685204,0.3930999394506216,0.61269600223749876,0.41696367785334587,0.78421720955520868,0.38467023056000471,0.73184395767748356,0.079837188124656677,0.040096649900078773,0.68249516095966101,0.067514850758016109,0.74306363705545664,0.086509023793041706,0.53244898654520512,0.5018957769498229,True,,1,0,Slot__Patch;Slot__CPW_Feed_Pin;Patch__CPW_Feed_Pin,True,Slot__CPW_Feed_Pin,,Slot__CPW_Feed_Pin,,"{""Slot__CPW_Feed_Pin"": {""geometry_type"": ""MultiLineString"", ""relations"": ""overlaps"", ""wkt"": ""MULTILINESTRING ((0.5 23.01, 0 23.01), (0 23.01, -0.5 23.01))""}}",True,
8,58.803658504039049,2.1327324658632278,6.7477139867842197,3.0988489054143433,1.2387168984860182,12.711350955069065,2.756876889616251,0.9678296772763133,0.082687197253108025,0.82699558418244123,0.5116365198045969,0.35060809832066298,0.54841822292655706,0.71449588518589735,0.43752592522650957,0.69365903548896313,0.90459972433745861,0.32248623110353947,0.32139623817056417,0.1196966553106904,0.77476318553090096,0.21720793563872576,0.22370454017072916,True,,1,0,Slot__Patch;Slot__CPW_Feed_Pin;Patch__CPW_Feed_Pin,True,Slot__CPW_Feed_Pin,,Slot__CPW_Feed_Pin,,"{""Slot__CPW_Feed_Pin"": {""geometry_type"": ""MultiLineString"", ""relations"": ""overlaps"", ""wkt"": ""MULTILINESTRING ((0.5 20.13, 0 20.13), (0 20.13, -0.5 20.13))""}}",True,
9,36.78451219573617,1.4754559304565191,5.3945432491600513,1.6181428560987117,2.072870034724474,20.17127217259258,4.3193623386323452,0.29449941590428352,0.92516553401947021,0.32476510666310787,0.072416595183312893,0.73592295963317156,0.089216850697994232,0.48218246828764677,0.94009444024413824,0.2714569428935647,0.3944515585899353,0.97231741528958082,0.68396600894629955,0.61963880062103271,0.39996382873505354,0.85452561173588037,0.62467137258499861,True,,1,0,Slot__Patch;Slot__CPW_Feed_Pin;Patch__CPW_Feed_Pin,True,Slot__CPW_Feed_Pin,,Slot__CPW_Feed_Pin,,"{""Slot__CPW_Feed_Pin"": {""geometry_type"": ""MultiLineString"", ""relations"": ""overlaps"", ""wkt"": ""MULTILINESTRING ((0.5 21.87, 0 21.87), (0 21.87, -0.5 21.87))""}}",True,
10,25.111823170445859,2.5824869964271784,7.9565354213118553,3.7231906121596703,2.7013678811490536,18.155510346405208,3.8500339947640896,0.21978938486427069,0.58902490790933371,0.22345986869186163,0.49069990217685699,0.83102918416261673,0.86093816254287958,0.94824860617518425,0.5778028042986989,0.93849693890661001,0.14884284976869822,0.15874289441853762,0.95570791605859995,0.34123565815389156,0.63958653993904591,0.61950609553605318,0.41389472130686045,True,,1,0,Slot__Patch;Slot__CPW_Feed_Pin;Patch__CPW_Feed_Pin,True,Slot__CPW_Feed_Pin,,Slot__CPW_Feed_Pin,,"{""Slot__CPW_Feed_Pin"": {""geometry_type"": ""MultiLineString"", ""relations"": ""overlaps"", ""wkt"": ""MULTILINESTRING ((0.5 23.13, 0 23.13), (0 23.13, -0.5 23.13))""}}",True,
11,47.932992889545858,1.8020080141723156,4.0011629238724709,1.9586671475321056,1.6102262046188116,10.630128923803568,5.2874873913824558,0.51910222321748734,0.43443375173956156,0.72513769008219242,0.9294125409796834,0.19180808030068874,0.27669865451753139,0.24745315685868263,0.07521581556648016,0.018261276185512543,0.6462945556268096,0.51081667467951775,0.038912132382392883,0.84130757953971624,0.013810594566166401,0.45238036755472422,0.80999402981251478,True,,1,0,Slot__Patch;Slot__CPW_Feed_Pin;Patch__CPW_Feed_Pin,True,Slot__CPW_Feed_Pin,,Slot__CPW_Feed_Pin,,"{""Slot__CPW_Feed_Pin"": {""geometry_type"": ""MultiLineString"", ""relations"": ""overlaps"", ""wkt"": ""MULTILINESTRING ((0.5 22.7, 0 22.7), (0 22.7, -0.5 22.7))""}}",True,
12,42.91768238414079,2.7656577788293362,4.65342684276402,2.3513828622177249,1.9054170846939087,14.889887259341776,3.2314388565719128,0.094166147522628307,0.62926664762198925,0.4625673945993185,0.36424596514552832,0.069430974312126637,0.93263217341154814,0.25201330985873938,0.16470945160835981,0.14772078115493059,0.5653745960444212,0.72832138556987047,0.79422720521688461,0.18043344281613827,0.89057404734194279,0.042406084947288036,0.26609736494719982,True,,1,0,Slot__Patch;Slot__CPW_Feed_Pin;Patch__CPW_Feed_Pin,True,Slot__CPW_Feed_Pin,,Slot__CPW_Feed_Pin,,"{""Slot__CPW_Feed_Pin"": {""geometry_type"": ""MultiLineString"", ""relations"": ""overlaps"", ""wkt"": ""MULTILINESTRING ((0.5 21.9, 0 21.9), (0 21.9, -0.5 21.9))""}}",True,
13,19.931743224151433,1.610589886084199,7.4829824287444353,3.3493592426180845,2.7829968128353357,22.423088187351823,5.6688922829926014,0.64350474253296852,0.34733226895332336,0.96479635220021009,0.80194482393562794,0.95462392549961805,0.45488285645842552,0.55118638928979635,0.66604349110275507,0.81733082421123981,0.077476277947425842,0.062820155173540115,0.21113741490989923,0.68048408534377813,0.26486682612448931,0.90435604657977819,0.88550097122788429,True,,1,0,Slot__Patch;Slot__CPW_Feed_Pin;Patch__CPW_Feed_Pin,True,Slot__CPW_Feed_Pin,,Slot__CPW_Feed_Pin,,"{""Slot__CPW_Feed_Pin"": {""geometry_type"": ""MultiLineString"", ""relations"": ""overlaps"", ""wkt"": ""MULTILINESTRING ((0.5 24.07, 0 24.07), (0 24.07, -0.5 24.07))""}}",True,
14,31.593328071758151,2.4409977551549673,3.2364144679158926,1.8692282777279616,2.4115180093795061,16.12540396861732,2.1382894106209278,0.84223888721317053,0.13658455666154623,0.61296849884092808,0.63420337904244661,0.61219963990151882,0.74517298210412264,0.018229112029075623,0.78810444753617048,0.39068518951535225,0.31721758190542459,0.7514409888535738,0.42865332029759884,0.40551246050745249,0.52370798215270042,0.63998627196997404,0.08079950325191021,True,,1,0,Slot__Patch;Slot__CPW_Feed_Pin;Patch__CPW_Feed_Pin,True,Slot__CPW_Feed_Pin,,Slot__CPW_Feed_Pin,,"{""Slot__CPW_Feed_Pin"": {""geometry_type"": ""MultiLineString"", ""relations"": ""overlaps"", ""wkt"": ""MULTILINESTRING ((0.5 20.99, 0 20.99), (0 20.99, -0.5 20.99))""}}",True,
15,53.799259392544627,1.158821165561676,8.715413024649024,2.8260226933285599,1.2768887355923653,8.6439303355291486,4.7007748298346996,0.41886951774358749,0.85562791768461466,0.11129315104335546,0.19592855125665665,0.47310043126344681,0.14233973808586597,0.78594716638326645,0.28678149078041315,0.56613739859312773,0.82171941455453634,0.41494474839419127,0.5659691235050559,0.90544870495796204,0.14897723030298948,0.30686779972165823,0.69533558562397957,True,,1,0,Slot__Patch;Slot__CPW_Feed_Pin;Patch__CPW_Feed_Pin,True,Slot__CPW_Feed_Pin,,Slot__CPW_Feed_Pin,,"{""Slot__CPW_Feed_Pin"": {""geometry_type"": ""MultiLineString"", ""relations"": ""overlaps"", ""wkt"": ""MULTILINESTRING ((0.5 21.14, 0 21.14), (0 21.14, -0.5 21.14))""}}",True,
16,51.687776427716017,2.4354959707707167,5.4405720178037882,2.1239680958911777,2.6122343931347132,21.787064163945615,5.8048118017613888,0.86670651752501726,0.8836290193721652,0.50220203120261431,0.24044864159077406,0.042909950949251652,0.77934092562645674,0.88962919916957617,0.97635757550597191,0.22735077794641256,0.94346705358475447,0.12728853244334459,0.47694912645965815,0.2946010073646903,0.41764677129685879,0.41499024443328381,0.7488844245672226,True,,1,0,Slot__Patch;Slot__CPW_Feed_Pin;Patch__CPW_Feed_Pin,True,Slot__CPW_Feed_Pin,,Slot__CPW_Feed_Pin,,"{""Slot__CPW_Feed_Pin"": {""geometry_type"": ""MultiLineString"", ""relations"": ""overlaps"", ""wkt"": ""MULTILINESTRING ((0.5 24.85, 0 24.85), (0 24.85, -0.5 24.85))""}}",True,
17,29.487016405910254,1.2155925258994102,6.4200690183788538,3.894136878475547,1.6992256641387939,14.261224530637264,3.3673582412302494,0.37999759055674076,0.10853338707238436,9.883195161819458e-05,0.67964854650199413,0.93493868317455053,0.36403152719140053,0.18029413279145956,0.47401645593345165,0.80807838588953018,0.44894513208419085,0.54275925830006599,0.52841507643461227,0.79464996419847012,0.79235844407230616,0.52887036092579365,0.098024735227227211,True,,1,0,Slot__Patch;Slot__CPW_Feed_Pin;Patch__CPW_Feed_Pin,True,Slot__CPW_Feed_Pin,,Slot__CPW_Feed_Pin,,"{""Slot__CPW_Feed_Pin"": {""geometry_type"": ""MultiLineString"", ""relations"": ""overlaps"", ""wkt"": ""MULTILINESTRING ((0.5 20.28, 0 20.28), (0 20.28, -0.5 20.28))""}}",True,
18,17.813640064559877,2.8578447438776493,3.8609732519835234,1.4488646656274797,1.0709714964032173,9.3162320740520954,4.8371788002550602,0.071896077133715153,0.38215875811874866,0.41432368848472834,0.76138430181890726,0.52934279479086399,0.59182265121489763,0.65466149151325226,0.10195549950003624,0.48390768282115459,0.18771784380078316,0.35438262112438679,0.86314527597278357,0.010096564888954163,0.058715268969535828,0.76247877441346645,0.93370541930198669,True,,1,0,Slot__Patch;Slot__CPW_Feed_Pin;Patch__CPW_Feed_Pin,True,Slot__CPW_Feed_Pin,,Slot__CPW_Feed_Pin,,"{""Slot__CPW_Feed_Pin"": {""geometry_type"": ""MultiLineString"", ""relations"": ""overlaps"", ""wkt"": ""MULTILINESTRING ((0.5 22.77, 0 22.77), (0 22.77, -0.5 22.77))""}}",True,
19,40.816423497162759,1.5149849075824022,8.1901088934391737,2.9341014834120873,2.2404804546386003,16.775695974938571,2.27469327673316,0.68262051604688168,0.59436720237135887,0.91612504795193672,0.32265355065464973,0.38340782001614571,0.051551396027207375,0.41428529471158981,0.60428553633391857,0.55878919456154108,0.70079571940004826,0.94090936612337828,0.13147675059735775,0.51003115717321634,0.68440342601388693,0.18129060603678226,0.2877438310533762,True,,1,0,Slot__Patch;Slot__CPW_Feed_Pin;Patch__CPW_Feed_Pin,True,Slot__CPW_Feed_Pin,,Slot__CPW_Feed_Pin,,"{""Slot__CPW_Feed_Pin"": {""geometry_type"": ""MultiLineString"", ""relations"": ""overlaps"", ""wkt"": ""MULTILINESTRING ((0.5 20.03, 0 20.03), (0 20.03, -0.5 20.03))""}}",True,
20,47.226900947280228,2.541081266477704,7.1555209122598171,2.6784852255135778,2.2751237340271473,19.994079479947686,4.2068649418652058,0.19617558736354113,0.3360729468986392,0.14574273675680161,0.88396737538278103,0.26164890732616186,0.64512983616441488,0.085273700766265392,0.64003402180969715,0.68141252174973488,0.52601181250065565,0.78284902311861515,0.88690435700118542,0.48435084521770477,0.30958070605993271,0.3417527973651886,0.76142337080091238,True,,1,0,Slot__Patch;Slot__CPW_Feed_Pin;Patch__CPW_Feed_Pin,True,Slot__CPW_Feed_Pin,,Slot__CPW_Feed_Pin,,"{""Slot__CPW_Feed_Pin"": {""geometry_type"": ""MultiLineString"", ""relations"": ""overlaps"", ""wkt"": ""MULTILINESTRING ((0.5 23.02, 0 23.02), (0 23.02, -0.5 23.02))""}}",True,
21,24.410902527160943,1.8233942277729511,4.6992721371352673,1.7262215783819559,1.4134151320904493,12.512147636152804,2.6443793885409832,0.5571203175932169,0.68734327424317598,0.64784721750766039,0.44617981743067503,0.65379986260086298,0.24836647510528564,0.84492516051977873,0.13847258687019348,0.35395226906985044,0.022486341185867786,0.38304837327450514,0.11845842655748129,0.98429467622190714,0.93533758725970984,0.72714019939303398,0.39163790363818407,True,,1,0,Slot__Patch;Slot__CPW_Feed_Pin;Patch__CPW_Feed_Pin,True,Slot__CPW_Feed_Pin,,Slot__CPW_Feed_Pin,,"{""Slot__CPW_Feed_Pin"": {""geometry_type"": ""MultiLineString"", ""relations"": ""overlaps"", ""wkt"": ""MULTILINESTRING ((0.5 19.88, 0 19.88), (0 19.88, -0.5 19.88))""}}",True,
22,36.073174690827727,2.2437030151486397,8.9488037377595901,3.4957759136334063,1.785138538107276,10.785234575159848,5.1745055429637432,0.99119772110134363,0.83557573147118092,0.81174019351601601,0.11400900408625603,0.81061242893338203,0.95758687797933817,0.32026905938982964,0.25076422281563282,0.93609593529254198,0.27786240354180336,0.69637881685048342,0.27298603951931,0.19532979931682348,0.16671363823115826,0.99389835447072983,0.57173288520425558,True,,1,0,Slot__Patch;Slot__CPW_Feed_Pin;Patch__CPW_Feed_Pin,True,Slot__CPW_Feed_Pin,,Slot__CPW_Feed_Pin,,"{""Slot__CPW_Feed_Pin"": {""geometry_type"": ""MultiLineString"", ""relations"": ""overlaps"", ""wkt"": ""MULTILINESTRING ((0.5 23.2, 0 23.2), (0 23.2, -0.5 23.2))""}}",True,
23,58.109165271744132,1.3991533350199461,3.0964075326919556,2.5034448511898519,2.9034084342420101,18.317978186532855,3.7370520122349262,0.2542856689542532,0.172196414321661,0.30993659887462854,0.55219704005867243,0.16455521620810032,0.43590745143592358,0.61090633645653725,0.75234413146972656,0.10666531510651112,0.76673712767660618,0.094274502247571945,0.72163454536348581,0.69540337286889553,0.5414939159527421,0.074842441827058792,0.20684551913291216,True,,1,0,Slot__Patch;Slot__CPW_Feed_Pin;Patch__CPW_Feed_Pin,True,Slot__CPW_Feed_Pin,,Slot__CPW_Feed_Pin,,"{""Slot__CPW_Feed_Pin"": {""geometry_type"": ""MultiLineString"", ""relations"": ""overlaps"", ""wkt"": ""MULTILINESTRING ((0.5 22.04, 0 22.04), (0 22.04, -0.5 22.04))""}}",True,
24,54.538836367428303,2.9023321270942688,8.3433279599994421,1.8671142261475326,1.5567207336425781,15.702796569094062,4.4451274611055851,0.17910030391067266,0.25578275136649609,0.96996738389134407,0.57617093622684479,0.099107270129024982,0.16871583461761475,0.28498600795865059,0.045931986533105373,0.74484239146113396,0.16249064914882183,0.89093268755823374,0.98319503758102655,0.072646087035536766,0.35517583042383194,0.6757314233109355,0.55388434510678053,True,,1,0,Slot__Patch;Slot__CPW_Feed_Pin;Patch__CPW_Feed_Pin,True,Slot__CPW_Feed_Pin,,Slot__CPW_Feed_Pin,,"{""Slot__CPW_Feed_Pin"": {""geometry_type"": ""MultiLineString"", ""relations"": ""overlaps"", ""wkt"": ""MULTILINESTRING ((0.5 22.9, 0 22.9), (0 22.9, -0.5 22.9))""}}",True,
25,32.261473797261715,1.7449115868657827,3.614378934726119,2.8600907472893597,2.6298571024090052,8.1627414794638753,2.8825804255902767,0.56833622604608536,0.72081950306892395,0.47207626793533564,0.011910018511116505,0.98820648621767759,0.69340888317674398,0.52120467647910118,0.54457898903638124,0.29004556220024824,0.66775341331958771,0.30645109713077545,0.027065806090831757,0.5726963123306632,0.97995254304260015,0.25641612615436316,0.16951898578554392,True,,1,0,Slot__Patch;Slot__CPW_Feed_Pin;Patch__CPW_Feed_Pin,True,Slot__CPW_Feed_Pin,,Slot__CPW_Feed_Pin,,"{""Slot__CPW_Feed_Pin"": {""geometry_type"": ""MultiLineString"", ""relations"": ""overlaps"", ""wkt"": ""MULTILINESTRING ((0.5 21.25, 0 21.25), (0 21.25, -0.5 21.25))""}}",True,
26,20.686288098804653,2.3206807617098093,7.1109873075038195,2.3600430892780428,2.0003216583281755,13.525213622488081,5.4127599857747555,0.88425004761666059,0.76016715820878744,0.073464967310428619,0.42230119742453098,0.57861709408462048,0.48125681094825268,0.050255755893886089,0.9068814730271697,0.9980322765186429,0.90652018133550882,0.61805730126798153,0.36469910945743322,0.35705041233450174,0.2461222093552351,0.023220057599246502,0.86515707056969404,True,,1,0,Slot__Patch;Slot__CPW_Feed_Pin;Patch__CPW_Feed_Pin,True,Slot__CPW_Feed_Pin,,Slot__CPW_Feed_Pin,,"{""Slot__CPW_Feed_Pin"": {""geometry_type"": ""MultiLineString"", ""relations"": ""overlaps"", ""wkt"": ""MULTILINESTRING ((0.5 23.73, 0 23.73), (0 23.73, -0.5 23.73))""}}",True,
27,43.56792017351836,1.0403686724603176,5.0313013661652803,3.3116808041930206,1.1862490251660347,20.999808507040143,3.9752458669245243,0.37099896743893623,0.23204102460294962,0.57166555244475603,0.98597090598195791,0.44342412054538727,0.88086592499166727,0.75495833437889814,0.40824650693684816,0.045205811038613319,0.41981000360101461,0.20457069482654333,0.62505393289029598,0.85698612034320831,0.62187550310045481,0.90883632656186819,0.48370616976171732,True,,1,0,Slot__Patch;Slot__CPW_Feed_Pin;Patch__CPW_Feed_Pin,True,Slot__CPW_Feed_Pin,,Slot__CPW_Feed_Pin,,"{""Slot__CPW_Feed_Pin"": {""geometry_type"": ""MultiLineString"", ""relations"": ""overlaps"", ""wkt"": ""MULTILINESTRING ((0.5 20.2, 0 20.2), (0 20.2, -0.5 20.2))""}}",True,
28,38.739554272033274,2.011838536709547,4.3732626512646675,3.5882349615916613,1.3293556552380323,17.640557172708213,5.5431959144771099,0.75783432926982641,0.95812374167144299,0.36549203190952539,0.29971820581704378,0.31775389146059752,0.28743264451622963,0.74459967762231827,0.31997526530176401,0.16771469917148352,0.36998414807021618,0.050431860610842705,0.38537341170012951,0.13300307933241129,0.49716984294354916,0.56929662544280291,0.93971412256360054,True,,1,0,Slot__Patch;Slot__CPW_Feed_Pin;Patch__CPW_Feed_Pin,True,Slot__CPW_Feed_Pin,,Slot__CPW_Feed_Pin,,"{""Slot__CPW_Feed_Pin"": {""geometry_type"": ""MultiLineString"", ""relations"": ""overlaps"", ""wkt"": ""MULTILINESTRING ((0.5 22.89, 0 22.89), (0 22.89, -0.5 22.89))""}}",True,
29,16.022731871344149,1.3566037509590387,7.5785963460803032,2.1023731414228681,2.4840654321014881,10.173763912171125,3.1056818254292011,0.49472915381193161,0.049724698066711426,0.86338562145829201,0.86244473606348038,0.7069749878719449,0.82481235545128584,0.44933182001113892,0.81741831731051207,0.86722999811172485,0.86667394638061523,0.65061404462903738,0.62488887365907431,0.63294480741024017,0.87286967132240534,0.48787956032902002,0.33691210858523846,True,,1,0,Slot__Patch;Slot__CPW_Feed_Pin;Patch__CPW_Feed_Pin,True,Slot__CPW_Feed_Pin,,Slot__CPW_Feed_Pin,,"{""Slot__CPW_Feed_Pin"": {""geometry_type"": ""MultiLineString"", ""relations"": ""overlaps"", ""wkt"": ""MULTILINESTRING ((0.5 20.95, 0 20.95), (0 20.95, -0.5 20.95))""}}",True,
30,27.60878604836762,2.7182735707610846,5.7665530331432819,3.2374939762055881,2.8545066379010677,11.263470724225044,4.5755557902157307,0.052839058451354504,0.46348870452493429,0.71511383075267076,0.70261068549007177,0.85997714102268219,0.099952513352036476,0.97935949917882681,0.69535390380769968,0.41890997253358364,0.62204072717577219,0.46393112931400537,0.76674775779247284,0.42167983017861843,0.10418063402175903,0.22144219744950533,0.62549832835793495,True,,1,0,Slot__Patch;Slot__CPW_Feed_Pin;Patch__CPW_Feed_Pin,True,Slot__CPW_Feed_Pin,,Slot__CPW_Feed_Pin,,"{""Slot__CPW_Feed_Pin"": {""geometry_type"": ""MultiLineString"", ""relations"": ""overlaps"", ""wkt"": ""MULTILINESTRING ((0.5 24.15, 0 24.15), (0 24.15, -0.5 24.15))""}}",True,
31,49.699409203603864,1.9362409859895706,6.3698648549616337,1.4679703423753381,1.9589216019958258,18.781991279684007,2.0130087248980999,0.69191190972924232,0.55997329298406839,0.21691172569990158,0.13936159200966358,0.2246623020619154,0.51229408103972673,0.21554860379546881,0.19789142441004515,0.62427137140184641,0.11070348974317312,0.86187068372964859,0.22300670389086008,0.92175121512264013,0.72890400048345327,0.83558172825723886,0.025610772892832756,True,,1,0,Slot__Patch;Slot__CPW_Feed_Pin;Patch__CPW_Feed_Pin,True,Slot__CPW_Feed_Pin,,Slot__CPW_Feed_Pin,,"{""Slot__CPW_Feed_Pin"": {""geometry_type"": ""MultiLineString"", ""relations"": ""overlaps"", ""wkt"": ""MULTILINESTRING ((0.5 19.91, 0 19.91), (0 19.91, -0.5 19.91))""}}",True,
32,48.772419621236622,2.0753848981112242,7.9775708857923746,2.4659064615145327,2.3613849170506001,20.786005770787597,4.8123943135142326,0.58872483763843775,0.11144451703876257,0.6290550334379077,0.39081405103206635,0.94791706185787916,0.070962932892143726,0.72486362047493458,0.27578255534172058,0.18132048938423395,0.012580936774611473,0.59695481043308973,0.74355577025562525,0.76335737016052008,0.50489941705018282,0.19046524912118912,0.49706891737878323,True,,1,0,Slot__Patch;Slot__CPW_Feed_Pin;Patch__CPW_Feed_Pin,True,Slot__CPW_Feed_Pin,,Slot__CPW_Feed_Pin,,"{""Slot__CPW_Feed_Pin"": {""geometry_type"": ""MultiLineString"", ""relations"": ""overlaps"", ""wkt"": ""MULTILINESTRING ((0.5 23.25, 0 23.25), (0 23.25, -0.5 23.25))""}}",True,
33,26.775229875929654,1.2929968312382698,4.070578733459115,3.5394982315599925,1.4500832837074995,13.245490682311356,2.3749088644981384,0.16432691179215908,0.89640773925930262,0.1313470583409071,0.9550645025447011,0.09006792027503252,0.53359084762632847,0.4532750342041254,0.77420199103653431,0.85361610166728497,0.50124543160200119,0.19808540679514408,0.26182226091623306,0.26342331431806087,0.13067533262073994,0.86563992872834206,0.84987148270010948,True,,1,0,Slot__Patch;Slot__CPW_Feed_Pin;Patch__CPW_Feed_Pin,True,Slot__CPW_Feed_Pin,,Slot__CPW_Feed_Pin,,"{""Slot__CPW_Feed_Pin"": {""geometry_type"": ""MultiLineString"", ""relations"": ""overlaps"", ""wkt"": ""MULTILINESTRING ((0.5 19.12, 0 19.12), (0 19.12, -0.5 19.12))""}}",True,
34,15.104021010920405,2.6549599058926105,6.5857353340834379,1.7597829002887013,1.8206165041774511,8.4131080890074372,5.8422917127609253,0.34840546268969774,0.6226660218089819,0.29505263920873404,0.60706316865980625,0.49935285001993179,0.25845259707421064,0.99111854750663042,0.64628595113754272,0.4364311471581459,0.76052530203014612,0.88670618459582329,0.096556424163281918,0.54132339358329773,0.89324988704174757,0.60082001984119415,0.18576591275632381,True,,1,0,Slot__Patch;Slot__CPW_Feed_Pin;Patch__CPW_Feed_Pin,True,Slot__CPW_Feed_Pin,,Slot__CPW_Feed_Pin,,"{""Slot__CPW_Feed_Pin"": {""geometry_type"": ""MultiLineString"", ""relations"": ""overlaps"", ""wkt"": ""MULTILINESTRING ((0.5 24.32, 0 24.32), (0 24.32, -0.5 24.32))""}}",True,
35,37.903191251680255,1.9996152091771364,5.2778325062245131,2.6308054050430658,2.9908598028123379,15.887247445061803,3.2798383161425591,0.89683380164206028,0.40079215914011002,0.79343629069626331,0.043381056748330593,0.60329574905335903,0.84610340371727943,0.1879967050626874,0.14784684963524342,0.60675639566034079,0.25721494760364294,0.28357811737805605,0.89807943068444729,0.041274853982031345,0.26804927363991737,0.45543813332915306,0.53565401956439018,True,,1,0,Slot__Patch;Slot__CPW_Feed_Pin;Patch__CPW_Feed_Pin,True,Slot__CPW_Feed_Pin,,Slot__CPW_Feed_Pin,,"{""Slot__CPW_Feed_Pin"": {""geometry_type"": ""MultiLineString"", ""relations"": ""overlaps"", ""wkt"": ""MULTILINESTRING ((0.5 22.27, 0 22.27), (0 22.27, -0.5 22.27))""}}",True,
36,44.489384237676859,2.9636921901255846,3.3058360777795315,2.9690904855728153,2.5247553680092096,19.002947020344436,5.2070950418710709,0.47433862183243036,0.65909971203655005,0.018904371187090874,0.73354760278016329,0.72921710927039385,0.43968927208334208,0.31241488270461559,0.11209842376410961,0.72719770856201649,0.45347942970693111,0.43822048977017403,0.15351609699428082,0.95312410593032837,0.64421647321432829,0.052788069471716881,0.009364069439470768,True,,1,0,Slot__Patch;Slot__CPW_Feed_Pin;Patch__CPW_Feed_Pin,True,Slot__CPW_Feed_Pin,,Slot__CPW_Feed_Pin,,"{""Slot__CPW_Feed_Pin"": {""geometry_type"": ""MultiLineString"", ""relations"": ""overlaps"", ""wkt"": ""MULTILINESTRING ((0.5 24.69, 0 24.69), (0 24.69, -0.5 24.69))""}}",True,
37,21.525390911847353,1.6834900118410587,8.7364426665008068,1.4026134552434089,1.6637772619724274,11.535697337239981,3.6446416154503822,0.77260961197316647,0.31749872956424952,0.51661487948149443,0.17081821709871292,0.37124593835324049,0.91498860530555248,0.50932451151311398,0.60976880416274071,0.30768118519335985,0.96676860004663467,0.85266934055835009,0.851863375864923,0.4530510688200593,0.018947135657072067,0.87834575213491917,0.64372890722006559,True,,1,0,Slot__Patch;Slot__CPW_Feed_Pin;Patch__CPW_Feed_Pin,True,Slot__CPW_Feed_Pin,,Slot__CPW_Feed_Pin,,"{""Slot__CPW_Feed_Pin"": {""geometry_type"": ""MultiLineString"", ""relations"": ""overlaps"", ""wkt"": ""MULTILINESTRING ((0.5 20.99, 0 20.99), (0 20.99, -0.5 20.99))""}}",True,
38,33.185710175894201,2.2590880021452904,4.5367219001054764,3.8580269439145924,1.0342718735337257,9.9305494129657745,4.1772052422165871,0.71450733859091997,0.16934829019010067,0.93102617748081684,0.26827768888324499,0.21806139312684536,0.12713877018541098,0.046191425062716007,0.99745440296828747,0.98430393170565367,0.70944893453270197,0.039094756357371807,0.50638702511787415,0.72657358553260565,0.75400246400386095,0.64279980771243572,0.32354910764843225,False,ValueError: producer reported invalid exported polygon(s): Patch,,0,Slot__Patch;Slot__CPW_Feed_Pin;Patch__CPW_Feed_Pin,True,Slot__CPW_Feed_Pin,,Slot__CPW_Feed_Pin,,"{""Slot__CPW_Feed_Pin"": {""geometry_type"": ""MultiLineString"", ""relations"": ""overlaps"", ""wkt"": ""MULTILINESTRING ((0.5 21.47, 0 21.47), (0 21.47, -0.5 21.47))""}}",True,
39,55.369652747176588,1.1020229440182447,7.320997953414917,2.1691185589879751,2.1542526502162218,17.448610863648355,2.7397198230028152,0.040253410115838051,0.82286370545625687,0.43264094647020102,0.83152198977768421,0.82212630659341812,0.72753727436065674,0.77457136753946543,0.4997958205640316,0.058941308408975601,0.21471297647804022,0.62655087001621723,0.48825024906545877,0.22663017176091671,0.37970977462828159,0.28842589445412159,0.95499948691576719,True,,1,0,Slot__Patch;Slot__CPW_Feed_Pin;Patch__CPW_Feed_Pin,True,Slot__CPW_Feed_Pin,,Slot__CPW_Feed_Pin,,"{""Slot__CPW_Feed_Pin"": {""geometry_type"": ""MultiLineString"", ""relations"": ""overlaps"", ""wkt"": ""MULTILINESTRING ((0.5 19.99, 0 19.99), (0 19.99, -0.5 19.99))""}}",True,
40,57.270107888616621,2.604735866189003,5.2436567153781652,1.5054981164634229,1.3075807373970747,16.557486816309392,5.4375443458557129,0.40062462072819471,0.74915839172899723,0.85092589445412159,0.79293211083859205,0.87905197497457266,0.99451765231788158,0.073650562204420567,0.70570449065417051,0.66780577041208744,0.85607070755213499,0.36065428610891104,0.24979154858738184,0.60390405915677547,0.69249327015131712,0.96097018290311098,0.30179346073418856,True,,1,0,Slot__Patch;Slot__CPW_Feed_Pin;Patch__CPW_Feed_Pin,True,Slot__CPW_Feed_Pin,,Slot__CPW_Feed_Pin,,"{""Slot__CPW_Feed_Pin"": {""geometry_type"": ""MultiLineString"", ""relations"": ""overlaps"", ""wkt"": ""MULTILINESTRING ((0.5 23.35, 0 23.35), (0 23.35, -0.5 23.35))""}}",True,
41,35.151680954732001,1.759800186380744,6.901564484462142,3.19378211889416,2.3790061958134174,9.032103605568409,3.8750303909182549,0.85218298807740211,0.27425401285290718,0.34863962884992361,0.35374271683394909,0.018273198045790195,0.39128863159567118,0.87212751898914576,0.20316655281931162,0.36756521929055452,0.3449466722086072,0.96173719875514507,0.76045546680688858,0.10396781470626593,0.068204637616872787,0.10685568396002054,0.92157864477485418,True,,1,0,Slot__Patch;Slot__CPW_Feed_Pin;Patch__CPW_Feed_Pin,True,Slot__CPW_Feed_Pin,,Slot__CPW_Feed_Pin,,"{""Slot__CPW_Feed_Pin"": {""geometry_type"": ""MultiLineString"", ""relations"": ""overlaps"", ""wkt"": ""MULTILINESTRING ((0.5 22.01, 0 22.01), (0 22.01, -0.5 22.01))""}}",True,
42,23.580035353079438,2.1803116295486689,3.4488961715251207,2.0688025986775758,2.7506986223161221,14.516340885311365,4.4076474234461784,0.66029213275760412,0.2349921939894557,0.2005476038902998,0.20937391463667154,0.42368574067950249,0.68206632137298584,0.33965463005006313,0.34085632394999266,0.91857379954308271,0.10422107204794884,0.150375135242939,0.59808486606925726,0.82577873114496469,0.83072173316031694,0.3713249983265996,0.11700274515897036,True,,1,0,Slot__Patch;Slot__CPW_Feed_Pin;Patch__CPW_Feed_Pin,True,Slot__CPW_Feed_Pin,,Slot__CPW_Feed_Pin,,"{""Slot__CPW_Feed_Pin"": {""geometry_type"": ""MultiLineString"", ""relations"": ""overlaps"", ""wkt"": ""MULTILINESTRING ((0.5 23.34, 0 23.34), (0 23.34, -0.5 23.34))""}}",True,
43,46.30268887616694,1.4624841623008251,8.5058839190751314,3.6359241578727968,1.9358954634517431,21.976263890974224,2.970100462436676,0.0847029909491539,0.77278376836329699,0.70216582249850035,0.6481170542538166,0.53837076015770435,0.20373812969774008,0.60709999315440655,0.84341297391802073,0.12417934462428093,0.60069492645561695,0.54726041946560144,0.39165434800088406,0.32572808861732483,0.45545644499361515,0.69665378425270319,0.73188982810825109,True,,1,0,Slot__Patch;Slot__CPW_Feed_Pin;Patch__CPW_Feed_Pin,True,Slot__CPW_Feed_Pin,,Slot__CPW_Feed_Pin,,"{""Slot__CPW_Feed_Pin"": {""geometry_type"": ""MultiLineString"", ""relations"": ""overlaps"", ""wkt"": ""MULTILINESTRING ((0.5 20.37, 0 20.37), (0 20.37, -0.5 20.37))""}}",True,
44,41.650041192770004,2.4969347082078457,6.1602536514401436,3.2766824262216692,1.579719215631485,18.543682778254151,4.5429661646485329,0.53649518173187971,0.046718278899788857,0.48451883252710104,0.082889324054121971,0.66038163844496012,0.61031227745115757,0.89331061113625765,0.93168403673917055,0.24499449972063303,0.67200901638716459,0.70579378306865692,0.65196476690471172,0.6642746115103364,0.58174832630902529,0.79400564264506102,0.18786725588142872,True,,1,0,Slot__Patch;Slot__CPW_Feed_Pin;Patch__CPW_Feed_Pin,True,Slot__CPW_Feed_Pin,,Slot__CPW_Feed_Pin,,"{""Slot__CPW_Feed_Pin"": {""geometry_type"": ""MultiLineString"", ""relations"": ""overlaps"", ""wkt"": ""MULTILINESTRING ((0.5 22.62, 0 22.62), (0 22.62, -0.5 22.62))""}}",True,
45,18.740594610571861,1.1542153004556894,5.9790967628359795,2.4063035205006602,2.7336946818977594,11.062210933305323,2.1054192334413528,0.21069719269871712,0.94544794037938118,0.98680643923580647,0.52067975234240294,0.29948072787374258,0.025614050216972828,0.16078935284167528,0.43031965848058462,0.79044181667268276,0.18508670199662447,0.12025979999452829,0.35828082915395498,0.16420269012451172,0.20653650350868702,0.14885262306779623,0.58872725814580917,True,,1,0,Slot__Patch;Slot__CPW_Feed_Pin;Patch__CPW_Feed_Pin,True,Slot__CPW_Feed_Pin,,Slot__CPW_Feed_Pin,,"{""Slot__CPW_Feed_Pin"": {""geometry_type"": ""MultiLineString"", ""relations"": ""overlaps"", ""wkt"": ""MULTILINESTRING ((0.5 20, 0 20), (0 20, -0.5 20))""}}",True,
46,30.323323267512023,2.7961427923291922,7.7413301356136799,2.8961902212351562,2.1053494233638048,12.264527608640492,5.5728554874658585,0.27661216165870428,0.53157140593975782,0.58801632653921843,0.91546834632754326,0.14236274547874928,0.79782483354210854,0.62733992375433445,0.052391578443348408,0.49763506650924683,0.42775727435946465,0.8066985746845603,0.00014361739158630371,0.89042176865041256,0.94141230266541243,0.38401745539158583,0.37758849747478962,False,ValueError: producer reported invalid exported polygon(s): Slot,,0,Slot__Patch;Slot__CPW_Feed_Pin;Patch__CPW_Feed_Pin,True,Slot__CPW_Feed_Pin,,Slot__CPW_Feed_Pin,,"{""Slot__CPW_Feed_Pin"": {""geometry_type"": ""MultiLineString"", ""relations"": ""overlaps"", ""wkt"": ""MULTILINESTRING ((0.5 24.48, 0 24.48), (0 24.48, -0.5 24.48))""}}",True,
47,52.606527688913047,1.5766253471374512,4.2076020576059818,1.8219743786379696,1.2080573216080666,19.797726748511195,3.010341502726078,0.97839272767305374,0.44495074171572924,0.086395813152194023,0.47728505823761225,0.75716991350054741,0.33810371439903975,0.42578350193798542,0.55374511238187551,0.54505275096744299,0.93323706276714802,0.39411081932485104,0.98959415499120951,0.39047962334007025,0.31717701628804207,0.55893275048583746,0.77355039864778519,True,,1,0,Slot__Patch;Slot__CPW_Feed_Pin;Patch__CPW_Feed_Pin,True,Slot__CPW_Feed_Pin,,Slot__CPW_Feed_Pin,,"{""Slot__CPW_Feed_Pin"": {""geometry_type"": ""MultiLineString"", ""relations"": ""overlaps"", ""wkt"": ""MULTILINESTRING ((0.5 19.8, 0 19.8), (0 19.8, -0.5 19.8))""}}",True,
48,53.320010961033404,2.8292475324124098,6.9488742649555206,3.7783158941194417,2.9339974019676447,10.411688201129436,2.4991513714194298,0.29950715322047472,0.28454054798930883,0.5427849255502224,0.45912265218794346,0.6961189853027463,0.70897606201469898,0.27949986327439547,0.23965738154947758,0.13020871859043837,0.80156930349767208,0.18079142272472382,0.092468640767037868,0.80993632972240448,0.11711468640714884,0.67047267220914364,0.79565469548106194,True,,1,0,Slot__Patch;Slot__CPW_Feed_Pin;Patch__CPW_Feed_Pin,True,Slot__CPW_Feed_Pin,,Slot__CPW_Feed_Pin,,"{""Slot__CPW_Feed_Pin"": {""geometry_type"": ""MultiLineString"", ""relations"": ""overlaps"", ""wkt"": ""MULTILINESTRING ((0.5 22.26, 0 22.26), (0 22.26, -0.5 22.26))""}}",True,
49,31.020648912526667,1.5469386205077171,4.9147307127714157,2.2169946249574424,1.7524626553058624,17.871153890155256,4.9366984069347382,0.9376754704862833,0.69206218514591455,0.040615447796881199,0.89835306163877249,0.34205407928675413,0.18671775329858065,0.53937060851603746,0.74196780472993851,0.83485099300742149,0.30607191473245621,0.5163559103384614,0.91777641884982586,0.30986275617033243,0.74136142246425152,0.27729561366140842,0.42625065706670284,True,,1,0,Slot__Patch;Slot__CPW_Feed_Pin;Patch__CPW_Feed_Pin,True,Slot__CPW_Feed_Pin,,Slot__CPW_Feed_Pin,,"{""Slot__CPW_Feed_Pin"": {""geometry_type"": ""MultiLineString"", ""relations"": ""overlaps"", ""wkt"": ""MULTILINESTRING ((0.5 22.23, 0 22.23), (0 22.23, -0.5 22.23))""}}",True,
50,19.444197462871671,2.3776635862886906,8.3644117824733257,3.0423350155353548,1.3810139074921608,20.426162327639759,3.4045580923557281,0.51237787399441004,0.79380874894559383,0.37674915790557861,0.54267989099025726,0.24725326709449291,0.89642572030425072,0.014222497120499611,0.86989588476717472,0.37707027234137058,0.049727261997759342,0.32967294659465551,0.69241752568632364,0.52601171936839819,0.46908824052661657,0.01039285771548748,0.60549479350447655,True,,1,0,Slot__Patch;Slot__CPW_Feed_Pin;Patch__CPW_Feed_Pin,True,Slot__CPW_Feed_Pin,,Slot__CPW_Feed_Pin,,"{""Slot__CPW_Feed_Pin"": {""geometry_type"": ""MultiLineString"", ""relations"": ""overlaps"", ""wkt"": ""MULTILINESTRING ((0.5 21.16, 0 21.16), (0 21.16, -0.5 21.16))""}}",True,
51,42.347786100581288,1.222216846421361,3.6837520860135555,1.3584268094971776,2.3054380435496569,12.900320906192064,5.9670722112059593,0.24824223481118679,0.19839990884065628,0.87848805356770754,0.10397967416793108,0.85522441565990448,0.49926658999174833,0.80562456138432026,0.36759630590677261,0.57974611688405275,0.56182783748954535,0.99223019741475582,0.29731971025466919,0.026067888364195824,0.84431149810552597,0.93728420324623585,0.24095827899873257,True,,1,0,Slot__Patch;Slot__CPW_Feed_Pin;Patch__CPW_Feed_Pin,True,Slot__CPW_Feed_Pin,,Slot__CPW_Feed_Pin,,"{""Slot__CPW_Feed_Pin"": {""geometry_type"": ""MultiLineString"", ""relations"": ""overlaps"", ""wkt"": ""MULTILINESTRING ((0.5 23.49, 0 23.49), (0 23.49, -0.5 23.49))""}}",True,
52,48.417787961661816,2.1941139865666628,5.6499880235642195,1.6516429979354144,2.2101985700428486,8.8694087276235223,3.520345613360405,0.63849511463195086,0.98795728292316198,0.18427809420973063,0.66523234453052282,0.9773494703695178,0.84318048320710659,0.69493960682302713,0.40408297255635262,0.70739744603633881,0.72699153982102871,0.77620559092611074,0.55751759558916092,0.9990758141502738,0.21999276336282492,0.58944372087717056,0.71451194118708372,True,,1,0,Slot__Patch;Slot__CPW_Feed_Pin;Patch__CPW_Feed_Pin,True,Slot__CPW_Feed_Pin,,Slot__CPW_Feed_Pin,,"{""Slot__CPW_Feed_Pin"": {""geometry_type"": ""MultiLineString"", ""relations"": ""overlaps"", ""wkt"": ""MULTILINESTRING ((0.5 21.93, 0 21.93), (0 21.93, -0.5 21.93))""}}",True,
53,25.678976811468601,1.4140138514339924,6.2077461909502745,2.7302346369251613,1.103340296074748,16.402150550857186,5.0828597024083138,0.12432227469980717,0.01989163551479578,0.68644599243998528,0.22753632254898548,0.12340656388550997,0.30238947365432978,0.48631210718303919,0.90567486546933651,0.25772759225219488,0.22444164007902145,0.42509214393794537,0.45272983703762293,0.49914122186601162,0.59526948630809784,0.483353141695261,0.063545511104166508,True,,1,0,Slot__Patch;Slot__CPW_Feed_Pin;Patch__CPW_Feed_Pin,True,Slot__CPW_Feed_Pin,,Slot__CPW_Feed_Pin,,"{""Slot__CPW_Feed_Pin"": {""geometry_type"": ""MultiLineString"", ""relations"": ""overlaps"", ""wkt"": ""MULTILINESTRING ((0.5 21.6, 0 21.6), (0 21.6, -0.5 21.6))""}}",True,
54,37.266511316411197,2.5208498910069466,4.4426414463669062,2.5704359794035554,1.7319301571696997,22.175236595794559,2.614931233227253,0.42559576127678156,0.49625291489064693,0.77217916119843721,0.33265236485749483,0.46601419150829315,0.53067006915807724,0.96018741093575954,0.51798509433865547,0.95613154117017984,0.48274745140224695,0.73669827729463577,0.15758091770112514,0.71185530722141266,0.36615578923374414,0.2496459037065506,0.89984055887907743,True,,1,0,Slot__Patch;Slot__CPW_Feed_Pin;Patch__CPW_Feed_Pin,True,Slot__CPW_Feed_Pin,,Slot__CPW_Feed_Pin,,"{""Slot__CPW_Feed_Pin"": {""geometry_type"": ""MultiLineString"", ""relations"": ""overlaps"", ""wkt"": ""MULTILINESTRING ((0.5 20.87, 0 20.87), (0 20.87, -0.5 20.87))""}}",True,
55,59.379080305807292,1.8637056779116392,7.5996745470911264,3.4466151751577856,2.5816168151795864,14.693306540139019,4.0524782985448837,0.81378411315381527,0.5272095575928688,0.27044279873371124,0.77093196660280228,0.57386335544288158,0.11490195896476507,0.22008772008121014,0.016374489292502403,0.000619521364569664,0.97259960975497961,0.089843527413904667,0.8321587136015296,0.21180635038763285,0.9904558714479208,0.82299875840544701,0.25374165270477533,True,,1,0,Slot__Patch;Slot__CPW_Feed_Pin;Patch__CPW_Feed_Pin,True,Slot__CPW_Feed_Pin,,Slot__CPW_Feed_Pin,,"{""Slot__CPW_Feed_Pin"": {""geometry_type"": ""MultiLineString"", ""relations"": ""overlaps"", ""wkt"": ""MULTILINESTRING ((0.5 22.5, 0 22.5), (0 22.5, -0.5 22.5))""}}",True,
56,56.071978029794991,2.3663637638092041,3.8355856575071812,2.7924571048468354,1.9888353645801544,11.812804606743157,3.7507872879505157,0.73665608372539282,0.92030135728418827,0.94599082041531801,0.85731443110853434,0.63122409675270319,0.35079011414200068,0.92491385154426098,0.81021955702453852,0.64762970060110092,0.082707847468554974,0.91713773086667061,0.58605929370969534,0.58846923056989908,0.17964278813451529,0.42731333803385496,0.97579528298228979,True,,1,0,Slot__Patch;Slot__CPW_Feed_Pin;Patch__CPW_Feed_Pin,True,Slot__CPW_Feed_Pin,,Slot__CPW_Feed_Pin,,"{""Slot__CPW_Feed_Pin"": {""geometry_type"": ""MultiLineString"", ""relations"": ""overlaps"", ""wkt"": ""MULTILINESTRING ((0.5 22.1, 0 22.1), (0 22.1, -0.5 22.1))""}}",True,
57,33.893163842149079,1.0216026064008474,8.1191801615059376,1.9169224379584195,2.8227424714714289,19.287401279434562,5.3132408484816551,0.00077068060636520386,0.071861524134874344,0.44815453886985779,0.29314504936337471,0.26641695108264685,0.76365143619477749,0.13034605048596859,0.31154209654778242,0.31699561234563589,0.58699468243867159,0.2526583494618535,0.4193205963820219,0.08839784562587738,0.55395454168319702,0.50092557724565268,0.37261187005788088,True,,1,0,Slot__Patch;Slot__CPW_Feed_Pin;Patch__CPW_Feed_Pin,True,Slot__CPW_Feed_Pin,,Slot__CPW_Feed_Pin,,"{""Slot__CPW_Feed_Pin"": {""geometry_type"": ""MultiLineString"", ""relations"": ""overlaps"", ""wkt"": ""MULTILINESTRING ((0.5 23.16, 0 23.16), (0 23.16, -0.5 23.16))""}}",True,
58,22.218522420153022,2.9108445290476084,5.6069872006773949,3.3868820624426013,2.4519655723124743,17.14987431652844,2.8453810438513756,0.4495055852457881,0.40808798652142286,0.096392014063894749,0.14106627088040113,0.1754265371710062,0.03830259945243597,0.65988916251808405,0.17385649774223566,0.89102135691791773,0.83064455911517143,0.56598872970789671,0.19106646720319986,0.87247679196298122,0.28149420116096735,0.76723359804600477,0.66204896476119757,True,,1,0,Slot__Patch;Slot__CPW_Feed_Pin;Patch__CPW_Feed_Pin,True,Slot__CPW_Feed_Pin,,Slot__CPW_Feed_Pin,,"{""Slot__CPW_Feed_Pin"": {""geometry_type"": ""MultiLineString"", ""relations"": ""overlaps"", ""wkt"": ""MULTILINESTRING ((0.5 22.21, 0 22.21), (0 22.21, -0.5 22.21))""}}",True,
59,45.199317103251815,1.6928806863725185,6.5381968393921852,2.307666040956974,1.359605111181736,9.6098174387589097,4.2828665673732758,0.81135866418480873,0.56843845266848803,0.594651248306036,0.70482754521071911,0.78632744029164314,0.57614102214574814,0.39634726289659739,0.67252216022461653,0.066229430958628654,0.34295658953487873,0.22856314666569233,0.80357122421264648,0.37253506388515234,0.90678261779248714,0.1609141519293189,0.061810468323528767,True,,1,0,Slot__Patch;Slot__CPW_Feed_Pin;Patch__CPW_Feed_Pin,True,Slot__CPW_Feed_Pin,,Slot__CPW_Feed_Pin,,"{""Slot__CPW_Feed_Pin"": {""geometry_type"": ""MultiLineString"", ""relations"": ""overlaps"", ""wkt"": ""MULTILINESTRING ((0.5 21.34, 0 21.34), (0 21.34, -0.5 21.34))""}}",True,
60,40.008162315934896,2.719526331871748,8.8778692055493593,1.9947616672143342,1.1560319941490889,14.030624460428953,2.2297155931591988,0.32540252711623907,0.37362266518175602,0.34355728328227997,0.018513690680265427,0.91236393060535192,0.23206663597375154,0.10421592183411121,0.58302834536880255,0.19350692164152861,0.38287235330790281,0.0086170313879847527,0.058876283466815948,0.64919239841401577,0.032582857646048069,0.31307556200772524,0.51794431358575821,True,,1,0,Slot__Patch;Slot__CPW_Feed_Pin;Patch__CPW_Feed_Pin,True,Slot__CPW_Feed_Pin,,Slot__CPW_Feed_Pin,,"{""Slot__CPW_Feed_Pin"": {""geometry_type"": ""MultiLineString"", ""relations"": ""overlaps"", ""wkt"": ""MULTILINESTRING ((0.5 20.11, 0 20.11), (0 20.11, -0.5 20.11))""}}",True,
61,17.214120458811522,1.8769432995468378,3.0710257608443499,3.6780458007007839,2.0323890931904316,21.549143227748573,4.6672011464834213,0.93717072159051895,0.64979403093457222,0.84139127004891634,0.58127072546631098,0.047678888775408268,0.63225463218986988,0.84064636565744877,0.085615989752113819,0.77106069400906563,0.88053821492940187,0.65751693584024906,0.94650121126323938,0.1492566904053092,0.65780255012214184,0.7401958042755723,0.13368572480976582,True,,1,0,Slot__Patch;Slot__CPW_Feed_Pin;Patch__CPW_Feed_Pin,True,Slot__CPW_Feed_Pin,,Slot__CPW_Feed_Pin,,"{""Slot__CPW_Feed_Pin"": {""geometry_type"": ""MultiLineString"", ""relations"": ""overlaps"", ""wkt"": ""MULTILINESTRING ((0.5 22.58, 0 22.58), (0 22.58, -0.5 22.58))""}}",True,
62,28.877872279845178,2.0501403715461493,7.2736429329961538,1.5831494323909283,2.6616498790681362,15.13884914573282,3.1351294964551926,0.61245954316109419,0.86042921524494886,0.74002165719866753,0.98378456197679043,0.39428003504872322,0.41961547266691923,0.36921295244246721,0.4635320296511054,0.43889413960278034,0.63883426412940025,0.46914024278521538,0.66401315294206142,0.93674003425985575,0.42862376477569342,0.97327778954058886,0.82870947569608688,True,,1,0,Slot__Patch;Slot__CPW_Feed_Pin;Patch__CPW_Feed_Pin,True,Slot__CPW_Feed_Pin,,Slot__CPW_Feed_Pin,,"{""Slot__CPW_Feed_Pin"": {""geometry_type"": ""MultiLineString"", ""relations"": ""overlaps"", ""wkt"": ""MULTILINESTRING ((0.5 21.85, 0 21.85), (0 21.85, -0.5 21.85))""}}",True,
63,50.891863382421434,1.3304484039545059,4.8656931426376104,3.1451143005862834,1.5267783608287573,7.6720576733350754,5.6975830271840096,0.12667619064450264,0.1473434092476964,0.24176376406103373,0.42056600283831358,0.50505881942808628,0.94470429047942162,0.57467280793935061,0.96096405107527971,0.51841434556990862,0.12847492285072803,0.82223780918866396,0.3306221654638648,0.43668980896472931,0.80286691337823868,0.079841316677629948,0.4473958034068346,True,,1,0,Slot__Patch;Slot__CPW_Feed_Pin;Patch__CPW_Feed_Pin,True,Slot__CPW_Feed_Pin,,Slot__CPW_Feed_Pin,,"{""Slot__CPW_Feed_Pin"": {""geometry_type"": ""MultiLineString"", ""relations"": ""overlaps"", ""wkt"": ""MULTILINESTRING ((0.5 22.56, 0 22.56), (0 22.56, -0.5 22.56))""}}",True,
64,51.255991151556373,2.2768589109182358,7.4224728718400002,1.9425106693059209,1.4574376456439495,14.878281340934336,5.1407025568187237,0.2345769852399826,0.39714442007243633,0.69195922371000051,0.93010851368308067,0.44950204715132713,0.045125819742679596,0.82997266203165054,0.42483715433627367,0.76356518268585205,0.78435438126325607,0.98337592370808125,0.61471764650195837,0.67759997304528952,0.38604895956814289,0.44249932281672955,0.0054185586050152779,True,,1,0,Slot__Patch;Slot__CPW_Feed_Pin;Patch__CPW_Feed_Pin,True,Slot__CPW_Feed_Pin,,Slot__CPW_Feed_Pin,,"{""Slot__CPW_Feed_Pin"": {""geometry_type"": ""MultiLineString"", ""relations"": ""overlaps"", ""wkt"": ""MULTILINESTRING ((0.5 22.88, 0 22.88), (0 22.88, -0.5 22.88))""}}",True,
65,28.467737501487136,1.1198350396007299,4.6286292895674706,2.7732164135202768,2.3540298100560904,22.345544630661607,3.7032166011631489,0.50260562356561422,0.61068888008594513,0.19412282295525074,0.49378870520740747,0.58872325904667377,0.56736118998378515,0.10108053684234619,0.92348606791347265,0.21711079683154821,0.29544717632234097,0.31972075533121824,0.37501918338239193,0.17754982225596905,0.76133704651147127,0.60985386557877064,0.65548477973788977,True,,1,0,Slot__Patch;Slot__CPW_Feed_Pin;Patch__CPW_Feed_Pin,True,Slot__CPW_Feed_Pin,,Slot__CPW_Feed_Pin,,"{""Slot__CPW_Feed_Pin"": {""geometry_type"": ""MultiLineString"", ""relations"": ""overlaps"", ""wkt"": ""MULTILINESTRING ((0.5 21.18, 0 21.18), (0 21.18, -0.5 21.18))""}}",True,
66,17.630040762014687,2.9454216156154871,8.6290856190025806,2.2830297643318773,2.9825891684740782,15.982857970520854,4.2357851155102253,0.95133296772837639,0.89959593769162893,0.35799292754381895,0.06835230253636837,0.99386162217706442,0.35763638280332088,0.56372540351003408,0.55922604817897081,0.51043633464723825,0.03616683091968298,0.50615958590060472,0.23316016886383295,0.892707459628582,0.028214100748300552,0.84488876722753048,0.31962097156792879,True,,1,0,Slot__Patch;Slot__CPW_Feed_Pin;Patch__CPW_Feed_Pin,True,Slot__CPW_Feed_Pin,,Slot__CPW_Feed_Pin,,"{""Slot__CPW_Feed_Pin"": {""geometry_type"": ""MultiLineString"", ""relations"": ""overlaps"", ""wkt"": ""MULTILINESTRING ((0.5 24.16, 0 24.16), (0 24.16, -0.5 24.16))""}}",True,
67,39.638243657536805,1.6652010194957256,3.231575433164835,3.3975535340607168,1.8288863934576511,8.4647829132154584,2.6733319871127605,0.30928715597838163,0.1238814378157258,0.85625228099524975,0.50410377513617277,0.10854665283113718,0.7548488536849618,0.36635127570480108,0.060589178465306759,0.46201158128678799,0.53972084913402796,0.17169301584362984,0.77708446234464645,0.39277167711406946,0.6525257108733058,0.20731174387037754,0.96674227621406317,True,,1,0,Slot__Patch;Slot__CPW_Feed_Pin;Patch__CPW_Feed_Pin,True,Slot__CPW_Feed_Pin,,Slot__CPW_Feed_Pin,,"{""Slot__CPW_Feed_Pin"": {""geometry_type"": ""MultiLineString"", ""relations"": ""overlaps"", ""wkt"": ""MULTILINESTRING ((0.5 20.16, 0 20.16), (0 20.16, -0.5 20.16))""}}",True,
68,44.818430892191827,2.6370981596410275,5.3875011708587408,3.674991632811726,1.686756419017911,12.832580544054508,4.8709741570055485,0.82748165726661682,0.81869716756045818,0.081956373527646065,0.19479668978601694,0.2308021355420351,0.41077448055148125,0.13311510160565376,0.21450735908001661,0.34075391571968794,0.74958477169275284,0.075251956470310688,0.016774997115135193,0.61675473302602768,0.27927128598093987,0.29697339236736298,0.48525022156536579,True,,1,0,Slot__Patch;Slot__CPW_Feed_Pin;Patch__CPW_Feed_Pin,True,Slot__CPW_Feed_Pin,,Slot__CPW_Feed_Pin,,"{""Slot__CPW_Feed_Pin"": {""geometry_type"": ""MultiLineString"", ""relations"": ""overlaps"", ""wkt"": ""MULTILINESTRING ((0.5 23.2, 0 23.2), (0 23.2, -0.5 23.2))""}}",True,
69,22.645415640436113,1.9817718807607889,6.6577301379293203,2.0270149376243354,2.5017750486731529,20.373109295032918,2.3085210584104061,0.43533571716398001,0.1578899472951889,0.57979024108499289,0.63155046477913857,0.86990123614668846,0.95158843230456114,0.93570950254797935,0.71194850001484156,0.63998739048838615,0.23653926514089108,0.7232060544192791,0.97296515945345163,0.11681304965168238,0.90351417195051908,0.63035121187567711,0.85387600213289261,True,,1,0,Slot__Patch;Slot__CPW_Feed_Pin;Patch__CPW_Feed_Pin,True,Slot__CPW_Feed_Pin,,Slot__CPW_Feed_Pin,,"{""Slot__CPW_Feed_Pin"": {""geometry_type"": ""MultiLineString"", ""relations"": ""overlaps"", ""wkt"": ""MULTILINESTRING ((0.5 20.79, 0 20.79), (0 20.79, -0.5 20.79))""}}",True,
70,33.4720722399652,2.0937463100999594,3.9668381530791521,3.1516597956418995,2.1303568035364151,18.173326472751796,5.7758992575109005,0.11063223704695702,0.32212125416845083,0.99405325762927532,0.80752826016396284,0.71257010940462351,0.22332520969212055,0.39933089446276426,0.83207159023731947,0.089497605338692665,0.49385845568031073,0.41184405423700809,0.63533198647201061,0.82856628950685263,0.13505950011312962,0.89470583945512772,0.1739641148597002,True,,1,0,Slot__Patch;Slot__CPW_Feed_Pin;Patch__CPW_Feed_Pin,True,Slot__CPW_Feed_Pin,,Slot__CPW_Feed_Pin,,"{""Slot__CPW_Feed_Pin"": {""geometry_type"": ""MultiLineString"", ""relations"": ""overlaps"", ""wkt"": ""MULTILINESTRING ((0.5 24, 0 24), (0 24, -0.5 24))""}}",True,
71,56.447067987173796,1.3113170564174652,7.8879749346524477,1.5448656948283315,1.0581665579229593,10.699173454195261,3.3384132720530033,0.62874765228480101,0.67010230664163828,0.49579548370093107,0.37025956623256207,0.32737726625055075,0.63903998304158449,0.67047024052590132,0.33461101446300745,0.88288498390465975,0.98835170362144709,0.76185815315693617,0.37491599377244711,0.32849485985934734,0.51027898211032152,0.03252706304192543,0.53964497894048691,True,,1,0,Slot__Patch;Slot__CPW_Feed_Pin;Patch__CPW_Feed_Pin,True,Slot__CPW_Feed_Pin,,Slot__CPW_Feed_Pin,,"{""Slot__CPW_Feed_Pin"": {""geometry_type"": ""MultiLineString"", ""relations"": ""overlaps"", ""wkt"": ""MULTILINESTRING ((0.5 19.71, 0 19.71), (0 19.71, -0.5 19.71))""}}",True,
72,59.665919886901975,2.8101146947592497,4.2989374659955502,2.2110840504989029,2.4029010888189077,7.8386320732533932,4.6093587763607502,0.79768006689846516,0.77691991161555052,0.78899735026061535,0.25357711222022772,0.37771113961935043,0.90330938529223204,0.49687935691326857,0.62088797055184841,0.28087369631975889,0.065742542035877705,0.2470602598041296,0.11312673892825842,0.9551567267626524,0.32351979240775108,0.71691622119396925,0.19968621991574764,True,,1,0,Slot__Patch;Slot__CPW_Feed_Pin;Patch__CPW_Feed_Pin,True,Slot__CPW_Feed_Pin,,Slot__CPW_Feed_Pin,,"{""Slot__CPW_Feed_Pin"": {""geometry_type"": ""MultiLineString"", ""relations"": ""overlaps"", ""wkt"": ""MULTILINESTRING ((0.5 23.83, 0 23.83), (0 23.83, -0.5 23.83))""}}",True,
73,36.932296128943563,1.590547002851963,7.8433311693370342,3.8185037735849621,1.2836850993335247,15.320118921808898,2.0468441359698772,0.43974668253213167,0.24648116994649172,0.2868279917165637,0.81483586318790913,0.5198619868606329,0.49042512103915215,0.6979065490886569,0.11854875460267067,0.69938314333558083,0.57711214851588011,0.58338792528957129,0.8815115001052618,0.45510769542306662,0.94874332379549742,0.35496634151786566,0.58472294732928276,True,,1,0,Slot__Patch;Slot__CPW_Feed_Pin;Patch__CPW_Feed_Pin,True,Slot__CPW_Feed_Pin,,Slot__CPW_Feed_Pin,,"{""Slot__CPW_Feed_Pin"": {""geometry_type"": ""MultiLineString"", ""relations"": ""overlaps"", ""wkt"": ""MULTILINESTRING ((0.5 18.93, 0 18.93), (0 18.93, -0.5 18.93))""}}",True,
74,26.018382073380053,2.4824935384094715,5.9053624123334885,1.3633854292333127,1.9129153527319431,21.148136607371271,5.5142757408320904,0.014456791803240776,0.26960109360516071,0.13859433121979237,0.74826740194112062,0.92893281858414412,0.71576093602925539,0.23086763545870781,0.48867530189454556,0.024255754426121712,0.81783726997673512,0.26981339696794748,0.72698399517685175,0.74014939460903406,0.21580705977976322,0.11930571030825377,0.38939002715051174,True,,1,0,Slot__Patch;Slot__CPW_Feed_Pin;Patch__CPW_Feed_Pin,True,Slot__CPW_Feed_Pin,,Slot__CPW_Feed_Pin,,"{""Slot__CPW_Feed_Pin"": {""geometry_type"": ""MultiLineString"", ""relations"": ""overlaps"", ""wkt"": ""MULTILINESTRING ((0.5 23.91, 0 23.91), (0 23.91, -0.5 23.91))""}}",True,
75,48.125763670541346,1.1397863496094942,6.0523244440555573,3.0107163557782775,2.7736779879778624,13.61492246389389,3.0767292268574238,0.74640747252851725,0.73818643018603325,0.64033310767263174,0.18745490163564682,0.032875728793442249,0.17797585017979145,0.96294168010354042,0.99100342765450478,0.94861130136996508,0.3211187981069088,0.93539069592952728,0.27839642018079758,0.24021487683057785,0.59005400259047747,0.9524241155013442,0.76955923065543175,True,,1,0,Slot__Patch;Slot__CPW_Feed_Pin;Patch__CPW_Feed_Pin,True,Slot__CPW_Feed_Pin,,Slot__CPW_Feed_Pin,,"{""Slot__CPW_Feed_Pin"": {""geometry_type"": ""MultiLineString"", ""relations"": ""overlaps"", ""wkt"": ""MULTILINESTRING ((0.5 20.99, 0 20.99), (0 20.99, -0.5 20.99))""}}",True,
76,42.066761548630893,2.1664319951087236,8.5787713173776865,2.7542359929531814,2.7419643625617027,9.5603549899533391,5.3789646290242672,0.14032224006950855,0.44862912129610777,0.42243292462080717,0.62182287313044071,0.15904073975980282,0.52188976015895605,0.53652562107890844,0.76894136518239975,0.82675091177225113,0.40617725718766451,0.84281011018902063,0.52295880019664764,0.76589517388492823,0.46668201871216297,0.54208387155085802,0.30573876295238733,True,,1,0,Slot__Patch;Slot__CPW_Feed_Pin;Patch__CPW_Feed_Pin,True,Slot__CPW_Feed_Pin,,Slot__CPW_Feed_Pin,,"{""Slot__CPW_Feed_Pin"": {""geometry_type"": ""MultiLineString"", ""relations"": ""overlaps"", ""wkt"": ""MULTILINESTRING ((0.5 24.28, 0 24.28), (0 24.28, -0.5 24.28))""}}",True,
77,19.772597621195018,1.4485923089087009,3.5576265547424555,1.6390673844143748,1.5714483726769686,17.085753148421645,3.9414180852472782,0.62225099373608828,0.54351814556866884,0.92460094206035137,0.060008055530488491,0.80106958001852036,0.12172470241785049,0.26856628712266684,0.26737802661955357,0.15344823058694601,0.89285495411604643,0.49081189185380936,0.47167608980089426,0.26595129817724228,0.84098242688924074,0.40476623270660639,0.90982250403612852,True,,1,0,Slot__Patch;Slot__CPW_Feed_Pin;Patch__CPW_Feed_Pin,True,Slot__CPW_Feed_Pin,,Slot__CPW_Feed_Pin,,"{""Slot__CPW_Feed_Pin"": {""geometry_type"": ""MultiLineString"", ""relations"": ""overlaps"", ""wkt"": ""MULTILINESTRING ((0.5 20.96, 0 20.96), (0 20.96, -0.5 20.96))""}}",True,
78,30.697444193065166,2.6190847679972649,6.8110304307192564,3.4191224919632086,1.2007020059973001,19.571181507781148,4.4740400053560734,0.92351692728698254,0.94229038245975971,0.52596674021333456,0.37615719437599182,0.64760990161448717,0.83437742386013269,0.80250395834445953,0.15310715883970261,0.57212853524833918,0.6501839030534029,0.67943273298442364,0.13694578222930431,0.55442787520587444,0.072592366486787796,0.13981639314442873,0.12093108985573053,True,,1,0,Slot__Patch;Slot__CPW_Feed_Pin;Patch__CPW_Feed_Pin,True,Slot__CPW_Feed_Pin,,Slot__CPW_Feed_Pin,,"{""Slot__CPW_Feed_Pin"": {""geometry_type"": ""MultiLineString"", ""relations"": ""overlaps"", ""wkt"": ""MULTILINESTRING ((0.5 22.29, 0 22.29), (0 22.29, -0.5 22.29))""}}",True,
79,53.595834709703922,1.7741993349045515,5.1408085506409407,2.5890420600771904,2.1127035766839981,12.111243554390967,2.9115253947675228,0.31561882141977549,0.034250956028699875,0.024230258539319038,0.93836487550288439,0.25167480390518904,0.30923526547849178,0.0035645291209220886,0.65468897856771946,0.40079621784389019,0.14494968578219414,0.029433480463922024,0.86843130644410849,0.054354346357285976,0.6978692440316081,0.80694206897169352,0.72014730703085661,True,,1,0,Slot__Patch;Slot__CPW_Feed_Pin;Patch__CPW_Feed_Pin,True,Slot__CPW_Feed_Pin,,Slot__CPW_Feed_Pin,,"{""Slot__CPW_Feed_Pin"": {""geometry_type"": ""MultiLineString"", ""relations"": ""overlaps"", ""wkt"": ""MULTILINESTRING ((0.5 20.8, 0 20.8), (0 20.8, -0.5 20.8))""}}",True,
80,52.901941621676087,2.5074122846126556,7.5158694852143526,3.1844583183527,1.7754430044442415,17.747066798619926,3.5789245180785656,0.89878983423113823,0.1952404510229826,0.60495081543922424,0.99851961992681026,0.20136995054781437,0.67517908569425344,0.16560284700244665,0.089868581853806973,0.79796390421688557,0.026372350752353668,0.30134351644665003,0.20574278477579355,0.6300610676407814,0.99386919848620892,0.91458027064800262,0.71064677741378546,True,,1,0,Slot__Patch;Slot__CPW_Feed_Pin;Patch__CPW_Feed_Pin,True,Slot__CPW_Feed_Pin,,Slot__CPW_Feed_Pin,,"{""Slot__CPW_Feed_Pin"": {""geometry_type"": ""MultiLineString"", ""relations"": ""overlaps"", ""wkt"": ""MULTILINESTRING ((0.5 21.86, 0 21.86), (0 21.86, -0.5 21.86))""}}",True,
81,29.987393477931619,1.8502272423356771,4.3447829503566027,1.5414821119979025,2.9110182747244835,10.214310865849257,5.0164709277451038,0.35426193010061979,0.78134332597255707,0.10266466904431581,0.43721794616430998,0.83656278625130653,0.21257410943508148,0.90621269401162863,0.59243900049477816,0.22135618049651384,0.52211435697972775,0.90337223559617996,0.78889347612857819,0.13011884782463312,0.36860375944525003,0.029192831367254257,0.075229142792522907,True,,1,0,Slot__Patch;Slot__CPW_Feed_Pin;Patch__CPW_Feed_Pin,True,Slot__CPW_Feed_Pin,,Slot__CPW_Feed_Pin,,"{""Slot__CPW_Feed_Pin"": {""geometry_type"": ""MultiLineString"", ""relations"": ""overlaps"", ""wkt"": ""MULTILINESTRING ((0.5 23.78, 0 23.78), (0 23.78, -0.5 23.78))""}}",True,
82,19.071420156396925,2.2070748154073954,6.2857146319001913,3.6360436631366619,2.2815433889627457,11.471559181809425,2.5485397167503834,0.16236336529254913,0.69573866482824087,0.43895527347922325,0.0038283728063106537,0.74590854439884424,0.98772967699915171,0.4308726042509079,0.95670986827462912,0.55306496750563383,0.77845948841422796,0.21499560587108135,0.57137770112603903,0.90901031251996756,0.60746996849775314,0.26240427047014236,0.89595414604991674,True,,1,0,Slot__Patch;Slot__CPW_Feed_Pin;Patch__CPW_Feed_Pin,True,Slot__CPW_Feed_Pin,,Slot__CPW_Feed_Pin,,"{""Slot__CPW_Feed_Pin"": {""geometry_type"": ""MultiLineString"", ""relations"": ""overlaps"", ""wkt"": ""MULTILINESTRING ((0.5 21.03, 0 21.03), (0 21.03, -0.5 21.03))""}}",True,
83,41.359726139344275,1.4269925020635128,5.7653560247272253,2.0344056334346536,1.4049097839742899,18.95350334700197,4.1110542230308056,0.5828758841380477,0.29648918751627207,0.94057337287813425,0.56459985766559839,0.35680946614593267,0.40002552978694439,0.63996639102697372,0.45412096846848726,0.47449081018567085,0.26611334178596735,0.61496435757726431,0.43400075845420361,0.40893846563994884,0.23318101372569799,0.68146023526787758,0.26543461252003908,True,,1,0,Slot__Patch;Slot__CPW_Feed_Pin;Patch__CPW_Feed_Pin,True,Slot__CPW_Feed_Pin,,Slot__CPW_Feed_Pin,,"{""Slot__CPW_Feed_Pin"": {""geometry_type"": ""MultiLineString"", ""relations"": ""overlaps"", ""wkt"": ""MULTILINESTRING ((0.5 20.94, 0 20.94), (0 20.94, -0.5 20.94))""}}",True,
84,46.023389655165374,2.391069483011961,3.6036547757685184,2.4280052894726398,1.1106953732669353,15.471564223989844,2.4327598251402378,0.038329925388097763,0.52255473844707012,0.24611115921288729,0.12639415543526411,0.48260036483407021,0.80659966450184584,0.85959153156727552,0.30142905656248331,0.34384112153202295,0.44506727904081345,0.64785631559789181,0.67869474552571774,0.56981258746236563,0.85846699774265289,0.84131233207881451,0.78403794020414352,True,,1,0,Slot__Patch;Slot__CPW_Feed_Pin;Patch__CPW_Feed_Pin,True,Slot__CPW_Feed_Pin,,Slot__CPW_Feed_Pin,,"{""Slot__CPW_Feed_Pin"": {""geometry_type"": ""MultiLineString"", ""relations"": ""overlaps"", ""wkt"": ""MULTILINESTRING ((0.5 19.94, 0 19.94), (0 19.94, -0.5 19.94))""}}",True,
85,23.899850430898368,1.2356049213558435,8.2511268742382526,3.2638674147427089,2.2028441783040762,8.0120844813063741,4.9952743612229824,0.70861832331866026,0.48528285324573517,0.74839888513088226,0.6881126593798399,0.61791534163057804,0.33127738907933235,0.068714882247149944,0.80276119243353605,0.67542126588523388,0.94737160764634609,0.061498119495809078,0.3159420033916831,0.06976190023124218,0.48423150833696127,0.2274321336299181,0.43006038852035999,True,,1,0,Slot__Patch;Slot__CPW_Feed_Pin;Patch__CPW_Feed_Pin,True,Slot__CPW_Feed_Pin,,Slot__CPW_Feed_Pin,,"{""Slot__CPW_Feed_Pin"": {""geometry_type"": ""MultiLineString"", ""relations"": ""overlaps"", ""wkt"": ""MULTILINESTRING ((0.5 22.44, 0 22.44), (0 22.44, -0.5 22.44))""}}",True,
86,34.8267562687397,2.8163184132426977,5.000618688762188,1.7936076868325475,2.573346896097064,13.42674168292433,3.4631370268762112,0.77454084157943726,0.024025878868997097,0.83399140182882547,0.8720588767901063,0.96466955449432135,0.61911032814532518,0.59435133263468742,0.68263464514166117,0.10093774646520615,0.68906627502292395,0.87482855562120676,0.04419996589422226,0.84424520283937454,0.74281970225274563,0.49385436438024044,0.59385726600885391,True,,1,0,Slot__Patch;Slot__CPW_Feed_Pin;Patch__CPW_Feed_Pin,True,Slot__CPW_Feed_Pin,,Slot__CPW_Feed_Pin,,"{""Slot__CPW_Feed_Pin"": {""geometry_type"": ""MultiLineString"", ""relations"": ""overlaps"", ""wkt"": ""MULTILINESTRING ((0.5 22.85, 0 22.85), (0 22.85, -0.5 22.85))""}}",True,
87,57.554522082209587,1.5340503305196762,7.0446040704846382,2.9131310155615213,1.740200761705637,20.952597158029675,5.900683406740427,0.48021989222615957,0.99944815877825022,0.33237076923251152,0.30975678935647011,0.075448320247232914,0.01876516081392765,0.33493161574006081,0.18131359945982695,0.92667572852224112,0.19945873413234949,0.45928178727626801,0.96117895934730768,0.34430900309234858,0.11760760936886072,0.57504259981215,0.24477781541645527,True,,1,0,Slot__Patch;Slot__CPW_Feed_Pin;Patch__CPW_Feed_Pin,True,Slot__CPW_Feed_Pin,,Slot__CPW_Feed_Pin,,"{""Slot__CPW_Feed_Pin"": {""geometry_type"": ""MultiLineString"", ""relations"": ""overlaps"", ""wkt"": ""MULTILINESTRING ((0.5 23.18, 0 23.18), (0 23.18, -0.5 23.18))""}}",True,
88,55.741673586890101,2.032811252400279,4.7687731962651014,3.5697693752124913,2.8310133442282677,20.085221836343408,2.1711368151009083,0.086653305217623711,0.57306287717074156,0.8828359330072999,0.31810008455067873,0.12572900764644146,0.25162674859166145,0.50461723282933235,0.89527915045619011,0.28456165734678507,0.87060001958161592,0.53767444659024477,0.70703805331140757,0.97158390376716852,0.80627617239952087,0.17531765718013048,0.52956086024641991,True,,1,0,Slot__Patch;Slot__CPW_Feed_Pin;Patch__CPW_Feed_Pin,True,Slot__CPW_Feed_Pin,,Slot__CPW_Feed_Pin,,"{""Slot__CPW_Feed_Pin"": {""geometry_type"": ""MultiLineString"", ""relations"": ""overlaps"", ""wkt"": ""MULTILINESTRING ((0.5 21.04, 0 21.04), (0 21.04, -0.5 21.04))""}}",True,
89,32.771806223317981,1.3131701275706291,7.1889451872557402,2.4496002778410917,1.9805657137185335,12.566688568331301,4.7335898093879223,0.66615431848913431,0.41908868122845888,0.38512783870100975,0.75434073060750961,0.7716640830039978,0.85487871151417494,0.29968100413680077,0.39689196459949017,0.73517756722867489,0.36606952082365751,0.13968981429934502,0.28270061314105988,0.47164056450128555,0.43107577320188284,0.75673475954681635,0.12987572513520718,True,,1,0,Slot__Patch;Slot__CPW_Feed_Pin;Patch__CPW_Feed_Pin,True,Slot__CPW_Feed_Pin,,Slot__CPW_Feed_Pin,,"{""Slot__CPW_Feed_Pin"": {""geometry_type"": ""MultiLineString"", ""relations"": ""overlaps"", ""wkt"": ""MULTILINESTRING ((0.5 22.03, 0 22.03), (0 22.03, -0.5 22.03))""}}",True,
90,21.933423508889973,2.7363480366766453,3.1855008993297815,2.6097385566681623,1.3522509876638651,11.009148065932095,3.2015211395919323,0.8502404261380434,0.067696886137127876,0.033216048963367939,0.67985725309699774,0.67701538372784853,0.064114520326256752,0.7696495158597827,0.026768874377012253,0.035339280962944031,0.12242011912167072,0.9512960109859705,0.077853328548371792,0.6924887876957655,0.66999896429479122,0.52314173150807619,0.84034721180796623,True,,1,0,Slot__Patch;Slot__CPW_Feed_Pin;Patch__CPW_Feed_Pin,True,Slot__CPW_Feed_Pin,,Slot__CPW_Feed_Pin,,"{""Slot__CPW_Feed_Pin"": {""geometry_type"": ""MultiLineString"", ""relations"": ""overlaps"", ""wkt"": ""MULTILINESTRING ((0.5 21.29, 0 21.29), (0 21.29, -0.5 21.29))""}}",True,
91,44.123240117914975,1.8937524277716875,8.956776374951005,1.7745020536705853,2.459320917725563,18.475954039022326,5.6390069909393787,0.39475468266755342,0.90884111449122429,0.53159981966018677,0.24402471072971821,0.28498655091971159,0.54238937515765429,0.033672126941382885,0.52517549507319927,0.99179735686630011,0.61035079881548882,0.35131244640797377,0.93239316157996655,0.19241567607969046,0.045775146223604679,0.40900214854627848,0.44357653521001339,True,,1,0,Slot__Patch;Slot__CPW_Feed_Pin;Patch__CPW_Feed_Pin,True,Slot__CPW_Feed_Pin,,Slot__CPW_Feed_Pin,,"{""Slot__CPW_Feed_Pin"": {""geometry_type"": ""MultiLineString"", ""relations"": ""overlaps"", ""wkt"": ""MULTILINESTRING ((0.5 24, 0 24), (0 24, -0.5 24))""}}",True,
92,37.526084943674505,2.9282029736787081,6.4243851900100708,1.4005894981324674,2.0562847014516592,21.571649699471891,3.8171789608895779,0.97641011886298656,0.15053350757807493,0.28074095770716667,0.55729129910469055,0.40686887502670288,0.13597522675991058,0.46588671952486038,0.74650331027805805,0.86175038851797581,0.66382025647908449,0.38025237806141376,0.17219622991979122,0.78193923644721508,0.92093407921493053,0.068852323107421398,0.97966071497648954,True,,1,0,Slot__Patch;Slot__CPW_Feed_Pin;Patch__CPW_Feed_Pin,True,Slot__CPW_Feed_Pin,,Slot__CPW_Feed_Pin,,"{""Slot__CPW_Feed_Pin"": {""geometry_type"": ""MultiLineString"", ""relations"": ""overlaps"", ""wkt"": ""MULTILINESTRING ((0.5 22.8, 0 22.8), (0 22.8, -0.5 22.8))""}}",True,
93,15.523010431788862,1.7102517075836658,5.5274623185396194,3.0028528401628138,1.1321370713412762,14.097038470208645,5.2546647824347019,0.27078227046877146,0.87286423612385988,0.77845134679228067,0.12051178235560656,0.55292598716914654,0.72065051551908255,0.72993698716163635,0.24880044162273407,0.15805416274815798,0.16639710497111082,0.79393805097788572,0.81754197087138891,0.28189074154943228,0.29664153698831797,0.98816770222038031,0.36092844698578119,True,,1,0,Slot__Patch;Slot__CPW_Feed_Pin;Patch__CPW_Feed_Pin,True,Slot__CPW_Feed_Pin,,Slot__CPW_Feed_Pin,,"{""Slot__CPW_Feed_Pin"": {""geometry_type"": ""MultiLineString"", ""relations"": ""overlaps"", ""wkt"": ""MULTILINESTRING ((0.5 22.1, 0 22.1), (0 22.1, -0.5 22.1))""}}",True,
94,26.350353006273508,2.3495127335190773,8.2154822163283825,2.1778074389323594,1.5037989653646946,9.202400017529726,2.7868022359907627,0.21267229504883289,0.64614819176495075,0.67724527418613434,0.44456068612635136,0.89586883317679167,0.44842664711177349,0.20088209863752127,0.36306046135723591,0.61440055351704359,0.4081015307456255,0.10725514311343431,0.542897067964077,0.50711652729660273,0.5554087832570076,0.72139440011233091,0.66593510936945677,True,,1,0,Slot__Patch;Slot__CPW_Feed_Pin;Patch__CPW_Feed_Pin,True,Slot__CPW_Feed_Pin,,Slot__CPW_Feed_Pin,,"{""Slot__CPW_Feed_Pin"": {""geometry_type"": ""MultiLineString"", ""relations"": ""overlaps"", ""wkt"": ""MULTILINESTRING ((0.5 20.64, 0 20.64), (0 20.64, -0.5 20.64))""}}",True,
95,49.155408013612032,1.0047007333487272,3.9209470711648464,3.82013880647719,2.6846299599856138,16.742471451871097,4.3492552600800991,0.54233257938176394,0.36164362356066704,0.17886016238480806,0.88180173095315695,0.0037179784849286079,0.90820110682398081,0.9959182133898139,0.86075128614902496,0.41267075762152672,0.91821720823645592,0.69169120863080025,0.46734893415123224,0.0071824267506599426,0.18013977911323309,0.33577806409448385,0.050117299892008305,False,ValueError: producer reported invalid exported polygon(s): Patch,,0,Slot__Patch;Slot__CPW_Feed_Pin;Patch__CPW_Feed_Pin,True,Slot__CPW_Feed_Pin,,Slot__CPW_Feed_Pin,,"{""Slot__CPW_Feed_Pin"": {""geometry_type"": ""MultiLineString"", ""relations"": ""overlaps"", ""wkt"": ""MULTILINESTRING ((0.5 22.04, 0 22.04), (0 22.04, -0.5 22.04))""}}",True,
96,49.986221711151302,2.9915314167737961,5.927903400734067,2.8681450504809622,1.0263015441596508,18.722603106871247,2.5850421264767647,0.67678490281105042,0.80971368588507175,0.73155983351171017,0.64887346792966127,0.79630183428525925,0.4743772828951478,0.43864286132156849,0.65787690412253141,0.84423737600445747,0.95507581252604723,0.9585441192612052,0.94109263364225626,0.16128858178853989,0.085049075074493885,0.69090977869927883,0.45858723763376474,True,,1,0,Slot__Patch;Slot__CPW_Feed_Pin;Patch__CPW_Feed_Pin,True,Slot__CPW_Feed_Pin,,Slot__CPW_Feed_Pin,,"{""Slot__CPW_Feed_Pin"": {""geometry_type"": ""MultiLineString"", ""relations"": ""overlaps"", ""wkt"": ""MULTILINESTRING ((0.5 20.61, 0 20.61), (0 20.61, -0.5 20.61))""}}",True,
97,27.274597431533039,1.6468617524951696,6.1202347297221422,1.8298607429489495,2.1601659115403891,11.204526261426508,4.0225567668676376,0.069919190369546413,0.21368787065148354,0.23366859834641218,0.21264522522687912,0.18161668442189693,0.88969437591731548,0.74151007272303104,0.15919753257185221,0.17557337414473295,0.46519129257649183,0.37116407416760921,0.053528845310211182,0.66136001143604517,0.71080210246145725,0.36535204388201237,0.82731990795582533,True,,1,0,Slot__Patch;Slot__CPW_Feed_Pin;Patch__CPW_Feed_Pin,True,Slot__CPW_Feed_Pin,,Slot__CPW_Feed_Pin,,"{""Slot__CPW_Feed_Pin"": {""geometry_type"": ""MultiLineString"", ""relations"": ""overlaps"", ""wkt"": ""MULTILINESTRING ((0.5 21.83, 0 21.83), (0 21.83, -0.5 21.83))""}}",True,
98,16.362121291458607,2.2859210763126612,4.1353515442460775,3.3102916562929758,2.5319198500365019,12.341840495355427,3.5531644076108932,0.38584071025252342,0.29946610610932112,0.31943992711603642,0.34949567820876837,0.27595949452370405,0.16192015167325735,0.20464697200804949,0.29494943749159575,0.60078468639403582,0.21079357899725437,0.55978484451770782,0.33601679559797049,0.37776932772248983,0.43812313210219145,0.10086759738624096,0.14777060691267252,True,,1,0,Slot__Patch;Slot__CPW_Feed_Pin;Patch__CPW_Feed_Pin,True,Slot__CPW_Feed_Pin,,Slot__CPW_Feed_Pin,,"{""Slot__CPW_Feed_Pin"": {""geometry_type"": ""MultiLineString"", ""relations"": ""overlaps"", ""wkt"": ""MULTILINESTRING ((0.5 22.37, 0 22.37), (0 22.37, -0.5 22.37))""}}",True,
99,38.447546325623989,1.0683539025485516,7.7282276954501867,2.3931704021990301,1.6545557118952274,19.809105573222041,5.1157109215855598,0.8686758978292346,0.7083218963816762,0.81764063145965338,0.78533868677914143,0.63673840183764696,0.70215331017971039,0.97648255992680788,0.79361700359731913,0.42627851851284504,0.71337214484810829,0.14516741875559092,0.66934688203036785,0.87771101109683514,0.8128996305167675,0.95524154789745808,0.51358881872147322,True,,1,0,Slot__Patch;Slot__CPW_Feed_Pin;Patch__CPW_Feed_Pin,True,Slot__CPW_Feed_Pin,,Slot__CPW_Feed_Pin,,"{""Slot__CPW_Feed_Pin"": {""geometry_type"": ""MultiLineString"", ""relations"": ""overlaps"", ""wkt"": ""MULTILINESTRING ((0.5 21.83, 0 21.83), (0 21.83, -0.5 21.83))""}}",True,
100,43.28687977977097,2.0944502614438534,6.8789348937571049,2.0819409472867849,1.8610584903508425,16.488211615942419,3.4344548285007477,0.2601497620344162,0.48223924078047276,0.1195170758292079,0.47597068548202515,0.51509322784841061,0.10872004646807909,0.52392795495688915,0.94630873668938875,0.29829912539571524,0.51294532138854265,0.11569342762231827,0.41403276287019253,0.10105366166681051,0.18920223694294691,0.55320208519697189,0.032222671434283257,True,,1,0,Slot__Patch;Slot__CPW_Feed_Pin;Patch__CPW_Feed_Pin,True,Slot__CPW_Feed_Pin,,Slot__CPW_Feed_Pin,,"{""Slot__CPW_Feed_Pin"": {""geometry_type"": ""MultiLineString"", ""relations"": ""overlaps"", ""wkt"": ""MULTILINESTRING ((0.5 21.39, 0 21.39), (0 21.39, -0.5 21.39))""}}",True,
101,21.014704601839185,1.251470560207963,5.1633553393185139,3.6023195382207636,2.9524729773402214,9.0140603855252266,5.9970013722777367,0.99314612802118063,0.50990850105881691,0.61741054616868496,0.91275499481707811,0.40028619021177292,0.50547570921480656,0.29579692147672176,0.44889829214662313,0.72144725173711777,0.00087723415344953537,0.71865342650562525,0.58058825042098761,0.60098944418132305,0.56392526999115944,0.37802733853459358,0.68190737441182137,True,,1,0,Slot__Patch;Slot__CPW_Feed_Pin;Patch__CPW_Feed_Pin,True,Slot__CPW_Feed_Pin,,Slot__CPW_Feed_Pin,,"{""Slot__CPW_Feed_Pin"": {""geometry_type"": ""MultiLineString"", ""relations"": ""overlaps"", ""wkt"": ""MULTILINESTRING ((0.5 24.21, 0 24.21), (0 24.21, -0.5 24.21))""}}",True,
102,31.93824200425297,2.6749722417443991,8.4636620208621025,1.4976064443588257,2.3241882771253586,14.314276669174433,2.4663249477744102,0.55124847218394279,0.97101861517876387,0.95352138485759497,0.52632386423647404,0.057159525342285633,0.29623799305409193,0.75795722100883722,0.069001828320324421,0.052972940728068352,0.26112616993486881,0.40507884975522757,0.8088424876332283,0.313017837703228,0.33402431476861238,0.14287787675857544,0.34591752104461193,True,,1,0,Slot__Patch;Slot__CPW_Feed_Pin;Patch__CPW_Feed_Pin,True,Slot__CPW_Feed_Pin,,Slot__CPW_Feed_Pin,,"{""Slot__CPW_Feed_Pin"": {""geometry_type"": ""MultiLineString"", ""relations"": ""overlaps"", ""wkt"": ""MULTILINESTRING ((0.5 21.47, 0 21.47), (0 21.47, -0.5 21.47))""}}",True,
103,54.814686686731875,1.9551887810230255,3.3940464332699776,3.2218226017430429,1.4893350843340158,21.8548036320135,4.9038395583629608,0.19423493277281523,0.005523202009499073,0.45531939901411533,0.089085674844682217,0.91806030552834272,0.81795551255345345,0.060791053809225559,0.56643194612115622,0.97415463719516993,0.75659500434994698,0.80402381531894207,0.19652070198208094,0.81306798849254847,0.95972399599850178,0.7882598452270031,0.99268776550889015,True,,1,0,Slot__Patch;Slot__CPW_Feed_Pin;Patch__CPW_Feed_Pin,True,Slot__CPW_Feed_Pin,,Slot__CPW_Feed_Pin,,"{""Slot__CPW_Feed_Pin"": {""geometry_type"": ""MultiLineString"", ""relations"": ""overlaps"", ""wkt"": ""MULTILINESTRING ((0.5 22.35, 0 22.35), (0 22.35, -0.5 22.35))""}}",True,
104,58.473265296779573,2.4544460903853178,8.7940454464405775,3.8651353871449832,2.0801633652299643,19.197692382149398,3.1650186032056808,0.36511567421257496,0.42196833994239569,0.76403850223869085,0.03487258218228817,0.84560122713446617,0.58500475622713566,0.85547714773565531,0.35293947160243988,0.36135318782180548,0.17334240674972534,0.1948693199083209,0.44239135924726725,0.44030968938022852,0.14752084296196699,0.46141090523451567,0.27771423198282719,True,,1,0,Slot__Patch;Slot__CPW_Feed_Pin;Patch__CPW_Feed_Pin,True,Slot__CPW_Feed_Pin,,Slot__CPW_Feed_Pin,,"{""Slot__CPW_Feed_Pin"": {""geometry_type"": ""MultiLineString"", ""relations"": ""overlaps"", ""wkt"": ""MULTILINESTRING ((0.5 21.7, 0 21.7), (0 21.7, -0.5 21.7))""}}",True,
105,35.663065812550485,1.1722898259758949,3.3511643540114164,2.1415439222007993,1.2314228229224682,11.664476450532675,5.7275045588612556,0.88232084084302187,0.58586543891578913,0.26193542219698429,0.59616186749190092,0.24165843613445759,0.060319405980408192,0.088286415673792362,0.8552479911595583,0.6579010933637619,0.68373423628509045,0.60750262625515461,0.54736208915710449,0.94038321822881699,0.52320932224392891,0.60656397696584463,0.88169111311435699,True,,1,0,Slot__Patch;Slot__CPW_Feed_Pin;Patch__CPW_Feed_Pin,True,Slot__CPW_Feed_Pin,,Slot__CPW_Feed_Pin,,"{""Slot__CPW_Feed_Pin"": {""geometry_type"": ""MultiLineString"", ""relations"": ""overlaps"", ""wkt"": ""MULTILINESTRING ((0.5 22.14, 0 22.14), (0 22.14, -0.5 22.14))""}}",True,
106,24.826807659119368,2.7527091093361378,7.3985592518001795,2.9564378194510939,1.6018945313990116,9.9924950301647186,2.1968967989087105,0.57421177439391613,0.93711418472230434,0.16054290812462568,0.96694129332900047,0.33212981279939413,0.77248455956578255,0.62173203192651272,0.72536356747150421,0.11455266736447811,0.92934247013181448,0.29614057019352913,0.84251113887876272,0.22374595515429974,0.25071703363209963,0.87136873882263899,0.092437142506241798,True,,1,0,Slot__Patch;Slot__CPW_Feed_Pin;Patch__CPW_Feed_Pin,True,Slot__CPW_Feed_Pin,,Slot__CPW_Feed_Pin,,"{""Slot__CPW_Feed_Pin"": {""geometry_type"": ""MultiLineString"", ""relations"": ""overlaps"", ""wkt"": ""MULTILINESTRING ((0.5 20.56, 0 20.56), (0 20.56, -0.5 20.56))""}}",True,
107,46.856999304145575,1.5975981224328279,4.5562323275953531,1.4354150095954539,2.7096988093107939,17.473983666859567,4.6343499273061752,0.18103725556284189,0.086363665759563446,0.66234414838254452,0.40615929756313562,0.68997884634882212,0.37283735256642103,0.32300807349383831,0.22306589968502522,0.91306700650602579,0.43164805416017771,0.88147546071559191,0.16775013320147991,0.72368983086198568,0.87542885728180408,0.19645340647548437,0.69151592254638672,True,,1,0,Slot__Patch;Slot__CPW_Feed_Pin;Patch__CPW_Feed_Pin,True,Slot__CPW_Feed_Pin,,Slot__CPW_Feed_Pin,,"{""Slot__CPW_Feed_Pin"": {""geometry_type"": ""MultiLineString"", ""relations"": ""overlaps"", ""wkt"": ""MULTILINESTRING ((0.5 22.94, 0 22.94), (0 22.94, -0.5 22.94))""}}",True,
108,40.435522114858031,2.5690679866820574,4.0864326953887939,1.726976115629077,2.805914930999279,20.701370453462005,2.815484307706356,0.69776646979153156,0.84465786721557379,0.39952352084219456,0.84046635311096907,0.56442426331341267,0.96641580574214458,0.17740336526185274,0.0017381440848112106,0.78422548994421959,0.35668279230594635,0.84814099594950676,0.90756130777299404,0.2506819199770689,0.0016120346263051033,0.29441583622246981,0.22756959218531847,True,,1,0,Slot__Patch;Slot__CPW_Feed_Pin;Patch__CPW_Feed_Pin,True,Slot__CPW_Feed_Pin,,Slot__CPW_Feed_Pin,,"{""Slot__CPW_Feed_Pin"": {""geometry_type"": ""MultiLineString"", ""relations"": ""overlaps"", ""wkt"": ""MULTILINESTRING ((0.5 22.19, 0 22.19), (0 22.19, -0.5 22.19))""}}",True,
109,18.240550300106406,1.7886320985853672,8.0529291182756424,2.6434534607455138,1.8824978042393923,13.241434288211167,4.2529374063014984,0.054796998389065266,0.13192972633987665,0.90162812080234289,0.27874310128390789,0.46035924181342125,0.4290284002199769,0.87871087808161974,0.50333194062113762,0.23508553486317396,0.84433840028941631,0.45105712581425905,0.082192628644406796,0.75061643775552511,0.62639258243143559,0.64853040222078562,0.61298786755651236,True,,1,0,Slot__Patch;Slot__CPW_Feed_Pin;Patch__CPW_Feed_Pin,True,Slot__CPW_Feed_Pin,,Slot__CPW_Feed_Pin,,"{""Slot__CPW_Feed_Pin"": {""geometry_type"": ""MultiLineString"", ""relations"": ""overlaps"", ""wkt"": ""MULTILINESTRING ((0.5 21.92, 0 21.92), (0 21.92, -0.5 21.92))""}}",True,
110,29.065897059626877,2.1456518098711967,5.3151098303496838,2.4934864060953261,1.2529318574815989,8.226861753500998,3.7836137115955353,0.48888210766017437,0.35882315598428249,0.54990372620522976,0.15742228273302317,0.11330009344965219,0.65387474000453949,0.41117995418608189,0.88907967321574688,0.5354303615167737,0.60459662135690451,0.63749589305371046,0.30755139142274857,0.038390652276575565,0.39655623864382505,0.88409173209220171,0.41778102237731218,True,,1,0,Slot__Patch;Slot__CPW_Feed_Pin;Patch__CPW_Feed_Pin,True,Slot__CPW_Feed_Pin,,Slot__CPW_Feed_Pin,,"{""Slot__CPW_Feed_Pin"": {""geometry_type"": ""MultiLineString"", ""relations"": ""overlaps"", ""wkt"": ""MULTILINESTRING ((0.5 21.18, 0 21.18), (0 21.18, -0.5 21.18))""}}",True,
111,52.062892285175622,1.4883549492806196,6.6338108740746975,3.5323944762349138,2.4354737251996994,15.752258123829961,5.3460996970534325,0.75586887542158365,0.63340087980031967,0.048100012354552746,0.71972149983048439,0.97127137240022421,0.24157126899808645,0.64395775087177753,0.3874671570956707,0.49213256873190403,0.10033845249563456,0.036458024755120277,0.70271034631878138,0.53843968361616135,0.77231332287192345,0.058762864209711552,0.79830119665712118,True,,1,0,Slot__Patch;Slot__CPW_Feed_Pin;Patch__CPW_Feed_Pin,True,Slot__CPW_Feed_Pin,,Slot__CPW_Feed_Pin,,"{""Slot__CPW_Feed_Pin"": {""geometry_type"": ""MultiLineString"", ""relations"": ""overlaps"", ""wkt"": ""MULTILINESTRING ((0.5 23.27, 0 23.27), (0 23.27, -0.5 23.27))""}}",True,
112,54.17126455809921,2.2297513782978058,3.0220554247498512,1.5912849724292757,1.707557575777173,13.85888172313571,4.1482564583420753,0.46624645218253136,0.60585617460310459,0.56539455149322748,0.71719351317733526,0.54400659911334515,0.86775391362607479,0.55601513851433992,0.82679931912571192,0.84035766683518887,0.22834762651473284,0.26552550122141838,0.34812736418098211,0.14634197112172842,0.53710807953029871,0.17079513520002365,0.75747818034142256,True,,1,0,Slot__Patch;Slot__CPW_Feed_Pin;Patch__CPW_Feed_Pin,True,Slot__CPW_Feed_Pin,,Slot__CPW_Feed_Pin,,"{""Slot__CPW_Feed_Pin"": {""geometry_type"": ""MultiLineString"", ""relations"": ""overlaps"", ""wkt"": ""MULTILINESTRING ((0.5 22.08, 0 22.08), (0 22.08, -0.5 22.08))""}}",True,
113,31.179440631531179,1.385212367400527,8.8415381535887718,3.1168199541047219,2.603903703391552,21.340827676467597,2.7108034640550613,0.79681507777422667,0.3862949050962925,0.06316419318318367,0.15592234022915363,0.43310579657554626,0.2679265895858407,0.26486961264163256,0.32425947766751051,0.13983527664095163,0.72311225812882185,0.91257887054234743,0.64162806235253811,0.64627817086875439,0.16133192740380764,0.77688564732670784,0.40339391771703959,True,,1,0,Slot__Patch;Slot__CPW_Feed_Pin;Patch__CPW_Feed_Pin,True,Slot__CPW_Feed_Pin,,Slot__CPW_Feed_Pin,,"{""Slot__CPW_Feed_Pin"": {""geometry_type"": ""MultiLineString"", ""relations"": ""overlaps"", ""wkt"": ""MULTILINESTRING ((0.5 20.7, 0 20.7), (0 20.7, -0.5 20.7))""}}",True,
114,20.339748580008745,2.5555403176695108,4.7912711687386036,1.982033936493099,2.2331873625516891,15.098075098358095,5.2409266382455826,0.72211259603500366,0.097561421804130077,0.47749158460646868,0.28512384463101625,0.024339904077351093,0.55527196079492569,0.79099049605429173,0.18851174507290125,0.58965067472308874,0.98434002138674259,0.22589589934796095,0.99976538214832544,0.42397893220186234,0.92411772068589926,0.5105624794960022,0.56780465226620436,True,,1,0,Slot__Patch;Slot__CPW_Feed_Pin;Patch__CPW_Feed_Pin,True,Slot__CPW_Feed_Pin,,Slot__CPW_Feed_Pin,,"{""Slot__CPW_Feed_Pin"": {""geometry_type"": ""MultiLineString"", ""relations"": ""overlaps"", ""wkt"": ""MULTILINESTRING ((0.5 24.03, 0 24.03), (0 24.03, -0.5 24.03))""}}",True,
115,42.551564667373896,1.8378043435513973,7.2569041885435581,3.7112496431916959,1.0782658103853464,7.565317377448082,3.6784407868981361,0.017511419020593166,0.87897610384970903,0.97916928678750992,0.84592586010694504,0.88914694916456938,0.080406500957906246,0.030870841816067696,0.69107030611485243,0.38328218460083008,0.4710184819996357,0.57696426846086979,0.010497845709323883,0.92402961943298578,0.2993180900812149,0.43720970675349236,0.2185879135504365,True,,1,0,Slot__Patch;Slot__CPW_Feed_Pin;Patch__CPW_Feed_Pin,True,Slot__CPW_Feed_Pin,,Slot__CPW_Feed_Pin,,"{""Slot__CPW_Feed_Pin"": {""geometry_type"": ""MultiLineString"", ""relations"": ""overlaps"", ""wkt"": ""MULTILINESTRING ((0.5 20.6, 0 20.6), (0 20.6, -0.5 20.6))""}}",True,
116,47.5558593403548,2.8717055432498455,8.100238373503089,3.3536828303709632,1.4373717717826366,11.85978886205703,5.8712328672409058,0.59574932977557182,0.18414315022528172,0.20853567495942116,0.40765924192965031,0.76274570822715759,0.73634000308811665,0.46969225350767374,0.53715194668620825,0.26322997082024813,0.30217398423701525,0.66803423594683409,0.75017741322517395,0.085483111441135406,0.67513479199260473,0.089735662564635277,0.73706534877419472,True,,1,0,Slot__Patch;Slot__CPW_Feed_Pin;Patch__CPW_Feed_Pin,True,Slot__CPW_Feed_Pin,,Slot__CPW_Feed_Pin,,"{""Slot__CPW_Feed_Pin"": {""geometry_type"": ""MultiLineString"", ""relations"": ""overlaps"", ""wkt"": ""MULTILINESTRING ((0.5 24.18, 0 24.18), (0 24.18, -0.5 24.18))""}}",True,
117,25.530838994309306,1.528894642367959,3.7575072403997183,2.3203990019857885,2.2511677797883749,19.385642549023032,3.3087470456957817,0.1411891533061862,0.83925411477684975,0.7107647517696023,0.96946928557008505,0.15196682326495647,0.14921664167195559,0.70954494271427393,0.035789472050964832,0.71701971627771854,0.80545579176396132,0.0054314602166414261,0.23957466427236795,0.58555495832115412,0.050403885543346405,0.98291266895830631,0.10202917270362377,True,,1,0,Slot__Patch;Slot__CPW_Feed_Pin;Patch__CPW_Feed_Pin,True,Slot__CPW_Feed_Pin,,Slot__CPW_Feed_Pin,,"{""Slot__CPW_Feed_Pin"": {""geometry_type"": ""MultiLineString"", ""relations"": ""overlaps"", ""wkt"": ""MULTILINESTRING ((0.5 21.08, 0 21.08), (0 21.08, -0.5 21.08))""}}",True,
118,36.359619651921093,2.4211277570575476,6.4923385698348284,2.8207467634230854,2.8804900776594877,17.30030064471066,4.7785703465342522,0.33991558849811554,0.6748759476467967,0.87456952780485153,0.5907023549079895,0.30560937058180571,0.92388273403048515,0.23468924127519131,0.41567389573901892,0.010528367012739182,0.5500802043825388,0.81703760102391243,0.40194515697658062,0.35982420202344656,0.78602140489965677,0.7498460691422224,0.92190377786755562,True,,1,0,Slot__Patch;Slot__CPW_Feed_Pin;Patch__CPW_Feed_Pin,True,Slot__CPW_Feed_Pin,,Slot__CPW_Feed_Pin,,"{""Slot__CPW_Feed_Pin"": {""geometry_type"": ""MultiLineString"", ""relations"": ""overlaps"", ""wkt"": ""MULTILINESTRING ((0.5 24.08, 0 24.08), (0 24.08, -0.5 24.08))""}}",True,
119,59.186663408763707,1.2012136429548264,5.5499659348279238,1.9087815901264551,1.8080575801432133,9.840822690166533,2.3411173224449158,0.92046037968248129,0.33291539270430803,0.37289406079798937,0.028491836972534657,0.67029451299458742,0.46167544554919004,0.94357137195765972,0.91702551860362291,0.96234774868935347,0.061448190361261368,0.48167217988520861,0.60831474419683218,0.85976642183959484,0.41031385771930218,0.32295476086437702,0.29173512570559978,True,,1,0,Slot__Patch;Slot__CPW_Feed_Pin;Patch__CPW_Feed_Pin,True,Slot__CPW_Feed_Pin,,Slot__CPW_Feed_Pin,,"{""Slot__CPW_Feed_Pin"": {""geometry_type"": ""MultiLineString"", ""relations"": ""overlaps"", ""wkt"": ""MULTILINESTRING ((0.5 19.35, 0 19.35), (0 19.35, -0.5 19.35))""}}",True,
120,56.934560271911323,2.7004914563149214,6.2616610787808895,2.5426320033147931,2.652776412665844,8.7116599688306451,5.6018042713403702,0.52884027175605297,0.22006389405578375,0.90774852782487869,0.099243458360433578,0.59727821685373783,0.19761728215962648,0.14498001150786877,0.13125216402113438,0.32714812178164721,0.88444609940052032,0.52918503433465958,0.84651392605155706,0.48640045337378979,0.72451412584632635,0.92763197887688875,0.95153293013572693,True,,1,0,Slot__Patch;Slot__CPW_Feed_Pin;Patch__CPW_Feed_Pin,True,Slot__CPW_Feed_Pin,,Slot__CPW_Feed_Pin,,"{""Slot__CPW_Feed_Pin"": {""geometry_type"": ""MultiLineString"", ""relations"": ""overlaps"", ""wkt"": ""MULTILINESTRING ((0.5 24.95, 0 24.95), (0 24.95, -0.5 24.95))""}}",True,
121,34.042000877670944,1.9184391424059868,5.6930932514369488,3.4539529576897623,1.5338026452809572,16.17846773006022,3.0392578616738319,0.23348883632570505,0.75651940796524286,0.40997320134192705,0.53557564411312342,0.48930693045258522,0.65681095607578754,0.90826537273824215,0.62966968864202499,0.65360129065811634,0.37893776409327984,0.17625556979328394,0.14810571633279324,0.98633455391973257,0.098802991211414337,0.00051180366426706314,0.33290746249258518,False,ValueError: producer reported invalid exported polygon(s): Slot,,0,Slot__Patch;Slot__CPW_Feed_Pin;Patch__CPW_Feed_Pin,True,Slot__CPW_Feed_Pin,,Slot__CPW_Feed_Pin,,"{""Slot__CPW_Feed_Pin"": {""geometry_type"": ""MultiLineString"", ""relations"": ""overlaps"", ""wkt"": ""MULTILINESTRING ((0.5 20.49, 0 20.49), (0 20.49, -0.5 20.49))""}}",True,
122,23.124717548489571,2.0300974287092686,7.6808721274137497,1.684059001132846,1.1622933391481638,22.120926333591342,4.5091345682740211,0.28475386090576649,0.73325643502175808,0.011282254010438919,0.89862220548093319,0.08435238990932703,0.38507608603686094,0.37970259878784418,0.75956615246832371,0.071976426988840103,0.14017147477716208,0.98958595748990774,0.49358193669468164,0.20892271492630243,0.86164576653391123,0.26739942748099566,0.63730023801326752,True,,1,0,Slot__Patch;Slot__CPW_Feed_Pin;Patch__CPW_Feed_Pin,True,Slot__CPW_Feed_Pin,,Slot__CPW_Feed_Pin,,"{""Slot__CPW_Feed_Pin"": {""geometry_type"": ""MultiLineString"", ""relations"": ""overlaps"", ""wkt"": ""MULTILINESTRING ((0.5 21.71, 0 21.71), (0 21.71, -0.5 21.71))""}}",True,
123,45.391077697277069,1.3749053794890642,4.4643233120441437,2.7179675219580535,2.0242785662412643,14.602391277439892,2.0716200619935989,0.95413773227483034,0.25897093862295151,0.50960260722786188,0.462881232611835,0.93841743376106024,0.96935368701815605,0.6745193088427186,0.26112895458936691,0.90039996337145567,0.62712626997381449,0.34061045758426189,0.51177988201379776,0.70897120982408524,0.48691129498183727,0.660835818387568,0.021619686856865883,True,,1,0,Slot__Patch;Slot__CPW_Feed_Pin;Patch__CPW_Feed_Pin,True,Slot__CPW_Feed_Pin,,Slot__CPW_Feed_Pin,,"{""Slot__CPW_Feed_Pin"": {""geometry_type"": ""MultiLineString"", ""relations"": ""overlaps"", ""wkt"": ""MULTILINESTRING ((0.5 19.47, 0 19.47), (0 19.47, -0.5 19.47))""}}",True,
124,39.156191060319543,2.3385551441460848,4.9283617381006479,3.0545975200831892,2.4913594778627157,10.445143394172192,4.378706268966198,0.40910298936069012,0.54851496126502752,0.30366705078631639,0.7760869050398469,0.81592464819550514,0.3132754722610116,0.82604471035301685,0.48319107666611671,0.78120986931025982,0.58307957649230957,0.43563245143741369,0.2563532292842865,0.29712194297462702,0.61260280106216669,0.81336369644850492,0.55782974418252707,True,,1,0,Slot__Patch;Slot__CPW_Feed_Pin;Patch__CPW_Feed_Pin,True,Slot__CPW_Feed_Pin,,Slot__CPW_Feed_Pin,,"{""Slot__CPW_Feed_Pin"": {""geometry_type"": ""MultiLineString"", ""relations"": ""overlaps"", ""wkt"": ""MULTILINESTRING ((0.5 23.21, 0 23.21), (0 23.21, -0.5 23.21))""}}",True,
125,17.054651314392686,1.0582003183662891,7.0205447170883417,1.326005575992167,1.3220622949302197,17.985213040374219,2.9411917328834534,0.82856791559606791,0.45932215545326471,0.80143990367650986,0.33933788910508156,0.20807562209665775,0.79103248380124569,0.12083185650408268,0.98086336813867092,0.19947517011314631,0.086634395644068718,0.77298199199140072,0.73826973978430033,0.79719505459070206,0.23781486414372921,0.23975150939077139,0.15776323992758989,True,,1,0,Slot__Patch;Slot__CPW_Feed_Pin;Patch__CPW_Feed_Pin,True,Slot__CPW_Feed_Pin,,Slot__CPW_Feed_Pin,,"{""Slot__CPW_Feed_Pin"": {""geometry_type"": ""MultiLineString"", ""relations"": ""overlaps"", ""wkt"": ""MULTILINESTRING ((0.5 19.32, 0 19.32), (0 19.32, -0.5 19.32))""}}",True,
126,27.982995905913413,2.883980967104435,3.723200960084796,3.7709827994927769,1.9505906440317631,20.590575481764972,5.4713683128356934,0.653279023244977,0.060727303847670555,0.65326394233852625,0.22573468368500471,0.36571264173835516,0.00075538363307714462,0.5912925573065877,0.59511146321892738,0.52416468318551779,0.33126809354871511,0.084605291485786438,0.90353570692241192,0.023184297606348991,0.97361143585294485,0.47347411792725325,0.86908509489148855,False,ValueError: producer reported invalid exported polygon(s): Patch,,0,Slot__Patch;Slot__CPW_Feed_Pin;Patch__CPW_Feed_Pin,True,Slot__CPW_Feed_Pin,,Slot__CPW_Feed_Pin,,"{""Slot__CPW_Feed_Pin"": {""geometry_type"": ""MultiLineString"", ""relations"": ""overlaps"", ""wkt"": ""MULTILINESTRING ((0.5 24.3, 0 24.3), (0 24.3, -0.5 24.3))""}}",True,
127,50.688805156387389,1.7265801560133696,8.416123716160655,2.2448039088398222,2.8628382813185453,13.115966040641069,3.9088219329714775,0.10782936681061983,0.96274625509977341,0.15494510903954506,0.66300625912845135,0.71965541038662195,0.60355053097009659,0.35460748244076967,0.097450977191329002,0.44827608019113541,0.84235975984483957,0.7492532217875123,0.1018294608220458,0.52312763687223196,0.34784695506095886,0.57979352679103613,0.47196350712329149,True,,1,0,Slot__Patch;Slot__CPW_Feed_Pin;Patch__CPW_Feed_Pin,True,Slot__CPW_Feed_Pin,,Slot__CPW_Feed_Pin,,"{""Slot__CPW_Feed_Pin"": {""geometry_type"": ""MultiLineString"", ""relations"": ""overlaps"", ""wkt"": ""MULTILINESTRING ((0.5 22.49, 0 22.49), (0 22.49, -0.5 22.49))""}}",True,
128,50.551559035666287,2.1796594522893429,4.9824890736490488,3.7316895471885809,1.8402319252490997,15.857445574365556,4.5605250634253025,0.21545996610075235,0.67925854120403528,0.32113286014646292,0.54549854435026646,0.5762050524353981,0.74727499671280384,0.68330882024019957,0.5298652732744813,0.51445624511688948,0.64300264418125153,0.94811607617884874,0.80018829461187124,0.80301165953278542,0.1586560932919383,0.97816289030015469,0.82274449802935123,True,,1,0,Slot__Patch;Slot__CPW_Feed_Pin;Patch__CPW_Feed_Pin,True,Slot__CPW_Feed_Pin,,Slot__CPW_Feed_Pin,,"{""Slot__CPW_Feed_Pin"": {""geometry_type"": ""MultiLineString"", ""relations"": ""overlaps"", ""wkt"": ""MULTILINESTRING ((0.5 22.58, 0 22.58), (0 22.58, -0.5 22.58))""}}",True,
129,27.812785436399281,1.459771329537034,7.0630970690399408,1.961452727019787,2.9712276551872492,8.3246932178735733,2.1230092011392117,0.54516015760600567,0.32859383430331945,0.82281437702476978,0.10874476190656424,0.46152002178132534,0.14841667283326387,0.38849157374352217,0.027572016231715679,0.46629280969500542,0.15604863874614239,0.34692396596074104,0.19345478527247906,0.30308501143008471,0.5339246578514576,0.090578237548470497,0.45388267934322357,True,,1,0,Slot__Patch;Slot__CPW_Feed_Pin;Patch__CPW_Feed_Pin,True,Slot__CPW_Feed_Pin,,Slot__CPW_Feed_Pin,,"{""Slot__CPW_Feed_Pin"": {""geometry_type"": ""MultiLineString"", ""relations"": ""overlaps"", ""wkt"": ""MULTILINESTRING ((0.5 20.55, 0 20.55), (0 20.55, -0.5 20.55))""}}",True,
130,16.851492924615741,2.5980409439653158,3.5635540913790464,3.0965784531086689,2.3497488517314196,13.331940751522779,5.5904530845582485,0.97143269050866365,0.17973766475915909,0.72150532435625792,0.45608262717723846,0.12104864697903395,0.93478735908865929,0.91705392673611641,0.39181617740541697,0.75930125452578068,0.39481509383767843,0.53360884077847004,0.41490768734365702,0.51729422342032194,0.30250163841992617,0.32577335648238659,0.50852682627737522,True,,1,0,Slot__Patch;Slot__CPW_Feed_Pin;Patch__CPW_Feed_Pin,True,Slot__CPW_Feed_Pin,,Slot__CPW_Feed_Pin,,"{""Slot__CPW_Feed_Pin"": {""geometry_type"": ""MultiLineString"", ""relations"": ""overlaps"", ""wkt"": ""MULTILINESTRING ((0.5 24.54, 0 24.54), (0 24.54, -0.5 24.54))""}}",True,
131,38.964024363085628,1.7551964223384857,8.2915908973664045,1.6114298192784191,1.4617035761475563,20.813881340436637,3.0279080308973789,0.26574991829693317,0.84372063539922237,0.21927878074347973,0.89335134346038103,0.98182743508368731,0.46090614330023527,0.15376993641257286,0.89412910770624876,0.21307382453233004,0.90032231155782938,0.13667539786547422,0.59143069386482239,0.017237799242138863,0.92679366655647755,0.74312026984989643,0.14257940649986267,True,,1,0,Slot__Patch;Slot__CPW_Feed_Pin;Patch__CPW_Feed_Pin,True,Slot__CPW_Feed_Pin,,Slot__CPW_Feed_Pin,,"{""Slot__CPW_Feed_Pin"": {""geometry_type"": ""MultiLineString"", ""relations"": ""overlaps"", ""wkt"": ""MULTILINESTRING ((0.5 20.25, 0 20.25), (0 20.25, -0.5 20.25))""}}",True,
132,45.561272073537111,2.7813538163900375,6.3276452086865902,1.8886987708508971,1.0539030116051435,17.361239092424512,5.4590405635535717,0.84742022398859262,0.10105143580585718,0.9684282410889864,0.32959650363773108,0.85750419460237026,0.86683199368417263,0.34581863041967154,0.86545687075704336,0.093532770872116089,0.82697159051895142,0.1027000043541193,0.33514956384897232,0.98838415276259184,0.051634308882057667,0.77797236293554306,0.68660197872668505,True,,1,0,Slot__Patch;Slot__CPW_Feed_Pin;Patch__CPW_Feed_Pin,True,Slot__CPW_Feed_Pin,,Slot__CPW_Feed_Pin,,"{""Slot__CPW_Feed_Pin"": {""geometry_type"": ""MultiLineString"", ""relations"": ""overlaps"", ""wkt"": ""MULTILINESTRING ((0.5 23.29, 0 23.29), (0 23.29, -0.5 23.29))""}}",True,
133,23.261958304792643,1.5636514630168676,5.7237888090312481,2.8410502919927243,2.1346363313496113,9.9017629260197282,3.8964955396950245,0.3919596653431654,0.87554712500423193,0.46674895938485861,0.76591628976166248,0.24269703775644302,0.27873963210731745,0.58250316884368658,0.36384781170636415,0.88715095724910498,0.31587928347289562,0.68818964343518019,0.65849684271961451,0.48831801302731037,0.67585761286318302,0.16580121591687202,0.036802313290536404,True,,1,0,Slot__Patch;Slot__CPW_Feed_Pin;Patch__CPW_Feed_Pin,True,Slot__CPW_Feed_Pin,,Slot__CPW_Feed_Pin,,"{""Slot__CPW_Feed_Pin"": {""geometry_type"": ""MultiLineString"", ""relations"": ""overlaps"", ""wkt"": ""MULTILINESTRING ((0.5 21.59, 0 21.59), (0 21.59, -0.5 21.59))""}}",True,
134,34.234183668158948,2.4878207836300135,7.5328960865736008,2.3409976070746783,2.5131341777741909,11.566420909948647,4.4291202016174793,0.09166302252560854,0.60251111537218094,0.11492492072284222,0.66803655494004488,0.33975618798285723,0.55438046902418137,0.11204204708337784,0.24374034162610769,0.33647472504526377,0.071245274506509304,0.37658159900456667,0.94973925314843655,0.70693913474678993,0.40959114860743284,0.43023976683616638,0.99787282664328814,True,,1,0,Slot__Patch;Slot__CPW_Feed_Pin;Patch__CPW_Feed_Pin,True,Slot__CPW_Feed_Pin,,Slot__CPW_Feed_Pin,,"{""Slot__CPW_Feed_Pin"": {""geometry_type"": ""MultiLineString"", ""relations"": ""overlaps"", ""wkt"": ""MULTILINESTRING ((0.5 23.43, 0 23.43), (0 23.43, -0.5 23.43))""}}",True,
135,57.137724026106298,1.1432557813823223,4.3281196653842926,3.3332603219896564,1.675412317737937,19.092272808775306,2.9916043095290661,0.67115435190498829,0.38970099948346615,0.61715018283575773,0.23228508979082108,0.70065708737820387,0.091188936494290829,0.81725627183914185,0.74533759523183107,0.63596568070352077,0.56769172195345163,0.78906397148966789,0.056602477096021175,0.20698739308863878,0.78479110822081566,0.51362521573901176,0.3509875601157546,True,,1,0,Slot__Patch;Slot__CPW_Feed_Pin;Patch__CPW_Feed_Pin,True,Slot__CPW_Feed_Pin,,Slot__CPW_Feed_Pin,,"{""Slot__CPW_Feed_Pin"": {""geometry_type"": ""MultiLineString"", ""relations"": ""overlaps"", ""wkt"": ""MULTILINESTRING ((0.5 19.81, 0 19.81), (0 19.81, -0.5 19.81))""}}",True,
136,59.016286977566779,2.6425436455756426,8.2336117532104254,2.6975307077169424,2.7701313588768244,21.94554696790874,5.1895356737077236,0.77761247288435698,0.057321298867464066,0.16763716749846935,0.14581587258726358,0.50050456449389458,0.32811731193214655,0.022082880139350891,0.45931834168732166,0.028033442795276642,0.48639109451323748,0.21176797989755869,0.30253403540700674,0.57959340233355761,0.096122992224991322,0.23694723378866911,0.87846163753420115,True,,1,0,Slot__Patch;Slot__CPW_Feed_Pin;Patch__CPW_Feed_Pin,True,Slot__CPW_Feed_Pin,,Slot__CPW_Feed_Pin,,"{""Slot__CPW_Feed_Pin"": {""geometry_type"": ""MultiLineString"", ""relations"": ""overlaps"", ""wkt"": ""MULTILINESTRING ((0.5 24.6, 0 24.6), (0 24.6, -0.5 24.6))""}}",True,
137,36.222196840681136,1.985107783228159,3.9024541731923819,1.7046420605853201,1.9164469540119171,14.427010123617947,3.6270521320402622,0.48325179144740105,0.9660912249237299,0.66596133541315794,0.70763068273663521,0.39656165428459644,0.78632686100900173,0.78220020979642868,0.95798245072364807,0.9521581893786788,0.99971387069672346,0.6106235533952713,0.68819795362651348,0.079665008932352066,0.72133463062345982,0.8200732683762908,0.2745986757799983,False,ValueError: producer reported invalid exported polygon(s): Patch,,0,Slot__Patch;Slot__CPW_Feed_Pin;Patch__CPW_Feed_Pin,True,Slot__CPW_Feed_Pin,,Slot__CPW_Feed_Pin,,"{""Slot__CPW_Feed_Pin"": {""geometry_type"": ""MultiLineString"", ""relations"": ""overlaps"", ""wkt"": ""MULTILINESTRING ((0.5 21.53, 0 21.53), (0 21.53, -0.5 21.53))""}}",True,
138,25.338494936004281,2.0648595616221428,6.4644861537963152,3.4741913689300423,1.2957611456513405,9.1194688389077783,4.1596081294119358,0.03354156669229269,0.55194385070353746,0.75163394398987293,0.85229768138378859,0.052218846045434475,0.01556661631911993,0.25607879366725683,0.58787080831825733,0.27734026405960321,0.73848582245409489,0.29729126952588558,0.92035859171301126,0.86571426875889301,0.49009066354483366,0.58455759566277266,0.68877308908849955,True,,1,0,Slot__Patch;Slot__CPW_Feed_Pin;Patch__CPW_Feed_Pin,True,Slot__CPW_Feed_Pin,,Slot__CPW_Feed_Pin,,"{""Slot__CPW_Feed_Pin"": {""geometry_type"": ""MultiLineString"", ""relations"": ""overlaps"", ""wkt"": ""MULTILINESTRING ((0.5 21.52, 0 21.52), (0 21.52, -0.5 21.52))""}}",True,
139,47.352534318342805,1.2845321577042341,5.486998038366437,2.5224853064864874,2.3908090610057116,16.586278388276696,2.7221528254449368,0.70388518273830414,0.45583223085850477,0.25386243220418692,0.29009002260863781,0.91006799880415201,0.59887533634901047,0.5472277170047164,0.089187979698181152,0.69559223763644695,0.24372052028775215,0.90034447517246008,0.088928073644638062,0.36565625201910734,0.86432565376162529,0.47261534538120031,0.089808168821036816,True,,1,0,Slot__Patch;Slot__CPW_Feed_Pin;Patch__CPW_Feed_Pin,True,Slot__CPW_Feed_Pin,,Slot__CPW_Feed_Pin,,"{""Slot__CPW_Feed_Pin"": {""geometry_type"": ""MultiLineString"", ""relations"": ""overlaps"", ""wkt"": ""MULTILINESTRING ((0.5 20.4, 0 20.4), (0 20.4, -0.5 20.4))""}}",True,
140,42.688971385359764,2.2559409867972136,3.1435705795884132,2.264883618988097,2.1247970350086689,19.711270923726261,4.7908985801041126,0.15932406019419432,0.72878988459706306,0.55940904747694731,0.97878391668200493,0.78183511085808277,0.19278946984559298,0.95236177369952202,0.18649625405669212,0.5759214861318469,0.045587253756821156,0.87029059045016766,0.82970628887414932,0.64435826428234577,0.2390411077067256,0.0074655162170529366,0.61609811894595623,True,,1,0,Slot__Patch;Slot__CPW_Feed_Pin;Patch__CPW_Feed_Pin,True,Slot__CPW_Feed_Pin,,Slot__CPW_Feed_Pin,,"{""Slot__CPW_Feed_Pin"": {""geometry_type"": ""MultiLineString"", ""relations"": ""overlaps"", ""wkt"": ""MULTILINESTRING ((0.5 23.17, 0 23.17), (0 23.17, -0.5 23.17))""}}",True,
141,20.510119646787643,1.1007215157151222,8.9983433112502098,3.7506774015724664,1.1886235754936934,12.236656118184328,2.3534432463347912,0.57981168851256371,0.26337645389139652,0.061086399480700493,0.41752514336258173,0.17777020856738091,0.67153060622513294,0.24347731843590736,0.68392196111381054,0.40432784333825111,0.53421812038868666,0.45576306339353323,0.16102235112339258,0.14429470431059599,0.61332956328988075,0.92458356264978647,0.23081009462475777,True,,1,0,Slot__Patch;Slot__CPW_Feed_Pin;Patch__CPW_Feed_Pin,True,Slot__CPW_Feed_Pin,,Slot__CPW_Feed_Pin,,"{""Slot__CPW_Feed_Pin"": {""geometry_type"": ""MultiLineString"", ""relations"": ""overlaps"", ""wkt"": ""MULTILINESTRING ((0.5 18.64, 0 18.64), (0 18.64, -0.5 18.64))""}}",True,
142,31.382781746797264,2.9585308022797108,4.7517464943230152,1.3054100800305606,1.56791534088552,11.092018447816372,5.8208184652030468,0.90354563947767019,0.22438548225909472,0.39728162344545126,0.023277943953871727,0.27089687529951334,0.38027894031256437,0.71833248715847731,0.79817816242575645,0.82320222444832325,0.78959389962255955,0.64414166007190943,0.4474164005368948,0.92596251983195543,0.34712008107453585,0.65973290521651506,0.80092105083167553,True,,1,0,Slot__Patch;Slot__CPW_Feed_Pin;Patch__CPW_Feed_Pin,True,Slot__CPW_Feed_Pin,,Slot__CPW_Feed_Pin,,"{""Slot__CPW_Feed_Pin"": {""geometry_type"": ""MultiLineString"", ""relations"": ""overlaps"", ""wkt"": ""MULTILINESTRING ((0.5 24.35, 0 24.35), (0 24.35, -0.5 24.35))""}}",True,
143,54.363613980822265,1.6765135396271944,7.2056085504591465,3.0750218978151684,2.7455133758485317,18.63209345843643,3.2583349533379078,0.35902759432792664,0.7521367846056819,0.8950506616383791,0.58409045170992613,0.6288680350407958,0.98404296860098839,0.47848319541662931,0.30076330713927746,0.14967257995158434,0.28631285205483437,0.056667901575565338,0.561866938136518,0.42601344361901283,0.97238506563007832,0.27240763697773218,0.42053106799721718,True,,1,0,Slot__Patch;Slot__CPW_Feed_Pin;Patch__CPW_Feed_Pin,True,Slot__CPW_Feed_Pin,,Slot__CPW_Feed_Pin,,"{""Slot__CPW_Feed_Pin"": {""geometry_type"": ""MultiLineString"", ""relations"": ""overlaps"", ""wkt"": ""MULTILINESTRING ((0.5 21.68, 0 21.68), (0 21.68, -0.5 21.68))""}}",True,
144,52.244072989560664,2.9179051630198956,3.9501761198043823,2.3729623800143602,1.392589358612895,12.98860200215131,2.2473126985132694,0.92654857505112886,0.97540126834064722,0.47582915425300598,0.6020607203245163,0.82465025596320629,0.094127592630684376,0.31617305800318718,0.9859428433701396,0.54902990255504847,0.41627442836761475,0.26632518880069256,0.39521111641079187,0.7565719885751605,0.70372792985290289,0.37913026660680771,0.39868998527526855,True,,1,0,Slot__Patch;Slot__CPW_Feed_Pin;Patch__CPW_Feed_Pin,True,Slot__CPW_Feed_Pin,,Slot__CPW_Feed_Pin,,"{""Slot__CPW_Feed_Pin"": {""geometry_type"": ""MultiLineString"", ""relations"": ""overlaps"", ""wkt"": ""MULTILINESTRING ((0.5 20.56, 0 20.56), (0 20.56, -0.5 20.56))""}}",True,
145,29.280042112804949,1.6980961952358484,7.905006006360054,3.3303137604147199,2.2938793189823627,20.455868868157268,4.6847681663930416,0.31869067437946796,0.0012015840038657188,0.97402604389935732,0.040342238731682301,0.21374933421611786,0.51042881049215794,0.6148955263197422,0.48751005623489618,0.47022497467696667,0.91396963410079479,0.93082221504300833,0.59551889449357986,0.25650626607239246,0.078451491892337799,0.54819386079907417,0.75290357507765293,True,,1,0,Slot__Patch;Slot__CPW_Feed_Pin;Patch__CPW_Feed_Pin,True,Slot__CPW_Feed_Pin,,Slot__CPW_Feed_Pin,,"{""Slot__CPW_Feed_Pin"": {""geometry_type"": ""MultiLineString"", ""relations"": ""overlaps"", ""wkt"": ""MULTILINESTRING ((0.5 22.68, 0 22.68), (0 22.68, -0.5 22.68))""}}",True,
146,18.399774106219411,2.3676268067210913,5.3459384255111217,1.8501878224313262,2.9143205247819424,17.843183213844895,3.1526888869702816,0.13558935467153788,0.47783369570970535,0.57541855797171593,0.395579868927598,0.3687038766220212,0.28167614620178938,0.081450450234115124,0.12325385492295027,0.80224322527647018,0.66836156602948904,0.24219952616840601,0.76469126250594854,0.53250094130635262,0.81949732545763254,0.78130611777305603,0.21339787542819977,True,,1,0,Slot__Patch;Slot__CPW_Feed_Pin;Patch__CPW_Feed_Pin,True,Slot__CPW_Feed_Pin,,Slot__CPW_Feed_Pin,,"{""Slot__CPW_Feed_Pin"": {""geometry_type"": ""MultiLineString"", ""relations"": ""overlaps"", ""wkt"": ""MULTILINESTRING ((0.5 22.43, 0 22.43), (0 22.43, -0.5 22.43))""}}",True,
147,40.583754228428006,1.0246802419424057,6.6996619664132595,2.8476072380319239,1.7721553053706884,10.325104580260813,5.715172503143549,0.61746240966022015,0.51437508128583431,0.077523508109152317,0.95788194891065359,0.73351104091852903,0.82287818565964699,0.8486415995284915,0.62167579028755426,0.22537799831479788,0.1579686189070344,0.57970378547906876,0.24459344707429409,0.032549736090004444,0.44519743137061596,0.14592630788683891,0.56274388171732426,True,,1,0,Slot__Patch;Slot__CPW_Feed_Pin;Patch__CPW_Feed_Pin,True,Slot__CPW_Feed_Pin,,Slot__CPW_Feed_Pin,,"{""Slot__CPW_Feed_Pin"": {""geometry_type"": ""MultiLineString"", ""relations"": ""overlaps"", ""wkt"": ""MULTILINESTRING ((0.5 22.51, 0 22.51), (0 22.51, -0.5 22.51))""}}",True,
148,46.642848886549473,2.0586424767971039,8.6695541124790907,3.2423083823174244,1.7434898912906647,14.722199086099863,3.772260557860136,0.011392821557819843,0.30295606050640345,0.85963213909417391,0.27302572596818209,0.60588161647319794,0.47945257369428873,0.6507943719625473,0.64961367566138506,0.096917944028973579,0.1162002831697464,0.67506141308695078,0.98525912873446941,0.94229327514767647,0.56856983993202448,0.36058796010911465,0.10661003645509481,True,,1,0,Slot__Patch;Slot__CPW_Feed_Pin;Patch__CPW_Feed_Pin,True,Slot__CPW_Feed_Pin,,Slot__CPW_Feed_Pin,,"{""Slot__CPW_Feed_Pin"": {""geometry_type"": ""MultiLineString"", ""relations"": ""overlaps"", ""wkt"": ""MULTILINESTRING ((0.5 21.58, 0 21.58), (0 21.58, -0.5 21.58))""}}",True,
149,24.645610861480236,1.3410421665757895,3.1914760004729033,1.4772273330017924,2.5700422618538141,22.26273141335696,5.3347442038357258,0.74336791224777699,0.70489297714084387,0.3614339679479599,0.83432740718126297,0.49510285072028637,0.87522411160171032,0.41801508516073227,0.15195664670318365,0.92239463049918413,0.62045781128108501,0.026236370205879211,0.0054713701829314232,0.44236704427748919,0.19432341121137142,0.69176856614649296,0.74176111537963152,True,,1,0,Slot__Patch;Slot__CPW_Feed_Pin;Patch__CPW_Feed_Pin,True,Slot__CPW_Feed_Pin,,Slot__CPW_Feed_Pin,,"{""Slot__CPW_Feed_Pin"": {""geometry_type"": ""MultiLineString"", ""relations"": ""overlaps"", ""wkt"": ""MULTILINESTRING ((0.5 23.25, 0 23.25), (0 23.25, -0.5 23.25))""}}",True,
150,35.51483906339854,2.733950549736619,7.4409671220928431,3.5822701977565892,2.1905068177729845,16.312947585247457,2.866876769810915,0.80244550947099924,0.80636868625879288,0.21315836254507303,0.72853265609592199,0.087465832941234112,0.16696477588266134,0.8855465492233634,0.27206828910857439,0.34810518752783537,0.8601992791518569,0.8398128654807806,0.35485368967056274,0.72176225017756224,0.95460294838994741,0.95804583840072155,0.29680596943944693,True,,1,0,Slot__Patch;Slot__CPW_Feed_Pin;Patch__CPW_Feed_Pin,True,Slot__CPW_Feed_Pin,,Slot__CPW_Feed_Pin,,"{""Slot__CPW_Feed_Pin"": {""geometry_type"": ""MultiLineString"", ""relations"": ""overlaps"", ""wkt"": ""MULTILINESTRING ((0.5 21.79, 0 21.79), (0 21.79, -0.5 21.79))""}}",True,
151,58.314057583920658,1.8893063925206661,4.6105041448026896,2.1021217331290245,1.1230181828141212,8.8387909904122353,4.3043322078883648,0.44450273923575878,0.21709390543401241,0.71105564758181572,0.16776114888489246,0.95215085614472628,0.68771341443061829,0.18423945363610983,0.76974403765052557,0.67945833876729012,0.37254493776708841,0.48672912921756506,0.6544314855709672,0.22170636244118214,0.3293798565864563,0.094158010557293892,0.92708946485072374,True,,1,0,Slot__Patch;Slot__CPW_Feed_Pin;Patch__CPW_Feed_Pin,True,Slot__CPW_Feed_Pin,,Slot__CPW_Feed_Pin,,"{""Slot__CPW_Feed_Pin"": {""geometry_type"": ""MultiLineString"", ""relations"": ""overlaps"", ""wkt"": ""MULTILINESTRING ((0.5 21.31, 0 21.31), (0 21.31, -0.5 21.31))""}}",True,
152,55.028997701592743,2.3885537255555391,6.8276921845972538,1.4556199420243503,2.4638457782566547,9.6990135312080383,3.5027480386197567,0.11346004065126181,0.35541709139943123,0.004157491959631443,0.20631958823651075,0.75292175449430943,0.95572924427688122,0.98332007881253958,0.056005664169788361,0.031546467915177345,0.69749475736171007,0.50262750126421452,0.89269180689007044,0.59516358561813831,0.51613859925419092,0.6555003272369504,0.32979122083634138,True,,1,0,Slot__Patch;Slot__CPW_Feed_Pin;Patch__CPW_Feed_Pin,True,Slot__CPW_Feed_Pin,,Slot__CPW_Feed_Pin,,"{""Slot__CPW_Feed_Pin"": {""geometry_type"": ""MultiLineString"", ""relations"": ""overlaps"", ""wkt"": ""MULTILINESTRING ((0.5 22.35, 0 22.35), (0 22.35, -0.5 22.35))""}}",True,
153,32.119599399156868,1.2312923856079578,5.1237777359783649,2.936413865350187,1.3477406781166792,17.180496803484857,5.0652931667864323,0.63153506815433502,0.63674590922892094,0.50595491752028465,0.64309912733733654,0.14495058730244637,0.43007489386945963,0.21148121263831854,0.55856076814234257,0.98826583195477724,0.19491742830723524,0.16716839652508497,0.100953109562397,0.095099608413875103,0.14091957174241543,0.29135311488062143,0.94830270949751139,True,,1,0,Slot__Patch;Slot__CPW_Feed_Pin;Patch__CPW_Feed_Pin,True,Slot__CPW_Feed_Pin,,Slot__CPW_Feed_Pin,,"{""Slot__CPW_Feed_Pin"": {""geometry_type"": ""MultiLineString"", ""relations"": ""overlaps"", ""wkt"": ""MULTILINESTRING ((0.5 21.65, 0 21.65), (0 21.65, -0.5 21.65))""}}",True,
154,21.163114076480269,2.8422755375504494,8.6203341409564018,2.121219932474196,1.9694640841335058,19.25851549487561,2.5973723269999027,0.82244908344000578,0.8480868162587285,0.92018358875066042,0.79573454800993204,0.30371648166328669,0.64321854710578918,0.74834472686052322,0.92866823822259903,0.2881104527041316,0.44931485690176487,0.97853236366063356,0.25941774155944586,0.81890755612403154,0.88203001674264669,0.057676163502037525,0.018989610485732555,True,,1,0,Slot__Patch;Slot__CPW_Feed_Pin;Patch__CPW_Feed_Pin,True,Slot__CPW_Feed_Pin,,Slot__CPW_Feed_Pin,,"{""Slot__CPW_Feed_Pin"": {""geometry_type"": ""MultiLineString"", ""relations"": ""overlaps"", ""wkt"": ""MULTILINESTRING ((0.5 21.41, 0 21.41), (0 21.41, -0.5 21.41))""}}",True,
155,43.446270218119025,1.5618117582052946,3.5156946256756783,3.8856750495731838,2.8421304784715176,11.725304927676916,4.0348883531987667,0.43035854026675224,0.12843974214047194,0.41807669401168823,0.35849349573254585,0.65778140630573034,0.24258709605783224,0.44547995924949646,0.42612493969500065,0.73895334824919701,0.93919870629906654,0.316019456833601,0.74692249856889248,0.31895794346928596,0.25778762996196747,0.88908563647419214,0.63455612305551767,True,,1,0,Slot__Patch;Slot__CPW_Feed_Pin;Patch__CPW_Feed_Pin,True,Slot__CPW_Feed_Pin,,Slot__CPW_Feed_Pin,,"{""Slot__CPW_Feed_Pin"": {""geometry_type"": ""MultiLineString"", ""relations"": ""overlaps"", ""wkt"": ""MULTILINESTRING ((0.5 22.44, 0 22.44), (0 22.44, -0.5 22.44))""}}",True,
156,38.266183566302061,2.5254004877060652,5.8648940194398165,3.5119118047878155,2.6735152099281549,7.7000343287363648,2.4776785857975483,0.94853769894689322,0.9326476939022541,0.64378915354609489,0.91828877292573452,0.53406067565083504,0.58617320097982883,0.053956936113536358,0.33004330657422543,0.61062299553304911,0.77198406774550676,0.40748609323054552,0.49050976149737835,0.65930500347167253,0.63104061689227819,0.60374539624899626,0.16100246086716652,True,,1,0,Slot__Patch;Slot__CPW_Feed_Pin;Patch__CPW_Feed_Pin,True,Slot__CPW_Feed_Pin,,Slot__CPW_Feed_Pin,,"{""Slot__CPW_Feed_Pin"": {""geometry_type"": ""MultiLineString"", ""relations"": ""overlaps"", ""wkt"": ""MULTILINESTRING ((0.5 21.67, 0 21.67), (0 21.67, -0.5 21.67))""}}",True,
157,16.147794183343649,1.8703173920512199,6.0924237985163927,2.5138673868030312,1.5148991644382477,15.225428910925984,4.9151945821940899,0.30646717548370361,0.090769121423363686,0.14198925439268351,0.48204813431948423,0.4262115303426981,0.049754795618355274,0.75111982505768538,0.83139051869511604,0.40912397764623165,0.27651408594101667,0.75864769890904427,0.50313468929380178,0.15937619283795357,0.0067295059561729431,0.46813668962568045,0.56093889288604259,True,,1,0,Slot__Patch;Slot__CPW_Feed_Pin;Patch__CPW_Feed_Pin,True,Slot__CPW_Feed_Pin,,Slot__CPW_Feed_Pin,,"{""Slot__CPW_Feed_Pin"": {""geometry_type"": ""MultiLineString"", ""relations"": ""overlaps"", ""wkt"": ""MULTILINESTRING ((0.5 22.31, 0 22.31), (0 22.31, -0.5 22.31))""}}",True,
158,27.115212357603014,2.196895245462656,4.2804429586976767,2.6634996920824054,1.1366449967026711,21.460856264457107,3.3830618970096111,0.23957727383822203,0.42628986854106188,0.3058784157037735,0.079847764223814011,0.022568984888494015,0.77362257614731789,0.28895993903279305,0.71714635752141476,0.86528392136096954,0.016265342012047768,0.072207020595669746,0.85736536979675293,0.87975302524864674,0.76719572488218546,0.2012031702324748,0.4747128076851368,True,,1,0,Slot__Patch;Slot__CPW_Feed_Pin;Patch__CPW_Feed_Pin,True,Slot__CPW_Feed_Pin,,Slot__CPW_Feed_Pin,,"{""Slot__CPW_Feed_Pin"": {""geometry_type"": ""MultiLineString"", ""relations"": ""overlaps"", ""wkt"": ""MULTILINESTRING ((0.5 20.72, 0 20.72), (0 20.72, -0.5 20.72))""}}",True,
159,49.837828329764307,1.4147034604102373,7.8614565934985876,1.7067934604361654,2.0517612714320421,14.000921887345612,5.9456070549786091,0.507615115493536,0.58148287516087294,0.80798683036118746,0.51568028423935175,0.87651187274605036,0.36230334918946028,0.51709341630339622,0.21577947214245796,0.16184520628303289,0.52833418920636177,0.71917096804827452,0.14897438231855631,0.37969447206705809,0.39190809242427349,0.87052617873996496,0.87170426361262798,True,,1,0,Slot__Patch;Slot__CPW_Feed_Pin;Patch__CPW_Feed_Pin,True,Slot__CPW_Feed_Pin,,Slot__CPW_Feed_Pin,,"{""Slot__CPW_Feed_Pin"": {""geometry_type"": ""MultiLineString"", ""relations"": ""overlaps"", ""wkt"": ""MULTILINESTRING ((0.5 23.41, 0 23.41), (0 23.41, -0.5 23.41))""}}",True,
160,49.358561038970947,2.589036013931036,6.4873924255371094,2.0544320719316604,1.6434383392333984,11.998502835631371,3.2450993657112122,0.64997244719415903,0.027370904572308064,0.34506984613835812,0.76420305948704481,0.16911051794886589,0.80348190944641829,0.042459667660295963,0.26193228270858526,0.59700902458280325,0.59447440970689058,0.98599432408809662,0.63056105468422174,0.28782894741743803,0.37323689088225365,0.23413409106433392,0.65078016184270382,True,,1,0,Slot__Patch;Slot__CPW_Feed_Pin;Patch__CPW_Feed_Pin,True,Slot__CPW_Feed_Pin,,Slot__CPW_Feed_Pin,,"{""Slot__CPW_Feed_Pin"": {""geometry_type"": ""MultiLineString"", ""relations"": ""overlaps"", ""wkt"": ""MULTILINESTRING ((0.5 21.47, 0 21.47), (0 21.47, -0.5 21.47))""}}",True,
161,26.542525067925453,1.8067424241453409,5.5552753955125809,3.6158412054181106,2.5430212412029505,19.480445212684572,5.6825829073786736,0.10454416088759899,0.99604209791868925,0.84668413084000349,0.32741877250373363,0.80833161063492298,0.33989268913865089,0.77844045404344797,0.76425623614341021,0.42272984236478806,0.1065429700538516,0.3361454987898469,0.3601541742682457,0.78778068907558918,0.99900181125849485,0.83851567097008228,0.00084320828318595886,True,,1,0,Slot__Patch;Slot__CPW_Feed_Pin;Patch__CPW_Feed_Pin,True,Slot__CPW_Feed_Pin,,Slot__CPW_Feed_Pin,,"{""Slot__CPW_Feed_Pin"": {""geometry_type"": ""MultiLineString"", ""relations"": ""overlaps"", ""wkt"": ""MULTILINESTRING ((0.5 24.03, 0 24.03), (0 24.03, -0.5 24.03))""}}",True,
162,15.660261916927993,2.1334847863763571,8.0703915171325207,1.5209399651736022,2.1646759826689959,16.98769364040345,2.1519724056124687,0.41362251807004213,0.51906475052237511,0.6985959205776453,0.23740875069051981,0.64926078077405691,0.61602300126105547,0.30847140960395336,0.62851995136588812,0.84776902012526989,0.35019217617809772,0.52452404703944921,0.029330446384847164,0.0012264586985111237,0.22804851271212101,0.57417618297040462,0.96155101619660854,True,,1,0,Slot__Patch;Slot__CPW_Feed_Pin;Patch__CPW_Feed_Pin,True,Slot__CPW_Feed_Pin,,Slot__CPW_Feed_Pin,,"{""Slot__CPW_Feed_Pin"": {""geometry_type"": ""MultiLineString"", ""relations"": ""overlaps"", ""wkt"": ""MULTILINESTRING ((0.5 20.45, 0 20.45), (0 20.45, -0.5 20.45))""}}",True,
163,37.696290048770607,1.4780533611774445,3.7877174578607082,3.2047798333689572,1.02177644520998,9.4549394957721233,4.7144277095794678,0.8330815751105547,0.48871180601418018,0.19630595948547125,0.67464693263173103,0.26394593063741922,0.02734985388815403,0.51340531371533871,0.1261765630915761,0.17936630640178919,0.85472382232546806,0.17237158678472042,0.97993948124349117,0.50129259843379259,0.60283696372061968,0.49862607754766941,0.31455903872847557,True,,1,0,Slot__Patch;Slot__CPW_Feed_Pin;Patch__CPW_Feed_Pin,True,Slot__CPW_Feed_Pin,,Slot__CPW_Feed_Pin,,"{""Slot__CPW_Feed_Pin"": {""geometry_type"": ""MultiLineString"", ""relations"": ""overlaps"", ""wkt"": ""MULTILINESTRING ((0.5 21.22, 0 21.22), (0 21.22, -0.5 21.22))""}}",True,
164,43.931062691845,2.4500115364789963,4.8200180511921644,2.8927475504577163,1.493858752772212,13.720114105381072,2.7666612640023232,0.28803172055631876,0.70014411676675081,0.99037681799381971,0.11095300875604153,0.38790285773575306,0.68391633685678244,0.98712739069014788,0.098238618113100529,0.049182016402482986,0.93360536266118288,0.080431929789483547,0.22059705667197704,0.47356760874390602,0.47714588232338428,0.026152029633522034,0.85845570359379053,False,ValueError: producer reported invalid exported polygon(s): Patch,,0,Slot__Patch;Slot__CPW_Feed_Pin;Patch__CPW_Feed_Pin,True,Slot__CPW_Feed_Pin,,Slot__CPW_Feed_Pin,,"{""Slot__CPW_Feed_Pin"": {""geometry_type"": ""MultiLineString"", ""relations"": ""overlaps"", ""wkt"": ""MULTILINESTRING ((0.5 20.72, 0 20.72), (0 20.72, -0.5 20.72))""}}",True,
165,21.730254390276968,1.1698960866779089,7.2285206448286772,1.8140878835693002,2.3196805901825428,21.245964216068387,4.3291165977716446,0.95745168440043926,0.29202270042151213,0.48876000009477139,0.54718125890940428,0.52700207754969597,0.20957830548286438,0.19209467340260744,0.59981721919029951,0.97062122356146574,0.42349035572260618,0.74585829488933086,0.77011770661920309,0.9736240329220891,0.85188086796551943,0.92152636870741844,0.4899447662755847,True,,1,0,Slot__Patch;Slot__CPW_Feed_Pin;Patch__CPW_Feed_Pin,True,Slot__CPW_Feed_Pin,,Slot__CPW_Feed_Pin,,"{""Slot__CPW_Feed_Pin"": {""geometry_type"": ""MultiLineString"", ""relations"": ""overlaps"", ""wkt"": ""MULTILINESTRING ((0.5 21.81, 0 21.81), (0 21.81, -0.5 21.81))""}}",True,
166,32.601606482639909,2.7805926594883204,3.0288280639797449,3.2840525543317201,2.9413730166852474,15.410621305927634,3.8597806245088577,0.52434921730309725,0.19085788354277611,0.089966072700917721,0.88677148148417473,0.9304617578163743,0.99643655959516764,0.72114902921020985,0.97969782445579767,0.30184602458029985,0.18178621120750904,0.43252594023942947,0.61949612200260162,0.19050520192831755,0.12419386580586433,0.68647608906030655,0.54471507761627436,True,,1,0,Slot__Patch;Slot__CPW_Feed_Pin;Patch__CPW_Feed_Pin,True,Slot__CPW_Feed_Pin,,Slot__CPW_Feed_Pin,,"{""Slot__CPW_Feed_Pin"": {""geometry_type"": ""MultiLineString"", ""relations"": ""overlaps"", ""wkt"": ""MULTILINESTRING ((0.5 23.58, 0 23.58), (0 23.58, -0.5 23.58))""}}",True,
167,55.604438195005059,1.6234331242740154,8.8351288978010416,2.4079615328460937,1.8721734788268805,7.9511469276621938,5.2972641363739967,0.22894667275249958,0.78566485829651356,0.59225761331617832,0.45092845056205988,0.04526879545301199,0.39706039242446423,0.45709643699228764,0.47813126724213362,0.7252249289304018,0.67920812591910362,0.76900835428386927,0.38977331761270761,0.69043185003101826,0.74990544002503157,0.26129371300339699,0.17914911638945341,True,,1,0,Slot__Patch;Slot__CPW_Feed_Pin;Patch__CPW_Feed_Pin,True,Slot__CPW_Feed_Pin,,Slot__CPW_Feed_Pin,,"{""Slot__CPW_Feed_Pin"": {""geometry_type"": ""MultiLineString"", ""relations"": ""overlaps"", ""wkt"": ""MULTILINESTRING ((0.5 22.79, 0 22.79), (0 22.79, -0.5 22.79))""}}",True,
168,57.746860776096582,2.1222002822905779,3.7281468249857426,1.7544725060462953,2.7129862699657679,10.601334725506604,2.5049619600176811,0.33736265730112791,0.6418265700340271,0.127105294726789,0.42705090343952179,0.22231949120759964,0.12895062565803528,0.63117658533155918,0.6923425979912281,0.11053096875548363,0.25074074417352676,0.22234814241528511,0.12804496381431818,0.06392286904156208,0.43570472486317158,0.98901789169758558,0.58160745073109865,True,,1,0,Slot__Patch;Slot__CPW_Feed_Pin;Patch__CPW_Feed_Pin,True,Slot__CPW_Feed_Pin,,Slot__CPW_Feed_Pin,,"{""Slot__CPW_Feed_Pin"": {""geometry_type"": ""MultiLineString"", ""relations"": ""overlaps"", ""wkt"": ""MULTILINESTRING ((0.5 21.34, 0 21.34), (0 21.34, -0.5 21.34))""}}",True,
169,35.030086655169725,1.2774238027632236,8.4108145125210285,2.6299391450360421,1.5985920429229736,18.068146063014865,4.067477822303772,0.91788637265563011,0.36602628044784069,0.6254852507263422,0.98877417761832476,0.86447045765817165,0.73317146953195333,0.42208416946232319,0.19370894692838192,0.90878780465573072,0.7630856242030859,0.5724554480984807,0.86561473459005356,0.56387194525450468,0.81141272652894258,0.064094929955899715,0.19645668473094702,True,,1,0,Slot__Patch;Slot__CPW_Feed_Pin;Patch__CPW_Feed_Pin,True,Slot__CPW_Feed_Pin,,Slot__CPW_Feed_Pin,,"{""Slot__CPW_Feed_Pin"": {""geometry_type"": ""MultiLineString"", ""relations"": ""overlaps"", ""wkt"": ""MULTILINESTRING ((0.5 20.94, 0 20.94), (0 20.94, -0.5 20.94))""}}",True,
170,24.070232226513326,2.6706483289599419,4.9582086727023125,2.4701455337926745,1.219086654484272,20.260605672374368,3.5980884432792664,0.6009953236207366,0.15500008407980204,0.78919464629143476,0.57115432061254978,0.70933209639042616,0.44143271259963512,0.89742383826524019,0.32357870414853096,0.36561914253979921,0.5067408075556159,0.26084734033793211,0.52407540287822485,0.35013527888804674,0.040638480335474014,0.32905990909785032,0.76693031657487154,True,,1,0,Slot__Patch;Slot__CPW_Feed_Pin;Patch__CPW_Feed_Pin,True,Slot__CPW_Feed_Pin,,Slot__CPW_Feed_Pin,,"{""Slot__CPW_Feed_Pin"": {""geometry_type"": ""MultiLineString"", ""relations"": ""overlaps"", ""wkt"": ""MULTILINESTRING ((0.5 21.49, 0 21.49), (0 21.49, -0.5 21.49))""}}",True,
171,46.160807101987302,1.9526691716164351,6.9903343990445137,3.5494497295469047,2.09248355217278,12.742067039944232,5.035633496940136,0.14644119143486023,0.86845869477838278,0.29148273728787899,0.0088550960645079613,0.31327488739043474,0.92069169227033854,0.15681345481425524,0.82223083637654781,0.66193627752363682,0.010999442078173161,0.90871204622089863,0.48227961920201778,0.85019883885979652,0.66536988597363234,0.72420535143464804,0.38664713408797979,True,,1,0,Slot__Patch;Slot__CPW_Feed_Pin;Patch__CPW_Feed_Pin,True,Slot__CPW_Feed_Pin,,Slot__CPW_Feed_Pin,,"{""Slot__CPW_Feed_Pin"": {""geometry_type"": ""MultiLineString"", ""relations"": ""overlaps"", ""wkt"": ""MULTILINESTRING ((0.5 23.08, 0 23.08), (0 23.08, -0.5 23.08))""}}",True,
172,41.15639038849622,2.9792537819594145,7.6521253455430269,3.840525361336768,2.4231511540710926,8.5555222816765308,3.4832775145769119,0.72469403874129057,0.064267963171005249,0.52085604704916477,0.69760990608483553,0.44114158116281033,0.26426989212632179,0.34372017346322536,0.91831264831125736,0.53139340784400702,0.2153196856379509,0.81285088043659925,0.72587498836219311,0.1280773701146245,0.2895517461001873,0.75173322577029467,0.91306294687092304,True,,1,0,Slot__Patch;Slot__CPW_Feed_Pin;Patch__CPW_Feed_Pin,True,Slot__CPW_Feed_Pin,,Slot__CPW_Feed_Pin,,"{""Slot__CPW_Feed_Pin"": {""geometry_type"": ""MultiLineString"", ""relations"": ""overlaps"", ""wkt"": ""MULTILINESTRING ((0.5 22.89, 0 22.89), (0 22.89, -0.5 22.89))""}}",True,
173,18.879065369255841,1.6366860643029213,4.4927067775279284,2.1573290921747685,1.2652694564312696,16.095595504157245,5.9208225384354591,0.020056944340467453,0.91233107261359692,0.022474749945104122,0.13632062822580338,0.58317030221223831,0.84797629993408918,0.60314126126468182,0.42085624486207962,0.48786862194538116,0.70492834411561489,0.47829059697687626,0.26778519805520773,0.62813538685441017,0.91435187589377165,0.17641198728233576,0.30884907394647598,True,,1,0,Slot__Patch;Slot__CPW_Feed_Pin;Patch__CPW_Feed_Pin,True,Slot__CPW_Feed_Pin,,Slot__CPW_Feed_Pin,,"{""Slot__CPW_Feed_Pin"": {""geometry_type"": ""MultiLineString"", ""relations"": ""overlaps"", ""wkt"": ""MULTILINESTRING ((0.5 22.82, 0 22.82), (0 22.82, -0.5 22.82))""}}",True,
174,29.84998139552772,2.3060226030647755,6.2548881825059652,2.9826646108180288,1.8858026769012213,22.450956939719617,2.3901586309075356,0.4609717195853591,0.57646890822798014,0.43688223324716091,0.30448235478252172,0.99050143081694841,0.076727056875824928,0.077504389919340611,0.035123417153954506,0.78850670717656612,0.96323351468890905,0.66497541591525078,0.12201984226703644,0.41099389083683491,0.18672185577452183,0.4120572404935956,0.72289729304611683,True,,1,0,Slot__Patch;Slot__CPW_Feed_Pin;Patch__CPW_Feed_Pin,True,Slot__CPW_Feed_Pin,,Slot__CPW_Feed_Pin,,"{""Slot__CPW_Feed_Pin"": {""geometry_type"": ""MultiLineString"", ""relations"": ""overlaps"", ""wkt"": ""MULTILINESTRING ((0.5 20.58, 0 20.58), (0 20.58, -0.5 20.58))""}}",True,
175,52.731575919315219,1.0863459575921297,5.6995027866214514,1.4206314047798516,2.8026260398328304,14.976343922317028,4.9526745229959488,0.79159174859523773,0.4157436853274703,0.93459643702954054,0.86526432819664478,0.094566452316939831,0.53551739174872637,0.86838050279766321,0.53256873041391373,0.23910545650869608,0.46092839632183313,0.0014101462438702583,0.8843356454744935,0.91092228423804045,0.56249846238642931,0.51617943588644266,0.12355100363492966,True,,1,0,Slot__Patch;Slot__CPW_Feed_Pin;Patch__CPW_Feed_Pin,True,Slot__CPW_Feed_Pin,,Slot__CPW_Feed_Pin,,"{""Slot__CPW_Feed_Pin"": {""geometry_type"": ""MultiLineString"", ""relations"": ""overlaps"", ""wkt"": ""MULTILINESTRING ((0.5 22.84, 0 22.84), (0 22.84, -0.5 22.84))""}}",True,
176,53.436616268008947,2.3195636384189129,8.4572540167719126,3.3769779181107884,1.0903575997799635,16.862282333895564,5.5568793714046478,0.48630832601338625,0.32546622026711702,0.45184782240539789,0.82091736141592264,0.42121460475027561,0.41755923256278038,0.956104701384902,0.22190084028989077,0.59344169963151217,0.33649240899831057,0.29272847156971693,0.033597863279283047,0.27178524807095528,0.76254838705062866,0.62729610502719879,0.070654477924108505,True,,1,0,Slot__Patch;Slot__CPW_Feed_Pin;Patch__CPW_Feed_Pin,True,Slot__CPW_Feed_Pin,,Slot__CPW_Feed_Pin,,"{""Slot__CPW_Feed_Pin"": {""geometry_type"": ""MultiLineString"", ""relations"": ""overlaps"", ""wkt"": ""MULTILINESTRING ((0.5 22.97, 0 22.97), (0 22.97, -0.5 22.97))""}}",True,
177,30.549206715077162,1.0371603760868311,3.4008235428482294,2.3034740123897794,2.2211110778152943,9.3442019121721387,3.1193342432379723,0.75331568904221058,0.66669630538672209,0.95011099055409431,0.2591073103249073,0.55640755966305733,0.93882572185248137,0.22403310053050518,0.72030328866094351,0.38681573607027531,0.833210120908916,0.87731925584375858,0.96006381325423717,0.77184113580733538,0.38679086323827505,0.3039357028901577,0.7059429045766592,True,,1,0,Slot__Patch;Slot__CPW_Feed_Pin;Patch__CPW_Feed_Pin,True,Slot__CPW_Feed_Pin,,Slot__CPW_Feed_Pin,,"{""Slot__CPW_Feed_Pin"": {""geometry_type"": ""MultiLineString"", ""relations"": ""overlaps"", ""wkt"": ""MULTILINESTRING ((0.5 20.38, 0 20.38), (0 20.38, -0.5 20.38))""}}",True,
178,19.591411552391946,2.8951713647693396,6.8505558203905821,2.7933556668460371,2.6003718636929989,14.231515363790095,4.5892158374190331,0.70301828626543283,0.81520723924040794,0.59834465105086565,0.17681490164250135,0.90105626080185175,0.23007929511368275,0.6910724276676774,0.85603611636906862,0.83681089803576469,0.59248480387032032,0.19087852165102959,0.68151275161653757,0.048538158647716045,0.65178393386304379,0.037528611719608307,0.26037378236651421,True,,1,0,Slot__Patch;Slot__CPW_Feed_Pin;Patch__CPW_Feed_Pin,True,Slot__CPW_Feed_Pin,,Slot__CPW_Feed_Pin,,"{""Slot__CPW_Feed_Pin"": {""geometry_type"": ""MultiLineString"", ""relations"": ""overlaps"", ""wkt"": ""MULTILINESTRING ((0.5 24.09, 0 24.09), (0 24.09, -0.5 24.09))""}}",True,
179,41.852621859870851,1.7398114651441574,5.192103473469615,1.9222648242488505,1.7111039664596319,21.698784017935395,2.0266998112201691,0.060043243691325188,0.16131884045898914,0.1005120649933815,0.73902544192969799,0.011957063339650631,0.62630764115601778,0.49004195723682642,0.3576447581872344,0.13605770748108625,0.081116344779729843,0.60441329050809145,0.32484422624111176,0.54846438951790333,0.027002871967852116,0.89361149445176125,0.89076416753232479,True,,1,0,Slot__Patch;Slot__CPW_Feed_Pin;Patch__CPW_Feed_Pin,True,Slot__CPW_Feed_Pin,,Slot__CPW_Feed_Pin,,"{""Slot__CPW_Feed_Pin"": {""geometry_type"": ""MultiLineString"", ""relations"": ""overlaps"", ""wkt"": ""MULTILINESTRING ((0.5 19.48, 0 19.48), (0 19.48, -0.5 19.48))""}}",True,
180,48.273985055275261,2.7039494812488556,4.1655662320554256,1.5651636492460967,1.8045088052749634,18.348593185655773,4.4548736289143562,0.57675704825669527,0.90400144923478365,0.83769834414124489,0.054230134934186935,0.13995276764035225,0.032240919768810272,0.010399186983704567,0.38631693553179502,0.014304136857390404,0.1290878402069211,0.63301758840680122,0.56855212897062302,0.4571403069421649,0.90081926994025707,0.61657203547656536,0.43475621473044157,True,,1,0,Slot__Patch;Slot__CPW_Feed_Pin;Patch__CPW_Feed_Pin,True,Slot__CPW_Feed_Pin,,Slot__CPW_Feed_Pin,,"{""Slot__CPW_Feed_Pin"": {""geometry_type"": ""MultiLineString"", ""relations"": ""overlaps"", ""wkt"": ""MULTILINESTRING ((0.5 22.96, 0 22.96), (0 22.96, -0.5 22.96))""}}",True,
181,26.177595150656998,1.9237625058740377,7.6983820907771587,3.1315726516768341,2.8840233478695154,10.874438378959894,2.8923576325178146,0.18361891992390156,0.11941489111632109,0.33943675551563501,0.61550128553062677,0.77526762522757053,0.57402375247329473,0.8093410599976778,0.88400454167276621,0.9658965552225709,0.63432272803038359,0.032879752106964588,0.42510619852691889,0.95709151215851307,0.27610693220049143,0.43968835659325123,0.78861874435096979,True,,1,0,Slot__Patch;Slot__CPW_Feed_Pin;Patch__CPW_Feed_Pin,True,Slot__CPW_Feed_Pin,,Slot__CPW_Feed_Pin,,"{""Slot__CPW_Feed_Pin"": {""geometry_type"": ""MultiLineString"", ""relations"": ""overlaps"", ""wkt"": ""MULTILINESTRING ((0.5 21.7, 0 21.7), (0 21.7, -0.5 21.7))""}}",True,
182,37.146451910957694,2.0031905118376017,5.9332141131162643,2.006598003394902,2.2632464487105608,12.424655444920063,5.4225448220968246,0.35989260021597147,0.39276179298758507,0.23807095736265182,0.94735864363610744,0.68232478108257055,0.34478208981454372,0.27540380228310823,0.50413478445261717,0.25969846453517675,0.87699406035244465,0.84424365591257811,0.21635257266461849,0.23816569522023201,0.51344344764947891,0.20646153949201107,0.24996356200426817,True,,1,0,Slot__Patch;Slot__CPW_Feed_Pin;Patch__CPW_Feed_Pin,True,Slot__CPW_Feed_Pin,,Slot__CPW_Feed_Pin,,"{""Slot__CPW_Feed_Pin"": {""geometry_type"": ""MultiLineString"", ""relations"": ""overlaps"", ""wkt"": ""MULTILINESTRING ((0.5 23.69, 0 23.69), (0 23.69, -0.5 23.69))""}}",True,
183,59.847111320123076,1.3461406491696835,6.1152930557727814,3.6955945625901228,1.425278551876545,19.965185984037817,3.9849996641278267,0.87704588286578655,0.61501047201454639,0.73590101022273302,0.38655663561075926,0.29310366604477167,0.76148098800331354,0.5433598579838872,0.0064286971464753151,0.71322688460350037,0.39031512662768364,0.44640948064625263,0.79000107850879431,0.73823141772300005,0.13775452878326178,0.84964617528021336,0.59892805013805628,True,,1,0,Slot__Patch;Slot__CPW_Feed_Pin;Patch__CPW_Feed_Pin,True,Slot__CPW_Feed_Pin,,Slot__CPW_Feed_Pin,,"{""Slot__CPW_Feed_Pin"": {""geometry_type"": ""MultiLineString"", ""relations"": ""overlaps"", ""wkt"": ""MULTILINESTRING ((0.5 20.75, 0 20.75), (0 20.75, -0.5 20.75))""}}",True,
184,56.298663876950741,2.8449321258813143,5.3215177562087774,3.0312950808554895,2.0200123973190784,21.087310812436044,4.1931819543242455,0.54796301480382681,0.93796882033348083,0.044735617935657501,0.48764570988714695,0.47057378105819225,0.52476861979812384,0.37318694312125444,0.7929514329880476,0.076013518497347832,0.55559825152158737,0.55642043706029654,0.53592131193727255,0.11086466629058123,0.94995812885463238,0.39975039381533861,0.12664556410163641,True,,1,0,Slot__Patch;Slot__CPW_Feed_Pin;Patch__CPW_Feed_Pin,True,Slot__CPW_Feed_Pin,,Slot__CPW_Feed_Pin,,"{""Slot__CPW_Feed_Pin"": {""geometry_type"": ""MultiLineString"", ""relations"": ""overlaps"", ""wkt"": ""MULTILINESTRING ((0.5 23.06, 0 23.06), (0 23.06, -0.5 23.06))""}}",True,
185,33.312676437199116,1.5000116415321827,6.6270338650792837,1.3429430505260826,1.1665740590542555,13.554098457098007,2.6307264864444733,0.19092857837677002,0.038633553311228752,0.5464782090857625,0.92439471837133169,0.61650873720645905,0.11286859959363937,0.57056148815900087,0.29036575183272362,0.90466401074081659,0.052042966708540916,0.14096353761851788,0.45479208044707775,0.61092321947216988,0.32425799313932657,0.5431944141164422,0.52644455898553133,True,,1,0,Slot__Patch;Slot__CPW_Feed_Pin;Patch__CPW_Feed_Pin,True,Slot__CPW_Feed_Pin,,Slot__CPW_Feed_Pin,,"{""Slot__CPW_Feed_Pin"": {""geometry_type"": ""MultiLineString"", ""relations"": ""overlaps"", ""wkt"": ""MULTILINESTRING ((0.5 19.3, 0 19.3), (0 19.3, -0.5 19.3))""}}",True,
186,22.431099261157215,2.4244751706719398,4.1148120481520891,3.7983614111319186,1.5451639201492071,8.1321162544190884,5.160845011472702,0.26466367673128843,0.4530956381931901,0.88260810449719429,0.51443906128406525,0.95716298092156649,0.83722585532814264,0.10791716165840626,0.16048514656722546,0.32286701258271933,0.31132362689822912,0.95453996211290359,0.18695662263780832,0.33445599861443043,0.58931567519903183,0.80998285580426455,0.44083247985690832,True,,1,0,Slot__Patch;Slot__CPW_Feed_Pin;Patch__CPW_Feed_Pin,True,Slot__CPW_Feed_Pin,,Slot__CPW_Feed_Pin,,"{""Slot__CPW_Feed_Pin"": {""geometry_type"": ""MultiLineString"", ""relations"": ""overlaps"", ""wkt"": ""MULTILINESTRING ((0.5 23.13, 0 23.13), (0 23.13, -0.5 23.13))""}}",True,
187,44.637078861705959,1.2066629063338041,8.0241807270795107,2.2313280262053015,2.6414306424558163,15.61360131483525,3.7233613952994347,0.99766543135046959,0.53911266382783651,0.38044256065040827,0.077167508192360401,0.065134267322719097,0.30040976963937283,0.83680779673159122,0.66305878385901451,0.64958149939775467,0.80023147258907557,0.36808808241039515,0.82231144607067108,0.83438480924814939,0.21459214296191931,0.13287030998617411,0.83771707583218813,True,,1,0,Slot__Patch;Slot__CPW_Feed_Pin;Patch__CPW_Feed_Pin,True,Slot__CPW_Feed_Pin,,Slot__CPW_Feed_Pin,,"{""Slot__CPW_Feed_Pin"": {""geometry_type"": ""MultiLineString"", ""relations"": ""overlaps"", ""wkt"": ""MULTILINESTRING ((0.5 21.57, 0 21.57), (0 21.57, -0.5 21.57))""}}",True,
188,39.7976233670488,2.2410524170845747,7.368344821035862,2.5687410159036519,2.8741826210170984,18.811691226437688,5.7950651496648788,0.3891548877581954,0.26617211103439331,0.68232546467334032,0.63702370133250952,0.18922115862369537,0.89433133136481047,0.66363427136093378,0.56575068831443787,0.52818651217967272,0.97296265512704849,0.40058337152004242,0.063100628554821014,0.17561638541519642,0.8382909744977951,0.35583274345844984,0.36403753608465195,True,,1,0,Slot__Patch;Slot__CPW_Feed_Pin;Patch__CPW_Feed_Pin,True,Slot__CPW_Feed_Pin,,Slot__CPW_Feed_Pin,,"{""Slot__CPW_Feed_Pin"": {""geometry_type"": ""MultiLineString"", ""relations"": ""overlaps"", ""wkt"": ""MULTILINESTRING ((0.5 24.91, 0 24.91), (0 24.91, -0.5 24.91))""}}",True,
189,17.778439507819712,1.3983178064227104,4.5860776528716087,3.4392077859491117,1.9392317533493042,11.351758637465537,3.3575815036892891,0.87195350229740143,0.74167644791305065,0.18058516830205917,0.20069149322807789,0.83527838997542858,0.49318202957510948,0.39249534253031015,0.064433814957737923,0.45255539007484913,0.47847052477300167,0.8004627013579011,0.92761609051376581,0.675565998069942,0.46351397689431906,0.71214452292770147,0.98289999552071095,True,,1,0,Slot__Patch;Slot__CPW_Feed_Pin;Patch__CPW_Feed_Pin,True,Slot__CPW_Feed_Pin,,Slot__CPW_Feed_Pin,,"{""Slot__CPW_Feed_Pin"": {""geometry_type"": ""MultiLineString"", ""relations"": ""overlaps"", ""wkt"": ""MULTILINESTRING ((0.5 20.7, 0 20.7), (0 20.7, -0.5 20.7))""}}",True,
190,28.649105625227094,2.5364152826368809,8.7887346334755421,1.6594874083995821,1.3177830055356026,10.08718688506633,4.8273944333195686,0.67224251758307219,0.78032600227743387,0.26632215175777674,0.36120427120476961,0.73852417897433043,0.70681325066834688,0.92887449078261852,0.45017009973526001,0.77694401517510414,0.22115117218345404,0.1118399640545249,0.71400623582303524,0.39469116646796465,0.70103717409074306,0.94572217296808958,0.05273640900850296,True,,1,0,Slot__Patch;Slot__CPW_Feed_Pin;Patch__CPW_Feed_Pin,True,Slot__CPW_Feed_Pin,,Slot__CPW_Feed_Pin,,"{""Slot__CPW_Feed_Pin"": {""geometry_type"": ""MultiLineString"", ""relations"": ""overlaps"", ""wkt"": ""MULTILINESTRING ((0.5 22.68, 0 22.68), (0 22.68, -0.5 22.68))""}}",True,
191,51.470312895253301,1.8168826419860125,3.3561061061918736,2.7336349131539466,2.4956232625991106,17.612579679116607,2.2649389952421188,0.065428387373685837,0.24313611444085836,0.76848635450005531,0.79694525152444839,0.34637320507317781,0.18070209212601185,0.12627859972417355,0.95150640793144703,0.19544012378901243,0.73419588897377253,0.71396191976964474,0.29526518192142248,0.89475514367222786,0.075283692218363285,0.12210235651582479,0.66868446953594685,True,,1,0,Slot__Patch;Slot__CPW_Feed_Pin;Patch__CPW_Feed_Pin,True,Slot__CPW_Feed_Pin,,Slot__CPW_Feed_Pin,,"{""Slot__CPW_Feed_Pin"": {""geometry_type"": ""MultiLineString"", ""relations"": ""overlaps"", ""wkt"": ""MULTILINESTRING ((0.5 20.58, 0 20.58), (0 20.58, -0.5 20.58))""}}",True,
192,51.051259185187519,2.7632945198565722,8.9087028075009584,1.3790049534291029,2.5512921139597893,19.897384936921299,2.8330508954823017,0.050278611481189728,0.49287644401192665,0.28313458897173405,0.28792163636535406,0.66776955407112837,0.82847597263753414,0.40318466257303953,0.41147525794804096,0.46007647179067135,0.32758393418043852,0.62119473610073328,0.50946012046188116,0.15508234780281782,0.73476407956331968,0.47835922986268997,0.84676287043839693,True,,1,0,Slot__Patch;Slot__CPW_Feed_Pin;Patch__CPW_Feed_Pin,True,Slot__CPW_Feed_Pin,,Slot__CPW_Feed_Pin,,"{""Slot__CPW_Feed_Pin"": {""geometry_type"": ""MultiLineString"", ""relations"": ""overlaps"", ""wkt"": ""MULTILINESTRING ((0.5 22.15, 0 22.15), (0 22.15, -0.5 22.15))""}}",True,
193,29.026276390068233,1.6061247922480106,3.1368718463927507,3.0218932954594497,1.6351686883717775,12.371548879891634,4.2705349437892437,0.68934541847556829,0.53052499331533909,0.7848772993311286,0.85068153031170368,0.30992053169757128,0.30720190797001123,0.66672328393906355,0.91402845084667206,0.5045472914353013,0.81527075637131929,0.20851326733827591,0.49689633212983608,0.655146399512887,0.11004027351737022,0.59053042903542519,0.49383106734603643,True,,1,0,Slot__Patch;Slot__CPW_Feed_Pin;Patch__CPW_Feed_Pin,True,Slot__CPW_Feed_Pin,,Slot__CPW_Feed_Pin,,"{""Slot__CPW_Feed_Pin"": {""geometry_type"": ""MultiLineString"", ""relations"": ""overlaps"", ""wkt"": ""MULTILINESTRING ((0.5 21.51, 0 21.51), (0 21.51, -0.5 21.51))""}}",True,
194,17.39547248929739,2.4668022617697716,7.1373913642019033,2.1968529211357239,1.0144223216921091,11.176557205617428,3.8012036196887493,0.76307280734181404,0.99141767341643572,0.63663982413709164,0.71412881184369326,0.15450798720121384,0.51593513041734695,0.13718058541417122,0.54194842465221882,0.20345145370811224,0.57162107154726982,0.8951981496065855,0.14266552124172449,0.43085020408034325,0.85138603765517473,0.82606147229671478,0.53303157258778811,True,,1,0,Slot__Patch;Slot__CPW_Feed_Pin;Patch__CPW_Feed_Pin,True,Slot__CPW_Feed_Pin,,Slot__CPW_Feed_Pin,,"{""Slot__CPW_Feed_Pin"": {""geometry_type"": ""MultiLineString"", ""relations"": ""overlaps"", ""wkt"": ""MULTILINESTRING ((0.5 21.28, 0 21.28), (0 21.28, -0.5 21.28))""}}",True,
195,40.222478695213795,1.1867352705448866,4.7177650239318609,3.7985592886805541,2.1720313280820847,18.636017530225217,5.3636586554348469,0.49998870771378279,0.016370209865272045,0.13447416108101606,0.15091501921415329,0.75845076702535152,0.11974500026553869,0.9317508302628994,0.039407029747962952,0.75379873812198639,0.067334996536374092,0.30975406523793936,0.85099560767412186,0.93079974222928286,0.47568569518625736,0.24267598614096642,0.18301416840404272,True,,1,0,Slot__Patch;Slot__CPW_Feed_Pin;Patch__CPW_Feed_Pin,True,Slot__CPW_Feed_Pin,,Slot__CPW_Feed_Pin,,"{""Slot__CPW_Feed_Pin"": {""geometry_type"": ""MultiLineString"", ""relations"": ""overlaps"", ""wkt"": ""MULTILINESTRING ((0.5 22.72, 0 22.72), (0 22.72, -0.5 22.72))""}}",True,
196,45.05091835744679,2.1508732866495848,3.8779999651014805,3.4263147896155717,2.3435761984437704,21.883697910234332,3.1865223906934261,0.88683923333883286,0.78931069746613503,0.92829374875873327,0.58765591122210026,0.88656209129840136,0.71366654522716999,0.56783857103437185,0.20113597437739372,0.88093890715390444,0.14433581661432981,0.46868409775197506,0.10739928483963013,0.09045269712805748,0.6003909008577466,0.27813818119466305,0.64696049876511097,True,,1,0,Slot__Patch;Slot__CPW_Feed_Pin;Patch__CPW_Feed_Pin,True,Slot__CPW_Feed_Pin,,Slot__CPW_Feed_Pin,,"{""Slot__CPW_Feed_Pin"": {""geometry_type"": ""MultiLineString"", ""relations"": ""overlaps"", ""wkt"": ""MULTILINESTRING ((0.5 21.69, 0 21.69), (0 21.69, -0.5 21.69))""}}",True,
197,22.059142710641026,1.4953934028744698,8.1734455414116383,2.5905206922441724,1.4699638299643993,14.401769642718136,5.7489773966372013,0.37353674974292517,0.20283692516386509,0.42655357159674168,0.02349702175706625,0.028590801171958447,0.17189129162579775,0.36237543728202581,0.70248509757220745,0.083628112450242043,0.65469639468938112,0.86566258873790503,0.89895477239042521,0.59038155246526003,0.22463709302246571,0.66572290100157261,0.012480847537517548,True,,1,0,Slot__Patch;Slot__CPW_Feed_Pin;Patch__CPW_Feed_Pin,True,Slot__CPW_Feed_Pin,,Slot__CPW_Feed_Pin,,"{""Slot__CPW_Feed_Pin"": {""geometry_type"": ""MultiLineString"", ""relations"": ""overlaps"", ""wkt"": ""MULTILINESTRING ((0.5 22.72, 0 22.72), (0 22.72, -0.5 22.72))""}}",True,
198,33.678842098452151,2.5721549279987812,5.4825023040175438,2.7506540797650816,1.8491940833628178,8.9248557994142175,2.2183620072901249,0.17383331432938576,0.28883260209113359,0.02792318444699049,0.41046905517578125,0.4357087817043066,0.90114657208323479,0.8338092640042305,0.81480343267321587,0.62633901461958885,0.89640006050467491,0.054054536856710911,0.7404902707785368,0.37049296777695417,0.98581165354698896,0.93055842630565166,0.95774115808308125,True,,1,0,Slot__Patch;Slot__CPW_Feed_Pin;Patch__CPW_Feed_Pin,True,Slot__CPW_Feed_Pin,,Slot__CPW_Feed_Pin,,"{""Slot__CPW_Feed_Pin"": {""geometry_type"": ""MultiLineString"", ""relations"": ""overlaps"", ""wkt"": ""MULTILINESTRING ((0.5 20.64, 0 20.64), (0 20.64, -0.5 20.64))""}}",True,
199,55.890609906055033,1.7898715306073427,6.3785020485520363,1.6310425767675043,2.964353097602725,16.457595834508538,4.6558460853993893,0.56310515385121107,0.68770909588783979,0.53008726797997952,0.97424272913485765,0.53977381438016891,0.4844094617292285,0.097381263971328735,0.31343464367091656,0.33096792083233595,0.39873352833092213,0.65504805743694305,0.25316848512738943,0.87055147625505924,0.36103450134396553,0.013211430981755257,0.32617590576410294,True,,1,0,Slot__Patch;Slot__CPW_Feed_Pin;Patch__CPW_Feed_Pin,True,Slot__CPW_Feed_Pin,,Slot__CPW_Feed_Pin,,"{""Slot__CPW_Feed_Pin"": {""geometry_type"": ""MultiLineString"", ""relations"": ""overlaps"", ""wkt"": ""MULTILINESTRING ((0.5 23.41, 0 23.41), (0 23.41, -0.5 23.41))""}}",True,
200,59.527317783795297,2.2925540171563625,5.806653706356883,2.2870897663757206,1.6215723920613527,17.563178138807416,3.4168877713382244,0.98789889551699162,0.86478221509605646,0.19000277202576399,0.90339290723204613,0.72390458639711142,0.22126897145062685,0.79878942668437958,0.6070376867428422,0.94277614075690508,0.54595138691365719,0.35753341484814882,0.014648883603513241,0.49318585731089115,0.54735303390771151,0.73714738059788942,0.9168823417276144,True,,1,0,Slot__Patch;Slot__CPW_Feed_Pin;Patch__CPW_Feed_Pin,True,Slot__CPW_Feed_Pin,,Slot__CPW_Feed_Pin,,"{""Slot__CPW_Feed_Pin"": {""geometry_type"": ""MultiLineString"", ""relations"": ""overlaps"", ""wkt"": ""MULTILINESTRING ((0.5 21.33, 0 21.33), (0 21.33, -0.5 21.33))""}}",True,
201,37.425729758106172,1.0728975776582956,6.3294008206576109,3.4073268916457895,2.6900071427226067,10.023119472898543,5.9794043190777302,0.25099271256476641,0.1430514445528388,0.68826582096517086,0.46569402609020472,0.3631256902590394,0.63316141255199909,0.0073858723044395447,0.10860299598425627,0.022282974794507027,0.03385017067193985,0.94483859464526176,0.99461961351335049,0.99325150530785322,0.17257230170071125,0.32002928201109171,0.29721122607588768,True,,1,0,Slot__Patch;Slot__CPW_Feed_Pin;Patch__CPW_Feed_Pin,True,Slot__CPW_Feed_Pin,,Slot__CPW_Feed_Pin,,"{""Slot__CPW_Feed_Pin"": {""geometry_type"": ""MultiLineString"", ""relations"": ""overlaps"", ""wkt"": ""MULTILINESTRING ((0.5 23.75, 0 23.75), (0 23.75, -0.5 23.75))""}}",True,
202,25.893116500228643,2.9922455903142691,4.3913922999054193,1.9370622724294664,2.0685888975858688,11.635592398233712,2.448735523968935,0.20070286653935909,0.36918573826551437,0.85213211085647345,0.094251623377203941,0.20384075865149498,0.4087871415540576,0.53253452386707067,0.47090929094702005,0.68962385132908821,0.29019451234489679,0.13150630332529545,0.64523740205913782,0.21774514485150576,0.91385297756642103,0.084849548526108265,0.72670741938054562,True,,1,0,Slot__Patch;Slot__CPW_Feed_Pin;Patch__CPW_Feed_Pin,True,Slot__CPW_Feed_Pin,,Slot__CPW_Feed_Pin,,"{""Slot__CPW_Feed_Pin"": {""geometry_type"": ""MultiLineString"", ""relations"": ""overlaps"", ""wkt"": ""MULTILINESTRING ((0.5 21.51, 0 21.51), (0 21.51, -0.5 21.51))""}}",True,
203,48.598974030464888,1.6496346592903137,7.5601033810526133,2.7722106011584406,1.2429825309664011,19.11019085906446,4.8862801305949688,0.56162622664123774,0.65429199300706387,0.35429964400827885,0.5325264586135745,0.8185258973389864,0.94564143940806389,0.2726641958579421,0.96933313738554716,0.26719098817557096,0.78569316770881414,0.54610990267246962,0.34547639638185501,0.7176964245736599,0.28809559717774391,0.97217485401779413,0.11193434521555901,True,,1,0,Slot__Patch;Slot__CPW_Feed_Pin;Patch__CPW_Feed_Pin,True,Slot__CPW_Feed_Pin,,Slot__CPW_Feed_Pin,,"{""Slot__CPW_Feed_Pin"": {""geometry_type"": ""MultiLineString"", ""relations"": ""overlaps"", ""wkt"": ""MULTILINESTRING ((0.5 21.77, 0 21.77), (0 21.77, -0.5 21.77))""}}",True,
204,42.188573023304343,2.6840241700410843,7.0939606726169586,3.1654128361493354,1.272624533623457,15.78023639973253,2.5635388232767582,0.075166428461670876,0.41160944197326899,0.58391088806092739,0.2207243824377656,0.94272650126367807,0.35157470498234034,0.22692422196269035,0.75508157070726156,0.39494913630187511,0.98798770271241665,0.70108790881931782,0.60481977462768555,0.30795287061482668,0.66291978489607573,0.50763515662401915,0.59330049250274897,True,,1,0,Slot__Patch;Slot__CPW_Feed_Pin;Patch__CPW_Feed_Pin,True,Slot__CPW_Feed_Pin,,Slot__CPW_Feed_Pin,,"{""Slot__CPW_Feed_Pin"": {""geometry_type"": ""MultiLineString"", ""relations"": ""overlaps"", ""wkt"": ""MULTILINESTRING ((0.5 20.52, 0 20.52), (0 20.52, -0.5 20.52))""}}",True,
205,19.295976078137755,1.9660882260650396,5.0479646176099777,1.5630616297945381,2.4157967623323202,8.3134395629167557,4.0010834597051144,0.68594197649508715,0.5649780323728919,0.085649180226027966,0.65994429960846901,0.081825709901750088,0.75273158214986324,0.96702242270112038,0.25742644537240267,0.57017435226589441,0.49813633412122726,0.098110268823802471,0.4044510954990983,0.80787905678153038,0.037231128662824631,0.42450905498117208,0.19257065188139677,True,,1,0,Slot__Patch;Slot__CPW_Feed_Pin;Patch__CPW_Feed_Pin,True,Slot__CPW_Feed_Pin,,Slot__CPW_Feed_Pin,,"{""Slot__CPW_Feed_Pin"": {""geometry_type"": ""MultiLineString"", ""relations"": ""overlaps"", ""wkt"": ""MULTILINESTRING ((0.5 22.38, 0 22.38), (0 22.38, -0.5 22.38))""}}",True,
206,30.839457479305565,2.1093012187629938,8.3013973943889141,3.657628207840026,2.794356120750308,13.153145592659712,3.5316987298429012,0.86220795474946499,0.9169858917593956,0.49991601146757603,0.78084531705826521,0.48501025326550007,0.039117797277867794,0.4931476591154933,0.13535059150308371,0.14370085950940847,0.23983068857342005,0.78648887295275927,0.23527861945331097,0.027995536103844643,0.79821853060275316,0.16005535703152418,0.77861361298710108,True,,1,0,Slot__Patch;Slot__CPW_Feed_Pin;Patch__CPW_Feed_Pin,True,Slot__CPW_Feed_Pin,,Slot__CPW_Feed_Pin,,"{""Slot__CPW_Feed_Pin"": {""geometry_type"": ""MultiLineString"", ""relations"": ""overlaps"", ""wkt"": ""MULTILINESTRING ((0.5 22.43, 0 22.43), (0 22.43, -0.5 22.43))""}}",True,
207,53.105855179019272,1.2645045332610607,3.6559461615979671,2.0153651781380177,1.8940732814371586,20.671669724397361,5.0942152477800846,0.37546293530613184,0.075238024815917015,0.99774618353694677,0.3421327006071806,0.59981730207800865,0.56519073992967606,0.70177557598799467,0.63302442897111177,0.81304960697889328,0.74237947072833776,0.3874652273952961,0.75543757434934378,0.52805146854370832,0.42350640334188938,0.77199768926948309,0.38278181385248899,True,,1,0,Slot__Patch;Slot__CPW_Feed_Pin;Patch__CPW_Feed_Pin,True,Slot__CPW_Feed_Pin,,Slot__CPW_Feed_Pin,,"{""Slot__CPW_Feed_Pin"": {""geometry_type"": ""MultiLineString"", ""relations"": ""overlaps"", ""wkt"": ""MULTILINESTRING ((0.5 22.25, 0 22.25), (0 22.25, -0.5 22.25))""}}",True,
208,52.403197302483022,2.0171314049512148,6.0006117895245552,2.6107765160501009,2.2450059708207846,7.535517462529242,4.3962956853210926,0.83894567564129829,0.16597175970673561,0.3886977406218648,0.34448762703686953,0.91571961808949709,0.45023850444704294,0.59831191226840019,0.07260044664144516,0.48037413135170937,0.61657227110117674,0.16254814155399799,0.17038487736135721,0.17016444727778435,0.12749215122312307,0.8792045321315527,0.42301355209201574,True,,1,0,Slot__Patch;Slot__CPW_Feed_Pin;Patch__CPW_Feed_Pin,True,Slot__CPW_Feed_Pin,,Slot__CPW_Feed_Pin,,"{""Slot__CPW_Feed_Pin"": {""geometry_type"": ""MultiLineString"", ""relations"": ""overlaps"", ""wkt"": ""MULTILINESTRING ((0.5 22.66, 0 22.66), (0 22.66, -0.5 22.66))""}}",True,
209,30.130984573625028,1.3600923307240009,5.8545589372515678,1.7799829075112941,1.0664619617164135,15.009658606722951,2.9587511830031872,0.41557091753929853,0.82617920078337193,0.88707757741212845,0.78227519243955612,0.061654592864215374,0.91383530013263226,0.33086422458291054,0.57126265205442905,0.55499816965311766,0.1200972693040967,0.5155562860891223,0.83888557553291321,0.67009276617318392,0.50222334265708923,0.048023993149399757,0.7925467686727643,True,,1,0,Slot__Patch;Slot__CPW_Feed_Pin;Patch__CPW_Feed_Pin,True,Slot__CPW_Feed_Pin,,Slot__CPW_Feed_Pin,,"{""Slot__CPW_Feed_Pin"": {""geometry_type"": ""MultiLineString"", ""relations"": ""overlaps"", ""wkt"": ""MULTILINESTRING ((0.5 19.39, 0 19.39), (0 19.39, -0.5 19.39))""}}",True,
210,18.603177163749933,2.6895393207669258,7.7954624779522419,3.5600429063662888,1.6881238557398319,21.427275901660323,5.4889353923499584,0.098672308027744293,0.66256016213446856,0.53516960237175226,0.65362986829131842,0.40264500491321087,0.13771866913884878,0.86333658080548048,0.94333850592374802,0.23112834710627794,0.36082306131720543,0.32693360466510057,0.55249165650457144,0.38453181367367506,0.27072545979171991,0.28171632997691631,0.23820781614631414,True,,1,0,Slot__Patch;Slot__CPW_Feed_Pin;Patch__CPW_Feed_Pin,True,Slot__CPW_Feed_Pin,,Slot__CPW_Feed_Pin,,"{""Slot__CPW_Feed_Pin"": {""geometry_type"": ""MultiLineString"", ""relations"": ""overlaps"", ""wkt"": ""MULTILINESTRING ((0.5 23.86, 0 23.86), (0 23.86, -0.5 23.86))""}}",True,
211,41.479659397155046,1.9093035291880369,4.2501494027674198,2.4455874744802717,2.6233512293547392,13.886759025044739,3.9264189787209034,0.64803180005401373,0.31397724431008101,0.037457812577486038,0.21544180996716022,0.51061627268791199,0.72635360062122345,0.064863021485507488,0.44465758837759495,0.81162515468895435,0.87194785661995411,0.97592674568295479,0.43822412006556988,0.8845899049192667,0.89643319509923458,0.64560407586395741,0.60287344921380281,True,,1,0,Slot__Patch;Slot__CPW_Feed_Pin;Patch__CPW_Feed_Pin,True,Slot__CPW_Feed_Pin,,Slot__CPW_Feed_Pin,,"{""Slot__CPW_Feed_Pin"": {""geometry_type"": ""MultiLineString"", ""relations"": ""overlaps"", ""wkt"": ""MULTILINESTRING ((0.5 22.45, 0 22.45), (0 22.45, -0.5 22.45))""}}",True,
212,46.495043663308024,2.8812617044895887,5.0956871118396521,2.1895045327022675,2.8922930285334587,9.7534489631652832,5.623269971460104,0.22311106696724892,0.61816802993416786,0.77488108724355698,0.53109657764434814,0.6344576133415103,0.06993181724101305,0.43457378447055817,0.28415141068398952,0.93254712875932455,0.9178479565307498,0.75540073681622744,0.69743589125573635,0.10588787775486708,0.019670196808874607,0.86063171178102493,0.066663391888141632,True,,1,0,Slot__Patch;Slot__CPW_Feed_Pin;Patch__CPW_Feed_Pin,True,Slot__CPW_Feed_Pin,,Slot__CPW_Feed_Pin,,"{""Slot__CPW_Feed_Pin"": {""geometry_type"": ""MultiLineString"", ""relations"": ""overlaps"", ""wkt"": ""MULTILINESTRING ((0.5 25.4, 0 25.4), (0 25.4, -0.5 25.4))""}}",True,
213,23.783371103927493,1.7259506210684776,6.7653544005006552,3.8375492557883266,1.796237962320447,17.271515778265893,3.0607535280287266,0.52237232308834791,0.40522911585867405,0.27649967093020678,0.091896695084869862,0.28051482606679201,0.54426226951181889,0.63612788170576096,0.78157902136445045,0.10288954526185989,0.41236940491944551,0.41806502267718315,0.31183314230293036,0.60595139302313328,0.6454466562718153,0.19156816974282265,0.71774481423199177,True,,1,0,Slot__Patch;Slot__CPW_Feed_Pin;Patch__CPW_Feed_Pin,True,Slot__CPW_Feed_Pin,,Slot__CPW_Feed_Pin,,"{""Slot__CPW_Feed_Pin"": {""geometry_type"": ""MultiLineString"", ""relations"": ""overlaps"", ""wkt"": ""MULTILINESTRING ((0.5 20.58, 0 20.58), (0 20.58, -0.5 20.58))""}}",True,
214,35.322046657092869,2.3339425660669804,3.5148867387324572,1.3824258845299484,1.4179232362657785,19.416367965750396,4.530637864023447,0.96329479664564133,0.11573651153594255,0.17528978362679482,0.47097660042345524,0.18391367793083191,0.2573908744379878,0.16957677807658911,0.66927272640168667,0.68520535342395306,0.16969854757189751,0.73164151050150394,0.079672373831272125,0.32379527017474174,0.37847971823066473,0.45848654210567474,0.25636913627386093,True,,1,0,Slot__Patch;Slot__CPW_Feed_Pin;Patch__CPW_Feed_Pin,True,Slot__CPW_Feed_Pin,,Slot__CPW_Feed_Pin,,"{""Slot__CPW_Feed_Pin"": {""geometry_type"": ""MultiLineString"", ""relations"": ""overlaps"", ""wkt"": ""MULTILINESTRING ((0.5 22.29, 0 22.29), (0 22.29, -0.5 22.29))""}}",True,
215,57.40751997102052,1.0515285152941942,8.536573039367795,2.989131811074913,2.2706006020307541,11.949112918227911,2.093093391507864,0.2900011083111167,0.89205470960587263,0.67300410661846399,0.90970734413713217,0.79176272265613079,0.85680525377392769,0.90210143383592367,0.17185596004128456,0.35748377535492182,0.65662019141018391,0.06706844549626112,0.91104196105152369,0.82374439109116793,0.75327951461076736,0.59386631473898888,0.90258297510445118,True,,1,0,Slot__Patch;Slot__CPW_Feed_Pin;Patch__CPW_Feed_Pin,True,Slot__CPW_Feed_Pin,,Slot__CPW_Feed_Pin,,"{""Slot__CPW_Feed_Pin"": {""geometry_type"": ""MultiLineString"", ""relations"": ""overlaps"", ""wkt"": ""MULTILINESTRING ((0.5 19.42, 0 19.42), (0 19.42, -0.5 19.42))""}}",True,
216,55.177480685524642,2.5542172007262707,3.2779772244393826,3.6559511775150897,1.1739284209907055,14.571676198393106,5.8536429814994335,0.15229575894773006,0.5359244653955102,0.10690631344914436,0.96389280818402767,0.97582461033016443,0.62476740218698978,0.19678609725087881,0.877522605471313,0.99376822914928198,0.27258849702775478,0.92622472904622555,0.66488140169531107,0.44723427761346102,0.0650249058380723,0.15557841490954161,0.36802883073687553,True,,1,0,Slot__Patch;Slot__CPW_Feed_Pin;Patch__CPW_Feed_Pin,True,Slot__CPW_Feed_Pin,,Slot__CPW_Feed_Pin,,"{""Slot__CPW_Feed_Pin"": {""geometry_type"": ""MultiLineString"", ""relations"": ""overlaps"", ""wkt"": ""MULTILINESTRING ((0.5 23.58, 0 23.58), (0 23.58, -0.5 23.58))""}}",True,
217,32.982557150535285,1.8346647117286921,8.6734812073409557,2.0485994823276998,2.0126572903245687,22.031593839637935,3.2911880798637867,0.60295325610786676,0.44065871741622686,0.60852071736007929,0.40116628538817167,0.11101758386939764,0.020554137416183949,0.99990740325301886,0.37522743735462427,0.041168719530105591,0.77589821070432663,0.27921570744365454,0.34147319197654724,0.9471610002219677,0.68981350772082806,0.79118705447763205,0.97109835408627987,False,ValueError: producer reported invalid exported polygon(s): Patch,,0,Slot__Patch;Slot__CPW_Feed_Pin;Patch__CPW_Feed_Pin,True,Slot__CPW_Feed_Pin,,Slot__CPW_Feed_Pin,,"{""Slot__CPW_Feed_Pin"": {""geometry_type"": ""MultiLineString"", ""relations"": ""overlaps"", ""wkt"": ""MULTILINESTRING ((0.5 21.14, 0 21.14), (0 21.14, -0.5 21.14))""}}",True,
218,21.355185806751251,2.2227508332580328,4.6700888425111771,3.1732393134385353,2.6331600081175566,16.265831007622182,4.7610037513077259,0.91203931905329227,0.042281292378902435,0.94481513649225235,0.037684675306081772,0.45581839419901371,0.81231038644909859,0.46206346899271011,0.012909102253615856,0.74886218272149563,0.51661802921444178,0.59057966712862253,0.050230673514306545,0.23246353305876255,0.45813609566539526,0.55809016805142164,0.056740846484899521,True,,1,0,Slot__Patch;Slot__CPW_Feed_Pin;Patch__CPW_Feed_Pin,True,Slot__CPW_Feed_Pin,,Slot__CPW_Feed_Pin,,"{""Slot__CPW_Feed_Pin"": {""geometry_type"": ""MultiLineString"", ""relations"": ""overlaps"", ""wkt"": ""MULTILINESTRING ((0.5 23.62, 0 23.62), (0 23.62, -0.5 23.62))""}}",True,
219,44.352132752537727,1.3800588399171829,7.4659513235092163,1.5258202126249671,1.5534338094294071,8.7404531612992287,2.3235198073089123,0.33539721090346575,0.9499459620565176,0.44252505619078875,0.60093374643474817,0.5667191781103611,0.3330131946131587,0.73365342617034912,0.51522393617779016,0.29432667139917612,0.027954800985753536,0.23961667716503143,0.94342861883342266,0.73251988273113966,0.83390133827924728,0.38876724150031805,0.65686539374291897,True,,1,0,Slot__Patch;Slot__CPW_Feed_Pin;Patch__CPW_Feed_Pin,True,Slot__CPW_Feed_Pin,,Slot__CPW_Feed_Pin,,"{""Slot__CPW_Feed_Pin"": {""geometry_type"": ""MultiLineString"", ""relations"": ""overlaps"", ""wkt"": ""MULTILINESTRING ((0.5 19.26, 0 19.26), (0 19.26, -0.5 19.26))""}}",True,
220,38.10636037029326,2.4066434502601624,7.9380412045866251,1.8015902549028397,1.9622109103947878,13.029508371837437,4.1267912425100803,0.78570846281945705,0.23851358983665705,0.74415759835392237,0.16021779458969831,0.69447219278663397,0.98957969062030315,0.76578239630907774,0.72873727697879076,0.41463066264986992,0.19885106943547726,0.022951141931116581,0.19971976242959499,0.26137354411184788,0.20726302918046713,0.10379295516759157,0.13838795851916075,True,,1,0,Slot__Patch;Slot__CPW_Feed_Pin;Patch__CPW_Feed_Pin,True,Slot__CPW_Feed_Pin,,Slot__CPW_Feed_Pin,,"{""Slot__CPW_Feed_Pin"": {""geometry_type"": ""MultiLineString"", ""relations"": ""overlaps"", ""wkt"": ""MULTILINESTRING ((0.5 22.49, 0 22.49), (0 22.49, -0.5 22.49))""}}",True,
221,15.29619843699038,1.1887885686010122,4.0192881021648645,2.916670999117196,2.8512023016810417,20.562705723568797,2.6893073283135891,0.45904250536113977,0.76932340767234564,0.24254089966416359,0.72447873465716839,0.32978703174740076,0.40586570743471384,0.037401917390525341,0.22713012900203466,0.62024954240769148,0.69358781725168228,0.68566311150789261,0.80663627292960882,0.76143972855061293,0.58297480642795563,0.96794011536985636,0.52251632604748011,True,,1,0,Slot__Patch;Slot__CPW_Feed_Pin;Patch__CPW_Feed_Pin,True,Slot__CPW_Feed_Pin,,Slot__CPW_Feed_Pin,,"{""Slot__CPW_Feed_Pin"": {""geometry_type"": ""MultiLineString"", ""relations"": ""overlaps"", ""wkt"": ""MULTILINESTRING ((0.5 20.72, 0 20.72), (0 20.72, -0.5 20.72))""}}",True,
222,26.912465267814696,2.8632635120302439,6.7072454821318388,2.4264892412349583,2.4717274159193039,18.015022510662675,5.2194228731095791,0.025932485237717628,0.74584298580884933,0.32812960166484118,0.83740369323641062,0.23717940226197243,0.67709799110889435,0.50053458288311958,0.3492101551964879,0.17174974549561739,0.95090764854103327,0.49922244064509869,0.58518347889184952,0.043306862004101276,0.31595040950924158,0.70164771098643541,0.45258849393576384,True,,1,0,Slot__Patch;Slot__CPW_Feed_Pin;Patch__CPW_Feed_Pin,True,Slot__CPW_Feed_Pin,,Slot__CPW_Feed_Pin,,"{""Slot__CPW_Feed_Pin"": {""geometry_type"": ""MultiLineString"", ""relations"": ""overlaps"", ""wkt"": ""MULTILINESTRING ((0.5 24.55, 0 24.55), (0 24.55, -0.5 24.55))""}}",True,
223,48.942619361914694,1.5183628760278225,5.4346426706761122,3.256638010963798,1.3416776899248362,10.53355245385319,3.6569679416716099,0.72663099784404039,0.27763045392930508,0.83042102307081223,0.27373397722840309,0.84795830585062504,0.21834587212651968,0.30362632498145103,0.85080550517886877,0.87149585224688053,0.43761736061424017,0.83463602419942617,0.4084772327914834,0.54325855895876884,0.94068566523492336,0.37023827526718378,0.83377188537269831,True,,1,0,Slot__Patch;Slot__CPW_Feed_Pin;Patch__CPW_Feed_Pin,True,Slot__CPW_Feed_Pin,,Slot__CPW_Feed_Pin,,"{""Slot__CPW_Feed_Pin"": {""geometry_type"": ""MultiLineString"", ""relations"": ""overlaps"", ""wkt"": ""MULTILINESTRING ((0.5 20.52, 0 20.52), (0 20.52, -0.5 20.52))""}}",True,
224,49.518051808699965,2.4700086135417223,4.4127944782376289,2.9543070744723083,2.994146965444088,8.5513675399124622,5.3926175683736801,0.61553891748189926,0.83128370344638824,0.25818241667002439,0.0066260304301977158,0.071198291145265102,0.65201710816472769,0.76179388258606195,0.6796693243086338,0.43214991874992847,0.43518267385661602,0.56975160166621208,0.93699137214571238,0.63889303430914879,0.79310058429837227,0.73408627510070801,0.67485945764929056,True,,1,0,Slot__Patch;Slot__CPW_Feed_Pin;Patch__CPW_Feed_Pin,True,Slot__CPW_Feed_Pin,,Slot__CPW_Feed_Pin,,"{""Slot__CPW_Feed_Pin"": {""geometry_type"": ""MultiLineString"", ""relations"": ""overlaps"", ""wkt"": ""MULTILINESTRING ((0.5 24.86, 0 24.86), (0 24.86, -0.5 24.86))""}}",True,
225,27.394475033506751,1.1254849173128605,7.6298848316073418,1.4288401303812863,1.8173138368874788,16.010829652659595,3.9551010206341743,0.12970034684985876,0.17654947750270367,0.75997996143996716,0.56935542356222868,0.96725539211183786,0.23573870956897736,0.057091721333563328,0.17708555422723293,0.60273648519068956,0.92189396917819977,0.23334525991231203,0.072292909026145935,0.13883452583104372,0.41885787528008223,0.33871201798319817,0.040730657987296581,True,,1,0,Slot__Patch;Slot__CPW_Feed_Pin;Patch__CPW_Feed_Pin,True,Slot__CPW_Feed_Pin,,Slot__CPW_Feed_Pin,,"{""Slot__CPW_Feed_Pin"": {""geometry_type"": ""MultiLineString"", ""relations"": ""overlaps"", ""wkt"": ""MULTILINESTRING ((0.5 20.9, 0 20.9), (0 20.9, -0.5 20.9))""}}",True,
226,15.863341432996094,2.7996427640318871,5.6450421698391438,3.8738123076036581,1.4377478901296854,22.315837084315717,4.4877305701375008,0.32062191143631935,0.34057096485048532,0.65859126206487417,0.9954548142850399,0.62214916571974754,0.96450451854616404,0.5280411820858717,0.30501744523644447,0.18535746168345213,0.68312703911215067,0.92172380071133375,0.28590265568345785,0.91578999441117048,0.68319243378937244,0.073731891810894012,0.98611668590456247,True,,1,0,Slot__Patch;Slot__CPW_Feed_Pin;Patch__CPW_Feed_Pin,True,Slot__CPW_Feed_Pin,,Slot__CPW_Feed_Pin,,"{""Slot__CPW_Feed_Pin"": {""geometry_type"": ""MultiLineString"", ""relations"": ""overlaps"", ""wkt"": ""MULTILINESTRING ((0.5 22.73, 0 22.73), (0 22.73, -0.5 22.73))""}}",True,
227,38.59114479739219,1.5819221120327711,6.2130554057657719,2.1445084169507029,2.3737057596445084,14.789999239146709,2.925185963511467,0.93242983799427748,0.68290629144757986,0.15648424811661243,0.43221049103885889,0.47999830730259418,0.42324901930987835,0.29182102344930172,0.80758917890489101,0.85788002982735634,0.17786348517984152,0.25612885691225529,0.70482694916427135,0.41586113907396793,0.057973255403339863,0.9989142008125782,0.35493286233395338,True,,1,0,Slot__Patch;Slot__CPW_Feed_Pin;Patch__CPW_Feed_Pin,True,Slot__CPW_Feed_Pin,,Slot__CPW_Feed_Pin,,"{""Slot__CPW_Feed_Pin"": {""geometry_type"": ""MultiLineString"", ""relations"": ""overlaps"", ""wkt"": ""MULTILINESTRING ((0.5 20.88, 0 20.88), (0 20.88, -0.5 20.88))""}}",True,
228,43.782247281633317,2.6158843468874693,8.3711846675723791,2.4829615985974671,2.1419303771108389,10.729790185578167,4.6191354617476463,0.44645876437425613,0.37869839370250702,0.90538148395717144,0.86901253741234541,0.35249737743288279,0.7668351111933589,0.20871251542121172,0.96809553541243076,0.98003795836120844,0.094842610880732536,0.47323689889162779,0.46404778026044369,0.57462954800575972,0.93217347003519535,0.52607372216880322,0.8187533300369978,True,,1,0,Slot__Patch;Slot__CPW_Feed_Pin;Patch__CPW_Feed_Pin,True,Slot__CPW_Feed_Pin,,Slot__CPW_Feed_Pin,,"{""Slot__CPW_Feed_Pin"": {""geometry_type"": ""MultiLineString"", ""relations"": ""overlaps"", ""wkt"": ""MULTILINESTRING ((0.5 23.38, 0 23.38), (0 23.38, -0.5 23.38))""}}",True,
229,20.867650858126581,1.7730581238865852,3.677342539653182,3.5161575529724365,1.0466096512973309,18.262528432533145,2.0565908253192902,0.80830198433250189,0.59788860194385052,0.4035817040130496,0.30476210825145245,0.74843246396631002,0.37104075029492378,0.97252382803708315,0.46677675098180771,0.054906142875552177,0.60617858171463013,0.82522128708660603,0.54523794259876013,0.074680009856820107,0.30688556749373674,0.42169217951595783,0.46568420901894569,True,,1,0,Slot__Patch;Slot__CPW_Feed_Pin;Patch__CPW_Feed_Pin,True,Slot__CPW_Feed_Pin,,Slot__CPW_Feed_Pin,,"{""Slot__CPW_Feed_Pin"": {""geometry_type"": ""MultiLineString"", ""relations"": ""overlaps"", ""wkt"": ""MULTILINESTRING ((0.5 18.88, 0 18.88), (0 18.88, -0.5 18.88))""}}",True,
230,32.40986717864871,2.1613392718136311,6.9776210803538561,1.7462684683501721,1.6670813597738743,20.285615483298898,5.5240300595760345,0.74140437319874763,0.8870054567232728,0.051853494718670845,0.1292041027918458,0.84085674770176411,0.57928640861064196,0.44249668903648853,0.079075539484620094,0.73121941834688187,0.85081211570650339,0.011888939887285233,0.81307350844144821,0.85506659373641014,0.54418918117880821,0.18606231175363064,0.50452251546084881,True,,1,0,Slot__Patch;Slot__CPW_Feed_Pin;Patch__CPW_Feed_Pin,True,Slot__CPW_Feed_Pin,,Slot__CPW_Feed_Pin,,"{""Slot__CPW_Feed_Pin"": {""geometry_type"": ""MultiLineString"", ""relations"": ""overlaps"", ""wkt"": ""MULTILINESTRING ((0.5 23.35, 0 23.35), (0 23.35, -0.5 23.35))""}}",True,
231,54.698221441358328,1.4414098430424929,4.8863472808152437,2.6583019891753796,2.5214658211916685,12.803689003922045,3.0865135416388512,0.0055438606068491936,0.10521798487752676,0.55396179016679525,0.69288620725274086,0.19882791861891747,0.058591226115822792,0.7377630565315485,0.58041375130414963,0.31196037586778402,0.35412295814603567,0.6618133308365941,0.17765751574188471,0.35500254202634096,0.16987786721438169,0.76161236502230167,0.15439837053418159,True,,1,0,Slot__Patch;Slot__CPW_Feed_Pin;Patch__CPW_Feed_Pin,True,Slot__CPW_Feed_Pin,,Slot__CPW_Feed_Pin,,"{""Slot__CPW_Feed_Pin"": {""geometry_type"": ""MultiLineString"", ""relations"": ""overlaps"", ""wkt"": ""MULTILINESTRING ((0.5 21.05, 0 21.05), (0 21.05, -0.5 21.05))""}}",True,
232,57.89502021856606,2.9446092210710049,7.303489800542593,3.2914733631536368,1.9247788656502962,13.702423148788512,4.8573216870427132,0.42837592400610447,0.46680419612675905,0.22961005754768848,0.68462782073765993,0.0062437383458018303,0.29041307047009468,0.40744819678366184,0.37424351181834936,0.91502691153436899,0.71667215507477522,0.33341864496469498,0.43147800210863352,0.97846089769154787,0.98069050349295139,0.48897391278296709,0.62008907832205296,True,,1,0,Slot__Patch;Slot__CPW_Feed_Pin;Patch__CPW_Feed_Pin,True,Slot__CPW_Feed_Pin,,Slot__CPW_Feed_Pin,,"{""Slot__CPW_Feed_Pin"": {""geometry_type"": ""MultiLineString"", ""relations"": ""overlaps"", ""wkt"": ""MULTILINESTRING ((0.5 23.72, 0 23.72), (0 23.72, -0.5 23.72))""}}",True,
233,35.891993986442685,1.6625415924936533,4.8354829363524914,2.3800645347684624,2.7618006691336632,21.177023397758603,2.2948376387357712,0.81661919970065355,0.55659676622599363,0.72780682798475027,0.24683739989995956,0.89155871886759996,0.8160902438685298,0.64782683737576008,0.87264786381274462,0.120401656255126,0.20359495002776384,0.99702946934849024,0.5748627632856369,0.47840496525168419,0.35639087576419115,0.56429506931453943,0.21900829672813416,True,,1,0,Slot__Patch;Slot__CPW_Feed_Pin;Patch__CPW_Feed_Pin,True,Slot__CPW_Feed_Pin,,Slot__CPW_Feed_Pin,,"{""Slot__CPW_Feed_Pin"": {""geometry_type"": ""MultiLineString"", ""relations"": ""overlaps"", ""wkt"": ""MULTILINESTRING ((0.5 20.72, 0 20.72), (0 20.72, -0.5 20.72))""}}",True,
234,24.262670413590968,2.2703699823468924,8.8828153163194656,2.8804171681404118,2.3835159689188004,15.2894954290241,5.7622082084417343,0.63351017795503139,0.95460225269198418,0.81358197145164013,0.31310814525932074,0.55038591474294662,0.10296354629099369,0.17345989216119051,0.73494319524616003,0.67159667611122131,0.46482251957058907,0.18542136903852224,0.78361651953309774,0.70121962763369083,0.62066034600138664,0.82861942518502474,0.80492557026445866,True,,1,0,Slot__Patch;Slot__CPW_Feed_Pin;Patch__CPW_Feed_Pin,True,Slot__CPW_Feed_Pin,,Slot__CPW_Feed_Pin,,"{""Slot__CPW_Feed_Pin"": {""geometry_type"": ""MultiLineString"", ""relations"": ""overlaps"", ""wkt"": ""MULTILINESTRING ((0.5 24.42, 0 24.42), (0 24.42, -0.5 24.42))""}}",True,
235,47.067677141167223,1.1151626110076904,3.0657162666320801,1.8465769948437811,1.3030554596334696,7.749434974975884,3.3247531726956367,0.11929743085056543,0.053185151889920235,0.31568704079836607,0.75129141099750996,0.41116469167172909,0.50354154128581285,0.88279168028384447,0.2365499259904027,0.3710986515507102,0.9593432042747736,0.51978255622088909,0.21002894453704357,0.20129344146698713,0.24538412224501371,0.22449729684740305,0.40871237218379974,True,,1,0,Slot__Patch;Slot__CPW_Feed_Pin;Patch__CPW_Feed_Pin,True,Slot__CPW_Feed_Pin,,Slot__CPW_Feed_Pin,,"{""Slot__CPW_Feed_Pin"": {""geometry_type"": ""MultiLineString"", ""relations"": ""overlaps"", ""wkt"": ""MULTILINESTRING ((0.5 19.75, 0 19.75), (0 19.75, -0.5 19.75))""}}",True,
236,40.997620294801891,2.078751340508461,5.6002145949751139,1.4884554643183947,1.2125802151858807,12.140945121645927,5.1309253871440887,0.50956542231142521,0.76460411120206118,0.62146872933954,0.4395504891872406,0.28757436294108629,0.16011591255664825,0.61774087511003017,0.023036525584757328,0.4941034410148859,0.75134901981800795,0.74084262456744909,0.96631102822721004,0.79261753894388676,0.86970138922333717,0.25165871065109968,0.89020442683249712,True,,1,0,Slot__Patch;Slot__CPW_Feed_Pin;Patch__CPW_Feed_Pin,True,Slot__CPW_Feed_Pin,,Slot__CPW_Feed_Pin,,"{""Slot__CPW_Feed_Pin"": {""geometry_type"": ""MultiLineString"", ""relations"": ""overlaps"", ""wkt"": ""MULTILINESTRING ((0.5 22.42, 0 22.42), (0 22.42, -0.5 22.42))""}}",True,
237,18.027790482155979,1.2984118368476629,6.5446061287075281,3.2171154459938411,2.1008410807698965,19.659467465244234,3.6934703812003136,0.24543946702033281,0.22754303645342588,0.12327043898403645,0.87873990554362535,0.67276719491928816,0.69651149865239859,0.32710604183375835,0.520722228102386,0.54125980008393526,0.26247353572398424,0.092779329046607018,0.040028317831456661,0.29266625922173262,0.49447863083332777,0.67658163513988256,0.27067053969949484,True,,1,0,Slot__Patch;Slot__CPW_Feed_Pin;Patch__CPW_Feed_Pin,True,Slot__CPW_Feed_Pin,,Slot__CPW_Feed_Pin,,"{""Slot__CPW_Feed_Pin"": {""geometry_type"": ""MultiLineString"", ""relations"": ""overlaps"", ""wkt"": ""MULTILINESTRING ((0.5 21.09, 0 21.09), (0 21.09, -0.5 21.09))""}}",True,
238,29.646224118769169,2.6281444523483515,3.8068387638777494,2.0823243821039799,2.7225950192660093,16.999174389056861,4.2260312661528587,0.3045246209949255,0.2514297179877758,0.45937746297568083,0.56204984523355961,0.76906388066709042,0.47262622229754925,0.85176255647093058,0.89866496715694666,0.2487701503559947,0.0070972777903079987,0.77946414053440094,0.31857924908399582,0.51208039093762636,0.73159508593380451,0.91164728533476591,0.70052896160632372,True,,1,0,Slot__Patch;Slot__CPW_Feed_Pin;Patch__CPW_Feed_Pin,True,Slot__CPW_Feed_Pin,,Slot__CPW_Feed_Pin,,"{""Slot__CPW_Feed_Pin"": {""geometry_type"": ""MultiLineString"", ""relations"": ""overlaps"", ""wkt"": ""MULTILINESTRING ((0.5 23.57, 0 23.57), (0 23.57, -0.5 23.57))""}}",True,
239,51.836003176867962,1.970758955925703,8.1475636940449476,3.6084150888025768,1.5908343829214573,9.5323793403804302,2.6635471880435944,0.94266775343567133,0.72511150129139423,0.95727486722171307,0.12330669816583395,0.12996479123830795,0.88399890903383493,0.092107818461954594,0.40096079092472792,0.79399050399661064,0.51062389649450779,0.4294018829241395,0.67506477329879999,0.012014742940664291,0.10734880436211824,0.016501895152032375,0.085862657986581326,True,,1,0,Slot__Patch;Slot__CPW_Feed_Pin;Patch__CPW_Feed_Pin,True,Slot__CPW_Feed_Pin,,Slot__CPW_Feed_Pin,,"{""Slot__CPW_Feed_Pin"": {""geometry_type"": ""MultiLineString"", ""relations"": ""overlaps"", ""wkt"": ""MULTILINESTRING ((0.5 20.23, 0 20.23), (0 20.23, -0.5 20.23))""}}",True,
240,53.936682203784585,2.7474289108067751,4.5083425808697939,1.6673105828464032,2.3011726494878531,18.925626995041966,3.8308699876070023,0.27944746986031532,0.50242643058300018,0.41360556706786156,0.063344147056341171,0.32282106671482325,0.0068246796727180481,0.23866323195397854,0.8368730079382658,0.38133610785007477,0.630417225882411,0.1533414563164115,0.27409405913203955,0.68632327299565077,0.34256834536790848,0.12712624482810497,0.094916868023574352,True,,1,0,Slot__Patch;Slot__CPW_Feed_Pin;Patch__CPW_Feed_Pin,True,Slot__CPW_Feed_Pin,,Slot__CPW_Feed_Pin,,"{""Slot__CPW_Feed_Pin"": {""geometry_type"": ""MultiLineString"", ""relations"": ""overlaps"", ""wkt"": ""MULTILINESTRING ((0.5 22.88, 0 22.88), (0 22.88, -0.5 22.88))""}}",True,
241,31.763704502955079,1.9027440436184406,7.3497463781386614,2.7056629279628401,1.385295283049345,11.385108330287039,5.2683248892426491,0.98117263894528151,0.47415722720324993,0.91192961577326059,0.50104014668613672,0.71484991814941168,0.60566018428653479,0.93946005217730999,0.33824126049876213,0.58378118183463812,0.13296663761138916,0.55137424729764462,0.73224475048482418,0.18637415207922459,0.96680319216102362,0.80400996096432209,0.74564725998789072,True,,1,0,Slot__Patch;Slot__CPW_Feed_Pin;Patch__CPW_Feed_Pin,True,Slot__CPW_Feed_Pin,,Slot__CPW_Feed_Pin,,"{""Slot__CPW_Feed_Pin"": {""geometry_type"": ""MultiLineString"", ""relations"": ""overlaps"", ""wkt"": ""MULTILINESTRING ((0.5 22.55, 0 22.55), (0 22.55, -0.5 22.55))""}}",True,
242,20.135068246163428,2.0456637814640999,3.2994281407445669,2.5556910013780003,1.7638236321508884,10.302726519294083,2.8004547134041786,0.53147011250257492,0.01366699580103159,0.51323485374450684,0.93486477993428707,0.87443930841982365,0.31927587650716305,0.47339349333196878,0.21029852144420147,0.12618690077215433,0.37857518438249826,0.36493350565433502,0.87801021430641413,0.89962251111865044,0.19677161984145641,0.5372063871473074,0.28512254636734724,True,,1,0,Slot__Patch;Slot__CPW_Feed_Pin;Patch__CPW_Feed_Pin,True,Slot__CPW_Feed_Pin,,Slot__CPW_Feed_Pin,,"{""Slot__CPW_Feed_Pin"": {""geometry_type"": ""MultiLineString"", ""relations"": ""overlaps"", ""wkt"": ""MULTILINESTRING ((0.5 20.61, 0 20.61), (0 20.61, -0.5 20.61))""}}",True,
243,43.110026442445815,1.3280814122408628,8.7432196643203497,3.4727240715175869,2.9226514529436827,17.776869451627135,4.3629386574029922,0.2057125112041831,0.9785607373341918,0.015463461168110371,0.49658518563956022,0.22850421443581581,0.79321055207401514,0.70570637378841639,0.70894874259829521,0.83057167194783688,0.8887225603684783,0.96502626780420542,0.1156332716345787,0.39955899585038424,0.57198292855173349,0.39402169920504093,0.9309548968449235,True,,1,0,Slot__Patch;Slot__CPW_Feed_Pin;Patch__CPW_Feed_Pin,True,Slot__CPW_Feed_Pin,,Slot__CPW_Feed_Pin,,"{""Slot__CPW_Feed_Pin"": {""geometry_type"": ""MultiLineString"", ""relations"": ""overlaps"", ""wkt"": ""MULTILINESTRING ((0.5 22.61, 0 22.61), (0 22.61, -0.5 22.61))""}}",True,
244,47.76262182276696,2.3542388062924147,6.5910461582243443,3.7648398952558644,2.5929603800177574,20.863272151909769,2.1808906719088554,0.6574891097843647,0.20560301840305328,0.79780813399702311,0.81230110768228769,0.10405251290649176,0.38712469860911369,0.79473560489714146,0.54721997678279877,0.96041263919323683,0.83710853569209576,0.81146732717752457,0.87204696238040924,0.62168047949671745,0.44569059275090694,0.11637163162231445,0.39487071707844734,True,,1,0,Slot__Patch;Slot__CPW_Feed_Pin;Patch__CPW_Feed_Pin,True,Slot__CPW_Feed_Pin,,Slot__CPW_Feed_Pin,,"{""Slot__CPW_Feed_Pin"": {""geometry_type"": ""MultiLineString"", ""relations"": ""overlaps"", ""wkt"": ""MULTILINESTRING ((0.5 21.13, 0 21.13), (0 21.13, -0.5 21.13))""}}",True,
245,24.974416452459991,1.0112743005156517,5.2728907652199268,2.24437343031168,1.7205706108361483,13.396018892526627,4.7433745861053467,0.081890764646232128,0.80223445408046246,0.29948536679148674,0.37307069078087807,0.99620334897190332,0.9752398831769824,0.027018921449780464,0.049761669710278511,0.0046393238008022308,0.33260543644428253,0.39788703713566065,0.13429422024637461,0.12162238825112581,0.82095536682754755,0.93973211571574211,0.76454131118953228,True,,1,0,Slot__Patch;Slot__CPW_Feed_Pin;Patch__CPW_Feed_Pin,True,Slot__CPW_Feed_Pin,,Slot__CPW_Feed_Pin,,"{""Slot__CPW_Feed_Pin"": {""geometry_type"": ""MultiLineString"", ""relations"": ""overlaps"", ""wkt"": ""MULTILINESTRING ((0.5 21.48, 0 21.48), (0 21.48, -0.5 21.48))""}}",True,
246,36.592162773013115,2.9307934977114201,8.0077852830290794,3.059272373840213,1.0990613047033548,8.0408701859414577,3.2112982869148254,0.40561715513467789,0.71586302760988474,0.15131322015076876,0.18980270903557539,0.59320119395852089,0.19961224682629108,0.55997577775269747,0.4374663382768631,0.70336037315428257,0.092864447273313999,0.70925094839185476,0.47583344392478466,0.83925219159573317,0.093594998121261597,0.70616983622312546,0.20958787575364113,True,,1,0,Slot__Patch;Slot__CPW_Feed_Pin;Patch__CPW_Feed_Pin,True,Slot__CPW_Feed_Pin,,Slot__CPW_Feed_Pin,,"{""Slot__CPW_Feed_Pin"": {""geometry_type"": ""MultiLineString"", ""relations"": ""overlaps"", ""wkt"": ""MULTILINESTRING ((0.5 21.25, 0 21.25), (0 21.25, -0.5 21.25))""}}",True,
247,58.600317388772964,1.7110252398997545,4.0407333746552467,1.335124563984573,2.2144625335931778,15.558935212902725,5.6487532183527946,0.85720023419708014,0.30761089082807302,0.64908237755298615,0.62850294820964336,0.44714410044252872,0.66275032330304384,0.26080216187983751,0.93491356261074543,0.25346352625638247,0.58076340612024069,0.12485922686755657,0.51781243737787008,0.3393238727003336,0.71788319107145071,0.35008688643574715,0.57436042837798595,True,,1,0,Slot__Patch;Slot__CPW_Feed_Pin;Patch__CPW_Feed_Pin,True,Slot__CPW_Feed_Pin,,Slot__CPW_Feed_Pin,,"{""Slot__CPW_Feed_Pin"": {""geometry_type"": ""MultiLineString"", ""relations"": ""overlaps"", ""wkt"": ""MULTILINESTRING ((0.5 23.58, 0 23.58), (0 23.58, -0.5 23.58))""}}",True,
248,56.809371812269092,2.2141735963523388,7.7697091978043318,1.9791063928976658,1.3716966025531292,18.44716168474406,2.419069267809391,0.71753123961389065,0.13989998865872622,0.067345281131565571,0.74521881248801947,0.25401850510388613,0.9259847505018115,0.58720984775573015,0.14083743561059237,0.89455288182944059,0.47456310968846083,0.8896591467782855,0.77931179013103247,0.96192874945700169,0.405100142583251,0.89958432596176863,0.16482199728488922,True,,1,0,Slot__Patch;Slot__CPW_Feed_Pin;Patch__CPW_Feed_Pin,True,Slot__CPW_Feed_Pin,,Slot__CPW_Feed_Pin,,"{""Slot__CPW_Feed_Pin"": {""geometry_type"": ""MultiLineString"", ""relations"": ""overlaps"", ""wkt"": ""MULTILINESTRING ((0.5 20.01, 0 20.01), (0 20.01, -0.5 20.01))""}}",True,
249,34.515159605070949,1.4320325348526239,4.1788539122790098,3.7026099838316444,2.439889108762145,10.921782050281763,4.9816137701272964,0.043333009816706181,0.85225145053118467,0.56902691721916199,0.18246175535023212,0.64311760198324919,0.46775237843394279,0.35855286289006472,0.64316330011934042,0.07002224400639534,0.97689677495509386,0.28770528919994831,0.22997434996068478,0.46197705250233412,0.77939237747341394,0.04327250923961401,0.54930136539041996,True,,1,0,Slot__Patch;Slot__CPW_Feed_Pin;Patch__CPW_Feed_Pin,True,Slot__CPW_Feed_Pin,,Slot__CPW_Feed_Pin,,"{""Slot__CPW_Feed_Pin"": {""geometry_type"": ""MultiLineString"", ""relations"": ""overlaps"", ""wkt"": ""MULTILINESTRING ((0.5 22.86, 0 22.86), (0 22.86, -0.5 22.86))""}}",True,
250,22.986086611635983,2.5085914041846991,6.1666616890579462,1.597901936247945,2.8192114066332579,12.656020112335682,3.4494840651750565,0.46959798969328403,0.62574521824717522,0.98335049394518137,0.25638907123357058,0.79871348850429058,0.73849519062787294,0.82217753119766712,0.78086451161652803,0.6438539195805788,0.72249982133507729,0.60128172114491463,0.3805958041921258,0.74901953805238008,0.0091812759637832642,0.30966445337980986,0.47852253913879395,True,,1,0,Slot__Patch;Slot__CPW_Feed_Pin;Patch__CPW_Feed_Pin,True,Slot__CPW_Feed_Pin,,Slot__CPW_Feed_Pin,,"{""Slot__CPW_Feed_Pin"": {""geometry_type"": ""MultiLineString"", ""relations"": ""overlaps"", ""wkt"": ""MULTILINESTRING ((0.5 22.77, 0 22.77), (0 22.77, -0.5 22.77))""}}",True,
251,45.884525408037007,1.8534956127405167,5.9723196867853403,3.1189930936321622,1.9923824109137058,20.115939541719854,5.8870004788041115,0.76782877463847399,0.3507926631718874,0.48112383112311363,0.81960763782262802,0.16352063417434692,0.15523992665112019,0.12456170655786991,0.2785192197188735,0.31344681698828936,0.232858682051301,0.20132679957896471,0.61013563722372055,0.24895335361361504,0.63445011433213949,0.63328432198613882,0.86008750833570957,True,,1,0,Slot__Patch;Slot__CPW_Feed_Pin;Patch__CPW_Feed_Pin,True,Slot__CPW_Feed_Pin,,Slot__CPW_Feed_Pin,,"{""Slot__CPW_Feed_Pin"": {""geometry_type"": ""MultiLineString"", ""relations"": ""overlaps"", ""wkt"": ""MULTILINESTRING ((0.5 23.74, 0 23.74), (0 23.74, -0.5 23.74))""}}",True,
252,39.298277436755598,2.8249044418334961,3.4435854256153107,2.8059404551982885,1.5232298839837313,16.654061553999782,3.5691701769828796,0.34534900449216366,0.59346192050725222,0.70658306777477264,0.37895284034311771,0.035157377831637859,0.56116579379886389,0.37587928865104914,0.49277072679251432,0.44244091957807541,0.055958542041480541,0.043907385319471359,0.36946900188922882,0.77667832840234041,0.25828438252210617,0.85563617665320635,0.34148418065160513,True,,1,0,Slot__Patch;Slot__CPW_Feed_Pin;Patch__CPW_Feed_Pin,True,Slot__CPW_Feed_Pin,,Slot__CPW_Feed_Pin,,"{""Slot__CPW_Feed_Pin"": {""geometry_type"": ""MultiLineString"", ""relations"": ""overlaps"", ""wkt"": ""MULTILINESTRING ((0.5 21.91, 0 21.91), (0 21.91, -0.5 21.91))""}}",True,
253,16.564616127870977,1.5444533582776785,8.5108255594968796,1.8895311476662755,2.6651833280920982,9.1725932853296399,5.006686620414257,0.89378672931343317,0.42993570398539305,0.20490390527993441,0.94312221463769674,0.9243785934522748,0.08244747668504715,0.67823580745607615,0.9943474167957902,0.5221919035539031,0.55167123395949602,0.63028322625905275,0.63981474284082651,0.2766219787299633,0.88348449673503637,0.21219207439571619,0.9444162966683507,True,,1,0,Slot__Patch;Slot__CPW_Feed_Pin;Patch__CPW_Feed_Pin,True,Slot__CPW_Feed_Pin,,Slot__CPW_Feed_Pin,,"{""Slot__CPW_Feed_Pin"": {""geometry_type"": ""MultiLineString"", ""relations"": ""overlaps"", ""wkt"": ""MULTILINESTRING ((0.5 23.21, 0 23.21), (0 23.21, -0.5 23.21))""}}",True,
254,28.104771841317415,2.4054555539041758,5.213442038744688,3.3699571890756497,2.0444669872522354,14.124909178353846,2.5387630388140678,0.59349779225885868,0.078334104269742966,0.36871249601244926,0.61876031756401062,0.5175660252571106,0.87371616158634424,0.14088395051658154,0.61641552578657866,0.18971587810665369,0.81192045286297798,0.44166048150509596,0.97063860110938549,0.55925255455076694,0.15606666915118694,0.445434276945889,0.030673242174088955,True,,1,0,Slot__Patch;Slot__CPW_Feed_Pin;Patch__CPW_Feed_Pin,True,Slot__CPW_Feed_Pin,,Slot__CPW_Feed_Pin,,"{""Slot__CPW_Feed_Pin"": {""geometry_type"": ""MultiLineString"", ""relations"": ""overlaps"", ""wkt"": ""MULTILINESTRING ((0.5 20.99, 0 20.99), (0 20.99, -0.5 20.99))""}}",True,
255,50.212190989404917,1.2481434904038906,6.9314101003110409,2.3309609349817038,1.1439381185919046,21.658104741945863,4.1013075113296509,0.16907545644789934,0.92945759184658527,0.87093763891607523,0.054999065585434437,0.38225106708705425,0.26989867351949215,0.91225462220609188,0.11485087219625711,0.76752716116607189,0.29960794188082218,0.85728592611849308,0.020090467296540737,0.059325831942260265,0.53029029909521341,0.62254688981920481,0.63069095928221941,True,,1,0,Slot__Patch;Slot__CPW_Feed_Pin;Patch__CPW_Feed_Pin,True,Slot__CPW_Feed_Pin,,Slot__CPW_Feed_Pin,,"{""Slot__CPW_Feed_Pin"": {""geometry_type"": ""MultiLineString"", ""relations"": ""overlaps"", ""wkt"": ""MULTILINESTRING ((0.5 20.49, 0 20.49), (0 20.49, -0.5 20.49))""}}",True,
256,50.309648676775396,2.4005997404456139,7.6241003908216953,2.6537069169804459,1.6795952618122101,10.940963770262897,2.1095990873873234,0.38855624943971634,0.7623098399490118,0.91596866585314274,0.48033357225358486,0.97435844410210848,0.30403796583414078,0.26292045880109072,0.0045279301702976227,0.080250128172338009,0.76840440835803747,0.62792745977640152,0.60152886062860489,0.24584268685430288,0.061438522301614285,0.22620059736073017,0.183843775652349,True,,1,0,Slot__Patch;Slot__CPW_Feed_Pin;Patch__CPW_Feed_Pin,True,Slot__CPW_Feed_Pin,,Slot__CPW_Feed_Pin,,"{""Slot__CPW_Feed_Pin"": {""geometry_type"": ""MultiLineString"", ""relations"": ""overlaps"", ""wkt"": ""MULTILINESTRING ((0.5 20.19, 0 20.19), (0 20.19, -0.5 20.19))""}}",True,
257,28.009986220858991,1.2451181393116713,4.4185446090996265,1.7369011860340835,2.5088331792503595,18.400457818061113,4.5470844767987728,0.87450528051704168,0.22991789132356644,0.41764604952186346,0.91608218383044004,0.11248109769076109,0.84141005482524633,0.5579794617369771,0.50590584240853786,0.87656909227371216,0.28074987325817347,0.042364404536783695,0.39310698304325342,0.74577888660132885,0.68567714095115662,0.83081871084868908,0.53806539345532656,True,,1,0,Slot__Patch;Slot__CPW_Feed_Pin;Patch__CPW_Feed_Pin,True,Slot__CPW_Feed_Pin,,Slot__CPW_Feed_Pin,,"{""Slot__CPW_Feed_Pin"": {""geometry_type"": ""MultiLineString"", ""relations"": ""overlaps"", ""wkt"": ""MULTILINESTRING ((0.5 22.3, 0 22.3), (0 22.3, -0.5 22.3))""}}",True,
258,16.478166226297617,2.8219401258975267,6.2305367812514305,3.5217146918177606,2.1383304614573717,20.131490640342236,3.0169651173055172,0.67577924206852913,0.25302256550639868,0.0038717892020940781,0.52177776023745537,0.45337927155196667,0.11655031703412533,0.028924534097313881,0.88580218330025673,0.33339995704591274,0.020499162375926971,0.85380460973829031,0.24639198742806911,0.4650995209813118,0.41539761517196894,0.56599877215921879,0.49856287147849798,True,,1,0,Slot__Patch;Slot__CPW_Feed_Pin;Patch__CPW_Feed_Pin,True,Slot__CPW_Feed_Pin,,Slot__CPW_Feed_Pin,,"{""Slot__CPW_Feed_Pin"": {""geometry_type"": ""MultiLineString"", ""relations"": ""overlaps"", ""wkt"": ""MULTILINESTRING ((0.5 21.98, 0 21.98), (0 21.98, -0.5 21.98))""}}",True,
259,39.382055271416903,1.5396585799753666,5.6275493279099464,2.4837496267631654,1.0500898733735085,12.605620860122144,5.5794185735285282,0.063844772987067699,0.72356109414249659,0.50164079945534468,0.085453183390200138,0.56916286051273346,0.52889950666576624,0.7929519135504961,0.38440484367311001,0.6316549563780427,0.52475649677217007,0.44124306552112103,0.75898605491966009,0.96515020821243525,0.79061277769505978,0.49117345176637173,0.84788638819009066,True,,1,0,Slot__Patch;Slot__CPW_Feed_Pin;Patch__CPW_Feed_Pin,True,Slot__CPW_Feed_Pin,,Slot__CPW_Feed_Pin,,"{""Slot__CPW_Feed_Pin"": {""geometry_type"": ""MultiLineString"", ""relations"": ""overlaps"", ""wkt"": ""MULTILINESTRING ((0.5 22.17, 0 22.17), (0 22.17, -0.5 22.17))""}}",True,
260,45.803450820967555,2.5135088451206684,3.6598500777035952,2.1513347867876291,1.4655162375420332,9.1606747638434172,3.9021541588008404,0.54932441562414169,0.46526899002492428,0.31109277810901403,0.64530189614742994,0.69300506543368101,0.18531365320086479,0.7075807536020875,0.35552089847624302,0.50308046862483025,0.70156276132911444,0.28227107133716345,0.0035508191213011742,0.056565858423709869,0.16430897358804941,0.018212806433439255,0.32144386321306229,True,,1,0,Slot__Patch;Slot__CPW_Feed_Pin;Patch__CPW_Feed_Pin,True,Slot__CPW_Feed_Pin,,Slot__CPW_Feed_Pin,,"{""Slot__CPW_Feed_Pin"": {""geometry_type"": ""MultiLineString"", ""relations"": ""overlaps"", ""wkt"": ""MULTILINESTRING ((0.5 21.88, 0 21.88), (0 21.88, -0.5 21.88))""}}",True,
261,23.064339263364673,1.8563372660428286,8.3886657077819109,3.8758701866492631,2.3460542447865009,16.693387781269848,5.4646076448261738,0.18761406745761633,0.55820492655038834,0.80941697396337986,0.2080379705876112,0.3312495993450284,0.71001432370394468,0.47164151165634394,0.8580455407500267,0.45368105452507734,0.19116985891014338,0.88338213227689266,0.99108646623790264,0.55663770530372858,0.53959286026656628,0.91383889317512512,0.95661740191280842,True,,1,0,Slot__Patch;Slot__CPW_Feed_Pin;Patch__CPW_Feed_Pin,True,Slot__CPW_Feed_Pin,,Slot__CPW_Feed_Pin,,"{""Slot__CPW_Feed_Pin"": {""geometry_type"": ""MultiLineString"", ""relations"": ""overlaps"", ""wkt"": ""MULTILINESTRING ((0.5 23.67, 0 23.67), (0 23.67, -0.5 23.67))""}}",True,
262,34.60724197793752,2.2170762848109007,4.8920977469533682,1.4255148896947505,2.9755291305482388,21.649824441410601,2.9947957880795002,0.26231694594025612,0.95696191396564245,0.645059066824615,0.35288425628095865,0.23473931849002838,0.49786211736500263,0.9416100587695837,0.72229352034628391,0.75431961286813021,0.44556937366724014,0.19701768457889557,0.64854364935308695,0.27936275955289602,0.31245756056159735,0.67829297855496407,0.011651478707790375,True,,1,0,Slot__Patch;Slot__CPW_Feed_Pin;Patch__CPW_Feed_Pin,True,Slot__CPW_Feed_Pin,,Slot__CPW_Feed_Pin,,"{""Slot__CPW_Feed_Pin"": {""geometry_type"": ""MultiLineString"", ""relations"": ""overlaps"", ""wkt"": ""MULTILINESTRING ((0.5 22.19, 0 22.19), (0 22.19, -0.5 22.19))""}}",True,
263,56.720111374743283,1.4370110109448433,6.9718362595885992,2.9462090037763122,1.8360494580119848,14.167923191562295,4.4322811476886272,0.99805902224034071,0.050875560380518436,0.14728752337396145,0.7896408922970295,0.85040104202926159,0.89746360946446657,0.23663568310439587,0.21978091448545456,0.21079299785196781,0.94326462410390377,0.59387958887964487,0.35683581233024597,0.7793049793690443,0.93676478415727615,0.25385066121816635,0.64192691631615162,True,,1,0,Slot__Patch;Slot__CPW_Feed_Pin;Patch__CPW_Feed_Pin,True,Slot__CPW_Feed_Pin,,Slot__CPW_Feed_Pin,,"{""Slot__CPW_Feed_Pin"": {""geometry_type"": ""MultiLineString"", ""relations"": ""overlaps"", ""wkt"": ""MULTILINESTRING ((0.5 21.71, 0 21.71), (0 21.71, -0.5 21.71))""}}",True,
264,58.686833339743316,2.9338093157857656,4.8414401113986969,3.6130231883376842,2.7491426561027765,11.400717543438077,3.6404622457921505,0.57521928288042545,0.37661387305706739,0.57280609291046858,0.8282298194244504,0.91718599293380976,0.63048527669161558,0.90632127039134502,0.94958670344203711,0.56282145157456398,0.11196640320122242,0.39157174155116081,0.095065511763095856,0.4027955811470747,0.24896650854498148,0.99670748319476843,0.11495758220553398,True,,1,0,Slot__Patch;Slot__CPW_Feed_Pin;Patch__CPW_Feed_Pin,True,Slot__CPW_Feed_Pin,,Slot__CPW_Feed_Pin,,"{""Slot__CPW_Feed_Pin"": {""geometry_type"": ""MultiLineString"", ""relations"": ""overlaps"", ""wkt"": ""MULTILINESTRING ((0.5 23.33, 0 23.33), (0 23.33, -0.5 23.33))""}}",True,
265,36.508319559507072,1.7158753275871277,7.2975440472364426,2.0916836155578498,1.5644035637378693,18.875285857357085,5.2029762603342533,0.18710982520133257,0.59992401022464037,0.071126839146018028,0.26742018014192581,0.060191287659108639,0.23371429368853569,0.14693970046937466,0.45196012873202562,0.39441690873354673,0.62403556331992149,0.8060563700273633,0.89467369113117456,0.90272968169301748,0.62327016703784466,0.072036269120872021,0.73344575427472591,True,,1,0,Slot__Patch;Slot__CPW_Feed_Pin;Patch__CPW_Feed_Pin,True,Slot__CPW_Feed_Pin,,Slot__CPW_Feed_Pin,,"{""Slot__CPW_Feed_Pin"": {""geometry_type"": ""MultiLineString"", ""relations"": ""overlaps"", ""wkt"": ""MULTILINESTRING ((0.5 22.49, 0 22.49), (0 22.49, -0.5 22.49))""}}",True,
266,24.876935631036758,2.3590278588235378,3.0480643026530743,3.2115651162341239,1.1927416697144508,17.796107497997582,2.7330957390367985,0.36239816807210445,0.88881579972803593,0.46927228476852179,0.16947559919208288,0.4050839189440012,0.94293456245213747,0.67257617507129908,0.066212519071996212,0.81945655960589647,0.86377887893468142,0.11747940164059401,0.74500218592584133,0.18314865324646235,0.35280348267406225,0.33650561328977346,0.30414476618170738,True,,1,0,Slot__Patch;Slot__CPW_Feed_Pin;Patch__CPW_Feed_Pin,True,Slot__CPW_Feed_Pin,,Slot__CPW_Feed_Pin,,"{""Slot__CPW_Feed_Pin"": {""geometry_type"": ""MultiLineString"", ""relations"": ""overlaps"", ""wkt"": ""MULTILINESTRING ((0.5 20.29, 0 20.29), (0 20.29, -0.5 20.29))""}}",True,
267,47.857429906725883,1.0142290834337473,8.9005016349256039,1.4876556485891343,2.1207973975688219,10.256078979000449,4.1706426404416561,0.87649342510849237,0.10333563759922981,0.97149751521646976,0.73073911853134632,0.50817238166928291,0.42126275785267353,0.38166137877851725,0.56385756749659777,0.14517921395599842,0.3683092100545764,0.70490450598299503,0.26524484064429998,0.68319714814424515,0.9780837818980217,0.73239111434668303,0.91971847973763943,True,,1,0,Slot__Patch;Slot__CPW_Feed_Pin;Patch__CPW_Feed_Pin,True,Slot__CPW_Feed_Pin,,Slot__CPW_Feed_Pin,,"{""Slot__CPW_Feed_Pin"": {""geometry_type"": ""MultiLineString"", ""relations"": ""overlaps"", ""wkt"": ""MULTILINESTRING ((0.5 21.31, 0 21.31), (0 21.31, -0.5 21.31))""}}",True,
268,43.018006766214967,2.0428278539329767,6.5622927825897932,1.8397574534639718,2.3948091752827168,13.387794918380678,2.3477846272289753,0.48671677149832249,0.82941668014973402,0.21673971973359585,0.045951589941978455,0.63592494931071997,0.76468862500041723,0.11887227185070515,0.66094647441059351,0.016963309608399868,0.4200200904160738,0.54985402058809996,0.50493299122899771,0.34193503949791193,0.10189894493669271,0.75942854676395655,0.37584851216524839,True,,1,0,Slot__Patch;Slot__CPW_Feed_Pin;Patch__CPW_Feed_Pin,True,Slot__CPW_Feed_Pin,,Slot__CPW_Feed_Pin,,"{""Slot__CPW_Feed_Pin"": {""geometry_type"": ""MultiLineString"", ""relations"": ""overlaps"", ""wkt"": ""MULTILINESTRING ((0.5 20.78, 0 20.78), (0 20.78, -0.5 20.78))""}}",True,
269,20.22426531650126,1.3231735043227673,5.5825622510164976,2.8783475209027531,1.2916435282677412,20.90634249150753,4.7853314988315105,0.75095413345843554,0.17837501782923937,0.71842126827687025,0.60815450269728899,0.27905246708542109,0.34938684850931168,0.82798894681036472,0.16248299460858107,0.94034037739038467,0.90990353748202324,0.15094791539013386,0.484804792329669,0.84200815111398697,0.72712577879428864,0.18434384185820818,0.77577771339565516,True,,1,0,Slot__Patch;Slot__CPW_Feed_Pin;Patch__CPW_Feed_Pin,True,Slot__CPW_Feed_Pin,,Slot__CPW_Feed_Pin,,"{""Slot__CPW_Feed_Pin"": {""geometry_type"": ""MultiLineString"", ""relations"": ""overlaps"", ""wkt"": ""MULTILINESTRING ((0.5 21.4, 0 21.4), (0 21.4, -0.5 21.4))""}}",True,
270,31.844759308733046,2.7424599677324295,8.1416183207184076,2.3834027834236622,1.9199582543224096,15.547074805945158,3.2551434747874737,0.69968855939805508,0.34259105660021305,0.86714273132383823,0.95567929185926914,0.18635355308651924,0.57717807684093714,0.35264883656054735,0.2923675337806344,0.27156470529735088,0.664293740876019,0.96457012370228767,0.15498411003500223,0.1189922671765089,0.49992539081722498,0.41950864437967539,0.18954717647284269,True,,1,0,Slot__Patch;Slot__CPW_Feed_Pin;Patch__CPW_Feed_Pin,True,Slot__CPW_Feed_Pin,,Slot__CPW_Feed_Pin,,"{""Slot__CPW_Feed_Pin"": {""geometry_type"": ""MultiLineString"", ""relations"": ""overlaps"", ""wkt"": ""MULTILINESTRING ((0.5 21.92, 0 21.92), (0 21.92, -0.5 21.92))""}}",True,
271,53.858450003899634,1.8998470809310675,3.8127956036478281,3.2995633656159047,2.7665016017854214,8.0802545277401805,5.8176575191318989,0.061419830657541752,0.68080656602978706,0.36491615977138281,0.3938616132363677,0.78931977786123753,0.036899199709296227,0.59323579538613558,0.79081993084400892,0.69300574157387018,0.16171600949019194,0.36147589702159166,0.85526147484779358,0.61893560644239187,0.87417570315301418,0.5243556248024106,0.58656191918998957,True,,1,0,Slot__Patch;Slot__CPW_Feed_Pin;Patch__CPW_Feed_Pin,True,Slot__CPW_Feed_Pin,,Slot__CPW_Feed_Pin,,"{""Slot__CPW_Feed_Pin"": {""geometry_type"": ""MultiLineString"", ""relations"": ""overlaps"", ""wkt"": ""MULTILINESTRING ((0.5 24.48, 0 24.48), (0 24.48, -0.5 24.48))""}}",True,
272,51.738490755669773,2.6309857442975044,7.3439848031848669,1.3356048176065087,1.1186557095497847,21.19443038944155,4.6728495992720127,0.72415589168667793,0.59165539406239986,0.75596427638083696,0.41971255466341972,0.72634731512516737,0.91602673288434744,0.73954995162785053,0.48015202395617962,0.1082322271540761,0.041946589015424252,0.086510042659938335,0.18762816302478313,0.1985333189368248,0.57422278355807066,0.634979497641325,0.60790327657014132,True,,1,0,Slot__Patch;Slot__CPW_Feed_Pin;Patch__CPW_Feed_Pin,True,Slot__CPW_Feed_Pin,,Slot__CPW_Feed_Pin,,"{""Slot__CPW_Feed_Pin"": {""geometry_type"": ""MultiLineString"", ""relations"": ""overlaps"", ""wkt"": ""MULTILINESTRING ((0.5 22.43, 0 22.43), (0 22.43, -0.5 22.43))""}}",True,
273,29.740914772264659,1.9756767582148314,4.5141155775636435,3.0651372872292999,2.1947503574192524,13.653944553807378,2.2353026233613491,0.022548201493918896,0.43182186037302017,0.25416434556245804,0.98048690054565668,0.36068561393767595,0.43828503787517548,0.44058763422071934,0.97754738852381706,0.93494485504925251,0.53839284274727106,0.73538564331829548,0.80210908409208059,0.69860474858433008,0.19999155029654503,0.31187084317207336,0.23903331067413092,True,,1,0,Slot__Patch;Slot__CPW_Feed_Pin;Patch__CPW_Feed_Pin,True,Slot__CPW_Feed_Pin,,Slot__CPW_Feed_Pin,,"{""Slot__CPW_Feed_Pin"": {""geometry_type"": ""MultiLineString"", ""relations"": ""overlaps"", ""wkt"": ""MULTILINESTRING ((0.5 20.41, 0 20.41), (0 20.41, -0.5 20.41))""}}",True,
274,18.114338032901287,2.0837301779538393,8.7607239503413439,2.2346989933401349,2.5661686025559902,7.7705373521894217,5.7046911679208279,0.46444640308618546,0.080414815805852413,0.16808402631431818,0.57846582494676113,0.20530331879854202,0.72857529763132334,0.97452528495341539,0.59766284935176373,0.35314833000302315,0.79376665502786636,0.42200751975178719,0.58944928646087646,0.48114565666764975,0.96455880720168352,0.044968117028474808,0.79367439914494753,True,,1,0,Slot__Patch;Slot__CPW_Feed_Pin;Patch__CPW_Feed_Pin,True,Slot__CPW_Feed_Pin,,Slot__CPW_Feed_Pin,,"{""Slot__CPW_Feed_Pin"": {""geometry_type"": ""MultiLineString"", ""relations"": ""overlaps"", ""wkt"": ""MULTILINESTRING ((0.5 24.35, 0 24.35), (0 24.35, -0.5 24.35))""}}",True,
275,40.913894511759281,1.3013141639530659,3.2819582093507051,3.7605519777163865,1.7472455706447363,15.244647455401719,3.1421769894659519,0.79007020499557257,0.92741836700588465,0.67019246891140938,0.017168919555842876,0.81705877743661404,0.12573443166911602,0.20658883918076754,0.10027856752276421,0.68180068861693144,0.28267415426671505,0.77513225097209215,0.42079576198011637,0.98108734004199505,0.33935103751718998,0.90179105848073959,0.42774934973567724,True,,1,0,Slot__Patch;Slot__CPW_Feed_Pin;Patch__CPW_Feed_Pin,True,Slot__CPW_Feed_Pin,,Slot__CPW_Feed_Pin,,"{""Slot__CPW_Feed_Pin"": {""geometry_type"": ""MultiLineString"", ""relations"": ""overlaps"", ""wkt"": ""MULTILINESTRING ((0.5 20.19, 0 20.19), (0 20.19, -0.5 20.19))""}}",True,
276,47.148699508979917,2.2673442699015141,5.2554211691021919,3.4643194660544401,1.768400102853775,19.649438112974167,5.3389112763106823,0.33878597989678383,0.13787608407437801,0.39199765771627426,0.70593150798231363,0.94517019111663103,0.53182052355259657,0.29385228268802166,0.12794367969036102,0.56237408332526684,0.49052010383456945,0.99549422785639763,0.66060026083141565,0.0089038675650954247,0.71353219915181398,0.62426497228443623,0.90145558305084705,True,,1,0,Slot__Patch;Slot__CPW_Feed_Pin;Patch__CPW_Feed_Pin,True,Slot__CPW_Feed_Pin,,Slot__CPW_Feed_Pin,,"{""Slot__CPW_Feed_Pin"": {""geometry_type"": ""MultiLineString"", ""relations"": ""overlaps"", ""wkt"": ""MULTILINESTRING ((0.5 23.37, 0 23.37), (0 23.37, -0.5 23.37))""}}",True,
277,24.184319945052266,1.1103071589022875,6.608550064265728,2.5526722954586152,2.9181946609169245,12.18216051813215,3.7763971276581287,0.914509910158813,0.8543473556637764,0.89379505533725023,0.14362465217709541,0.079386579804122448,0.072611529380083084,0.52588818036019802,0.62663836963474751,0.4808683255687356,0.99602736625820398,0.33104013372212648,0.32913935929536819,0.50883965007960796,0.088270964100956917,0.44761782698333263,0.25163357704877853,False,ValueError: producer reported invalid exported polygon(s): Patch,,0,Slot__Patch;Slot__CPW_Feed_Pin;Patch__CPW_Feed_Pin,True,Slot__CPW_Feed_Pin,,Slot__CPW_Feed_Pin,,"{""Slot__CPW_Feed_Pin"": {""geometry_type"": ""MultiLineString"", ""relations"": ""overlaps"", ""wkt"": ""MULTILINESTRING ((0.5 21.81, 0 21.81), (0 21.81, -0.5 21.81))""}}",True,
278,35.800006748177111,2.9398148041218519,4.0465067513287067,2.7074124125763777,2.2896353024989367,9.5186622021719813,4.3070621080696583,0.59858893603086472,0.62761606182903051,0.55799320712685585,0.29620285611599684,0.48647377453744411,0.84433273691684008,0.058849290944635868,0.76238597929477692,0.80525647755712271,0.73480140417814255,0.5193728981539607,0.062306969426572323,0.29578869789838791,0.82530373614281416,0.21391055919229984,0.71271474845707417,True,,1,0,Slot__Patch;Slot__CPW_Feed_Pin;Patch__CPW_Feed_Pin,True,Slot__CPW_Feed_Pin,,Slot__CPW_Feed_Pin,,"{""Slot__CPW_Feed_Pin"": {""geometry_type"": ""MultiLineString"", ""relations"": ""overlaps"", ""wkt"": ""MULTILINESTRING ((0.5 23.54, 0 23.54), (0 23.54, -0.5 23.54))""}}",True,
279,57.984335557557642,1.659576915204525,8.0020233727991581,1.6744453471153975,1.3969513550400734,17.036751564592123,2.8695151023566723,0.14689446892589331,0.34897093567997217,0.0558863440528512,0.85791849903762341,0.5983511283993721,0.26010085083544254,0.75991463009268045,0.26367281563580036,0.22962721437215805,0.24784744344651699,0.18191725946962833,0.94794047437608242,0.79583884868770838,0.45101915672421455,0.85781998001039028,0.065837658941745758,True,,1,0,Slot__Patch;Slot__CPW_Feed_Pin;Patch__CPW_Feed_Pin,True,Slot__CPW_Feed_Pin,,Slot__CPW_Feed_Pin,,"{""Slot__CPW_Feed_Pin"": {""geometry_type"": ""MultiLineString"", ""relations"": ""overlaps"", ""wkt"": ""MULTILINESTRING ((0.5 19.93, 0 19.93), (0 19.93, -0.5 19.93))""}}",True,
280,54.611653438769281,2.1564310099929571,4.1847882214933634,2.3304874904453756,2.0483110435307026,16.031873915344477,5.0772117339074612,0.28655587695538998,0.20400636177510023,0.72401954606175423,0.77154080476611853,0.6653266167268157,0.024210888892412186,0.086323716677725315,0.53460103739053011,0.62175463698804379,0.82279877550899982,0.82281999196857214,0.69390268437564373,0.41847251448780298,0.63681650627404451,0.3918221453204751,0.66360772214829922,True,,1,0,Slot__Patch;Slot__CPW_Feed_Pin;Patch__CPW_Feed_Pin,True,Slot__CPW_Feed_Pin,,Slot__CPW_Feed_Pin,,"{""Slot__CPW_Feed_Pin"": {""geometry_type"": ""MultiLineString"", ""relations"": ""overlaps"", ""wkt"": ""MULTILINESTRING ((0.5 23.28, 0 23.28), (0 23.28, -0.5 23.28))""}}",True,
281,32.493612742982805,1.4385742694139481,7.7637405786663294,3.3640804881230002,1.140213755890727,8.5064614517614245,3.514758113771677,0.96088063810020685,0.80378104466944933,0.22582134697586298,0.33570540137588978,0.31236039940267801,0.61134957056492567,0.85742491576820612,0.032961404882371426,0.42100330535322428,0.31951804086565971,0.47173946164548397,0.30073501821607351,0.91854604333639145,0.012520717456936836,0.53550269920378923,0.059768196195363998,True,,1,0,Slot__Patch;Slot__CPW_Feed_Pin;Patch__CPW_Feed_Pin,True,Slot__CPW_Feed_Pin,,Slot__CPW_Feed_Pin,,"{""Slot__CPW_Feed_Pin"": {""geometry_type"": ""MultiLineString"", ""relations"": ""overlaps"", ""wkt"": ""MULTILINESTRING ((0.5 20.09, 0 20.09), (0 20.09, -0.5 20.09))""}}",True,
282,20.965226646512747,2.6129877381026745,5.954644812270999,1.8992186119779946,1.5109601225703955,14.807349904440343,4.0453696884214878,0.52679512836039066,0.71816111542284489,0.32751522213220596,0.23009756673127413,0.15304563567042351,0.33670021034777164,0.32104634307324886,0.41871342528611422,0.87099799420684576,0.074885879643261433,0.65834797918796539,0.091031730175018311,0.1362044345587492,0.77703051548451185,0.80181069020181894,0.97393037937581539,True,,1,0,Slot__Patch;Slot__CPW_Feed_Pin;Patch__CPW_Feed_Pin,True,Slot__CPW_Feed_Pin,,Slot__CPW_Feed_Pin,,"{""Slot__CPW_Feed_Pin"": {""geometry_type"": ""MultiLineString"", ""relations"": ""overlaps"", ""wkt"": ""MULTILINESTRING ((0.5 22.17, 0 22.17), (0 22.17, -0.5 22.17))""}}",True,
283,43.687493931502104,1.7680888269096613,6.1843250971287489,2.810220323875547,2.6775718294084072,22.267302162945271,2.6078842245042324,0.22845390159636736,0.30523984506726265,0.82541253883391619,0.66633344441652298,0.7599180955439806,0.79886178392916918,0.62367889098823071,0.92034102138131857,0.16437016427516937,0.563517059199512,0.011455544270575047,0.91434814874082804,0.63614831026643515,0.40175807848572731,0.12542292941361666,0.37495837733149529,True,,1,0,Slot__Patch;Slot__CPW_Feed_Pin;Patch__CPW_Feed_Pin,True,Slot__CPW_Feed_Pin,,Slot__CPW_Feed_Pin,,"{""Slot__CPW_Feed_Pin"": {""geometry_type"": ""MultiLineString"", ""relations"": ""overlaps"", ""wkt"": ""MULTILINESTRING ((0.5 21.05, 0 21.05), (0 21.05, -0.5 21.05))""}}",True,
284,38.683109572157264,2.8044924978166819,8.5284893475472927,3.1274107070639734,2.8380733821541071,18.248754967935383,4.9110275097191334,0.65044138394296169,0.50007058959454298,0.11142651829868555,0.10263204015791416,0.88411819282919168,0.39293615520000458,0.87676321435719728,0.82397901546210051,0.044584979303181171,0.64668724127113819,0.22792652994394302,0.15904070530086756,0.35823927633464336,0.52606394421309233,0.34789495076984167,0.83093962166458368,True,,1,0,Slot__Patch;Slot__CPW_Feed_Pin;Patch__CPW_Feed_Pin,True,Slot__CPW_Feed_Pin,,Slot__CPW_Feed_Pin,,"{""Slot__CPW_Feed_Pin"": {""geometry_type"": ""MultiLineString"", ""relations"": ""overlaps"", ""wkt"": ""MULTILINESTRING ((0.5 24.55, 0 24.55), (0 24.55, -0.5 24.55))""}}",True,
285,15.774049228057265,1.5849382840096951,3.4259102158248425,1.6009125739336014,1.9734026491641998,10.767311034724116,2.4735420159995556,0.10212208423763514,0.47647063154727221,0.60962337628006935,0.53987785335630178,0.031029722653329372,0.99274816270917654,0.17936619836837053,0.32171609345823526,0.99811526574194431,0.15192153677344322,0.56345908436924219,0.83559460192918777,0.85817379411309958,0.15086023136973381,0.70445847790688276,0.44565870892256498,True,,1,0,Slot__Patch;Slot__CPW_Feed_Pin;Patch__CPW_Feed_Pin,True,Slot__CPW_Feed_Pin,,Slot__CPW_Feed_Pin,,"{""Slot__CPW_Feed_Pin"": {""geometry_type"": ""MultiLineString"", ""relations"": ""overlaps"", ""wkt"": ""MULTILINESTRING ((0.5 20.03, 0 20.03), (0 20.03, -0.5 20.03))""}}",True,
286,27.313518044538796,2.4729637503623962,6.9254418164491653,3.7008673276752235,1.3441723957657814,12.793601537123322,5.9428771547973156,0.41023075021803379,0.015198389068245888,0.96104640979319811,0.89505062997341156,0.43424546904861927,0.20538554899394512,0.64201102592051029,0.1918197525665164,0.29191764816641808,0.39068626333028078,0.2517746901139617,0.55604007747024298,0.071454600431025028,0.88771347422152758,0.93754049297422171,0.51577423606067896,True,,1,0,Slot__Patch;Slot__CPW_Feed_Pin;Patch__CPW_Feed_Pin,True,Slot__CPW_Feed_Pin,,Slot__CPW_Feed_Pin,,"{""Slot__CPW_Feed_Pin"": {""geometry_type"": ""MultiLineString"", ""relations"": ""overlaps"", ""wkt"": ""MULTILINESTRING ((0.5 23.76, 0 23.76), (0 23.76, -0.5 23.76))""}}",True,
287,49.596336227841675,1.1302736159414053,5.2193759679794312,1.9719598604366184,2.4672964829951525,20.326772765256464,3.3804235644638538,0.83452023286372423,0.97694875672459602,0.46315138787031174,0.45827397424727678,0.54124019667506218,0.68029672745615244,0.41314178891479969,0.69410210195928812,0.74350820761173964,0.90400863718241453,0.91436673514544964,0.44933742843568325,0.57150363177061081,0.26348629035055637,0.11466073524206877,0.13536084722727537,True,,1,0,Slot__Patch;Slot__CPW_Feed_Pin;Patch__CPW_Feed_Pin,True,Slot__CPW_Feed_Pin,,Slot__CPW_Feed_Pin,,"{""Slot__CPW_Feed_Pin"": {""geometry_type"": ""MultiLineString"", ""relations"": ""overlaps"", ""wkt"": ""MULTILINESTRING ((0.5 20.98, 0 20.98), (0 20.98, -0.5 20.98))""}}",True,
288,49.029193231835961,2.8660972937941551,3.1192191448062658,1.6292996106669309,1.8685438632965088,22.081992197781801,5.6789384186267853,0.9461149200797081,0.41315603442490101,0.87547780107706785,0.19897659029811621,0.25646120402961969,0.24671895150095224,0.90425407793372869,0.77148439176380634,0.062221015803515911,0.96878894604742527,0.68119009304791689,0.95423289947211742,0.72977540642023087,0.47136992961168289,0.9704683069139719,0.35581253748387098,True,,1,0,Slot__Patch;Slot__CPW_Feed_Pin;Patch__CPW_Feed_Pin,True,Slot__CPW_Feed_Pin,,Slot__CPW_Feed_Pin,,"{""Slot__CPW_Feed_Pin"": {""geometry_type"": ""MultiLineString"", ""relations"": ""overlaps"", ""wkt"": ""MULTILINESTRING ((0.5 24.41, 0 24.41), (0 24.41, -0.5 24.41))""}}",True,
289,26.828733617439866,1.52327292971313,8.9263898190110922,2.7435078572481872,2.9448845777660608,14.556124205701053,3.2414244040846825,0.30693684425204992,0.5633813701570034,0.37709653191268444,0.63481673784554005,0.64067749585956335,0.64689932577311993,0.16754611488431692,0.27019821107387543,0.98047112300992012,0.48211017623543739,0.015713166445493698,0.035521990619599819,0.22983318660408258,0.84608971979469061,0.082647135481238365,0.99109280947595835,True,,1,0,Slot__Patch;Slot__CPW_Feed_Pin;Patch__CPW_Feed_Pin,True,Slot__CPW_Feed_Pin,,Slot__CPW_Feed_Pin,,"{""Slot__CPW_Feed_Pin"": {""geometry_type"": ""MultiLineString"", ""relations"": ""overlaps"", ""wkt"": ""MULTILINESTRING ((0.5 21.71, 0 21.71), (0 21.71, -0.5 21.71))""}}",True,
290,15.198616781271994,2.4116145391017199,4.7237215060740709,2.5989386156201366,2.315562279894948,8.787157922051847,4.709344170987606,0.24101472273468971,0.91461485158652067,0.041473499499261379,0.80304331053048372,0.80017607845366001,0.43426003213971853,0.6380067765712738,0.15007500536739826,0.30565272457897663,0.22478897590190172,0.82933543063700199,0.322858527302742,0.94991727825254202,0.11435913853347301,0.31832310743629932,0.045520159415900707,True,,1,0,Slot__Patch;Slot__CPW_Feed_Pin;Patch__CPW_Feed_Pin,True,Slot__CPW_Feed_Pin,,Slot__CPW_Feed_Pin,,"{""Slot__CPW_Feed_Pin"": {""geometry_type"": ""MultiLineString"", ""relations"": ""overlaps"", ""wkt"": ""MULTILINESTRING ((0.5 23.44, 0 23.44), (0 23.44, -0.5 23.44))""}}",True,
291,38.201099806465209,1.1916833855211735,7.131446348503232,3.4293251173570756,1.4978580549359322,16.24665018171072,2.1467972695827484,0.50422452669590712,0.077536110766232014,0.53918767161667347,0.36681029945611954,0.16205354407429695,0.95935647189617157,0.43281681090593338,0.65138085186481476,0.72977933008223772,0.73002402763813734,0.49281202536076307,0.68740416411310434,0.44984543137252331,0.74005539063364267,0.73494525067508221,0.67593290749937296,True,,1,0,Slot__Patch;Slot__CPW_Feed_Pin;Patch__CPW_Feed_Pin,True,Slot__CPW_Feed_Pin,,Slot__CPW_Feed_Pin,,"{""Slot__CPW_Feed_Pin"": {""geometry_type"": ""MultiLineString"", ""relations"": ""overlaps"", ""wkt"": ""MULTILINESTRING ((0.5 18.84, 0 18.84), (0 18.84, -0.5 18.84))""}}",True,
292,44.260183903388679,2.2197328694164753,8.1675008609890938,3.8082464430481204,1.0177766662091017,20.51969260443002,4.3406345918774605,0.11688972264528275,0.86709562130272388,0.27246825210750103,0.92659785784780979,0.037601037882268429,0.36543468851596117,0.066771718673408031,0.62371568009257317,0.60814019292593002,0.55928362347185612,0.27586801536381245,0.42721390817314386,0.54013239499181509,0.36331149004399776,0.77028346434235573,0.14960863068699837,True,,1,0,Slot__Patch;Slot__CPW_Feed_Pin;Patch__CPW_Feed_Pin,True,Slot__CPW_Feed_Pin,,Slot__CPW_Feed_Pin,,"{""Slot__CPW_Feed_Pin"": {""geometry_type"": ""MultiLineString"", ""relations"": ""overlaps"", ""wkt"": ""MULTILINESTRING ((0.5 21.58, 0 21.58), (0 21.58, -0.5 21.58))""}}",True,
293,21.444485890679061,1.3752108979970217,3.88395606726408,2.201133099757135,2.1687938161194324,13.03778956644237,2.7780877202749252,0.63005852606147528,0.14069559797644615,0.77084823977202177,0.4893644368276,0.92193943355232477,0.77830363251268864,0.8615502817556262,0.12109954468905926,0.43460868950933218,0.047915089875459671,0.92567391227930784,0.56253858655691147,0.040081707760691643,0.98906120751053095,0.15786055475473404,0.50344882719218731,True,,1,0,Slot__Patch;Slot__CPW_Feed_Pin;Patch__CPW_Feed_Pin,True,Slot__CPW_Feed_Pin,,Slot__CPW_Feed_Pin,,"{""Slot__CPW_Feed_Pin"": {""geometry_type"": ""MultiLineString"", ""relations"": ""overlaps"", ""wkt"": ""MULTILINESTRING ((0.5 20.32, 0 20.32), (0 20.32, -0.5 20.32))""}}",True,
294,33.063498213887215,2.5494302939623594,6.3961894400417805,3.0214201608672742,2.5395101569592953,10.494225332513452,5.3102212399244308,0.82195748761296272,0.36757376324385405,0.68458815105259418,0.071557655930519104,0.51902957633137703,0.052954900078475475,0.33298754319548607,0.48535944148898125,0.85348354373127222,0.30719747859984636,0.23709700722247362,0.79570986237376928,0.76454669982194901,0.2223651111125946,0.42279529199004173,0.46480477228760719,True,,1,0,Slot__Patch;Slot__CPW_Feed_Pin;Patch__CPW_Feed_Pin,True,Slot__CPW_Feed_Pin,,Slot__CPW_Feed_Pin,,"{""Slot__CPW_Feed_Pin"": {""geometry_type"": ""MultiLineString"", ""relations"": ""overlaps"", ""wkt"": ""MULTILINESTRING ((0.5 24.39, 0 24.39), (0 24.39, -0.5 24.39))""}}",True,
295,55.099188387393951,1.8317077830433846,5.464849267154932,1.3731279425323011,1.6470684316009283,18.026940138079226,3.8727071955800056,0.43280324619263411,0.65582338441163301,0.18687621410936117,0.50834482628852129,0.38078492321074009,0.59078570082783699,0.5963110513985157,0.98796377889811993,0.18189176730811596,0.80391511600464582,0.58920084312558174,0.21455045603215694,0.26461050007492304,0.5971382474526763,0.50544066727161407,0.81377744488418102,True,,1,0,Slot__Patch;Slot__CPW_Feed_Pin;Patch__CPW_Feed_Pin,True,Slot__CPW_Feed_Pin,,Slot__CPW_Feed_Pin,,"{""Slot__CPW_Feed_Pin"": {""geometry_type"": ""MultiLineString"", ""relations"": ""overlaps"", ""wkt"": ""MULTILINESTRING ((0.5 21.36, 0 21.36), (0 21.36, -0.5 21.36))""}}",True,
296,57.505036247894168,2.3290267940610647,6.346881503239274,2.0171149726957083,2.79844287969172,15.056305252946913,4.0711223110556602,0.0080170873552560806,0.7911968594416976,0.59669253416359425,0.60940335318446159,0.32037809956818819,0.82658267952501774,0.29771966114640236,0.21753903571516275,0.5447370857000351,0.12545009609311819,0.41753627452999353,0.46050110273063183,0.88721609208732843,0.28389886580407619,0.2448871498927474,0.41179235279560089,True,,1,0,Slot__Patch;Slot__CPW_Feed_Pin;Patch__CPW_Feed_Pin,True,Slot__CPW_Feed_Pin,,Slot__CPW_Feed_Pin,,"{""Slot__CPW_Feed_Pin"": {""geometry_type"": ""MultiLineString"", ""relations"": ""overlaps"", ""wkt"": ""MULTILINESTRING ((0.5 23.19, 0 23.19), (0 23.19, -0.5 23.19))""}}",True,
297,35.227373270317912,1.0486851930618286,5.7891616020351648,3.6647626621648675,1.8901033401489258,7.5162785220891237,2.5086369216442108,0.74479053635150194,0.20103039685636759,0.095075747929513454,0.048624218441545963,0.71728975605219603,0.28578404802829027,0.50656364485621452,0.71525710355490446,0.49851152207702398,0.638494529761374,0.75201547890901566,0.5341189568862319,0.38727275282144547,0.90868367347866297,0.82776142191141844,0.81161479093134403,True,,1,0,Slot__Patch;Slot__CPW_Feed_Pin;Patch__CPW_Feed_Pin,True,Slot__CPW_Feed_Pin,,Slot__CPW_Feed_Pin,,"{""Slot__CPW_Feed_Pin"": {""geometry_type"": ""MultiLineString"", ""relations"": ""overlaps"", ""wkt"": ""MULTILINESTRING ((0.5 19.44, 0 19.44), (0 19.44, -0.5 19.44))""}}",True,
298,23.696819697506726,2.8783573471009731,7.5543182026594877,1.5546567143872381,1.2615749910473824,13.937101056799293,5.0407170355319977,0.80289996229112148,0.28679337911307812,0.44631233625113964,0.38827166520059109,0.87297698669135571,0.51406474784016609,0.031707967631518841,0.82952808681875467,0.79152044001966715,0.88116782903671265,0.065651101991534233,0.82441939413547516,0.66747766546905041,0.17676593363285065,0.59274193551391363,0.22599095106124878,True,,1,0,Slot__Patch;Slot__CPW_Feed_Pin;Patch__CPW_Feed_Pin,True,Slot__CPW_Feed_Pin,,Slot__CPW_Feed_Pin,,"{""Slot__CPW_Feed_Pin"": {""geometry_type"": ""MultiLineString"", ""relations"": ""overlaps"", ""wkt"": ""MULTILINESTRING ((0.5 23.18, 0 23.18), (0 23.18, -0.5 23.18))""}}",True,
299,46.578752179630101,1.720973813906312,4.3971431236714125,3.1623944401741033,2.4269640762358904,21.411667582578957,3.6032635793089867,0.44209514651447535,0.68978980183601379,0.948603848926723,0.94956571888178587,0.22997157275676727,0.098304259590804577,0.77159880381077528,0.33179130684584379,0.24335514567792416,0.38667541556060314,0.72914486285299063,0.18094284180551767,0.16740455385297537,0.5525273447856307,0.48005961161106825,0.62286847271025181,True,,1,0,Slot__Patch;Slot__CPW_Feed_Pin;Patch__CPW_Feed_Pin,True,Slot__CPW_Feed_Pin,,Slot__CPW_Feed_Pin,,"{""Slot__CPW_Feed_Pin"": {""geometry_type"": ""MultiLineString"", ""relations"": ""overlaps"", ""wkt"": ""MULTILINESTRING ((0.5 21.75, 0 21.75), (0 21.75, -0.5 21.75))""}}",True,
300,41.39865496661514,2.6943968031555414,5.0537158213555813,2.7625364741310481,2.0886711068451405,17.232132330536842,5.9093045443296432,0.92903912998735905,0.49497235473245382,0.2387693589553237,0.26471703592687845,0.1016085846349597,0.69237075559794903,0.72799070924520493,0.42815349157899618,0.12184571009129286,0.340618378482759,0.5082793440669775,0.92563015315681696,0.82696595601737499,0.42590051144361496,0.015399747528135777,0.078880242072045803,True,,1,0,Slot__Patch;Slot__CPW_Feed_Pin;Patch__CPW_Feed_Pin,True,Slot__CPW_Feed_Pin,,Slot__CPW_Feed_Pin,,"{""Slot__CPW_Feed_Pin"": {""geometry_type"": ""MultiLineString"", ""relations"": ""overlaps"", ""wkt"": ""MULTILINESTRING ((0.5 24.7, 0 24.7), (0 24.7, -0.5 24.7))""}}",True,
301,18.681532158516347,1.9123272113502026,7.0881751589477062,1.9327740449458362,1.2227815967053175,9.7653102641925216,3.4718510583043098,0.31815325934439898,0.52850108686834574,0.74038367159664631,0.82701148465275764,0.99864224065095186,0.17012006882578135,0.46784816682338715,0.9265252398326993,0.9213385246694088,0.82952665630728006,0.15809859242290258,0.068992279469966888,0.32691746111959219,0.80159319844096899,0.93228127527981997,0.69774980563670397,True,,1,0,Slot__Patch;Slot__CPW_Feed_Pin;Patch__CPW_Feed_Pin,True,Slot__CPW_Feed_Pin,,Slot__CPW_Feed_Pin,,"{""Slot__CPW_Feed_Pin"": {""geometry_type"": ""MultiLineString"", ""relations"": ""overlaps"", ""wkt"": ""MULTILINESTRING ((0.5 20.61, 0 20.61), (0 20.61, -0.5 20.61))""}}",True,
302,30.222953874617815,2.0200940519571304,3.6384543925523758,3.4078068353235729,1.5942909028381109,11.906041684560478,4.9397174194455147,0.13406660221517086,0.98959594778716564,0.84226494561880827,0.73682217579334974,0.59173791110515594,0.87982790172100067,0.99396902974694967,0.55639881547540426,0.37066181935369968,0.58879925310611725,0.96953884605318308,0.28943402972072363,0.60271087381988764,0.03483201377093792,0.66791147086769342,0.26759032066911459,True,,1,0,Slot__Patch;Slot__CPW_Feed_Pin;Patch__CPW_Feed_Pin,True,Slot__CPW_Feed_Pin,,Slot__CPW_Feed_Pin,,"{""Slot__CPW_Feed_Pin"": {""geometry_type"": ""MultiLineString"", ""relations"": ""overlaps"", ""wkt"": ""MULTILINESTRING ((0.5 22.55, 0 22.55), (0 22.55, -0.5 22.55))""}}",True,
303,52.313877437263727,1.3648887779563665,8.3188776969909668,2.2929549897089601,2.7171689532697201,19.424591045826674,2.3772320598363876,0.62093827221542597,0.018241047859191895,0.33997495286166668,0.17509606294333935,0.44861051253974438,0.48266114946454763,0.20284639205783606,0.058037911541759968,0.66427813936024904,0.085244400426745415,0.32159499824047089,0.71593060158193111,0.10277677327394485,0.65954821649938822,0.27986143250018358,0.88351496774703264,True,,1,0,Slot__Patch;Slot__CPW_Feed_Pin;Patch__CPW_Feed_Pin,True,Slot__CPW_Feed_Pin,,Slot__CPW_Feed_Pin,,"{""Slot__CPW_Feed_Pin"": {""geometry_type"": ""MultiLineString"", ""relations"": ""overlaps"", ""wkt"": ""MULTILINESTRING ((0.5 20.46, 0 20.46), (0 20.46, -0.5 20.46))""}}",True,
304,53.019357835873961,2.1044531539082527,5.836883369833231,2.9924703696742658,1.4287286382168531,10.067968340590596,3.1171813011169434,0.15696320310235023,0.24054899998009205,0.79646896943449974,0.13850862253457308,0.004777601920068264,0.59566008113324642,0.099133841693401337,0.74321749061346054,0.0032335305586457253,0.21108491159975529,0.097536465153098106,0.36616843193769455,0.71457005199044943,0.89089392498135567,0.38706684485077858,0.93593465629965067,True,,1,0,Slot__Patch;Slot__CPW_Feed_Pin;Patch__CPW_Feed_Pin,True,Slot__CPW_Feed_Pin,,Slot__CPW_Feed_Pin,,"{""Slot__CPW_Feed_Pin"": {""geometry_type"": ""MultiLineString"", ""relations"": ""overlaps"", ""wkt"": ""MULTILINESTRING ((0.5 20.65, 0 20.65), (0 20.65, -0.5 20.65))""}}",True,
305,30.923305889591575,1.2614866923540831,6.018275935202837,1.3905155770480633,2.2596774287521839,17.54207665566355,5.5546349212527275,0.58021940570324659,0.76723888143897057,0.29472864512354136,0.69931349903345108,0.8930222624912858,0.010969475843012333,0.83193452656269073,0.24573075212538242,0.95407826267182827,0.708506990224123,0.69774772133678198,0.62845358345657587,0.21451990120112896,0.26616627257317305,0.55587867647409439,0.28600573819130659,True,,1,0,Slot__Patch;Slot__CPW_Feed_Pin;Patch__CPW_Feed_Pin,True,Slot__CPW_Feed_Pin,,Slot__CPW_Feed_Pin,,"{""Slot__CPW_Feed_Pin"": {""geometry_type"": ""MultiLineString"", ""relations"": ""overlaps"", ""wkt"": ""MULTILINESTRING ((0.5 23.08, 0 23.08), (0 23.08, -0.5 23.08))""}}",True,
306,19.393438291735947,2.6810673642903566,4.2560829743742943,3.8307294044643649,2.8879621289670467,19.158668559975922,2.022077850997448,0.90492343157529831,0.74396064411848783,0.13043510913848877,0.85963936056941748,0.54794676229357719,0.78318015486001968,0.36440358217805624,0.36585717648267746,0.25392335653305054,0.96681031305342913,0.38606337551027536,0.98174231313169003,0.99635844677686691,0.50775999017059803,0.78948711976408958,0.74671719316393137,True,,1,0,Slot__Patch;Slot__CPW_Feed_Pin;Patch__CPW_Feed_Pin,True,Slot__CPW_Feed_Pin,,Slot__CPW_Feed_Pin,,"{""Slot__CPW_Feed_Pin"": {""geometry_type"": ""MultiLineString"", ""relations"": ""overlaps"", ""wkt"": ""MULTILINESTRING ((0.5 21.59, 0 21.59), (0 21.59, -0.5 21.59))""}}",True,
307,42.093759742565453,1.9613011963665485,7.789494551718235,2.1874351954087619,1.8004520442336798,11.618184512481093,4.5845633149147034,0.35569669213145971,0.27944079507142305,0.63259934354573488,0.29837295599281788,0.41360834427177906,0.32345141377300024,0.56568820681422949,0.86333307065069675,0.71064089145511389,0.45669547002762556,0.7839767187833786,0.02362190093845129,0.49642266426235437,0.13205586839467287,0.15336723625659943,0.099702733568847179,True,,1,0,Slot__Patch;Slot__CPW_Feed_Pin;Patch__CPW_Feed_Pin,True,Slot__CPW_Feed_Pin,,Slot__CPW_Feed_Pin,,"{""Slot__CPW_Feed_Pin"": {""geometry_type"": ""MultiLineString"", ""relations"": ""overlaps"", ""wkt"": ""MULTILINESTRING ((0.5 22.35, 0 22.35), (0 22.35, -0.5 22.35))""}}",True,
308,48.690996891818941,2.9971555210649967,6.7593868542462587,2.4400374546647075,1.7151612043380737,8.2758614933118224,2.9023840799927711,0.78110264614224434,0.53775000758469105,0.43057688418775797,0.98707439005374908,0.28610726539045572,0.97987295873463154,0.93374774232506752,0.89221695624291897,0.58034215308725834,0.2544871810823679,0.93757762107998133,0.76819286402314901,0.52530684322118759,0.75677249766886234,0.36851503886282444,0.57329073362052441,True,,1,0,Slot__Patch;Slot__CPW_Feed_Pin;Patch__CPW_Feed_Pin,True,Slot__CPW_Feed_Pin,,Slot__CPW_Feed_Pin,,"{""Slot__CPW_Feed_Pin"": {""geometry_type"": ""MultiLineString"", ""relations"": ""overlaps"", ""wkt"": ""MULTILINESTRING ((0.5 21.62, 0 21.62), (0 21.62, -0.5 21.62))""}}",True,
309,25.803936026059091,1.6524685639888048,5.1016203481703997,3.5592427806928759,2.5964335594326258,15.793952643871307,4.4648695737123489,0.48171472828835249,0.43879168853163719,0.93231944367289543,0.42485910374671221,0.67422979231923819,0.37663631606847048,0.13506193086504936,0.39361387863755226,0.37690526712685823,0.75901875272393227,0.35306788235902786,0.22642773203551769,0.025365159846842289,0.38099965173751116,0.6994591262191534,0.2048022486269474,True,,1,0,Slot__Patch;Slot__CPW_Feed_Pin;Patch__CPW_Feed_Pin,True,Slot__CPW_Feed_Pin,,Slot__CPW_Feed_Pin,,"{""Slot__CPW_Feed_Pin"": {""geometry_type"": ""MultiLineString"", ""relations"": ""overlaps"", ""wkt"": ""MULTILINESTRING ((0.5 22.72, 0 22.72), (0 22.72, -0.5 22.72))""}}",True,
310,37.344671767205,2.2954489570111036,8.5542375203222036,1.7845906971022489,2.2246796209365129,20.63045522198081,3.9974951893091202,0.032987929880619049,0.040181572549045086,0.51847985852509737,0.014968300238251686,0.76662376709282398,0.66741413995623589,0.66850757133215666,0.029342895373702049,0.83306473772972822,0.50267566461116076,0.53967647068202496,0.38388118986040354,0.81063524540513754,0.64194914326071739,0.96621725149452686,0.75956131331622601,True,,1,0,Slot__Patch;Slot__CPW_Feed_Pin;Patch__CPW_Feed_Pin,True,Slot__CPW_Feed_Pin,,Slot__CPW_Feed_Pin,,"{""Slot__CPW_Feed_Pin"": {""geometry_type"": ""MultiLineString"", ""relations"": ""overlaps"", ""wkt"": ""MULTILINESTRING ((0.5 22.52, 0 22.52), (0 22.52, -0.5 22.52))""}}",True,
311,59.605533387511969,1.0778685435652733,3.4972107913345098,2.6201360594481233,1.0869070366024971,13.16317583899945,5.4349487796425819,0.70639195945113897,0.95196605194360018,0.016314342617988586,0.57677548285573721,0.13240749761462212,0.18909357022494078,0.40127869229763746,0.52796468511223793,0.13156388327479362,0.014744150452315807,0.1262132441624999,0.62148158252239227,0.31056381575763226,0.017152885906398296,0.10160465352237225,0.39398728683590889,True,,1,0,Slot__Patch;Slot__CPW_Feed_Pin;Patch__CPW_Feed_Pin,True,Slot__CPW_Feed_Pin,,Slot__CPW_Feed_Pin,,"{""Slot__CPW_Feed_Pin"": {""geometry_type"": ""MultiLineString"", ""relations"": ""overlaps"", ""wkt"": ""MULTILINESTRING ((0.5 21.6, 0 21.6), (0 21.6, -0.5 21.6))""}}",True,
312,55.793167473748326,2.5751784946769476,8.6909847557544708,3.2533124603331096,2.4999854750931263,12.420084695331752,2.6328794285655022,0.84410498104989529,0.62054289039224386,0.70011736918240786,0.55280635319650173,0.072664695791900158,0.45628695655614138,0.69596475642174482,0.29863186459988356,0.5168111938983202,0.93002862390130758,0.86123605258762836,0.85972284525632858,0.93402145616710186,0.82848670519888401,0.64780622068792582,0.86677309311926365,True,,1,0,Slot__Patch;Slot__CPW_Feed_Pin;Patch__CPW_Feed_Pin,True,Slot__CPW_Feed_Pin,,Slot__CPW_Feed_Pin,,"{""Slot__CPW_Feed_Pin"": {""geometry_type"": ""MultiLineString"", ""relations"": ""overlaps"", ""wkt"": ""MULTILINESTRING ((0.5 21.71, 0 21.71), (0 21.71, -0.5 21.71))""}}",True,
313,33.773634927347302,1.7947291284799576,3.2605079859495163,2.4183914804831153,1.3135393243283033,19.880035165697336,4.1954264044761658,0.39332176838070154,0.40293484274297953,0.20185574889183044,0.11706251930445433,0.96579211670905352,0.93159391172230244,0.49883673619478941,0.80017988476902246,0.43994413036853075,0.42772322241216898,0.46139962505549192,0.13003018591552973,0.43397242482751608,0.45369450468569994,0.2834224896505475,0.48159900307655334,True,,1,0,Slot__Patch;Slot__CPW_Feed_Pin;Patch__CPW_Feed_Pin,True,Slot__CPW_Feed_Pin,,Slot__CPW_Feed_Pin,,"{""Slot__CPW_Feed_Pin"": {""geometry_type"": ""MultiLineString"", ""relations"": ""overlaps"", ""wkt"": ""MULTILINESTRING ((0.5 21.31, 0 21.31), (0 21.31, -0.5 21.31))""}}",True,
314,22.145577357150614,2.1556698493659496,7.4601890556514263,2.9234976788982752,1.9431052710860968,18.680922724306583,3.7279833555221558,0.092055434361100197,0.11418610624969006,0.3505204701796174,0.44874058291316032,0.62458804994821548,0.14374421071261168,0.9609970711171627,0.68591998796910048,0.77196190785616636,0.18602104485034943,0.64973245281726122,0.48035501502454281,0.65190596971660852,0.69523076340556145,0.050226391293108463,0.55208427645266056,True,,1,0,Slot__Patch;Slot__CPW_Feed_Pin;Patch__CPW_Feed_Pin,True,Slot__CPW_Feed_Pin,,Slot__CPW_Feed_Pin,,"{""Slot__CPW_Feed_Pin"": {""geometry_type"": ""MultiLineString"", ""relations"": ""overlaps"", ""wkt"": ""MULTILINESTRING ((0.5 21.83, 0 21.83), (0 21.83, -0.5 21.83))""}}",True,
315,44.967133314348757,1.4983559343963861,4.6758625768125057,1.8036478240042926,2.8704266808927059,11.155512048862875,5.1654975339770317,0.66880882997065783,0.89364755153656006,0.84835055097937584,0.88506800029426813,0.47755438648164272,0.74413509294390678,0.23282789066433907,0.1843837657943368,0.19315880909562111,0.67562942020595074,0.047659147530794144,0.5299058398231864,0.15197145193815231,0.06946196686476469,0.88091109413653612,0.17180828750133514,True,,1,0,Slot__Patch;Slot__CPW_Feed_Pin;Patch__CPW_Feed_Pin,True,Slot__CPW_Feed_Pin,,Slot__CPW_Feed_Pin,,"{""Slot__CPW_Feed_Pin"": {""geometry_type"": ""MultiLineString"", ""relations"": ""overlaps"", ""wkt"": ""MULTILINESTRING ((0.5 23.54, 0 23.54), (0 23.54, -0.5 23.54))""}}",True,
316,40.30355982016772,2.4639588240534067,4.0250621717423201,1.531377041526139,2.6451861057430506,14.360611466690898,3.3475550562143326,0.21801244281232357,0.16757992561906576,0.089444085955619812,0.32130544167011976,0.35396474320441484,0.087568358518183231,0.26660904195159674,0.087295037694275379,0.062730372883379459,0.5985393738374114,0.20515104103833437,0.26958779152482748,0.87317787203937769,0.9443051852285862,0.59606078919023275,0.62790780980139971,True,,1,0,Slot__Patch;Slot__CPW_Feed_Pin;Patch__CPW_Feed_Pin,True,Slot__CPW_Feed_Pin,,Slot__CPW_Feed_Pin,,"{""Slot__CPW_Feed_Pin"": {""geometry_type"": ""MultiLineString"", ""relations"": ""overlaps"", ""wkt"": ""MULTILINESTRING ((0.5 22.45, 0 22.45), (0 22.45, -0.5 22.45))""}}",True,
317,17.317234422080219,1.1818196140229702,7.9322785567492247,3.1740276515483861,1.5412899255752563,21.893784482963383,5.7850692048668861,0.54456079099327326,0.824643992818892,0.587707226164639,0.75858178548514843,0.74697013478726149,0.55018865130841732,0.53846751805394888,0.5896493336185813,0.89408169500529766,0.10279844049364328,0.62065846845507622,0.72016668133437634,0.37323399633169174,0.31858985405415297,0.46020031999796629,0.023686713539063931,True,,1,0,Slot__Patch;Slot__CPW_Feed_Pin;Patch__CPW_Feed_Pin,True,Slot__CPW_Feed_Pin,,Slot__CPW_Feed_Pin,,"{""Slot__CPW_Feed_Pin"": {""geometry_type"": ""MultiLineString"", ""relations"": ""overlaps"", ""wkt"": ""MULTILINESTRING ((0.5 22.51, 0 22.51), (0 22.51, -0.5 22.51))""}}",True,
318,28.934187479317188,2.7583178281784058,5.4171738121658564,2.0440047200769187,1.1708182170987129,16.420075879432261,2.2524434700608253,0.96985028125345707,0.66025057248771191,0.98591036722064018,0.67634659353643656,0.84329659305512905,0.27505029644817114,0.0016043782234191895,0.95977253932505846,0.3197927251458168,0.34644556045532227,0.3072804007679224,0.89034966472536325,0.58776648156344891,0.57935981638729572,0.19376298692077398,0.93773095030337572,True,,1,0,Slot__Patch;Slot__CPW_Feed_Pin;Patch__CPW_Feed_Pin,True,Slot__CPW_Feed_Pin,,Slot__CPW_Feed_Pin,,"{""Slot__CPW_Feed_Pin"": {""geometry_type"": ""MultiLineString"", ""relations"": ""overlaps"", ""wkt"": ""MULTILINESTRING ((0.5 20.18, 0 20.18), (0 20.18, -0.5 20.18))""}}",True,
319,51.140505038201809,1.6032203193753958,6.724748695269227,3.6465835852548487,2.015650661662221,8.9386301580816507,4.8149904757738113,0.26928546745330095,0.31633689999580383,0.48807781282812357,0.23960043862462044,0.19638494402170181,0.86270872503519058,0.80444870144128799,0.45739857759326696,0.6452712481841445,0.85879087261855602,0.89377330522984266,0.11991260945796967,0.087692952714860439,0.20462096203118563,0.8623459218069911,0.33840795513242483,True,,1,0,Slot__Patch;Slot__CPW_Feed_Pin;Patch__CPW_Feed_Pin,True,Slot__CPW_Feed_Pin,,Slot__CPW_Feed_Pin,,"{""Slot__CPW_Feed_Pin"": {""geometry_type"": ""MultiLineString"", ""relations"": ""overlaps"", ""wkt"": ""MULTILINESTRING ((0.5 22.43, 0 22.43), (0 22.43, -0.5 22.43))""}}",True,
320,51.556752906180918,2.5315680559724569,5.5729388259351254,2.4160515353083616,2.9678038880228996,13.567872173152864,4.2742147035896778,0.34593208972364664,0.066047254018485546,0.93827327247709036,0.72228750865906477,0.75047783367335796,0.15061980113387108,0.54132931400090456,0.93694397713989019,0.88671400584280491,0.20290366187691689,0.80100970342755318,0.84105026721954346,0.83128152787685394,0.60642620828002691,0.72640099748969078,0.14566725492477417,True,,1,0,Slot__Patch;Slot__CPW_Feed_Pin;Patch__CPW_Feed_Pin,True,Slot__CPW_Feed_Pin,,Slot__CPW_Feed_Pin,,"{""Slot__CPW_Feed_Pin"": {""geometry_type"": ""MultiLineString"", ""relations"": ""overlaps"", ""wkt"": ""MULTILINESTRING ((0.5 23.78, 0 23.78), (0 23.78, -0.5 23.78))""}}",True,
321,28.565315217711031,1.8138639628887177,6.4697175733745098,3.2873908029869203,1.8456257749348879,21.049789711833,2.8367001228034496,0.89125053398311138,0.91047882754355669,0.4400115329772234,0.15851862542331219,0.14738947153091431,0.73530271183699369,0.27755656559020281,0.43530624825507402,0.086214114911854267,0.68982514180243015,0.40395013708621264,0.16431339923292398,0.33120795432478189,0.23065719753503799,0.3307749480009079,0.51520865596830845,True,,1,0,Slot__Patch;Slot__CPW_Feed_Pin;Patch__CPW_Feed_Pin,True,Slot__CPW_Feed_Pin,,Slot__CPW_Feed_Pin,,"{""Slot__CPW_Feed_Pin"": {""geometry_type"": ""MultiLineString"", ""relations"": ""overlaps"", ""wkt"": ""MULTILINESTRING ((0.5 20.5, 0 20.5), (0 20.5, -0.5 20.5))""}}",True,
322,17.680991711094975,2.2380947731435299,3.7817488163709641,1.8120182363316419,1.4739023689180613,15.623688530176878,5.3688289932906628,0.58997649420052767,0.57435345090925694,0.10430888365954161,0.27935478929430246,0.30225320626050234,0.463078947737813,0.80758420564234257,0.047620772384107113,0.63740961533039808,0.94714682083576918,0.71539033483713865,0.44386781565845013,0.61403782572597265,0.99541757348924875,0.066290471702814102,0.46087272465229034,True,,1,0,Slot__Patch;Slot__CPW_Feed_Pin;Patch__CPW_Feed_Pin,True,Slot__CPW_Feed_Pin,,Slot__CPW_Feed_Pin,,"{""Slot__CPW_Feed_Pin"": {""geometry_type"": ""MultiLineString"", ""relations"": ""overlaps"", ""wkt"": ""MULTILINESTRING ((0.5 23.08, 0 23.08), (0 23.08, -0.5 23.08))""}}",True,
323,39.892421560361981,1.3935316149145365,8.0763258039951324,2.8859280090779071,2.3395191878080368,8.0909592239186168,3.8062824197113514,0.17064361460506916,0.41780907288193703,0.60213908366858959,0.84351653233170509,0.6592478109523654,0.92284578550606966,0.012278201058506966,0.54924645740538836,0.34278621897101402,0.44166810531169176,0.11432530172169209,0.55075367446988821,0.11409399472177029,0.37062510661780834,0.99073273688554764,0.82551602460443974,True,,1,0,Slot__Patch;Slot__CPW_Feed_Pin;Patch__CPW_Feed_Pin,True,Slot__CPW_Feed_Pin,,Slot__CPW_Feed_Pin,,"{""Slot__CPW_Feed_Pin"": {""geometry_type"": ""MultiLineString"", ""relations"": ""overlaps"", ""wkt"": ""MULTILINESTRING ((0.5 21.54, 0 21.54), (0 21.54, -0.5 21.54))""}}",True,
324,44.544984586536884,2.4293859396129847,7.2344545964151621,3.2039800176396973,2.1760878618806601,11.330714570358396,5.7375462017953396,0.71618528012186289,0.64387676399201155,0.33565567620098591,0.40286927483975887,0.53161770105361938,0.26627906411886215,0.48825530055910349,0.71069881413131952,0.46382262650877237,0.26902424171566963,0.14825110416859388,0.30606731679290533,0.89200304355472326,0.7444605240598321,0.51838267035782337,0.34399727638810873,True,,1,0,Slot__Patch;Slot__CPW_Feed_Pin;Patch__CPW_Feed_Pin,True,Slot__CPW_Feed_Pin,,Slot__CPW_Feed_Pin,,"{""Slot__CPW_Feed_Pin"": {""geometry_type"": ""MultiLineString"", ""relations"": ""overlaps"", ""wkt"": ""MULTILINESTRING ((0.5 24.34, 0 24.34), (0 24.34, -0.5 24.34))""}}",True,
325,22.520350478589535,1.2094959728419781,4.8140497896820307,1.5153896354138852,1.010483305901289,18.856597119010985,3.1749995984137058,0.046632109209895134,0.36389550287276506,0.83391869720071554,0.96608021389693022,0.42865137569606304,0.86952340509742498,0.69298076722770929,0.20843398850411177,0.50904112122952938,0.78014911152422428,0.56085912324488163,0.6992958839982748,0.39206845127046108,0.11972152255475521,0.41376463882625103,0.99510106164962053,True,,1,0,Slot__Patch;Slot__CPW_Feed_Pin;Patch__CPW_Feed_Pin,True,Slot__CPW_Feed_Pin,,Slot__CPW_Feed_Pin,,"{""Slot__CPW_Feed_Pin"": {""geometry_type"": ""MultiLineString"", ""relations"": ""overlaps"", ""wkt"": ""MULTILINESTRING ((0.5 19.39, 0 19.39), (0 19.39, -0.5 19.39))""}}",True,
326,33.393762926571071,2.8478262275457382,8.8174536656588316,3.6252004388719801,1.6387374736368656,17.595228818245232,4.642924252897501,0.47192915249615908,0.15316304005682468,0.74775446765124798,0.59482472762465477,0.021106655709445477,0.078759079799056053,0.22203188203275204,0.3363501438871026,0.21655099093914032,0.52086720149964094,0.37449468299746513,0.90899928007274866,0.67829938232898712,0.85732888337224722,0.17861520685255527,0.033714703284204006,True,,1,0,Slot__Patch;Slot__CPW_Feed_Pin;Patch__CPW_Feed_Pin,True,Slot__CPW_Feed_Pin,,Slot__CPW_Feed_Pin,,"{""Slot__CPW_Feed_Pin"": {""geometry_type"": ""MultiLineString"", ""relations"": ""overlaps"", ""wkt"": ""MULTILINESTRING ((0.5 23.13, 0 23.13), (0 23.13, -0.5 23.13))""}}",True,
327,56.22042044531554,1.5049834456294775,3.0464918296784163,2.0590401714667679,2.5478418003767729,10.135722002014518,2.2054097019135952,0.76745072193443775,0.8702532984316349,0.24992203246802092,0.032060042954981327,0.87797923851758242,0.55704155657440424,0.95822766236960888,0.83863440435379744,0.76370921637862921,0.024392274208366871,0.9598596291616559,0.085621722042560577,0.17825042549520731,0.48161321878433228,0.75344046019017696,0.67992038745433092,True,,1,0,Slot__Patch;Slot__CPW_Feed_Pin;Patch__CPW_Feed_Pin,True,Slot__CPW_Feed_Pin,,Slot__CPW_Feed_Pin,,"{""Slot__CPW_Feed_Pin"": {""geometry_type"": ""MultiLineString"", ""relations"": ""overlaps"", ""wkt"": ""MULTILINESTRING ((0.5 20.26, 0 20.26), (0 20.26, -0.5 20.26))""}}",True,
328,59.944578898139298,2.0062149092555046,8.393344558775425,1.4125333340838553,1.8984352517873049,9.3542310129851103,5.9757245592772961,0.65904232393950224,0.70176706276834011,0.53486889414489269,0.086275994777679443,0.82709390856325626,0.78999435808509588,0.13230730406939983,0.11686970666050911,0.39993123803287745,0.92160872463136911,0.037340745329856873,0.33943074941635132,0.55170884076505899,0.66883210930973291,0.49690404627472162,0.090695234946906567,True,,1,0,Slot__Patch;Slot__CPW_Feed_Pin;Patch__CPW_Feed_Pin,True,Slot__CPW_Feed_Pin,,Slot__CPW_Feed_Pin,,"{""Slot__CPW_Feed_Pin"": {""geometry_type"": ""MultiLineString"", ""relations"": ""overlaps"", ""wkt"": ""MULTILINESTRING ((0.5 23.88, 0 23.88), (0 23.88, -0.5 23.88))""}}",True,
329,37.051633265800774,1.3509974163025618,3.745651088654995,2.979339370131493,2.7901121899485588,16.821067188866436,3.4132385440170765,0.078384440392255783,0.29044123739004135,0.033128689043223858,0.52498386520892382,0.21131018176674843,0.31467970460653305,0.92296746931970119,0.61426698230206966,0.57245567254722118,0.4083187198266387,0.64026782754808664,0.67083051148802042,0.051637455821037292,0.043128138408064842,0.57198871392756701,0.69374134484678507,True,,1,0,Slot__Patch;Slot__CPW_Feed_Pin;Patch__CPW_Feed_Pin,True,Slot__CPW_Feed_Pin,,Slot__CPW_Feed_Pin,,"{""Slot__CPW_Feed_Pin"": {""geometry_type"": ""MultiLineString"", ""relations"": ""overlaps"", ""wkt"": ""MULTILINESTRING ((0.5 21.56, 0 21.56), (0 21.56, -0.5 21.56))""}}",True,
330,26.091092443093657,2.7087452132254839,6.9961074180901051,2.1593869712203744,2.4196709841489792,21.712501407600939,4.8811097927391529,0.40309602674096823,0.1885935952886939,0.38446778245270252,0.91189868189394474,0.37016742024570704,0.60251250956207514,0.39831139240413904,0.99219493940472603,0.15507616847753525,0.1656458955258131,0.45169086661189795,0.93766303174197674,0.76860824786126614,0.80794549640268087,0.83679350558668375,0.27939604502171278,True,,1,0,Slot__Patch;Slot__CPW_Feed_Pin;Patch__CPW_Feed_Pin,True,Slot__CPW_Feed_Pin,,Slot__CPW_Feed_Pin,,"{""Slot__CPW_Feed_Pin"": {""geometry_type"": ""MultiLineString"", ""relations"": ""overlaps"", ""wkt"": ""MULTILINESTRING ((0.5 24.01, 0 24.01), (0 24.01, -0.5 24.01))""}}",True,
331,48.3578388299793,1.9267258681356907,4.9524471201002598,3.8473517311736947,1.2688693050295115,14.193937936797738,2.4436567239463329,0.8577682226896286,0.78800878021866083,0.88663189765065908,0.47267589624971151,0.73204490449279547,0.0021597202867269516,0.65793996397405863,0.494808753952384,0.8256608759984374,0.66038292646408081,0.85067351721227169,0.052090427838265896,0.26866651978343725,0.43321816623210907,0.23194657731801271,0.87952769640833139,True,,1,0,Slot__Patch;Slot__CPW_Feed_Pin;Patch__CPW_Feed_Pin,True,Slot__CPW_Feed_Pin,,Slot__CPW_Feed_Pin,,"{""Slot__CPW_Feed_Pin"": {""geometry_type"": ""MultiLineString"", ""relations"": ""overlaps"", ""wkt"": ""MULTILINESTRING ((0.5 19.64, 0 19.64), (0 19.64, -0.5 19.64))""}}",True,
332,41.771558504551649,2.8923287577927113,4.4869448449462652,3.550237757712603,1.2467382363975048,10.857031191699207,4.0125146545469761,0.2790234787389636,0.029699509963393211,0.17654421459883451,0.78838409949094057,0.6083243228495121,0.65858128201216459,0.84259261377155781,0.28028825856745243,0.94585041888058186,0.6123232776299119,0.88064729329198599,0.81227973010390997,0.74084997735917568,0.55692843999713659,0.25959461834281683,0.4157339371740818,True,,1,0,Slot__Patch;Slot__CPW_Feed_Pin;Patch__CPW_Feed_Pin,True,Slot__CPW_Feed_Pin,,Slot__CPW_Feed_Pin,,"{""Slot__CPW_Feed_Pin"": {""geometry_type"": ""MultiLineString"", ""relations"": ""overlaps"", ""wkt"": ""MULTILINESTRING ((0.5 22.16, 0 22.16), (0 22.16, -0.5 22.16))""}}",True,
333,19.669632520526648,1.7348949778825045,7.6578986998647451,2.4757026726379996,2.0647151526063681,18.397071976214647,2.5750616155564785,0.98354976996779442,0.99376260489225388,0.67828689329326153,0.35011213272809982,0.49266273714601994,0.19596868380904198,0.10225456394255161,0.7789810374379158,0.026593235321342945,0.12365961726754904,0.29329918138682842,0.19798201881349087,0.24091426935046911,0.18213238567113876,0.68426575046032667,0.79985523037612438,True,,1,0,Slot__Patch;Slot__CPW_Feed_Pin;Patch__CPW_Feed_Pin,True,Slot__CPW_Feed_Pin,,Slot__CPW_Feed_Pin,,"{""Slot__CPW_Feed_Pin"": {""geometry_type"": ""MultiLineString"", ""relations"": ""overlaps"", ""wkt"": ""MULTILINESTRING ((0.5 20.38, 0 20.38), (0 20.38, -0.5 20.38))""}}",True,
334,30.641234940849245,2.3145861160010099,5.7170067150145769,2.6205718627199532,2.6942505966871977,19.94408380240202,5.1071370802819729,0.53481527324765921,0.51749861147254705,0.78007993753999472,0.21373870875686407,0.088928430341184139,0.97112435568124056,0.57662190217524767,0.64129115082323551,0.70290699135512114,0.36438749544322491,0.60692138224840164,0.41064168605953455,0.95445352140814066,0.91991879884153605,0.91982705052942038,0.22992279008030891,True,,1,0,Slot__Patch;Slot__CPW_Feed_Pin;Patch__CPW_Feed_Pin,True,Slot__CPW_Feed_Pin,,Slot__CPW_Feed_Pin,,"{""Slot__CPW_Feed_Pin"": {""geometry_type"": ""MultiLineString"", ""relations"": ""overlaps"", ""wkt"": ""MULTILINESTRING ((0.5 24.12, 0 24.12), (0 24.12, -0.5 24.12))""}}",True,
335,53.347430429421365,1.0342567339539528,6.2374186087399721,1.7498774338513614,1.6172099448740482,12.469503222964704,3.5446510352194309,0.20432046055793762,0.49034994933754206,0.27791430242359638,0.65144233591854572,0.95068375859409571,0.38342783041298389,0.36724868882447481,0.14257989078760147,0.27777330949902534,0.86769677698612213,0.1922691622748971,0.57911223918199539,0.45440329611301422,0.2941462229937315,0.023941616527736187,0.61112962476909161,True,,1,0,Slot__Patch;Slot__CPW_Feed_Pin;Patch__CPW_Feed_Pin,True,Slot__CPW_Feed_Pin,,Slot__CPW_Feed_Pin,,"{""Slot__CPW_Feed_Pin"": {""geometry_type"": ""MultiLineString"", ""relations"": ""overlaps"", ""wkt"": ""MULTILINESTRING ((0.5 20.2, 0 20.2), (0 20.2, -0.5 20.2))""}}",True,
336,52.645019148476422,2.3088553156703711,3.4185098391026258,3.6884480301290754,2.2669707592576742,18.076370288617909,2.9609928019344807,0.51008859742432833,0.26844021957367659,0.8585299551486969,0.66166267637163401,0.50197192281484604,0.50724506657570601,0.45522181876003742,0.5784921245649457,0.92874041944742203,0.99210136011242867,0.48273705597966909,0.49503705464303493,0.84744658973067999,0.029366704635322094,0.13505780883133411,0.56942159868776798,True,,1,0,Slot__Patch;Slot__CPW_Feed_Pin;Patch__CPW_Feed_Pin,True,Slot__CPW_Feed_Pin,,Slot__CPW_Feed_Pin,,"{""Slot__CPW_Feed_Pin"": {""geometry_type"": ""MultiLineString"", ""relations"": ""overlaps"", ""wkt"": ""MULTILINESTRING ((0.5 21.53, 0 21.53), (0 21.53, -0.5 21.53))""}}",True,
337,29.933695276267827,1.0912570804357529,8.439602030441165,2.0048553472384811,1.4214345626533031,10.558264134451747,4.3984457366168499,0.2429631520062685,0.73933633882552385,0.35691328812390566,0.22292715683579445,0.3950993325561285,0.1070723868906498,0.722901726141572,0.080867460928857327,0.098335153423249722,0.49443466402590275,0.82011566869914532,0.51522618439048529,0.34751253388822079,0.65512784197926521,0.81170503608882427,0.21648173034191132,True,,1,0,Slot__Patch;Slot__CPW_Feed_Pin;Patch__CPW_Feed_Pin,True,Slot__CPW_Feed_Pin,,Slot__CPW_Feed_Pin,,"{""Slot__CPW_Feed_Pin"": {""geometry_type"": ""MultiLineString"", ""relations"": ""overlaps"", ""wkt"": ""MULTILINESTRING ((0.5 20.92, 0 20.92), (0 20.92, -0.5 20.92))""}}",True,
338,18.976587010547519,2.9842259399592876,5.1861577425152063,3.1345832893624905,1.7921203710138798,12.753927195444703,3.9310743324458599,0.30106502119451761,0.7786992434412241,0.1925325058400631,0.3360390393063426,0.054658683948218822,0.81972524244338274,0.18994442839175463,0.46855734754353762,0.67216634843498468,0.23613086622208357,0.006737537682056427,0.84504697471857071,0.56660524010658264,0.38442250061780214,0.54538189806044102,0.75567909516394138,True,,1,0,Slot__Patch;Slot__CPW_Feed_Pin;Patch__CPW_Feed_Pin,True,Slot__CPW_Feed_Pin,,Slot__CPW_Feed_Pin,,"{""Slot__CPW_Feed_Pin"": {""geometry_type"": ""MultiLineString"", ""relations"": ""overlaps"", ""wkt"": ""MULTILINESTRING ((0.5 22.71, 0 22.71), (0 22.71, -0.5 22.71))""}}",True,
339,41.061711637303233,1.6395798120647669,6.8565130177885294,1.573581262677908,2.896293057128787,20.22122158203274,5.4935602433979511,0.94417424313724041,0.24471375718712807,0.69482389930635691,0.77523608319461346,0.90762503165751696,0.29459070600569248,0.98915565479546785,0.96620049234479666,0.34763388149440289,0.74649128038436174,0.67135925684124231,0.14470844063907862,0.066556700505316257,0.75920710153877735,0.40147241018712521,0.40568414330482483,True,,1,0,Slot__Patch;Slot__CPW_Feed_Pin;Patch__CPW_Feed_Pin,True,Slot__CPW_Feed_Pin,,Slot__CPW_Feed_Pin,,"{""Slot__CPW_Feed_Pin"": {""geometry_type"": ""MultiLineString"", ""relations"": ""overlaps"", ""wkt"": ""MULTILINESTRING ((0.5 24.03, 0 24.03), (0 24.03, -0.5 24.03))""}}",True,
340,46.252781767398119,2.6676292959600687,7.7043389081954956,1.926544692926109,2.6193516775965691,16.079986486583948,3.0507604740560055,0.42696767020970583,0.93953115027397871,0.49254918564110994,0.46348744258284569,0.78330152295529842,0.88865718897432089,0.5112863015383482,0.80547879170626402,0.47465960215777159,0.54232606664299965,0.57582996785640717,0.90502553526312113,0.90781879425048828,0.13352751452475786,0.12431278452277184,0.92431418318301439,True,,1,0,Slot__Patch;Slot__CPW_Feed_Pin;Patch__CPW_Feed_Pin,True,Slot__CPW_Feed_Pin,,Slot__CPW_Feed_Pin,,"{""Slot__CPW_Feed_Pin"": {""geometry_type"": ""MultiLineString"", ""relations"": ""overlaps"", ""wkt"": ""MULTILINESTRING ((0.5 22.33, 0 22.33), (0 22.33, -0.5 22.33))""}}",True,
341,23.980906996876001,1.9478222988545895,4.1596208363771439,2.8030431311577564,1.6922419238835573,8.6058632237836719,5.6132463552057743,0.819980563595891,0.036991593427956104,0.99416361749172211,0.90167833957821131,0.17630692571401596,0.47578054666519165,0.31046796403825283,0.30701340083032846,0.55247271433472633,0.038040066137909889,0.22287235502153635,0.10523435473442078,0.40774575714021921,0.50824339129030704,0.94742147624492645,0.28981204982846975,True,,1,0,Slot__Patch;Slot__CPW_Feed_Pin;Patch__CPW_Feed_Pin,True,Slot__CPW_Feed_Pin,,Slot__CPW_Feed_Pin,,"{""Slot__CPW_Feed_Pin"": {""geometry_type"": ""MultiLineString"", ""relations"": ""overlaps"", ""wkt"": ""MULTILINESTRING ((0.5 23.25, 0 23.25), (0 23.25, -0.5 23.25))""}}",True,
342,34.94907686021179,2.1174144446849823,6.0976407341659069,2.29759731143713,1.0629501584917307,14.957105680368841,2.0806865431368351,0.63590160850435495,0.45077084936201572,0.58042752090841532,0.53813188336789608,0.27333576697856188,0.70111625734716654,0.77653412614017725,0.1790854437276721,0.21999716944992542,0.29438267927616835,0.91120512690395117,0.25490575190633535,0.63124996330589056,0.28033132385462523,0.71435484662652016,0.73508315999060869,True,,1,0,Slot__Patch;Slot__CPW_Feed_Pin;Patch__CPW_Feed_Pin,True,Slot__CPW_Feed_Pin,,Slot__CPW_Feed_Pin,,"{""Slot__CPW_Feed_Pin"": {""geometry_type"": ""MultiLineString"", ""relations"": ""overlaps"", ""wkt"": ""MULTILINESTRING ((0.5 19.26, 0 19.26), (0 19.26, -0.5 19.26))""}}",True,
343,57.825221135281026,1.2744658049196005,5.9509007893502712,3.3765044735744603,2.2486353367567062,22.497604675590992,4.5181395076215267,0.11885914020240307,0.54139596596360207,0.078137408941984177,0.10034909378737211,0.62642410676926374,0.16332354955375195,0.04424359742552042,0.67753974441438913,0.79974631685763597,0.78206957597285509,0.26225300692021847,0.73484633676707745,0.13130654953420162,0.90602385625243187,0.35753185302019119,0.10352594312280416,True,,1,0,Slot__Patch;Slot__CPW_Feed_Pin;Patch__CPW_Feed_Pin,True,Slot__CPW_Feed_Pin,,Slot__CPW_Feed_Pin,,"{""Slot__CPW_Feed_Pin"": {""geometry_type"": ""MultiLineString"", ""relations"": ""overlaps"", ""wkt"": ""MULTILINESTRING ((0.5 22.04, 0 22.04), (0 22.04, -0.5 22.04))""}}",True,
344,55.506851174868643,2.7756758108735085,6.6095410455018282,2.7407696774229411,1.3374952487647533,19.492363482713699,3.2889464609324932,0.44794968422502279,0.90611309371888638,0.63707120064646006,0.029590794816613197,0.57473796233534813,0.42737990617752075,0.87406922224909067,0.39905813150107861,0.41161692421883345,0.14803557936102152,0.7464212654158473,0.99635711871087551,0.50391136668622494,0.21683837193995714,0.89189666416496038,0.6395284915342927,True,,1,0,Slot__Patch;Slot__CPW_Feed_Pin;Patch__CPW_Feed_Pin,True,Slot__CPW_Feed_Pin,,Slot__CPW_Feed_Pin,,"{""Slot__CPW_Feed_Pin"": {""geometry_type"": ""MultiLineString"", ""relations"": ""overlaps"", ""wkt"": ""MULTILINESTRING ((0.5 21.4, 0 21.4), (0 21.4, -0.5 21.4))""}}",True,
345,32.696351283229887,1.6205908786505461,5.3389991540461779,1.6612368930131198,2.4760288055986166,11.959176859818399,5.8514929302036762,0.80485792458057404,0.11734568327665329,0.13868981227278709,0.59326527174562216,0.46298261173069477,0.96818623598664999,0.071693212725222111,0.90043794736266136,0.61599985882639885,0.65058464463800192,0.083782711997628212,0.0090047111734747887,0.0039751222357153893,0.59253495372831821,0.035333055071532726,0.019880670122802258,True,,1,0,Slot__Patch;Slot__CPW_Feed_Pin;Patch__CPW_Feed_Pin,True,Slot__CPW_Feed_Pin,,Slot__CPW_Feed_Pin,,"{""Slot__CPW_Feed_Pin"": {""geometry_type"": ""MultiLineString"", ""relations"": ""overlaps"", ""wkt"": ""MULTILINESTRING ((0.5 23.95, 0 23.95), (0 23.95, -0.5 23.95))""}}",True,
346,21.816833624616265,2.4471082556992769,8.0299308355897665,3.4361890800297266,2.8475076090544462,9.4632200477644801,2.3188644535839558,0.73894351255148649,0.39098632242530584,0.28744940925389528,0.97252446413040161,0.11860854085534811,0.23992290906608105,0.60904457233846188,0.52252179197967052,0.15840605832636356,0.89228634350001812,0.77039123699069023,0.35154739767313004,0.78514272812753916,0.32201629411429167,0.30222064908593893,0.94936477486044168,True,,1,0,Slot__Patch;Slot__CPW_Feed_Pin;Patch__CPW_Feed_Pin,True,Slot__CPW_Feed_Pin,,Slot__CPW_Feed_Pin,,"{""Slot__CPW_Feed_Pin"": {""geometry_type"": ""MultiLineString"", ""relations"": ""overlaps"", ""wkt"": ""MULTILINESTRING ((0.5 21.61, 0 21.61), (0 21.61, -0.5 21.61))""}}",True,
347,43.84732567705214,1.164918202906847,4.1090275850147009,2.5603364104405051,1.9660235978662968,16.944679375737906,4.7563789002597332,0.0060516111552715302,0.6168665299192071,0.78516370058059692,0.40826640743762255,0.98427013400942087,0.65564530435949564,0.33769446425139904,0.021122541278600693,0.86085296142846346,0.40243525803089142,0.43505682516843081,0.64307223353534937,0.28509208559989929,0.94673622772097588,0.62510047387331724,0.33458447735756636,True,,1,0,Slot__Patch;Slot__CPW_Feed_Pin;Patch__CPW_Feed_Pin,True,Slot__CPW_Feed_Pin,,Slot__CPW_Feed_Pin,,"{""Slot__CPW_Feed_Pin"": {""geometry_type"": ""MultiLineString"", ""relations"": ""overlaps"", ""wkt"": ""MULTILINESTRING ((0.5 21.88, 0 21.88), (0 21.88, -0.5 21.88))""}}",True,
348,37.777236476540565,2.1383411921560764,4.5802928544580936,2.227040108665824,1.5496206451207399,21.226782300509512,2.6993003822863102,0.61505501624196768,0.32730708085000515,0.026492338627576828,0.84507599379867315,0.8560380507260561,0.061723504215478897,0.16274656821042299,0.23442795872688293,0.98872554302215576,0.32339594606310129,0.34338800981640816,0.39850222412496805,0.69367645028978586,0.070937174372375011,0.84793892595916986,0.87064195983111858,True,,1,0,Slot__Patch;Slot__CPW_Feed_Pin;Patch__CPW_Feed_Pin,True,Slot__CPW_Feed_Pin,,Slot__CPW_Feed_Pin,,"{""Slot__CPW_Feed_Pin"": {""geometry_type"": ""MultiLineString"", ""relations"": ""overlaps"", ""wkt"": ""MULTILINESTRING ((0.5 20.39, 0 20.39), (0 20.39, -0.5 20.39))""}}",True,
349,15.581964254379272,1.4810781199485064,7.3740953095257282,3.7886869741603739,2.6368542239069939,13.766818167641759,4.13681485876441,0.13213735818862915,0.66490551084280014,0.52487220708280802,0.28182403929531574,0.24416058883070946,0.58396649640053511,0.89136880356818438,0.7369506973773241,0.038826867006719112,0.81889416929334402,0.99047808069735765,0.60686293244361877,0.19360452890396118,0.69571057334542274,0.20425833482295275,0.46991931274533272,True,,1,0,Slot__Patch;Slot__CPW_Feed_Pin;Patch__CPW_Feed_Pin,True,Slot__CPW_Feed_Pin,,Slot__CPW_Feed_Pin,,"{""Slot__CPW_Feed_Pin"": {""geometry_type"": ""MultiLineString"", ""relations"": ""overlaps"", ""wkt"": ""MULTILINESTRING ((0.5 22.25, 0 22.25), (0 22.25, -0.5 22.25))""}}",True,
350,26.450570854358375,2.5919997375458479,3.3735871240496635,1.3488079639151693,2.0083563774824142,7.9355960246175528,3.6693747900426388,0.32402877043932676,0.81315323617309332,0.92299474775791168,0.15312149096280336,0.3373170280829072,0.37424182333052158,0.42774356342852116,0.87463617324829102,0.73754743579775095,0.57524657063186169,0.17879367899149656,0.75357805844396353,0.97039123438298702,0.46786311734467745,0.43798097316175699,0.55596676282584667,True,,1,0,Slot__Patch;Slot__CPW_Feed_Pin;Patch__CPW_Feed_Pin,True,Slot__CPW_Feed_Pin,,Slot__CPW_Feed_Pin,,"{""Slot__CPW_Feed_Pin"": {""geometry_type"": ""MultiLineString"", ""relations"": ""overlaps"", ""wkt"": ""MULTILINESTRING ((0.5 22.27, 0 22.27), (0 22.27, -0.5 22.27))""}}",True,
351,49.447866487316787,1.8115377947688103,8.7712421491742134,3.031775334477425,1.1781113389879465,15.461020362563431,5.2319212295114994,0.93097611889243126,0.163445801474154,0.42528293002396822,0.71584325283765793,0.70310074742883444,0.77144667226821184,0.62539521045982838,0.37212547846138477,0.28177595697343349,0.063144922256469727,0.52982820756733418,0.24104492180049419,0.47044908907264471,0.8436130452901125,0.61436878610402346,0.16011163964867592,True,,1,0,Slot__Patch;Slot__CPW_Feed_Pin;Patch__CPW_Feed_Pin,True,Slot__CPW_Feed_Pin,,Slot__CPW_Feed_Pin,,"{""Slot__CPW_Feed_Pin"": {""geometry_type"": ""MultiLineString"", ""relations"": ""overlaps"", ""wkt"": ""MULTILINESTRING ((0.5 22.23, 0 22.23), (0 22.23, -0.5 22.23))""}}",True,
352,49.935398753732443,2.1997357066720724,7.0688707809895277,3.3391255453228954,2.5171040520071983,17.221654728055,3.9685464054346085,0.78814668301492929,0.72672068234533072,0.97779949568212032,0.94093040563166142,0.47204110957682133,0.32987329084426165,0.18224325682967901,0.16972643975168467,0.97499482147395611,0.059659318067133427,0.76494378689676523,0.73038118146359921,0.31622086372226477,0.92259806394577026,0.47042455151677132,0.3175748847424984,True,,1,0,Slot__Patch;Slot__CPW_Feed_Pin;Patch__CPW_Feed_Pin,True,Slot__CPW_Feed_Pin,,Slot__CPW_Feed_Pin,,"{""Slot__CPW_Feed_Pin"": {""geometry_type"": ""MultiLineString"", ""relations"": ""overlaps"", ""wkt"": ""MULTILINESTRING ((0.5 22.69, 0 22.69), (0 22.69, -0.5 22.69))""}}",True,
353,27.02046437188983,1.4196220934391022,4.976726783439517,2.3414775507524612,1.6713256109505892,9.6889272099360824,5.406032420694828,0.45855742506682873,0.2654880965128541,0.47960117738693953,0.37725306209176779,0.61504638567566872,0.80763792432844639,0.88766496535390615,0.67127255629748106,0.052563787437975407,0.54755847062915564,0.41291649639606476,0.27986346092075109,0.81626982055604458,0.29732548352330923,0.58284752815961838,0.96829721890389919,True,,1,0,Slot__Patch;Slot__CPW_Feed_Pin;Patch__CPW_Feed_Pin,True,Slot__CPW_Feed_Pin,,Slot__CPW_Feed_Pin,,"{""Slot__CPW_Feed_Pin"": {""geometry_type"": ""MultiLineString"", ""relations"": ""overlaps"", ""wkt"": ""MULTILINESTRING ((0.5 22.5, 0 22.5), (0 22.5, -0.5 22.5))""}}",True,
354,16.061231545172632,2.53038015589118,8.2741216812282801,2.8367620645090943,1.0427357498556376,11.762825134210289,2.9362156763672829,0.02447946835309267,0.22624154202640057,0.065677681937813759,0.060620218515396118,0.95960284862667322,0.017360690049827099,0.41623151302337646,0.78357515577226877,0.71990514453500509,0.80780965648591518,0.72653876803815365,0.10968034714460373,0.097848013043403625,0.5381233599036932,0.81788240000605583,0.0077688805758953094,True,,1,0,Slot__Patch;Slot__CPW_Feed_Pin;Patch__CPW_Feed_Pin,True,Slot__CPW_Feed_Pin,,Slot__CPW_Feed_Pin,,"{""Slot__CPW_Feed_Pin"": {""geometry_type"": ""MultiLineString"", ""relations"": ""overlaps"", ""wkt"": ""MULTILINESTRING ((0.5 20.51, 0 20.51), (0 20.51, -0.5 20.51))""}}",True,
355,38.349923766218126,1.8732188884168863,3.5810576621443033,1.8790246438235045,2.1456858068704605,19.244740884751081,4.4986687451601028,0.73003712482750416,0.75036130845546722,0.56357511784881353,0.62487353105098009,0.062691329978406429,0.62014821544289589,0.65270010381937027,0.2820408446714282,0.2994101420044899,0.30330675095319748,0.076565726660192013,0.88005647156387568,0.59778260532766581,0.16382724139839411,0.23523694276809692,0.65362369082868099,True,,1,0,Slot__Patch;Slot__CPW_Feed_Pin;Patch__CPW_Feed_Pin,True,Slot__CPW_Feed_Pin,,Slot__CPW_Feed_Pin,,"{""Slot__CPW_Feed_Pin"": {""geometry_type"": ""MultiLineString"", ""relations"": ""overlaps"", ""wkt"": ""MULTILINESTRING ((0.5 22.52, 0 22.52), (0 22.52, -0.5 22.52))""}}",True,
356,43.3653185935691,2.8392489943653345,5.7412919998168945,1.608411423303187,2.3699498530477285,15.176892899908125,2.0510190054774284,0.14885052386671305,0.055530509911477566,0.37326406221836805,0.18416535761207342,0.19068754091858864,0.21422260347753763,0.846889260224998,0.44276272412389517,0.4291366757825017,0.47037398908287287,0.16867704503238201,0.14036927465349436,0.37657617032527924,0.78718825988471508,0.27020920254290104,0.17222320567816496,True,,1,0,Slot__Patch;Slot__CPW_Feed_Pin;Patch__CPW_Feed_Pin,True,Slot__CPW_Feed_Pin,,Slot__CPW_Feed_Pin,,"{""Slot__CPW_Feed_Pin"": {""geometry_type"": ""MultiLineString"", ""relations"": ""overlaps"", ""wkt"": ""MULTILINESTRING ((0.5 21.26, 0 21.26), (0 21.26, -0.5 21.26))""}}",True,
357,21.241393131203949,1.5569571368396282,6.3101763278245926,3.088173537701369,1.4416213147342205,7.7173842955380678,4.613472044467926,0.60444538109004498,0.96793208364397287,0.8714608009904623,0.74740679748356342,0.83381507731974125,0.67340865544974804,0.083324472419917583,0.9451189236715436,0.59848725982010365,0.98052132036536932,0.50503285881131887,0.86987869441509247,0.8765200013294816,0.41296086553484201,0.65803042612969875,0.54187131021171808,True,,1,0,Slot__Patch;Slot__CPW_Feed_Pin;Patch__CPW_Feed_Pin,True,Slot__CPW_Feed_Pin,,Slot__CPW_Feed_Pin,,"{""Slot__CPW_Feed_Pin"": {""geometry_type"": ""MultiLineString"", ""relations"": ""overlaps"", ""wkt"": ""MULTILINESTRING ((0.5 21.61, 0 21.61), (0 21.61, -0.5 21.61))""}}",True,
358,32.211558809503913,2.3837601393461227,4.322357039898634,1.9685871813446285,1.8130700625479221,13.956016888841987,3.0833573341369629,0.91254634130746126,0.55407081358134747,0.70726646389812231,0.81349824834614992,0.74096310045570135,0.40167388971894979,0.61286761984229088,0.57305463310331106,0.1720132865011692,0.72612228058278561,0.31645594630390406,0.51955399569123983,0.16247577872127295,0.67346546798944473,0.92238508351147175,0.48692915868014097,True,,1,0,Slot__Patch;Slot__CPW_Feed_Pin;Patch__CPW_Feed_Pin,True,Slot__CPW_Feed_Pin,,Slot__CPW_Feed_Pin,,"{""Slot__CPW_Feed_Pin"": {""geometry_type"": ""MultiLineString"", ""relations"": ""overlaps"", ""wkt"": ""MULTILINESTRING ((0.5 21.28, 0 21.28), (0 21.28, -0.5 21.28))""}}",True,
359,54.939710861071944,1.228326877579093,7.5386701785027981,3.733439341746271,2.9985092114657164,21.481901225633919,5.5208433791995049,0.33293704874813557,0.4537782222032547,0.20937156118452549,0.25076409429311752,0.34392930660396814,0.98595911264419556,0.31832270696759224,0.070678760297596455,0.84723667334765196,0.22867164760828018,0.98200986534357071,0.47018617205321789,0.66254935227334499,0.048261492513120174,0.005762903019785881,0.85170973930507898,True,,1,0,Slot__Patch;Slot__CPW_Feed_Pin;Patch__CPW_Feed_Pin,True,Slot__CPW_Feed_Pin,,Slot__CPW_Feed_Pin,,"{""Slot__CPW_Feed_Pin"": {""geometry_type"": ""MultiLineString"", ""relations"": ""overlaps"", ""wkt"": ""MULTILINESTRING ((0.5 23.74, 0 23.74), (0 23.74, -0.5 23.74))""}}",True,
360,58.400599770247936,2.7290414497256279,3.8964862693101168,3.0691448869183664,1.5873839128762484,20.493447189219296,2.2813922539353371,0.2264712555333972,0.098711328580975533,0.50998824741691351,0.36744941119104624,0.41974748484790325,0.72168770246207714,0.52314880862832069,0.84868729300796986,0.48838937748223543,0.84121939167380333,0.028603208251297474,0.23171614669263363,0.035183792933821678,0.86000494472682476,0.74483958724886179,0.38746887352317572,True,,1,0,Slot__Patch;Slot__CPW_Feed_Pin;Patch__CPW_Feed_Pin,True,Slot__CPW_Feed_Pin,,Slot__CPW_Feed_Pin,,"{""Slot__CPW_Feed_Pin"": {""geometry_type"": ""MultiLineString"", ""relations"": ""overlaps"", ""wkt"": ""MULTILINESTRING ((0.5 20.59, 0 20.59), (0 20.59, -0.5 20.59))""}}",True,
361,35.43111864477396,1.8864716570824385,8.2395453471690416,1.304936945438385,2.7261635288596153,12.974885506555438,4.8439068347215652,0.52096527442336082,0.87781522795557976,0.0081884358078241348,0.80618778243660927,0.55787011981010437,0.13457196298986673,0.28302622959017754,0.35119864344596863,0.53873483277857304,0.32890656776726246,0.67659308388829231,0.77366427984088659,0.53523401822894812,0.48479738179594278,0.32795799244195223,0.77197152841836214,True,,1,0,Slot__Patch;Slot__CPW_Feed_Pin;Patch__CPW_Feed_Pin,True,Slot__CPW_Feed_Pin,,Slot__CPW_Feed_Pin,,"{""Slot__CPW_Feed_Pin"": {""geometry_type"": ""MultiLineString"", ""relations"": ""overlaps"", ""wkt"": ""MULTILINESTRING ((0.5 23.45, 0 23.45), (0 23.45, -0.5 23.45))""}}",True,
362,24.548103804700077,2.0557467062026262,5.504662161692977,3.7549575801938779,2.0969027429819107,10.366318831220269,3.3137234598398209,0.96285577770322561,0.60408876370638609,0.40649074595421553,0.63069463055580854,0.8986161844804883,0.90923815965652466,0.75690155755728483,0.22913757152855396,0.23763851448893547,0.089163730852305889,0.49022869952023029,0.6162109300494194,0.25388377252966166,0.72565224021673203,0.092297391034662724,0.20118109788745642,True,,1,0,Slot__Patch;Slot__CPW_Feed_Pin;Patch__CPW_Feed_Pin,True,Slot__CPW_Feed_Pin,,Slot__CPW_Feed_Pin,,"{""Slot__CPW_Feed_Pin"": {""geometry_type"": ""MultiLineString"", ""relations"": ""overlaps"", ""wkt"": ""MULTILINESTRING ((0.5 21.47, 0 21.47), (0 21.47, -0.5 21.47))""}}",True,
363,46.737534175626934,1.3360720314085484,6.4468105640262365,2.2745707733556628,1.2166375461965799,17.833153218962252,5.7512700334191322,0.29239323735237122,0.38807423878461123,0.90859906934201717,0.19150237552821636,0.014399792067706585,0.4470232492312789,0.048296946100890636,0.72661536931991577,0.78211117070168257,0.5848761098459363,0.84021178912371397,0.37842729780822992,0.75381948053836823,0.10142128076404333,0.98034751135855913,0.58273883629590273,True,,1,0,Slot__Patch;Slot__CPW_Feed_Pin;Patch__CPW_Feed_Pin,True,Slot__CPW_Feed_Pin,,Slot__CPW_Feed_Pin,,"{""Slot__CPW_Feed_Pin"": {""geometry_type"": ""MultiLineString"", ""relations"": ""overlaps"", ""wkt"": ""MULTILINESTRING ((0.5 22.31, 0 22.31), (0 22.31, -0.5 22.31))""}}",True,
364,40.491772354580462,2.3724757023155689,8.9806673862040043,2.5254956342279913,1.2989986054599285,22.217882741242647,3.6990422010421753,0.83647056948393583,0.67761658318340778,0.15359094180166721,0.50714966282248497,0.1384865939617157,0.85310935415327549,0.45129149407148361,0.51330989226698875,0.91121972166001797,0.62679458782076836,0.93627513386309147,0.63386157993227243,0.2249353164806962,0.97465519607067108,0.51532166358083487,0.11882682889699936,True,,1,0,Slot__Patch;Slot__CPW_Feed_Pin;Patch__CPW_Feed_Pin,True,Slot__CPW_Feed_Pin,,Slot__CPW_Feed_Pin,,"{""Slot__CPW_Feed_Pin"": {""geometry_type"": ""MultiLineString"", ""relations"": ""overlaps"", ""wkt"": ""MULTILINESTRING ((0.5 21.37, 0 21.37), (0 21.37, -0.5 21.37))""}}",True,
365,18.489084080792964,1.0276972521096468,3.1612350828945637,3.4826092923060061,2.3874547835439444,14.743300373665988,5.1365888044238091,0.41609291359782219,0.33015615865588188,0.65538845863193274,0.068969235755503178,0.77673114649951458,0.25327440816909075,0.74265541136264801,0.014708725735545158,0.11584679130464792,0.13715385086834431,0.27258326392620802,0.37151549756526947,0.72487704455852509,0.35037077125161886,0.43244733940809965,0.72176614589989185,True,,1,0,Slot__Patch;Slot__CPW_Feed_Pin;Patch__CPW_Feed_Pin,True,Slot__CPW_Feed_Pin,,Slot__CPW_Feed_Pin,,"{""Slot__CPW_Feed_Pin"": {""geometry_type"": ""MultiLineString"", ""relations"": ""overlaps"", ""wkt"": ""MULTILINESTRING ((0.5 22.55, 0 22.55), (0 22.55, -0.5 22.55))""}}",True,
366,29.361059116199613,2.9208611380308867,7.2115417644381523,1.6974958380684257,2.758231682702899,8.7903130939230323,2.6667033955454826,0.10017949994653463,0.18202097248286009,0.8039692398160696,0.49488171003758907,0.67988565098494291,0.54061964526772499,0.21750727947801352,0.37700023874640465,0.65855817403644323,0.3827641261741519,0.58402352500706911,0.01822665985673666,0.43911865912377834,0.61105442605912685,0.16749747004359961,0.30802709609270096,True,,1,0,Slot__Patch;Slot__CPW_Feed_Pin;Patch__CPW_Feed_Pin,True,Slot__CPW_Feed_Pin,,Slot__CPW_Feed_Pin,,"{""Slot__CPW_Feed_Pin"": {""geometry_type"": ""MultiLineString"", ""relations"": ""overlaps"", ""wkt"": ""MULTILINESTRING ((0.5 22.35, 0 22.35), (0 22.35, -0.5 22.35))""}}",True,
367,52.165727885439992,1.7028840556740761,4.745778925716877,2.6957877416163685,1.9282288588583469,16.330355666577816,4.2292179465293884,0.64457146823406219,0.84139584470540285,0.3018622575327754,0.93267690669745207,0.29554735589772463,0.0657618073746562,0.97741617169231176,0.87562012486159801,0.36124920845031738,0.88509819377213717,0.24959079548716545,0.97640824131667614,0.93919004406780005,0.2357935169711709,0.78017983119934797,0.90802149660885334,True,,1,0,Slot__Patch;Slot__CPW_Feed_Pin;Patch__CPW_Feed_Pin,True,Slot__CPW_Feed_Pin,,Slot__CPW_Feed_Pin,,"{""Slot__CPW_Feed_Pin"": {""geometry_type"": ""MultiLineString"", ""relations"": ""overlaps"", ""wkt"": ""MULTILINESTRING ((0.5 21.86, 0 21.86), (0 21.86, -0.5 21.86))""}}",True,
368,54.266138523817062,2.9536760654300451,7.9107568524777889,2.0927541408687831,2.2186452504247427,14.466393319889903,5.2803321331739426,0.077542354352772236,0.93106623645871878,0.81901756022125483,0.88045862317085266,0.21987560018897057,0.94981810636818409,0.8153473362326622,0.31519609969109297,0.9634874127805233,0.75511080119758844,0.45814538933336735,0.074461892247200012,0.36253774166107178,0.43977832421660423,0.88690103031694889,0.89751388691365719,True,,1,0,Slot__Patch;Slot__CPW_Feed_Pin;Patch__CPW_Feed_Pin,True,Slot__CPW_Feed_Pin,,Slot__CPW_Feed_Pin,,"{""Slot__CPW_Feed_Pin"": {""geometry_type"": ""MultiLineString"", ""relations"": ""overlaps"", ""wkt"": ""MULTILINESTRING ((0.5 24.46, 0 24.46), (0 24.46, -0.5 24.46))""}}",True,
369,31.477584466338158,1.6734871119260788,3.9443909637629986,3.5776754355058076,1.0947600714862347,21.933685918338597,3.8427856639027596,0.68551916070282459,0.092392065562307835,0.31733842566609383,0.44175363797694445,0.86690937168896198,0.41242307890206575,0.11382906138896942,0.81291225645691156,0.0089500425383448601,0.25842183735221624,0.87180675845593214,0.93091655615717173,0.86248115543276072,0.81505830120295286,0.055956995114684105,0.26339326426386833,True,,1,0,Slot__Patch;Slot__CPW_Feed_Pin;Patch__CPW_Feed_Pin,True,Slot__CPW_Feed_Pin,,Slot__CPW_Feed_Pin,,"{""Slot__CPW_Feed_Pin"": {""geometry_type"": ""MultiLineString"", ""relations"": ""overlaps"", ""wkt"": ""MULTILINESTRING ((0.5 20.61, 0 20.61), (0 20.61, -0.5 20.61))""}}",True,
370,20.596630233339965,2.2529755942523479,6.6821698397397995,1.4780156711116434,1.7242654599249363,16.629349873401225,4.3734533861279488,0.86081520561128855,0.4286337923258543,0.23111650068312883,0.11721245385706425,0.70786879118531942,0.63726931437849998,0.58037961181253195,0.70062074344605207,0.7166430251672864,0.0030475463718175888,0.060122420080006123,0.71047493629157543,0.082764565013349056,0.083867976441979408,0.2891684640198946,0.70878279767930508,True,,1,0,Slot__Patch;Slot__CPW_Feed_Pin;Patch__CPW_Feed_Pin,True,Slot__CPW_Feed_Pin,,Slot__CPW_Feed_Pin,,"{""Slot__CPW_Feed_Pin"": {""geometry_type"": ""MultiLineString"", ""relations"": ""overlaps"", ""wkt"": ""MULTILINESTRING ((0.5 22.35, 0 22.35), (0 22.35, -0.5 22.35))""}}",True,
371,42.605133536271751,1.0959278140217066,5.3634190857410431,3.2478652112185959,2.5891479682177305,9.1112455073744059,2.8109389394521713,0.37880882434546947,0.57921858131885529,0.73334161192178726,0.55644000228494406,0.31474126223474741,0.2249734653159976,0.34782020654529333,0.20288586709648371,0.26404538191854954,0.5143837109208107,0.64458565041422844,0.2841613357886672,0.58283760212361813,0.7081714840605855,0.65378102473914623,0.077576633542776108,True,,1,0,Slot__Patch;Slot__CPW_Feed_Pin;Patch__CPW_Feed_Pin,True,Slot__CPW_Feed_Pin,,Slot__CPW_Feed_Pin,,"{""Slot__CPW_Feed_Pin"": {""geometry_type"": ""MultiLineString"", ""relations"": ""overlaps"", ""wkt"": ""MULTILINESTRING ((0.5 20.5, 0 20.5), (0 20.5, -0.5 20.5))""}}",True,
372,47.433583759702742,2.0697780791670084,3.2089563254266977,2.8496648071333768,2.9264643415808678,12.190009276382625,4.7392409071326256,0.98439375031739473,0.3531376039609313,0.4548955000936985,0.24463044572621584,0.43869863636791706,0.56839931569993496,0.15161657705903053,0.041433689184486866,0.38631775882095098,0.71242202911525965,0.61603094357997179,0.53946782555431128,0.4232762148603797,0.33299300260841846,0.86831869557499886,0.59608839545398951,True,,1,0,Slot__Patch;Slot__CPW_Feed_Pin;Patch__CPW_Feed_Pin,True,Slot__CPW_Feed_Pin,,Slot__CPW_Feed_Pin,,"{""Slot__CPW_Feed_Pin"": {""geometry_type"": ""MultiLineString"", ""relations"": ""overlaps"", ""wkt"": ""MULTILINESTRING ((0.5 23.73, 0 23.73), (0 23.73, -0.5 23.73))""}}",True,
373,25.26026810053736,1.2873727343976498,8.6520623657852411,1.8570145022124054,1.7601292598992586,19.73051005974412,2.1767264306545258,0.2525447178632021,0.63907451275736094,0.95657716784626245,0.6829129084944725,0.58561017736792564,0.043721587397158146,0.9190848283469677,0.53980734851211309,0.5860619992017746,0.20715843047946692,0.218071598559618,0.46591111086308956,0.92332475446164608,0.95724304486066103,0.19950693100690842,0.24304164480417967,True,,1,0,Slot__Patch;Slot__CPW_Feed_Pin;Patch__CPW_Feed_Pin,True,Slot__CPW_Feed_Pin,,Slot__CPW_Feed_Pin,,"{""Slot__CPW_Feed_Pin"": {""geometry_type"": ""MultiLineString"", ""relations"": ""overlaps"", ""wkt"": ""MULTILINESTRING ((0.5 19.22, 0 19.22), (0 19.22, -0.5 19.22))""}}",True,
374,36.130182528868318,2.6454452574253082,4.6047186087816954,3.3222159996628768,1.389596039429307,18.581751622259617,5.6461119949817657,0.20127158705145121,0.84972496144473553,0.62093126028776169,0.75689744856208563,0.98903907183557749,0.75588687509298325,0.38661196362227201,0.91186842042952776,0.13756268285214901,0.468383913859725,0.90468017943203449,0.17561054322868586,0.14704301953315735,0.19070573523640633,0.46592913195490837,0.78186878655105829,True,,1,0,Slot__Patch;Slot__CPW_Feed_Pin;Patch__CPW_Feed_Pin,True,Slot__CPW_Feed_Pin,,Slot__CPW_Feed_Pin,,"{""Slot__CPW_Feed_Pin"": {""geometry_type"": ""MultiLineString"", ""relations"": ""overlaps"", ""wkt"": ""MULTILINESTRING ((0.5 23.68, 0 23.68), (0 23.68, -0.5 23.68))""}}",True,
375,59.105478683486581,1.9900873359292746,7.4467183034867048,2.3696368293836718,2.2969894558191299,11.107626571319997,3.2085655555129051,0.55910439603030682,0.12687359750270844,0.11870456952601671,0.31920619495213032,0.096033788286149502,0.35623204614967108,0.68506603222340345,0.41350561287254095,0.8431834215298295,0.95509516447782516,0.30466655921190977,0.81902619451284409,0.64697707537561655,0.56593236606568098,0.60204893350601196,0.43173649441450834,True,,1,0,Slot__Patch;Slot__CPW_Feed_Pin;Patch__CPW_Feed_Pin,True,Slot__CPW_Feed_Pin,,Slot__CPW_Feed_Pin,,"{""Slot__CPW_Feed_Pin"": {""geometry_type"": ""MultiLineString"", ""relations"": ""overlaps"", ""wkt"": ""MULTILINESTRING ((0.5 21.5, 0 21.5), (0 21.5, -0.5 21.5))""}}",True,
376,57.051279488950968,2.4908376708626747,5.1178326979279518,1.7161530038341881,1.147568117827177,8.3677065884694457,4.969606526196003,0.89013951178640127,0.30110381729900837,0.66193611174821854,0.310856225900352,0.17155420035123825,0.12337222788482904,0.48414519708603621,0.63476670533418655,0.44618659373372793,0.098892401903867722,0.6944707166403532,0.57281602919101715,0.020466902293264866,0.25224901922047138,0.1476365840062499,0.84275477100163698,True,,1,0,Slot__Patch;Slot__CPW_Feed_Pin;Patch__CPW_Feed_Pin,True,Slot__CPW_Feed_Pin,,Slot__CPW_Feed_Pin,,"{""Slot__CPW_Feed_Pin"": {""geometry_type"": ""MultiLineString"", ""relations"": ""overlaps"", ""wkt"": ""MULTILINESTRING ((0.5 22.61, 0 22.61), (0 22.61, -0.5 22.61))""}}",True,
377,34.317956138402224,1.1481047999113798,6.833648644387722,2.6681074816733599,2.0409559365361929,15.849164128303528,2.4071535915136337,0.37218958139419556,0.70667226240038872,0.16361337620764971,0.87462226860225201,0.80589248798787594,0.52012026868760586,0.71254802774637938,0.13347862102091312,0.52668526023626328,0.60241870768368244,0.10814543720334768,0.43743044976145029,0.52040904760360718,0.87746444810181856,0.78349700104445219,0.44165058340877295,True,,1,0,Slot__Patch;Slot__CPW_Feed_Pin;Patch__CPW_Feed_Pin,True,Slot__CPW_Feed_Pin,,Slot__CPW_Feed_Pin,,"{""Slot__CPW_Feed_Pin"": {""geometry_type"": ""MultiLineString"", ""relations"": ""overlaps"", ""wkt"": ""MULTILINESTRING ((0.5 19.59, 0 19.59), (0 19.59, -0.5 19.59))""}}",True,
378,23.359410627745092,2.786141799762845,3.5333816595375538,2.5130672611296179,2.6693011950701475,20.853208210319281,5.876485750079155,0.17345599364489317,0.80843407940119505,0.26547174528241158,0.69116736296564341,0.65072429459542036,0.31088268663734198,0.24941497668623924,0.25554291158914566,0.20281591825187206,0.84705039393156767,0.79647825751453638,0.20425906591117382,0.29983671568334103,0.14646080508828163,0.54990394320338964,0.52757958043366671,True,,1,0,Slot__Patch;Slot__CPW_Feed_Pin;Patch__CPW_Feed_Pin,True,Slot__CPW_Feed_Pin,,Slot__CPW_Feed_Pin,,"{""Slot__CPW_Feed_Pin"": {""geometry_type"": ""MultiLineString"", ""relations"": ""overlaps"", ""wkt"": ""MULTILINESTRING ((0.5 25.33, 0 25.33), (0 25.33, -0.5 25.33))""}}",True,
379,45.466491817496717,1.5666073150932789,8.6026814617216587,3.5063617849722508,1.5192300118505955,13.320023375563323,3.4389998391270638,0.56543561443686485,0.21497844625264406,0.76324087474495173,0.127000842243433,0.26247976440936327,0.83260782808065414,0.94630171731114388,0.75685066916048527,0.77743809018284082,0.35817459691315889,0.38089380413293839,0.78547961171716452,0.79990863706916571,0.52069963794201612,0.38132104557007551,0.13137349393218756,True,,1,0,Slot__Patch;Slot__CPW_Feed_Pin;Patch__CPW_Feed_Pin,True,Slot__CPW_Feed_Pin,,Slot__CPW_Feed_Pin,,"{""Slot__CPW_Feed_Pin"": {""geometry_type"": ""MultiLineString"", ""relations"": ""overlaps"", ""wkt"": ""MULTILINESTRING ((0.5 20.52, 0 20.52), (0 20.52, -0.5 20.52))""}}",True,
380,39.056101371534169,2.5952060855925083,6.0747707393020391,3.8836057122796781,1.9963818062096834,9.8513647634536028,5.0108202993869781,0.047741211019456387,0.97327049262821674,0.049492818303406239,0.56374951265752316,0.39034559391438961,0.48902196157723665,0.55313414242118597,0.97137110494077206,0.90032844617962837,0.43162110075354576,0.34847862366586924,0.045676066540181637,0.20962165854871273,0.39540363475680351,0.095860638655722141,0.66754920966923237,True,,1,0,Slot__Patch;Slot__CPW_Feed_Pin;Patch__CPW_Feed_Pin,True,Slot__CPW_Feed_Pin,,Slot__CPW_Feed_Pin,,"{""Slot__CPW_Feed_Pin"": {""geometry_type"": ""MultiLineString"", ""relations"": ""overlaps"", ""wkt"": ""MULTILINESTRING ((0.5 23.6, 0 23.6), (0 23.6, -0.5 23.6))""}}",True,
381,16.762237851507962,1.7502874452620745,5.8825813885778189,2.1144000811502339,2.8150930628180504,17.376790889538825,3.5733344182372093,0.68992967903614044,0.0032517723739147186,0.54781689494848251,0.00052809249609708786,0.52456199377775192,0.90434667654335499,0.2500504469498992,0.46875687316060066,0.072608734481036663,0.92614218778908253,0.95047540962696075,0.9645699467509985,0.7096723010763526,0.76971119176596403,0.96024430263787508,0.048008240759372711,True,,1,0,Slot__Patch;Slot__CPW_Feed_Pin;Patch__CPW_Feed_Pin,True,Slot__CPW_Feed_Pin,,Slot__CPW_Feed_Pin,,"{""Slot__CPW_Feed_Pin"": {""geometry_type"": ""MultiLineString"", ""relations"": ""overlaps"", ""wkt"": ""MULTILINESTRING ((0.5 22.14, 0 22.14), (0 22.14, -0.5 22.14))""}}",True,
382,27.731716213747859,2.1746894400566816,7.867412718012929,2.9445035578683023,2.4434006363153458,19.045567852444947,4.1039487347006798,0.7646402670070529,0.47962830495089293,0.89909161720424891,0.43441757187247276,0.93192432541400194,0.1765723479911685,0.78789392113685608,0.10645427368581295,0.65492406208068132,0.68737698625773191,0.13709734939038754,0.67723351810127497,0.48569554928690195,0.0032384935766458511,0.69347103033214808,0.97786253876984119,True,,1,0,Slot__Patch;Slot__CPW_Feed_Pin;Patch__CPW_Feed_Pin,True,Slot__CPW_Feed_Pin,,Slot__CPW_Feed_Pin,,"{""Slot__CPW_Feed_Pin"": {""geometry_type"": ""MultiLineString"", ""relations"": ""overlaps"", ""wkt"": ""MULTILINESTRING ((0.5 22.72, 0 22.72), (0 22.72, -0.5 22.72))""}}",True,
383,50.629806322976947,1.4568754360079765,4.274498300626874,1.4589585006237031,1.368067080155015,11.58560193143785,2.5414957702159882,0.49646813794970512,0.51253803540021181,0.4013201929628849,0.99716983828693628,0.043801668100059032,0.71679788455367088,0.016267187893390656,0.60905670002102852,0.32526461966335773,0.17430018354207277,0.53710089530795813,0.31250467151403427,0.9856317937374115,0.62852252740412951,0.36278640944510698,0.36321967095136642,True,,1,0,Slot__Patch;Slot__CPW_Feed_Pin;Patch__CPW_Feed_Pin,True,Slot__CPW_Feed_Pin,,Slot__CPW_Feed_Pin,,"{""Slot__CPW_Feed_Pin"": {""geometry_type"": ""MultiLineString"", ""relations"": ""overlaps"", ""wkt"": ""MULTILINESTRING ((0.5 19.37, 0 19.37), (0 19.37, -0.5 19.37))""}}",True,
384,50.778033072128892,2.8868832979351282,6.137738635763526,3.2277011623606091,2.3349940963089466,16.216048733331263,5.9269013665616512,0.32681845128536224,0.84620451554656029,0.074757776223123074,0.86464739311486483,0.12719612754881382,0.57152100466191769,0.93751215003430843,0.018507952801883221,0.63363396469503641,0.37356365844607353,0.76574341487139463,0.52649041265249252,0.70379261951893568,0.8182226549834013,0.19864146783947945,0.96371540334075689,True,,1,0,Slot__Patch;Slot__CPW_Feed_Pin;Patch__CPW_Feed_Pin,True,Slot__CPW_Feed_Pin,,Slot__CPW_Feed_Pin,,"{""Slot__CPW_Feed_Pin"": {""geometry_type"": ""MultiLineString"", ""relations"": ""overlaps"", ""wkt"": ""MULTILINESTRING ((0.5 25.15, 0 25.15), (0 25.15, -0.5 25.15))""}}",True,
385,27.890923926606774,1.7315589897334576,5.9104338046163321,1.4980780292302371,1.4784124474972486,8.6979390028864145,3.4894178844988346,0.93380165752023458,0.13033300824463367,0.57698670215904713,0.30143646150827408,0.77020152285695076,0.035110221244394779,0.24062678031623363,0.51598133984953165,0.33923753164708614,0.86243830807507038,0.43115978129208088,0.48277950379997492,0.2038434986025095,0.44247322622686625,0.87309136241674423,0.31287816632539034,True,,1,0,Slot__Patch;Slot__CPW_Feed_Pin;Patch__CPW_Feed_Pin,True,Slot__CPW_Feed_Pin,,Slot__CPW_Feed_Pin,,"{""Slot__CPW_Feed_Pin"": {""geometry_type"": ""MultiLineString"", ""relations"": ""overlaps"", ""wkt"": ""MULTILINESTRING ((0.5 20.7, 0 20.7), (0 20.7, -0.5 20.7))""}}",True,
386,16.976388269104064,2.3434729427099228,7.7224657852202654,3.5980378098785879,1.8567271735519171,14.643602846190333,4.9572766162455082,0.61007581278681755,0.35645205248147249,0.97512833308428526,0.13375224079936743,0.67945546004921198,0.75897789746522903,0.70375941041857004,0.90368267428129911,0.89024563133716583,0.61780681740492582,0.74284221604466438,0.125584801658988,0.99152423068881035,0.70547645539045334,0.60875184461474419,0.64855570998042822,True,,1,0,Slot__Patch;Slot__CPW_Feed_Pin;Patch__CPW_Feed_Pin,True,Slot__CPW_Feed_Pin,,Slot__CPW_Feed_Pin,,"{""Slot__CPW_Feed_Pin"": {""geometry_type"": ""MultiLineString"", ""relations"": ""overlaps"", ""wkt"": ""MULTILINESTRING ((0.5 23.16, 0 23.16), (0 23.16, -0.5 23.16))""}}",True,
387,39.2372981691733,1.0610416140407324,4.1411249209195375,2.0722553426399828,2.9566865228116512,22.110900809057057,2.3948212526738644,0.12710681091994047,0.63569902908056974,0.47345301322638988,0.69651690311729908,0.28254382219165564,0.34765104856342077,0.47535604331642389,0.40618961397558451,0.090007065795361996,0.11428127158433199,0.079305064864456654,0.86513043846935034,0.49146071542054415,0.080703510902822018,0.46313342452049255,0.0025860564783215523,True,,1,0,Slot__Patch;Slot__CPW_Feed_Pin;Patch__CPW_Feed_Pin,True,Slot__CPW_Feed_Pin,,Slot__CPW_Feed_Pin,,"{""Slot__CPW_Feed_Pin"": {""geometry_type"": ""MultiLineString"", ""relations"": ""overlaps"", ""wkt"": ""MULTILINESTRING ((0.5 20.41, 0 20.41), (0 20.41, -0.5 20.41))""}}",True,
388,45.307268011383712,2.0271327551454306,5.1691283360123634,2.3901579048484569,2.5589567814022303,17.940368838608265,4.092595387250185,0.73612532019615173,0.42428168281912804,0.71478997357189655,0.010195568203926086,0.40833504870533943,0.94108455069363117,0.025055507197976112,0.36949509847909212,0.21276008524000645,0.1584227941930294,0.17570416256785393,0.12447238620370626,0.51854435727000237,0.95650114119052887,0.060973802581429482,0.54657428711652756,True,,1,0,Slot__Patch;Slot__CPW_Feed_Pin;Patch__CPW_Feed_Pin,True,Slot__CPW_Feed_Pin,,Slot__CPW_Feed_Pin,,"{""Slot__CPW_Feed_Pin"": {""geometry_type"": ""MultiLineString"", ""relations"": ""overlaps"", ""wkt"": ""MULTILINESTRING ((0.5 22.68, 0 22.68), (0 22.68, -0.5 22.68))""}}",True,
389,23.211178514175117,1.370110958814621,6.8731733188033104,3.3018759025260813,1.627637505531311,10.466241999529302,2.5301399938762188,0.0032545542344450951,0.58350965566933155,0.21255946811288595,0.57396447379142046,0.55146246589720249,0.41542257834225893,0.79668361134827137,0.86811152752488852,0.76017578411847353,0.67150083370506763,0.52583770919591188,0.88479706458747387,0.018486266024410725,0.33178166206926107,0.88579142652451992,0.17679685540497303,True,,1,0,Slot__Patch;Slot__CPW_Feed_Pin;Patch__CPW_Feed_Pin,True,Slot__CPW_Feed_Pin,,Slot__CPW_Feed_Pin,,"{""Slot__CPW_Feed_Pin"": {""geometry_type"": ""MultiLineString"", ""relations"": ""overlaps"", ""wkt"": ""MULTILINESTRING ((0.5 19.53, 0 19.53), (0 19.53, -0.5 19.53))""}}",True,
390,34.136775434017181,2.6956360004842281,3.3765765018761158,1.8370091350749136,1.0059756115078926,13.067483673803508,5.0622124783694744,0.4529576264321804,0.93550226557999849,0.36128474585711956,0.99206849373877048,0.89830796327441931,0.62856636568903923,0.25883971620351076,0.74017975199967623,0.4673695145174861,0.91026575397700071,0.3392310319468379,0.72343707922846079,0.80175937991589308,0.56714359484612942,0.65074117667973042,0.85690263658761978,True,,1,0,Slot__Patch;Slot__CPW_Feed_Pin;Patch__CPW_Feed_Pin,True,Slot__CPW_Feed_Pin,,Slot__CPW_Feed_Pin,,"{""Slot__CPW_Feed_Pin"": {""geometry_type"": ""MultiLineString"", ""relations"": ""overlaps"", ""wkt"": ""MULTILINESTRING ((0.5 22.77, 0 22.77), (0 22.77, -0.5 22.77))""}}",True,
391,56.837134435772896,1.9154134336858988,8.4811663068830967,2.869885846972466,2.1806115228682756,20.607986245304346,3.6247290261089802,0.80985976289957762,0.087895001284778118,0.86296259891241789,0.42790674325078726,0.0012742886319756508,0.22794253658503294,0.56192287523299456,0.24157512839883566,0.51281880959868431,0.41574399638921022,0.98706663586199284,0.26727767288684845,0.30183106102049351,0.19144751224666834,0.29611551575362682,0.49199278838932514,True,,1,0,Slot__Patch;Slot__CPW_Feed_Pin;Patch__CPW_Feed_Pin,True,Slot__CPW_Feed_Pin,,Slot__CPW_Feed_Pin,,"{""Slot__CPW_Feed_Pin"": {""geometry_type"": ""MultiLineString"", ""relations"": ""overlaps"", ""wkt"": ""MULTILINESTRING ((0.5 21.72, 0 21.72), (0 21.72, -0.5 21.72))""}}",True,
392,59.264863757416606,2.4161584563553333,3.3334891442209482,3.5265289429575208,1.2811894994229078,21.381981130689383,4.3230373002588749,0.63897143490612507,0.48412533942610025,0.42182665877044201,0.45178905688226223,0.1999026220291853,0.49605025816708803,0.35660750884562731,0.96307830512523651,0.15105445869266987,0.53024554345756769,0.0020458539947867393,0.028868578374385834,0.92910524643957615,0.88063248991966248,0.95352710131555796,0.76873325929045677,True,,1,0,Slot__Patch;Slot__CPW_Feed_Pin;Patch__CPW_Feed_Pin,True,Slot__CPW_Feed_Pin,,Slot__CPW_Feed_Pin,,"{""Slot__CPW_Feed_Pin"": {""geometry_type"": ""MultiLineString"", ""relations"": ""overlaps"", ""wkt"": ""MULTILINESTRING ((0.5 22.02, 0 22.02), (0 22.02, -0.5 22.02))""}}",True,
393,36.278575910255313,1.1983170378953218,8.8117092344909906,2.4930067723616958,2.4073348231613636,13.848798084072769,2.7605213783681393,0.12189281452447176,0.50810203608125448,0.91959960293024778,0.89006103109568357,0.83802513778209686,0.89182941801846027,0.58917031157761812,0.46154745109379292,0.82138168532401323,0.018908738158643246,0.66750608943402767,0.9774864325299859,0.42915354948490858,0.25494047161191702,0.098672543652355671,0.38436067663133144,True,,1,0,Slot__Patch;Slot__CPW_Feed_Pin;Patch__CPW_Feed_Pin,True,Slot__CPW_Feed_Pin,,Slot__CPW_Feed_Pin,,"{""Slot__CPW_Feed_Pin"": {""geometry_type"": ""MultiLineString"", ""relations"": ""overlaps"", ""wkt"": ""MULTILINESTRING ((0.5 20.37, 0 20.37), (0 20.37, -0.5 20.37))""}}",True,
394,25.441630859859288,2.868869973346591,4.5621662568300962,2.6477419981732968,2.7868097089231014,7.6028420543298125,5.2926625274121761,0.42218135111033916,0.96897944808006287,0.50582152791321278,0.54999427124857903,0.74346867669373751,0.18357021640986204,0.12261922843754292,0.083604589104652405,0.40419721137732267,0.27428271435201168,0.47917516529560089,0.63106813095510006,0.64121434558182955,0.51800831221044064,0.36363755259662867,0.57998667284846306,True,,1,0,Slot__Patch;Slot__CPW_Feed_Pin;Patch__CPW_Feed_Pin,True,Slot__CPW_Feed_Pin,,Slot__CPW_Feed_Pin,,"{""Slot__CPW_Feed_Pin"": {""geometry_type"": ""MultiLineString"", ""relations"": ""overlaps"", ""wkt"": ""MULTILINESTRING ((0.5 24.94, 0 24.94), (0 24.94, -0.5 24.94))""}}",True,
395,47.6479108678177,1.5239863768219948,7.3925909679383039,1.7366499327123166,1.9017227198928595,15.084297806024551,3.8551175333559513,0.81524541322141886,0.0076038520783185959,0.0075026070699095726,0.11229062173515558,0.35925240349024534,0.70431123301386833,0.82413517870008945,0.58515416271984577,0.57649083808064461,0.77097294479608536,0.81562084797769785,0.36259157862514257,0.1411481611430645,0.14329287502914667,0.6887145908549428,0.19855906628072262,True,,1,0,Slot__Patch;Slot__CPW_Feed_Pin;Patch__CPW_Feed_Pin,True,Slot__CPW_Feed_Pin,,Slot__CPW_Feed_Pin,,"{""Slot__CPW_Feed_Pin"": {""geometry_type"": ""MultiLineString"", ""relations"": ""overlaps"", ""wkt"": ""MULTILINESTRING ((0.5 21.28, 0 21.28), (0 21.28, -0.5 21.28))""}}",True,
396,42.456724061630666,2.5603290125727654,8.04696049913764,1.4384343354031444,1.613921046257019,19.337103855796158,5.6574658267199993,0.29802391119301319,0.8118096524849534,0.80523672234266996,0.67355107050389051,0.48113398253917694,0.11073301825672388,0.67627544794231653,0.6744322907179594,0.69887001905590296,0.93972154054790735,0.90812895447015762,0.61899668630212545,0.86446029413491488,0.76897299103438854,0.78655304666608572,0.72488334309309721,True,,1,0,Slot__Patch;Slot__CPW_Feed_Pin;Patch__CPW_Feed_Pin,True,Slot__CPW_Feed_Pin,,Slot__CPW_Feed_Pin,,"{""Slot__CPW_Feed_Pin"": {""geometry_type"": ""MultiLineString"", ""relations"": ""overlaps"", ""wkt"": ""MULTILINESTRING ((0.5 23.83, 0 23.83), (0 23.83, -0.5 23.83))""}}",True,
397,20.43723979499191,1.8407594840973616,4.0923670046031475,2.9648418050259355,2.6975554618984461,11.877143299207091,3.2199208624660969,0.94111182261258364,0.21166390832513571,0.30746148340404034,0.23484322242438793,0.61937865428626537,0.52702661417424679,0.37782477680593729,0.17206082865595818,0.27350938133895397,0.45301107969135046,0.25824914965778589,0.38735881261527538,0.36440394446253777,0.39418882969766855,0.14067524205893278,0.12205800507217646,True,,1,0,Slot__Patch;Slot__CPW_Feed_Pin;Patch__CPW_Feed_Pin,True,Slot__CPW_Feed_Pin,,Slot__CPW_Feed_Pin,,"{""Slot__CPW_Feed_Pin"": {""geometry_type"": ""MultiLineString"", ""relations"": ""overlaps"", ""wkt"": ""MULTILINESTRING ((0.5 21.76, 0 21.76), (0 21.76, -0.5 21.76))""}}",True,
398,31.263273451477289,2.23276755400002,6.6514742821455002,2.1344085380434992,2.0770527441054583,9.7959203738719225,4.6878482587635517,0.5148464422672987,0.29764431715011597,0.1431073909625411,0.32436811272054911,0.96223063301295042,0.29827384557574987,0.91029710881412029,0.30976538173854351,0.95013164728879929,0.19178575836122036,0.57162531372159719,0.22108180169016123,0.58084189333021641,0.62973744422197342,0.37632046546787024,0.9106487138196826,True,,1,0,Slot__Patch;Slot__CPW_Feed_Pin;Patch__CPW_Feed_Pin,True,Slot__CPW_Feed_Pin,,Slot__CPW_Feed_Pin,,"{""Slot__CPW_Feed_Pin"": {""geometry_type"": ""MultiLineString"", ""relations"": ""overlaps"", ""wkt"": ""MULTILINESTRING ((0.5 23, 0 23), (0 23, -0.5 23))""}}",True,
399,54.084781128913164,1.3900620974600315,5.2974349558353424,3.8633865224197512,1.2344156578183174,17.321341135539114,2.1253323070704937,0.24772680643945932,0.71019279770553112,0.64142765291035175,0.76359089091420174,0.077892218716442585,0.83948350697755814,0.14282653294503689,0.81212599202990532,0.030613145790994167,0.69704823940992355,0.21950860135257244,0.77257837355136871,0.080915170721709728,0.0039768209680914879,0.55099922697991133,0.31076835189014673,True,,1,0,Slot__Patch;Slot__CPW_Feed_Pin;Patch__CPW_Feed_Pin,True,Slot__CPW_Feed_Pin,,Slot__CPW_Feed_Pin,,"{""Slot__CPW_Feed_Pin"": {""geometry_type"": ""MultiLineString"", ""relations"": ""overlaps"", ""wkt"": ""MULTILINESTRING ((0.5 18.75, 0 18.75), (0 18.75, -0.5 18.75))""}}",True,
400,51.973545094951987,2.1408570352941751,8.8590191937983036,1.8994229765608908,2.8998394403606653,11.707494291476905,3.3651137910783291,0.53784872218966484,0.55055030807852745,0.22206690907478333,0.80024553742259741,0.37526745721697807,0.20744178537279367,0.0551328519359231,0.49803827796131372,0.6759573919698596,0.56901517137885094,0.44771752506494522,0.18453591875731945,0.71910664066672325,0.3039116133004427,0.66303102113306522,0.25869580078870058,True,,1,0,Slot__Patch;Slot__CPW_Feed_Pin;Patch__CPW_Feed_Pin,True,Slot__CPW_Feed_Pin,,Slot__CPW_Feed_Pin,,"{""Slot__CPW_Feed_Pin"": {""geometry_type"": ""MultiLineString"", ""relations"": ""overlaps"", ""wkt"": ""MULTILINESTRING ((0.5 22.41, 0 22.41), (0 22.41, -0.5 22.41))""}}",True,
401,29.157895362004638,1.48539062961936,3.0045629628002644,2.8161380439996724,1.7885885238647461,19.189408253878355,5.8026588596403599,0.20739054214209318,0.45723769254982471,0.71996053028851748,0.36205461807549,0.52230110950767994,0.68617529980838299,0.76373788062483072,0.99934162478893995,0.35116741433739662,0.073301644995808601,0.84756682906299829,0.82182107027620077,0.21904813218861818,0.92968368995934725,0.26911390386521816,0.89293138589709997,True,,1,0,Slot__Patch;Slot__CPW_Feed_Pin;Patch__CPW_Feed_Pin,True,Slot__CPW_Feed_Pin,,Slot__CPW_Feed_Pin,,"{""Slot__CPW_Feed_Pin"": {""geometry_type"": ""MultiLineString"", ""relations"": ""overlaps"", ""wkt"": ""MULTILINESTRING ((0.5 23.07, 0 23.07), (0 23.07, -0.5 23.07))""}}",True,
402,18.318889704532921,2.5660426318645477,7.2511193677783012,2.3211981978267433,1.4093582704663277,17.513306066393852,2.2700407542288303,0.27428855001926422,0.058845018036663532,0.82165822014212608,0.20204127300530672,0.92746930476278067,0.39492349978536367,0.2898630928248167,0.61163707170635462,0.92519363947212696,0.31304467748850584,0.033946475945413113,0.53839103877544403,0.94494769256561995,0.15674150362610817,0.0027068424969911575,0.07239252794533968,False,ValueError: producer reported invalid exported polygon(s): Slot,,0,Slot__Patch;Slot__CPW_Feed_Pin;Patch__CPW_Feed_Pin,True,Slot__CPW_Feed_Pin,,Slot__CPW_Feed_Pin,,"{""Slot__CPW_Feed_Pin"": {""geometry_type"": ""MultiLineString"", ""relations"": ""overlaps"", ""wkt"": ""MULTILINESTRING ((0.5 20.24, 0 20.24), (0 20.24, -0.5 20.24))""}}",True,
403,40.35453159827739,1.7837762888520956,4.7970216348767281,3.359233780018986,2.2790625412017107,9.9805803364142776,4.8325568400323391,0.97876319941133261,0.96455654036253691,0.32345608714967966,0.63982407003641129,0.034341895021498203,0.99869515001773834,0.52998418174684048,0.11034457664936781,0.094557595439255238,0.8253582613542676,0.63609368912875652,0.4552706265822053,0.4450188372284174,0.53153710346668959,0.92934644035995007,0.70371371414512396,True,,1,0,Slot__Patch;Slot__CPW_Feed_Pin;Patch__CPW_Feed_Pin,True,Slot__CPW_Feed_Pin,,Slot__CPW_Feed_Pin,,"{""Slot__CPW_Feed_Pin"": {""geometry_type"": ""MultiLineString"", ""relations"": ""overlaps"", ""wkt"": ""MULTILINESTRING ((0.5 22.89, 0 22.89), (0 22.89, -0.5 22.89))""}}",True,
404,46.940692565403879,2.7576875891536474,3.7632573712617159,3.7133186705410486,2.2365421243011951,13.191038807854056,2.6543753333389759,0.4000338576734066,0.22188949212431908,0.61337721813470125,0.07460411824285984,0.15659800358116627,0.34276188630610704,0.97057996410876513,0.14582414831966162,0.22377295047044754,0.9004708044230938,0.60303769912570715,0.71155938599258661,0.53326112311333418,0.40782825276255608,0.5819963701069355,0.24761419184505939,True,,1,0,Slot__Patch;Slot__CPW_Feed_Pin;Patch__CPW_Feed_Pin,True,Slot__CPW_Feed_Pin,,Slot__CPW_Feed_Pin,,"{""Slot__CPW_Feed_Pin"": {""geometry_type"": ""MultiLineString"", ""relations"": ""overlaps"", ""wkt"": ""MULTILINESTRING ((0.5 21.65, 0 21.65), (0 21.65, -0.5 21.65))""}}",True,
405,24.740270501933992,1.6005008071660995,8.0944539327174425,1.9888540977612139,1.0750288348644972,20.716917780227959,4.2168913893401623,0.85472689103335142,0.75465232320129871,0.11548613011837006,0.5133396303281188,0.8035096637904644,0.80097905732691288,0.2106714891269803,0.64842311758548021,0.80329511221498251,0.39813797362148762,0.18760799430310726,0.29479425400495529,0.033311584964394569,0.78255512844771147,0.47518100589513779,0.60079009085893631,True,,1,0,Slot__Patch;Slot__CPW_Feed_Pin;Patch__CPW_Feed_Pin,True,Slot__CPW_Feed_Pin,,Slot__CPW_Feed_Pin,,"{""Slot__CPW_Feed_Pin"": {""geometry_type"": ""MultiLineString"", ""relations"": ""overlaps"", ""wkt"": ""MULTILINESTRING ((0.5 20.89, 0 20.89), (0 20.89, -0.5 20.89))""}}",True,
406,35.568364765495062,2.4572877399623394,5.5324730928987265,3.10873057153076,1.6957752015441656,15.705550485290587,3.7494559697806835,0.66380572319030762,0.73115665186196566,0.46690534893423319,0.92378802597522736,0.64614733401685953,0.030218916945159435,0.73582016117870808,0.77636597957462072,0.47112807724624872,0.15252741705626249,0.87618298828601837,0.065528973005712032,0.7558063231408596,0.052894497290253639,0.24195415899157524,0.4367994386702776,True,,1,0,Slot__Patch;Slot__CPW_Feed_Pin;Patch__CPW_Feed_Pin,True,Slot__CPW_Feed_Pin,,Slot__CPW_Feed_Pin,,"{""Slot__CPW_Feed_Pin"": {""geometry_type"": ""MultiLineString"", ""relations"": ""overlaps"", ""wkt"": ""MULTILINESTRING ((0.5 21.9, 0 21.9), (0 21.9, -0.5 21.9))""}}",True,
407,58.570810239762068,1.1772072706371546,6.509819945320487,1.5879461038857698,2.6158029101788998,8.2460472453385592,5.1870010681450367,0.083142510615289211,0.26099109183996916,0.96510590240359306,0.48459100443869829,0.25314193125814199,0.61352001503109932,0.44445475377142429,0.27374829072505236,0.54867990128695965,0.64216748345643282,0.28970677498728037,0.92812936566770077,0.25574227143079042,0.67859796900302172,0.81507048010826111,0.7870609387755394,True,,1,0,Slot__Patch;Slot__CPW_Feed_Pin;Patch__CPW_Feed_Pin,True,Slot__CPW_Feed_Pin,,Slot__CPW_Feed_Pin,,"{""Slot__CPW_Feed_Pin"": {""geometry_type"": ""MultiLineString"", ""relations"": ""overlaps"", ""wkt"": ""MULTILINESTRING ((0.5 22.98, 0 22.98), (0 22.98, -0.5 22.98))""}}",True,
408,54.73636974580586,2.6779270209372044,5.6754409074783325,2.2541693314909939,1.9546778202056885,11.24390677548945,2.884824875742197,0.47475494258105755,0.18651806656271219,0.25010532978922129,0.38350097462534904,0.45194593816995621,0.85023419000208378,0.64586288668215275,0.55199890770018101,0.1624431312084198,0.28791858348995447,0.71136931702494621,0.68198036961257458,0.88240485358983278,0.49137958511710167,0.43548717256635427,0.43854319117963314,True,,1,0,Slot__Patch;Slot__CPW_Feed_Pin;Patch__CPW_Feed_Pin,True,Slot__CPW_Feed_Pin,,Slot__CPW_Feed_Pin,,"{""Slot__CPW_Feed_Pin"": {""geometry_type"": ""MultiLineString"", ""relations"": ""overlaps"", ""wkt"": ""MULTILINESTRING ((0.5 21.52, 0 21.52), (0 21.52, -0.5 21.52))""}}",True,
409,32.019209386780858,1.959977837279439,6.2793477326631546,3.7755797313526278,2.8588688764721155,18.710746527649462,4.447280403226614,0.77024018112570047,0.83695978578180075,0.75220983847975731,0.94675290677696466,0.58628434501588345,0.26213420648127794,0.40939673967659473,0.054267488420009613,0.86511702742427588,0.79242084827274084,0.1112663047388196,0.32728771027177572,0.3823489211499691,0.86709473561495543,0.50837462674826384,0.83951712772250175,True,,1,0,Slot__Patch;Slot__CPW_Feed_Pin;Patch__CPW_Feed_Pin,True,Slot__CPW_Feed_Pin,,Slot__CPW_Feed_Pin,,"{""Slot__CPW_Feed_Pin"": {""geometry_type"": ""MultiLineString"", ""relations"": ""overlaps"", ""wkt"": ""MULTILINESTRING ((0.5 23.27, 0 23.27), (0 23.27, -0.5 23.27))""}}",True,
410,21.103986413218081,2.0993003528565168,4.4702801518142223,1.3252194074913859,2.4803095180541277,19.852179740555584,3.979898389428854,0.71115447767078876,0.67332547903060913,0.66613333392888308,0.61439517699182034,0.99532492738217115,0.53777514770627022,0.88083060551434755,0.4321992639452219,0.40733582619577646,0.53216934762895107,0.79762877803295851,0.033081278204917908,0.65664673782885075,0.09433160163462162,0.77516303863376379,0.12875268422067165,True,,1,0,Slot__Patch;Slot__CPW_Feed_Pin;Patch__CPW_Feed_Pin,True,Slot__CPW_Feed_Pin,,Slot__CPW_Feed_Pin,,"{""Slot__CPW_Feed_Pin"": {""geometry_type"": ""MultiLineString"", ""relations"": ""overlaps"", ""wkt"": ""MULTILINESTRING ((0.5 22.56, 0 22.56), (0 22.56, -0.5 22.56))""}}",True,
411,43.194947526790202,1.2544863745570183,7.6749267540872097,3.0490385215729479,1.3332290723919868,12.333612693473697,5.4173819459974766,0.041653131134808064,0.33450829796493053,0.16432970762252808,0.051673422567546368,0.10708027798682451,0.074591237120330334,0.17540561873465776,0.92991887778043747,0.61198005639016628,0.044271461665630341,0.39976263977587223,0.9576321030035615,0.15672055166214705,0.71907016355544329,0.16860705893486738,0.52482857927680016,True,,1,0,Slot__Patch;Slot__CPW_Feed_Pin;Patch__CPW_Feed_Pin,True,Slot__CPW_Feed_Pin,,Slot__CPW_Feed_Pin,,"{""Slot__CPW_Feed_Pin"": {""geometry_type"": ""MultiLineString"", ""relations"": ""overlaps"", ""wkt"": ""MULTILINESTRING ((0.5 22.01, 0 22.01), (0 22.01, -0.5 22.01))""}}",True,
412,38.542267824523151,2.2830241098999977,7.0145989637821913,2.7159115025773648,1.182375131174922,8.9674090733751655,3.0956858806312084,0.58717921189963818,0.60746427718549967,0.89785466715693474,0.74183248821645975,0.23324508033692837,0.73066969029605389,0.32515760324895382,0.84137106314301491,0.74156925361603498,0.24454802367836237,0.37062815856188536,0.21684625837951899,0.81814352609217167,0.34523421712219715,0.3212550962343812,0.051240579225122929,True,,1,0,Slot__Patch;Slot__CPW_Feed_Pin;Patch__CPW_Feed_Pin,True,Slot__CPW_Feed_Pin,,Slot__CPW_Feed_Pin,,"{""Slot__CPW_Feed_Pin"": {""geometry_type"": ""MultiLineString"", ""relations"": ""overlaps"", ""wkt"": ""MULTILINESTRING ((0.5 20.56, 0 20.56), (0 20.56, -0.5 20.56))""}}",True,
413,16.264556567184627,1.0633849631994963,4.9343189131468534,1.6772307716310024,2.0040770955383778,16.507453434169292,5.5331694670021534,0.16782567743211985,0.38475976046174765,0.39575149957090616,0.17815800383687019,0.86746136099100113,0.13181898836046457,0.61970495991408825,0.34301266632974148,0.28605527803301811,0.74199944641441107,0.95518128760159016,0.79242514818906784,0.31819224637001753,0.97002624440938234,0.74763527978211641,0.67066762875765562,True,,1,0,Slot__Patch;Slot__CPW_Feed_Pin;Patch__CPW_Feed_Pin,True,Slot__CPW_Feed_Pin,,Slot__CPW_Feed_Pin,,"{""Slot__CPW_Feed_Pin"": {""geometry_type"": ""MultiLineString"", ""relations"": ""overlaps"", ""wkt"": ""MULTILINESTRING ((0.5 22.6, 0 22.6), (0 22.6, -0.5 22.6))""}}",True,
414,27.190840803086758,2.9866235125809908,8.4338100347667933,3.4620491687208421,2.6254953406751156,21.804466266185045,2.0006047673523426,0.35093414969742298,0.095251888036727905,0.059945836663246155,0.25995861273258924,0.71403246838599443,0.91818954050540924,0.090162225998938084,0.20531133189797401,0.98445970751345158,0.99639864824712276,0.14374293759465218,0.56807689275592566,0.59592546988278627,0.24042259529232979,0.98121295962482691,0.36596155259758234,True,,1,0,Slot__Patch;Slot__CPW_Feed_Pin;Patch__CPW_Feed_Pin,True,Slot__CPW_Feed_Pin,,Slot__CPW_Feed_Pin,,"{""Slot__CPW_Feed_Pin"": {""geometry_type"": ""MultiLineString"", ""relations"": ""overlaps"", ""wkt"": ""MULTILINESTRING ((0.5 21.61, 0 21.61), (0 21.61, -0.5 21.61))""}}",True,
415,50.072821564972401,1.6440258212387562,3.7055489961057901,2.5459591036662461,1.5609649922698736,14.329882110469043,4.5630602650344372,0.89625822473317385,0.88133570365607738,0.5617471681907773,0.8242166917771101,0.32590993028134108,0.44430070277303457,0.85372373554855585,0.70368940196931362,0.034791802056133747,0.48625019937753677,0.55731059331446886,0.42263983748853207,0.095859821885824203,0.61619109194725752,0.087524739094078541,0.98049056064337492,True,,1,0,Slot__Patch;Slot__CPW_Feed_Pin;Patch__CPW_Feed_Pin,True,Slot__CPW_Feed_Pin,,Slot__CPW_Feed_Pin,,"{""Slot__CPW_Feed_Pin"": {""geometry_type"": ""MultiLineString"", ""relations"": ""overlaps"", ""wkt"": ""MULTILINESTRING ((0.5 21.77, 0 21.77), (0 21.77, -0.5 21.77))""}}",True,
416,49.233710705302656,2.3447257075458765,4.6345625258982182,1.5529615959152581,2.1499517448246479,12.576714986935258,2.3614682778716087,0.76133188605308533,0.44633478671312332,0.09864707849919796,0.58347399160265923,0.59483456425368786,0.87772589083760977,0.32890674099326134,0.75031004566699266,0.72392506618052721,0.38704621139913797,0.79239471815526485,0.91988013498485088,0.18784741684794426,0.6500066677108407,0.95024102553725243,0.51051187794655561,True,,1,0,Slot__Patch;Slot__CPW_Feed_Pin;Patch__CPW_Feed_Pin,True,Slot__CPW_Feed_Pin,,Slot__CPW_Feed_Pin,,"{""Slot__CPW_Feed_Pin"": {""geometry_type"": ""MultiLineString"", ""relations"": ""overlaps"", ""wkt"": ""MULTILINESTRING ((0.5 20.85, 0 20.85), (0 20.85, -0.5 20.85))""}}",True,
417,26.269379421137273,1.0017439238727093,7.4165053255856037,3.1549872059375055,1.0384547989815474,20.044011161662638,4.7989841997623444,0.4931847071275115,0.54589306376874447,0.60093465726822615,0.020232529379427433,0.49174608290195465,0.47658421099185944,0.60025452449917793,0.25292803253978491,0.30369135923683643,0.87689841445535421,0.37789721693843603,0.086458257399499416,0.68777573574334383,0.024722134694457054,0.11758793890476227,0.14108549896627665,True,,1,0,Slot__Patch;Slot__CPW_Feed_Pin;Patch__CPW_Feed_Pin,True,Slot__CPW_Feed_Pin,,Slot__CPW_Feed_Pin,,"{""Slot__CPW_Feed_Pin"": {""geometry_type"": ""MultiLineString"", ""relations"": ""overlaps"", ""wkt"": ""MULTILINESTRING ((0.5 20.84, 0 20.84), (0 20.84, -0.5 20.84))""}}",True,
418,15.433742869645357,2.9251851290464401,3.2138994857668877,2.0249592281877997,1.6599641051143408,18.489674110896885,3.2688038051128387,0.052262779325246811,0.94388328585773706,0.95217506028711796,0.41495627723634243,0.082888846285641193,0.69021556619554758,0.062902632169425488,0.14060981292277575,0.97073087468743324,0.63519654981791973,0.69127342943102121,0.30302450060844421,0.47621991019695997,0.76385155972093344,0.35278302803635597,0.8203331409022212,True,,1,0,Slot__Patch;Slot__CPW_Feed_Pin;Patch__CPW_Feed_Pin,True,Slot__CPW_Feed_Pin,,Slot__CPW_Feed_Pin,,"{""Slot__CPW_Feed_Pin"": {""geometry_type"": ""MultiLineString"", ""relations"": ""overlaps"", ""wkt"": ""MULTILINESTRING ((0.5 21.85, 0 21.85), (0 21.85, -0.5 21.85))""}}",True,
419,37.61802339926362,1.705403646454215,8.6467500999569893,3.6681630933657292,2.5284495912492275,10.97156616859138,5.8313487991690636,0.69444132875651121,0.03270049300044775,0.45055457856506109,0.97769043873995543,0.9398835701867938,0.16409678570926189,0.86528203915804625,0.63801126088947058,0.048526833765208721,0.13264669477939606,0.10377441346645355,0.69061856810003519,0.97627800144255161,0.38954354822635651,0.71519837528467178,0.45580480340868235,True,,1,0,Slot__Patch;Slot__CPW_Feed_Pin;Patch__CPW_Feed_Pin,True,Slot__CPW_Feed_Pin,,Slot__CPW_Feed_Pin,,"{""Slot__CPW_Feed_Pin"": {""geometry_type"": ""MultiLineString"", ""relations"": ""overlaps"", ""wkt"": ""MULTILINESTRING ((0.5 24.06, 0 24.06), (0 24.06, -0.5 24.06))""}}",True,
420,44.028511745855212,2.7413190063089132,6.6753942836076021,3.3967670556157836,2.9871651027351618,14.079626812599599,3.6502086967229843,0.17673204839229584,0.77538476139307022,0.73681293707340956,0.29143001977354288,0.81348194181919098,0.50817092042416334,0.63418537378311157,0.60253174882382154,0.17604847066104412,0.07902232650667429,0.13341243658214808,0.44690303597599268,0.001988816075026989,0.51484097447246313,0.8047360498458147,0.99967477098107338,True,,1,0,Slot__Patch;Slot__CPW_Feed_Pin;Patch__CPW_Feed_Pin,True,Slot__CPW_Feed_Pin,,Slot__CPW_Feed_Pin,,"{""Slot__CPW_Feed_Pin"": {""geometry_type"": ""MultiLineString"", ""relations"": ""overlaps"", ""wkt"": ""MULTILINESTRING ((0.5 23.38, 0 23.38), (0 23.38, -0.5 23.38))""}}",True,
421,22.030973313376307,1.8966473639011383,5.3698256034404039,2.2774710757657886,1.8244291841983795,21.62013117223978,5.2127536609768867,0.56875134166330099,0.24808927439153194,0.23452663980424404,0.85510735586285591,0.21051573567092419,0.096263278275728226,0.43653140217065811,0.10382370743900537,0.85150262806564569,0.59112270828336477,0.53224081546068192,0.55943868309259415,0.50205233134329319,0.14060168713331223,0.13812149874866009,0.34870019368827343,True,,1,0,Slot__Patch;Slot__CPW_Feed_Pin;Patch__CPW_Feed_Pin,True,Slot__CPW_Feed_Pin,,Slot__CPW_Feed_Pin,,"{""Slot__CPW_Feed_Pin"": {""geometry_type"": ""MultiLineString"", ""relations"": ""overlaps"", ""wkt"": ""MULTILINESTRING ((0.5 22.94, 0 22.94), (0 22.94, -0.5 22.94))""}}",True,
422,32.855569724924862,2.0356451533734798,7.8820070084184408,2.7825821461156015,1.4459008350968361,16.721373740583658,2.7428807690739632,0.88565049692988396,0.27196069154888391,0.33640409912914038,0.71092547755688429,0.36425004433840513,0.82062042970210314,0.90015610959380865,0.47590385656803846,0.42485747393220663,0.83477061800658703,0.34390996210277081,0.83017712738364935,0.28706539794802666,0.89894955698400736,0.40256007947027683,0.68498407676815987,True,,1,0,Slot__Patch;Slot__CPW_Feed_Pin;Patch__CPW_Feed_Pin,True,Slot__CPW_Feed_Pin,,Slot__CPW_Feed_Pin,,"{""Slot__CPW_Feed_Pin"": {""geometry_type"": ""MultiLineString"", ""relations"": ""overlaps"", ""wkt"": ""MULTILINESTRING ((0.5 20.23, 0 20.23), (0 20.23, -0.5 20.23))""}}",True,
423,55.655088652856648,1.3180800620466471,3.9727717246860266,1.9471072912216187,2.3656862992793322,9.2472451133653522,4.1803967207670212,0.36764540802687407,0.73587690200656652,0.83802234567701817,0.14667218737304211,0.72112250793725252,0.28381196595728397,0.17153727170079947,0.97459985408931971,0.59446556121110916,0.33927303552627563,0.94698750134557486,0.16346929036080837,0.78701451886445284,0.27373362891376019,0.5403889324516058,0.038907540962100029,True,,1,0,Slot__Patch;Slot__CPW_Feed_Pin;Patch__CPW_Feed_Pin,True,Slot__CPW_Feed_Pin,,Slot__CPW_Feed_Pin,,"{""Slot__CPW_Feed_Pin"": {""geometry_type"": ""MultiLineString"", ""relations"": ""overlaps"", ""wkt"": ""MULTILINESTRING ((0.5 21.87, 0 21.87), (0 21.87, -0.5 21.87))""}}",True,
424,57.643853011541069,2.8192809410393238,7.8375685214996338,2.5809529874473816,1.2045455258339643,10.228089052252471,3.8884709775447845,0.1987206656485796,0.81661270279437304,0.38133865501731634,0.23314617481082678,0.54645051993429661,0.046885598450899124,0.99794492777436972,0.19587627612054348,0.24141619168221951,0.73062943294644356,0.056086556985974312,0.41733924858272076,0.41364783514291048,0.58741748239845037,0.20902335736900568,0.69063320755958557,True,,1,0,Slot__Patch;Slot__CPW_Feed_Pin;Patch__CPW_Feed_Pin,True,Slot__CPW_Feed_Pin,,Slot__CPW_Feed_Pin,,"{""Slot__CPW_Feed_Pin"": {""geometry_type"": ""MultiLineString"", ""relations"": ""overlaps"", ""wkt"": ""MULTILINESTRING ((0.5 21.91, 0 21.91), (0 21.91, -0.5 21.91))""}}",True,
425,34.734755116514862,1.5388468969613314,4.3047115355730057,3.4157833134755498,2.1089787967503071,17.709543015807867,5.4509544596076012,0.55652834940701723,0.15992529969662428,0.87904913164675236,0.67132657952606678,0.43066691234707832,0.58867605309933424,0.19873316492885351,0.69749874249100685,0.78565806988626719,0.22026968933641911,0.64154137205332518,0.59194742795079947,0.91357455775141716,0.21219033747911453,0.84708110708743334,0.087456906214356422,True,,1,0,Slot__Patch;Slot__CPW_Feed_Pin;Patch__CPW_Feed_Pin,True,Slot__CPW_Feed_Pin,,Slot__CPW_Feed_Pin,,"{""Slot__CPW_Feed_Pin"": {""geometry_type"": ""MultiLineString"", ""relations"": ""overlaps"", ""wkt"": ""MULTILINESTRING ((0.5 23.1, 0 23.1), (0 23.1, -0.5 23.1))""}}",True,
426,23.821527287364006,2.3959270846098661,6.0698276571929455,1.6411361018195749,2.7296951375901699,18.963586091995239,2.9811349734663963,0.98963796906173229,0.32393153384327888,0.54342991393059492,0.76872882712632418,0.025803179480135441,0.35943428613245487,0.73169004172086716,0.81957448087632656,0.48485596384853125,0.47857377212494612,0.45493475813418627,0.79774466156959534,0.12542128004133701,0.95138437394052744,0.61156546417623758,0.87690572440624237,True,,1,0,Slot__Patch;Slot__CPW_Feed_Pin;Patch__CPW_Feed_Pin,True,Slot__CPW_Feed_Pin,,Slot__CPW_Feed_Pin,,"{""Slot__CPW_Feed_Pin"": {""geometry_type"": ""MultiLineString"", ""relations"": ""overlaps"", ""wkt"": ""MULTILINESTRING ((0.5 22.11, 0 22.11), (0 22.11, -0.5 22.11))""}}",True,
427,46.104383021593094,1.2386284843087196,5.8878935538232327,2.7610564641654496,1.583837291225791,11.430404833517969,4.4185903370380402,0.25779856089502573,0.66822002269327641,0.045044710859656334,0.33093363791704178,0.88768054451793432,0.77612556237727404,0.46401150524616241,0.31793353334069252,0.53494390845298767,0.97623923141509295,0.86744909361004829,0.19298731628805399,0.62547762971371412,0.32713389210402966,0.44469149876385927,0.27664382196962833,True,,1,0,Slot__Patch;Slot__CPW_Feed_Pin;Patch__CPW_Feed_Pin,True,Slot__CPW_Feed_Pin,,Slot__CPW_Feed_Pin,,"{""Slot__CPW_Feed_Pin"": {""geometry_type"": ""MultiLineString"", ""relations"": ""overlaps"", ""wkt"": ""MULTILINESTRING ((0.5 21.24, 0 21.24), (0 21.24, -0.5 21.24))""}}",True,
428,41.276028016582131,2.2041703388094902,3.5401573162525892,3.0115158615633852,1.9317778646945953,7.9910430964082479,2.0998521521687508,0.86339865811169147,0.39527733344584703,0.76660552062094212,0.89225500263273716,0.76518868282437325,0.43221141397953033,0.035454983823001385,0.40648116916418076,0.66235110629349947,0.79744318500161171,0.90097810793668032,0.95220576319843531,0.34936913289129734,0.70231184456497431,0.0342310955747962,0.8030863469466567,True,,1,0,Slot__Patch;Slot__CPW_Feed_Pin;Patch__CPW_Feed_Pin,True,Slot__CPW_Feed_Pin,,Slot__CPW_Feed_Pin,,"{""Slot__CPW_Feed_Pin"": {""geometry_type"": ""MultiLineString"", ""relations"": ""overlaps"", ""wkt"": ""MULTILINESTRING ((0.5 20.23, 0 20.23), (0 20.23, -0.5 20.23))""}}",True,
429,19.157939041033387,1.4220158141106367,8.5962748657912016,1.3689360689371826,2.7546986434608698,15.516465646214783,4.537307545542717,0.38135231006890535,0.6125144837424159,0.26889751758426428,0.45351662393659353,0.14952697791159153,0.95347028132528067,0.76774497609585524,0.90876125730574131,0.3647808525711298,0.30975552834570408,0.29982365295290947,0.057077564299106598,0.84943531733006239,0.078007897362112999,0.89690582733601332,0.41885119397193193,True,,1,0,Slot__Patch;Slot__CPW_Feed_Pin;Patch__CPW_Feed_Pin,True,Slot__CPW_Feed_Pin,,Slot__CPW_Feed_Pin,,"{""Slot__CPW_Feed_Pin"": {""geometry_type"": ""MultiLineString"", ""relations"": ""overlaps"", ""wkt"": ""MULTILINESTRING ((0.5 22.71, 0 22.71), (0 22.71, -0.5 22.71))""}}",True,
430,30.082099386490881,2.5024966318160295,5.1465822849422693,3.8091448500752456,2.375376345589757,20.935243614949286,3.0071805566549301,0.072265846654772758,0.90161608532071114,0.18263361416757107,0.10569457709789276,0.30707169976085424,0.24472398869693279,0.30167839303612709,0.54645483940839767,0.90767104551196098,0.053412723354995251,0.61150614358484745,0.33272564318031073,0.064682577736675739,0.83654244896024466,0.63205514010041952,0.6138708209618926,True,,1,0,Slot__Patch;Slot__CPW_Feed_Pin;Patch__CPW_Feed_Pin,True,Slot__CPW_Feed_Pin,,Slot__CPW_Feed_Pin,,"{""Slot__CPW_Feed_Pin"": {""geometry_type"": ""MultiLineString"", ""relations"": ""overlaps"", ""wkt"": ""MULTILINESTRING ((0.5 21.88, 0 21.88), (0 21.88, -0.5 21.88))""}}",True,
431,52.804414951242507,1.847383800894022,6.8052681628614664,2.2064756410196424,1.3110920563340187,13.475281270220876,5.5696640089154243,0.68029763642698526,0.12178165651857853,0.68101729732006788,0.54488685447722673,0.66882714722305536,0.64095995668321848,0.50249810144305229,0.044185841456055641,0.11207112949341536,0.55769987124949694,0.21453981380909681,0.65800300799310207,0.56463427469134331,0.46126195788383484,0.29917318653315306,0.23255006689578295,True,,1,0,Slot__Patch;Slot__CPW_Feed_Pin;Patch__CPW_Feed_Pin,True,Slot__CPW_Feed_Pin,,Slot__CPW_Feed_Pin,,"{""Slot__CPW_Feed_Pin"": {""geometry_type"": ""MultiLineString"", ""relations"": ""overlaps"", ""wkt"": ""MULTILINESTRING ((0.5 22.72, 0 22.72), (0 22.72, -0.5 22.72))""}}",True,
432,53.517630170099437,2.6219795886427164,4.3507390525192022,2.9059959413483742,2.5858602616935968,15.332032721489668,4.9246883317828178,0.097603704780340195,0.14872703701257706,0.19816377852112055,0.51898009143769741,0.84706831723451614,0.28087521344423294,0.66477772127836943,0.73376188334077597,0.71260797884315252,0.67624387983232737,0.48535527754575014,0.25990188866853714,0.23502129595726728,0.22993437666445971,0.40680995769798756,0.21189916972070932,True,,1,0,Slot__Patch;Slot__CPW_Feed_Pin;Patch__CPW_Feed_Pin,True,Slot__CPW_Feed_Pin,,Slot__CPW_Feed_Pin,,"{""Slot__CPW_Feed_Pin"": {""geometry_type"": ""MultiLineString"", ""relations"": ""overlaps"", ""wkt"": ""MULTILINESTRING ((0.5 24.13, 0 24.13), (0 24.13, -0.5 24.13))""}}",True,
433,30.778470332734287,1.7791704200208187,7.5099248047918081,1.7918585121631625,1.7275677025318146,7.7993087796494365,2.4872328042984009,0.64202032517641783,0.87475033663213253,0.69599779322743416,0.080697636120021343,0.24019584618508816,0.86457399930804968,0.40514587145298719,0.23236680496484041,0.25977952778339386,0.1815079664811492,0.83654023334383965,0.7493828097358346,0.73508534766733646,0.60519578494131565,0.52143014781177044,0.56472419481724501,True,,1,0,Slot__Patch;Slot__CPW_Feed_Pin;Patch__CPW_Feed_Pin,True,Slot__CPW_Feed_Pin,,Slot__CPW_Feed_Pin,,"{""Slot__CPW_Feed_Pin"": {""geometry_type"": ""MultiLineString"", ""relations"": ""overlaps"", ""wkt"": ""MULTILINESTRING ((0.5 19.99, 0 19.99), (0 19.99, -0.5 19.99))""}}",True,
434,19.861809946596622,2.1713420450687408,5.7477029878646135,3.2668864306062462,1.1070959940552711,13.623207486234605,5.9565603137016296,0.84172415733337402,0.64822883997112513,0.84465869981795549,0.48339838907122612,0.33456991892307997,0.09332486055791378,0.92980236187577248,0.34467322286218405,0.96776672266423702,0.42418062500655651,0.025101939216256142,0.89219177328050137,0.46028256043791771,0.37185540329664946,0.75454243458807468,0.40061500016599894,True,,1,0,Slot__Patch;Slot__CPW_Feed_Pin;Patch__CPW_Feed_Pin,True,Slot__CPW_Feed_Pin,,Slot__CPW_Feed_Pin,,"{""Slot__CPW_Feed_Pin"": {""geometry_type"": ""MultiLineString"", ""relations"": ""overlaps"", ""wkt"": ""MULTILINESTRING ((0.5 23.24, 0 23.24), (0 23.24, -0.5 23.24))""}}",True,
435,41.974727623164654,1.4514260943979025,6.3034020233899355,2.4364095849916341,2.2063248176127672,21.105119660496712,3.394076757133007,0.42133735772222281,0.35960446204990149,0.34640077501535416,0.92108962032943964,0.68753614742308855,0.55212281737476587,0.13914464041590691,0.84605721104890108,0.01297187153249979,0.93746984004974365,0.67203776817768812,0.098538248799741268,0.96023209858685732,0.99614028260111809,0.17360602878034115,0.75049504917114973,True,,1,0,Slot__Patch;Slot__CPW_Feed_Pin;Patch__CPW_Feed_Pin,True,Slot__CPW_Feed_Pin,,Slot__CPW_Feed_Pin,,"{""Slot__CPW_Feed_Pin"": {""geometry_type"": ""MultiLineString"", ""relations"": ""overlaps"", ""wkt"": ""MULTILINESTRING ((0.5 21.06, 0 21.06), (0 21.06, -0.5 21.06))""}}",True,
436,48.220587344840169,2.4795366134494543,8.2688138857483864,2.0386944808065892,2.3093122728168964,17.066568550653756,5.0869962722063065,0.96539903804659843,0.57103890925645828,0.59139955416321754,0.35593058448284864,0.56589040718972683,0.14554844424128532,0.36041433271020651,0.88275178615003824,0.13354289159178734,0.85232418123632669,0.5810097623616457,0.85787304397672415,0.049786176532506943,0.12290494423359632,0.33357828482985497,0.29451380483806133,True,,1,0,Slot__Patch;Slot__CPW_Feed_Pin;Patch__CPW_Feed_Pin,True,Slot__CPW_Feed_Pin,,Slot__CPW_Feed_Pin,,"{""Slot__CPW_Feed_Pin"": {""geometry_type"": ""MultiLineString"", ""relations"": ""overlaps"", ""wkt"": ""MULTILINESTRING ((0.5 23.88, 0 23.88), (0 23.88, -0.5 23.88))""}}",True,
437,25.920887337997556,1.1349994391202927,3.5860020741820335,3.6457171702757485,1.3772586863487959,9.6070635225623846,3.5245126858353615,0.29497694503515959,0.42118464969098568,0.093563304282724857,0.79463559202849865,0.45889569073915482,0.74977691005915403,0.56978426780551672,0.38024431001394987,0.83890231233090162,0.34901363309472799,0.24552441667765379,0.15141214244067669,0.54971503186970949,0.74713635817170143,0.71969045698642731,0.92888667061924934,True,,1,0,Slot__Patch;Slot__CPW_Feed_Pin;Patch__CPW_Feed_Pin,True,Slot__CPW_Feed_Pin,,Slot__CPW_Feed_Pin,,"{""Slot__CPW_Feed_Pin"": {""geometry_type"": ""MultiLineString"", ""relations"": ""overlaps"", ""wkt"": ""MULTILINESTRING ((0.5 20.04, 0 20.04), (0 20.04, -0.5 20.04))""}}",True,
438,36.848480240441859,2.8052667491137981,7.0386590547859669,1.5356162687763573,1.7568246331065893,12.095695333555341,4.055116631090641,0.22124995291233063,0.06956778559833765,0.49177026003599167,0.64249195996671915,0.11573925334960222,0.45803801901638508,0.095417343080043793,0.0081685716286301613,0.39058180619031191,0.10828606598079205,0.93188695330172777,0.49004849139600992,0.27053079288452864,0.47893727291375399,0.98596769943833351,0.10871815495193005,True,,1,0,Slot__Patch;Slot__CPW_Feed_Pin;Patch__CPW_Feed_Pin,True,Slot__CPW_Feed_Pin,,Slot__CPW_Feed_Pin,,"{""Slot__CPW_Feed_Pin"": {""geometry_type"": ""MultiLineString"", ""relations"": ""overlaps"", ""wkt"": ""MULTILINESTRING ((0.5 22.61, 0 22.61), (0 22.61, -0.5 22.61))""}}",True,
439,59.752406836487353,1.5875290427356958,5.006575170904398,3.1839789945632226,2.9297534786164761,19.621576094068587,2.6176611334085464,0.5156885152682662,0.90701933111995459,0.99002946633845568,0.20326440408825874,0.96882771234959364,0.93728937674313784,0.83575783669948578,0.5106945289298892,0.59009909071028233,0.59695036709308624,0.26940314844250679,0.50068199634552002,0.77058930136263371,0.85414533503353596,0.067148305475711823,0.74014604464173317,True,,1,0,Slot__Patch;Slot__CPW_Feed_Pin;Patch__CPW_Feed_Pin,True,Slot__CPW_Feed_Pin,,Slot__CPW_Feed_Pin,,"{""Slot__CPW_Feed_Pin"": {""geometry_type"": ""MultiLineString"", ""relations"": ""overlaps"", ""wkt"": ""MULTILINESTRING ((0.5 21.13, 0 21.13), (0 21.13, -0.5 21.13))""}}",True,
440,56.357832527719438,2.0887694992125034,7.1831596735864878,3.8272868886590006,1.5303471386432648,22.353771538473666,5.3252509236335754,0.90926268510520458,0.520958018489182,0.29060906916856766,0.1647050129249692,0.79483447596430779,0.66927177738398314,0.0054429471492767334,0.28868786618113518,0.19902308657765388,0.45705625787377357,0.72170920763164759,0.76225394755601883,0.39783171750605106,0.04240137618035078,0.68317809607833624,0.016643086448311806,True,,1,0,Slot__Patch;Slot__CPW_Feed_Pin;Patch__CPW_Feed_Pin,True,Slot__CPW_Feed_Pin,,Slot__CPW_Feed_Pin,,"{""Slot__CPW_Feed_Pin"": {""geometry_type"": ""MultiLineString"", ""relations"": ""overlaps"", ""wkt"": ""MULTILINESTRING ((0.5 22.94, 0 22.94), (0 22.94, -0.5 22.94))""}}",True,
441,33.56412862893194,1.3084127027541399,4.774524400010705,2.1795485453680161,2.6581995580345392,14.835206279531121,3.7627058550715446,0.32962892297655344,0.48682950716465712,0.79277699906378984,0.72792644053697586,0.18307900615036488,0.19492612406611443,0.80074746161699295,0.78632779233157635,0.77390658389776945,0.96253564395010471,0.072850294411182404,0.24408628139644861,0.89789736550301313,0.66760586574673653,0.26458756905049086,0.63642103970050812,True,,1,0,Slot__Patch;Slot__CPW_Feed_Pin;Patch__CPW_Feed_Pin,True,Slot__CPW_Feed_Pin,,Slot__CPW_Feed_Pin,,"{""Slot__CPW_Feed_Pin"": {""geometry_type"": ""MultiLineString"", ""relations"": ""overlaps"", ""wkt"": ""MULTILINESTRING ((0.5 21.73, 0 21.73), (0 21.73, -0.5 21.73))""}}",True,
442,22.72368622943759,2.6342548411339521,8.9742566775530577,2.9998406527563937,2.0364456195384264,8.4766403865069151,4.2933784648776054,0.15336239524185658,0.026324022561311722,0.62847964838147163,0.83322177734225988,0.2735196566209197,0.98178424406796694,0.27072036173194647,0.66424764320254326,0.44973540026694536,0.70521424990147352,0.76142535917460918,0.39766425453126431,0.17247035074979067,0.43444453645497561,0.03091058786958456,0.33183353580534458,True,,1,0,Slot__Patch;Slot__CPW_Feed_Pin;Patch__CPW_Feed_Pin,True,Slot__CPW_Feed_Pin,,Slot__CPW_Feed_Pin,,"{""Slot__CPW_Feed_Pin"": {""geometry_type"": ""MultiLineString"", ""relations"": ""overlaps"", ""wkt"": ""MULTILINESTRING ((0.5 22.97, 0 22.97), (0 22.97, -0.5 22.97))""}}",True,
443,44.737339373677969,1.976856105029583,3.1680091302841902,1.3921734344214203,1.1520929709076881,15.943478350527585,2.8558623790740967,0.60896669793874025,0.99707705713808537,0.12674325797706842,0.27046948857605457,0.63918136898428202,0.38241569884121418,0.53449352737516165,0.16661976091563702,0.5304610300809145,0.21829153317958117,0.40837835427373648,0.59598067309707403,0.67242163047194481,0.80867237038910389,0.9167633755132556,0.94674390554428101,True,,1,0,Slot__Patch;Slot__CPW_Feed_Pin;Patch__CPW_Feed_Pin,True,Slot__CPW_Feed_Pin,,Slot__CPW_Feed_Pin,,"{""Slot__CPW_Feed_Pin"": {""geometry_type"": ""MultiLineString"", ""relations"": ""overlaps"", ""wkt"": ""MULTILINESTRING ((0.5 19.99, 0 19.99), (0 19.99, -0.5 19.99))""}}",True,
444,39.722039764747024,2.9502180591225624,5.5099702142179012,1.7702200153842571,1.3635436575859785,20.35750474780798,4.6630645766854286,0.027795447036623955,0.19288466591387987,0.93643866200000048,0.96068947017192841,0.51362681575119495,0.78882960882037878,0.96506452187895775,0.077341454103589058,0.65114649292081594,0.0085158832371234894,0.31342883966863155,0.35239293333142996,0.33320419955998659,0.1853118808940053,0.57673752401024103,0.47303767222911119,True,,1,0,Slot__Patch;Slot__CPW_Feed_Pin;Patch__CPW_Feed_Pin,True,Slot__CPW_Feed_Pin,,Slot__CPW_Feed_Pin,,"{""Slot__CPW_Feed_Pin"": {""geometry_type"": ""MultiLineString"", ""relations"": ""overlaps"", ""wkt"": ""MULTILINESTRING ((0.5 22.98, 0 22.98), (0 22.98, -0.5 22.98))""}}",True,
445,17.543574264273047,1.6681636702269316,6.4418658725917339,2.6000532619655132,2.4479085691273212,12.882918803952634,2.2255485206842422,0.73331295792013407,0.78365667443722486,0.43426921218633652,0.39692344982177019,0.40174947306513786,0.32524801045656204,0.22886725142598152,0.57579158246517181,0.32171785086393356,0.50499005056917667,0.97795684542506933,0.65394682995975018,0.83313038572669029,0.55960843898355961,0.49606053251773119,0.87387435790151358,True,,1,0,Slot__Patch;Slot__CPW_Feed_Pin;Patch__CPW_Feed_Pin,True,Slot__CPW_Feed_Pin,,Slot__CPW_Feed_Pin,,"{""Slot__CPW_Feed_Pin"": {""geometry_type"": ""MultiLineString"", ""relations"": ""overlaps"", ""wkt"": ""MULTILINESTRING ((0.5 20.34, 0 20.34), (0 20.34, -0.5 20.34))""}}",True,
446,28.372976523824036,2.2798825968056917,3.9266978949308395,2.4554791484028105,2.8261932693421841,10.679930741898715,5.6949446946382523,0.78360225446522236,0.6972699947655201,0.020433441735804081,0.04119306243956089,0.054720633663237095,0.60137842688709497,0.69981667678803205,0.93810980208218098,0.9038619976490736,0.76427176874130964,0.16433654073625803,0.98767354432493448,0.11211527325212955,0.29146633576601744,0.22912704292684793,0.16273960191756487,True,,1,0,Slot__Patch;Slot__CPW_Feed_Pin;Patch__CPW_Feed_Pin,True,Slot__CPW_Feed_Pin,,Slot__CPW_Feed_Pin,,"{""Slot__CPW_Feed_Pin"": {""geometry_type"": ""MultiLineString"", ""relations"": ""overlaps"", ""wkt"": ""MULTILINESTRING ((0.5 24.8, 0 24.8), (0 24.8, -0.5 24.8))""}}",True,
447,51.353422519750893,1.1246925182640553,8.209697037935257,3.5702406501397492,1.9852670636028051,18.219976890832186,3.1323995962738991,0.45406863559037447,0.29487727023661137,0.52217230573296547,0.6053595757111907,0.92050423379987478,0.012697657570242882,0.49509162735193968,0.43964023888111115,0.076399759389460087,0.25314804632216692,0.50180505216121674,0.0059708952903747559,0.61217120569199324,0.91673943027853966,0.84351833630353212,0.55870870407670736,True,,1,0,Slot__Patch;Slot__CPW_Feed_Pin;Patch__CPW_Feed_Pin,True,Slot__CPW_Feed_Pin,,Slot__CPW_Feed_Pin,,"{""Slot__CPW_Feed_Pin"": {""geometry_type"": ""MultiLineString"", ""relations"": ""overlaps"", ""wkt"": ""MULTILINESTRING ((0.5 20.24, 0 20.24), (0 20.24, -0.5 20.24))""}}",True,
448,50.97013933584094,2.0530341155827045,4.0646333377808332,2.1673696942627432,1.0624107234179974,19.334052396006882,3.7166314534842968,0.40767207834869623,0.044649013318121433,0.036820540204644203,0.12221488356590271,0.10155023727566004,0.97298199124634266,0.22599055431783199,0.91528120636940002,0.32911873981356621,0.65976751502603292,0.66294675227254629,0.78312365710735321,0.36734907701611519,0.27325213514268398,0.69834952987730503,0.98797778785228729,True,,1,0,Slot__Patch;Slot__CPW_Feed_Pin;Patch__CPW_Feed_Pin,True,Slot__CPW_Feed_Pin,,Slot__CPW_Feed_Pin,,"{""Slot__CPW_Feed_Pin"": {""geometry_type"": ""MultiLineString"", ""relations"": ""overlaps"", ""wkt"": ""MULTILINESTRING ((0.5 20.84, 0 20.84), (0 20.84, -0.5 20.84))""}}",True,
449,28.79677539691329,1.3354205656796694,7.9835277032107115,3.8508915597572928,2.1259950753301382,11.793562984094024,5.1541479416191578,0.8319519367069006,0.94755964633077383,0.53898858930915594,0.55947883147746325,0.98576664831489325,0.38926038611680269,0.95416217856109142,0.41754788346588612,0.62763503473252058,0.17015992943197489,0.014913482591509819,0.2076059365645051,0.86740496475249529,0.89747981820255518,0.37353183887898922,0.35258252359926701,True,,1,0,Slot__Patch;Slot__CPW_Feed_Pin;Patch__CPW_Feed_Pin,True,Slot__CPW_Feed_Pin,,Slot__CPW_Feed_Pin,,"{""Slot__CPW_Feed_Pin"": {""geometry_type"": ""MultiLineString"", ""relations"": ""overlaps"", ""wkt"": ""MULTILINESTRING ((0.5 22.62, 0 22.62), (0 22.62, -0.5 22.62))""}}",True,
450,17.124879634939134,2.7244374584406614,5.2955191824585199,1.4110174408182503,2.5055305194109678,9.6601550001651049,2.6842701621353626,0.6556778522208333,0.53342752158641815,0.89032386802136898,0.8756928239017725,0.58007941581308842,0.66049256548285484,0.49200225714594126,0.037667155265808105,0.084287081845104694,0.41186226904392242,0.82659590989351273,0.43195408396422863,0.093595395796000957,0.12546984851360321,0.10855168290436268,0.67330446839332581,True,,1,0,Slot__Patch;Slot__CPW_Feed_Pin;Patch__CPW_Feed_Pin,True,Slot__CPW_Feed_Pin,,Slot__CPW_Feed_Pin,,"{""Slot__CPW_Feed_Pin"": {""geometry_type"": ""MultiLineString"", ""relations"": ""overlaps"", ""wkt"": ""MULTILINESTRING ((0.5 21.91, 0 21.91), (0 21.91, -0.5 21.91))""}}",True,
451,40.100224069319665,1.8797760084271431,6.5680830124765635,2.972109811380506,1.6828824318945408,17.134268679656088,4.2468148283660412,0.10738367773592472,0.44317520968616009,0.38858735840767622,0.43893618043512106,0.44195676222443581,0.20174806844443083,0.68912699911743402,0.53538868017494678,0.88083303906023502,0.91416655294597149,0.47650839481502771,0.57733020838350058,0.59352162666618824,0.50067401584237814,0.96317742578685284,0.042776787653565407,True,,1,0,Slot__Patch;Slot__CPW_Feed_Pin;Patch__CPW_Feed_Pin,True,Slot__CPW_Feed_Pin,,Slot__CPW_Feed_Pin,,"{""Slot__CPW_Feed_Pin"": {""geometry_type"": ""MultiLineString"", ""relations"": ""overlaps"", ""wkt"": ""MULTILINESTRING ((0.5 21.81, 0 21.81), (0 21.81, -0.5 21.81))""}}",True,
452,45.104550761170685,2.9078865274786949,8.7187906801700592,2.6404792221263054,1.8327599037438631,21.509762462228537,2.3028576411306858,0.52938608918339014,0.74736765865236521,0.67459444608539343,0.75214939285069704,0.32019781973212957,0.60816196165978909,0.81128347851336002,0.68902650289237499,0.75005365815013647,0.87416442390531301,0.25506310164928436,0.31811080779880285,0.43209866713732481,0.3763667568564415,0.56065133586525917,0.50668879505246878,True,,1,0,Slot__Patch;Slot__CPW_Feed_Pin;Patch__CPW_Feed_Pin,True,Slot__CPW_Feed_Pin,,Slot__CPW_Feed_Pin,,"{""Slot__CPW_Feed_Pin"": {""geometry_type"": ""MultiLineString"", ""relations"": ""overlaps"", ""wkt"": ""MULTILINESTRING ((0.5 21.04, 0 21.04), (0 21.04, -0.5 21.04))""}}",True,
453,22.315959152765572,1.6880948524922132,3.3235223740339279,1.7640714377164843,2.9788332208991051,14.042481291107833,4.8654023371636868,0.23098987899720669,0.27609481569379568,0.17242511548101902,0.31640078872442245,0.70453609619289637,0.0039563188329339027,0.0084415990859270096,0.19067000970244408,0.2067578136920929,0.36181847099214792,0.91864673141390085,0.67262022756040096,0.93204987235367298,0.75163964834064245,0.38620138913393021,0.15271942038089037,True,,1,0,Slot__Patch;Slot__CPW_Feed_Pin;Patch__CPW_Feed_Pin,True,Slot__CPW_Feed_Pin,,Slot__CPW_Feed_Pin,,"{""Slot__CPW_Feed_Pin"": {""geometry_type"": ""MultiLineString"", ""relations"": ""overlaps"", ""wkt"": ""MULTILINESTRING ((0.5 23.53, 0 23.53), (0 23.53, -0.5 23.53))""}}",True,
454,33.976965313777328,2.3615168947726488,7.3269551508128643,3.5390185978263622,2.3583920150995255,7.6289837574586272,3.3352265916764736,0.28128687757998705,0.23711909353733063,0.27422197442501783,0.24964541103690863,0.86144042387604713,0.79571270197629929,0.54530515242367983,0.32640617899596691,0.50710216723382473,0.11817103624343872,0.23204006161540747,0.96682676766067743,0.15382840111851692,0.022285623475909233,0.1505715511739254,0.81652695592492819,True,,1,0,Slot__Patch;Slot__CPW_Feed_Pin;Patch__CPW_Feed_Pin,True,Slot__CPW_Feed_Pin,,Slot__CPW_Feed_Pin,,"{""Slot__CPW_Feed_Pin"": {""geometry_type"": ""MultiLineString"", ""relations"": ""overlaps"", ""wkt"": ""MULTILINESTRING ((0.5 22.05, 0 22.05), (0 22.05, -0.5 22.05))""}}",True,
455,55.985506167635322,1.018583569675684,4.5307761691510677,2.4600409282371407,1.4531939569860697,15.147076696157455,5.7727430500090122,0.95565160550177097,0.77072982303798199,0.77596071921288967,0.68596996553242207,0.22319588996469975,0.31640788819640875,0.27344339806586504,0.82478233799338341,0.45796025637537241,0.61391323618590832,0.56642558239400387,0.042458944022655487,0.65389412362128496,0.6465819114819169,0.79619000852108002,0.46742516476660967,True,,1,0,Slot__Patch;Slot__CPW_Feed_Pin;Patch__CPW_Feed_Pin,True,Slot__CPW_Feed_Pin,,Slot__CPW_Feed_Pin,,"{""Slot__CPW_Feed_Pin"": {""geometry_type"": ""MultiLineString"", ""relations"": ""overlaps"", ""wkt"": ""MULTILINESTRING ((0.5 22.25, 0 22.25), (0 22.25, -0.5 22.25))""}}",True,
456,59.468297995626926,2.515872010961175,6.9073149729520082,1.8237151751294733,2.1162721272557974,17.921549566090107,2.0334292836487293,0.59528807085007429,0.65675966069102287,0.44413122814148664,0.6942216781899333,0.040467252023518085,0.084583998657763004,0.5725239934399724,0.095695356838405132,0.81590966042131186,0.44130636192858219,0.4266234515234828,0.28834865987300873,0.031135645695030689,0.46078405529260635,0.45323897060006857,0.80690969806164503,True,,1,0,Slot__Patch;Slot__CPW_Feed_Pin;Patch__CPW_Feed_Pin,True,Slot__CPW_Feed_Pin,,Slot__CPW_Feed_Pin,,"{""Slot__CPW_Feed_Pin"": {""geometry_type"": ""MultiLineString"", ""relations"": ""overlaps"", ""wkt"": ""MULTILINESTRING ((0.5 20.67, 0 20.67), (0 20.67, -0.5 20.67))""}}",True,
457,37.174472026526928,1.8608023934066296,5.2378719169646502,2.9033386133611208,1.1972514502704144,10.396140678785741,4.5959133915603161,0.14360352233052254,0.31976677663624287,0.9419651236385107,0.13201878778636456,0.93737878929823637,0.55890682898461819,0.37123978603631258,0.59699679259210825,0.14140153676271439,0.95142244175076485,0.77857301570475101,0.70529679302126169,0.53119419887661934,0.83506914880126715,0.59911684226244688,0.40721748117357492,True,,1,0,Slot__Patch;Slot__CPW_Feed_Pin;Patch__CPW_Feed_Pin,True,Slot__CPW_Feed_Pin,,Slot__CPW_Feed_Pin,,"{""Slot__CPW_Feed_Pin"": {""geometry_type"": ""MultiLineString"", ""relations"": ""overlaps"", ""wkt"": ""MULTILINESTRING ((0.5 21.65, 0 21.65), (0 21.65, -0.5 21.65))""}}",True,
458,25.600766907446086,2.1912717372179031,8.4883914347738028,2.3978877667337661,1.575505618005991,12.947028349153697,3.0657910518348217,0.3433150639757514,0.17092587519437075,0.60625865962356329,0.30805379990488291,0.52788020484149456,0.27203556802123785,0.83877127058804035,0.98272974323481321,0.56661237590014935,0.69311883766204119,0.090242099016904831,0.9345622044056654,0.30480632372200489,0.062879649922251701,0.86344122793525457,0.61767673771828413,True,,1,0,Slot__Patch;Slot__CPW_Feed_Pin;Patch__CPW_Feed_Pin,True,Slot__CPW_Feed_Pin,,Slot__CPW_Feed_Pin,,"{""Slot__CPW_Feed_Pin"": {""geometry_type"": ""MultiLineString"", ""relations"": ""overlaps"", ""wkt"": ""MULTILINESTRING ((0.5 20.84, 0 20.84), (0 20.84, -0.5 20.84))""}}",True,
459,48.498819465748966,1.4090970065444708,3.4663771893829107,3.2736699288710955,2.7380260657519102,20.406977031379938,5.5032460279762745,0.91901404410600662,0.82123700808733702,0.1080008540302515,0.86987147107720375,0.38487491011619568,0.87145756930112839,0.10596909560263157,0.48143915180116892,0.39795032236725092,0.19569608848541975,0.74019845295697451,0.071778572164475918,0.80473513435572386,0.68814132455736399,0.18876238446682692,0.22092949692159891,True,,1,0,Slot__Patch;Slot__CPW_Feed_Pin;Patch__CPW_Feed_Pin,True,Slot__CPW_Feed_Pin,,Slot__CPW_Feed_Pin,,"{""Slot__CPW_Feed_Pin"": {""geometry_type"": ""MultiLineString"", ""relations"": ""overlaps"", ""wkt"": ""MULTILINESTRING ((0.5 23.65, 0 23.65), (0 23.65, -0.5 23.65))""}}",True,
460,42.263964847661555,2.3824589606374502,5.9965781606733799,3.6262385532259946,2.7776167616248131,16.359132961370051,3.9470815025269985,0.46771471481770277,0.1098024956882,0.82979959808290005,0.43159713409841061,0.25920524727553129,0.46488318312913179,0.39444236550480127,0.25910433102399111,0.26803306117653847,0.030621493235230446,0.52261363342404366,0.81549505796283484,0.21649283356964588,0.31396066211163998,0.28623440209776163,0.70232998207211494,True,,1,0,Slot__Patch;Slot__CPW_Feed_Pin;Patch__CPW_Feed_Pin,True,Slot__CPW_Feed_Pin,,Slot__CPW_Feed_Pin,,"{""Slot__CPW_Feed_Pin"": {""geometry_type"": ""MultiLineString"", ""relations"": ""overlaps"", ""wkt"": ""MULTILINESTRING ((0.5 23.11, 0 23.11), (0 23.11, -0.5 23.11))""}}",True,
461,19.530689776875079,1.2251805663108826,6.1427608318626881,2.0645208703354001,1.9088585842400789,8.8776926044374704,5.3845364488661289,0.79339367523789406,0.89797012694180012,0.33196322899311781,0.99240678083151579,0.65623902250081301,0.92848760075867176,0.6616716617718339,0.76170521136373281,0.68921280931681395,0.51855186000466347,0.18624494690448046,0.17814897559583187,0.71644244622439146,0.93916887138038874,0.6410890119150281,0.083574308082461357,True,,1,0,Slot__Patch;Slot__CPW_Feed_Pin;Patch__CPW_Feed_Pin,True,Slot__CPW_Feed_Pin,,Slot__CPW_Feed_Pin,,"{""Slot__CPW_Feed_Pin"": {""geometry_type"": ""MultiLineString"", ""relations"": ""overlaps"", ""wkt"": ""MULTILINESTRING ((0.5 22.52, 0 22.52), (0 22.52, -0.5 22.52))""}}",True,
462,31.11547795124352,2.8322722874581814,4.2018175944685936,3.1942537037655718,1.2871351782232523,14.653983889147639,2.9147120751440525,0.71965913381427526,0.62494938541203737,0.24580281414091587,0.56679108366370201,0.8091488778591156,0.15237086545675993,0.12822656147181988,0.63183556962758303,0.020738971419632435,0.77489514369517565,0.99962110351771116,0.46157887671142817,0.49443602282553911,0.20975738763809204,0.87615463230758905,0.88858554139733315,True,,1,0,Slot__Patch;Slot__CPW_Feed_Pin;Patch__CPW_Feed_Pin,True,Slot__CPW_Feed_Pin,,Slot__CPW_Feed_Pin,,"{""Slot__CPW_Feed_Pin"": {""geometry_type"": ""MultiLineString"", ""relations"": ""overlaps"", ""wkt"": ""MULTILINESTRING ((0.5 21.04, 0 21.04), (0 21.04, -0.5 21.04))""}}",True,
463,53.222510861232877,1.5517950300127268,7.7470802441239357,1.5113766770809889,2.3993320614099503,22.187151541002095,4.4771962128579617,0.018011771142482758,0.39846731256693602,0.74406213965266943,0.0055275419726967812,0.16602136008441448,0.74099817499518394,0.92691088281571865,0.12921597715467215,0.94388905353844166,0.27036433201283216,0.33399327285587788,0.54476045817136765,0.99450000002980232,0.58398913498967886,0.051077556796371937,0.27277484349906445,True,,1,0,Slot__Patch;Slot__CPW_Feed_Pin;Patch__CPW_Feed_Pin,True,Slot__CPW_Feed_Pin,,Slot__CPW_Feed_Pin,,"{""Slot__CPW_Feed_Pin"": {""geometry_type"": ""MultiLineString"", ""relations"": ""overlaps"", ""wkt"": ""MULTILINESTRING ((0.5 22.43, 0 22.43), (0 22.43, -0.5 22.43))""}}",True,
464,52.528199180960655,2.7913565970957279,4.908762451261282,3.4499422755092386,1.7358996141701937,9.0806421032175422,5.0283866040408611,0.69639739114791155,0.37204126361757517,0.13511860091239214,0.057801583781838417,0.34914169367402792,0.36817252356559038,0.78038598690181971,0.56854812242090702,0.35741418413817883,0.40206351038068533,0.12177656963467598,0.38109441660344601,0.32113703619688749,0.84878485836088657,0.16261700168251991,0.28277509845793247,True,,1,0,Slot__Patch;Slot__CPW_Feed_Pin;Patch__CPW_Feed_Pin,True,Slot__CPW_Feed_Pin,,Slot__CPW_Feed_Pin,,"{""Slot__CPW_Feed_Pin"": {""geometry_type"": ""MultiLineString"", ""relations"": ""overlaps"", ""wkt"": ""MULTILINESTRING ((0.5 23.56, 0 23.56), (0 23.56, -0.5 23.56))""}}",True,
465,30.404321998357773,1.5736677069216967,6.9548082165420055,2.5785321904346352,2.5775295719504356,16.540132574737072,3.5909317620098591,0.058119216933846474,0.65141691919416189,0.6328289583325386,0.62010843213647604,0.73738623503595591,0.76933702267706394,0.040498548187315464,0.067015357315540314,0.68583573494106531,0.89655671361833811,0.70817576069384813,0.61254908051341772,0.82108877785503864,0.47453404683619738,0.76943231374025345,0.93281883001327515,True,,1,0,Slot__Patch;Slot__CPW_Feed_Pin;Patch__CPW_Feed_Pin,True,Slot__Patch;Slot__CPW_Feed_Pin,Slot__Patch,Slot__CPW_Feed_Pin,,"{""Slot__CPW_Feed_Pin"": {""geometry_type"": ""MultiLineString"", ""relations"": ""overlaps"", ""wkt"": ""MULTILINESTRING ((0.5 21.75, 0 21.75), (0 21.75, -0.5 21.75))""}, ""Slot__Patch"": {""geometry_type"": ""MultiPoint"", ""relations"": ""crosses"", ""wkt"": ""MULTIPOINT ((-11.02 7.93), (-10.51 7.93), (10.51 7.93), (11.02 7.93))""}}",True,
466,18.829930904321373,2.4939160328358412,3.7014158517122269,2.723406407423318,2.199031725525856,22.021166402846575,4.1215384490787983,0.49122113082557917,0.86277307569980621,0.78159237001091242,0.94397041201591492,0.82859029993414879,0.055723103694617748,0.51535369269549847,0.4468849990516901,0.10421039815992117,0.65388357639312744,0.39455540012568235,0.77882619947195053,0.10853967443108559,0.73689116165041924,0.50262876972556114,0.096958199515938759,True,,1,0,Slot__Patch;Slot__CPW_Feed_Pin;Patch__CPW_Feed_Pin,True,Slot__CPW_Feed_Pin,,Slot__CPW_Feed_Pin,,"{""Slot__CPW_Feed_Pin"": {""geometry_type"": ""MultiLineString"", ""relations"": ""overlaps"", ""wkt"": ""MULTILINESTRING ((0.5 22.82, 0 22.82), (0 22.82, -0.5 22.82))""}}",True,
467,41.558034676127136,1.1493680700659752,8.3467365503311157,1.6495869785547257,1.1143903080374002,14.49530019890517,2.5590544454753399,0.75548296235501766,0.14507917873561382,0.28320728614926338,0.38225479144603014,0.19425200112164021,0.58178842440247536,0.30650738440454006,0.94843647629022598,0.93066554516553879,0.1408380251377821,0.81015272624790668,0.2275125989690423,0.60860581416636705,0.1116638733074069,0.42951248586177826,0.74408753216266632,True,,1,0,Slot__Patch;Slot__CPW_Feed_Pin;Patch__CPW_Feed_Pin,True,Slot__CPW_Feed_Pin,,Slot__CPW_Feed_Pin,,"{""Slot__CPW_Feed_Pin"": {""geometry_type"": ""MultiLineString"", ""relations"": ""overlaps"", ""wkt"": ""MULTILINESTRING ((0.5 18.82, 0 18.82), (0 18.82, -0.5 18.82))""}}",True,
468,46.397400149144232,2.1852834299206734,6.1900713387876749,1.3528678109869361,1.4012153260409832,11.021057227626443,4.9911101199686527,0.36572189349681139,0.91802180651575327,0.52844306081533432,0.81655412819236517,0.067963608540594578,0.237874292768538,0.19405568856745958,0.795525211840868,0.80953758675605059,0.069367951713502407,0.96804140787571669,0.97110129240900278,0.38529366627335548,0.98785010352730751,0.081551844254136086,0.20791181642562151,True,,1,0,Slot__Patch;Slot__CPW_Feed_Pin;Patch__CPW_Feed_Pin,True,Slot__CPW_Feed_Pin,,Slot__CPW_Feed_Pin,,"{""Slot__CPW_Feed_Pin"": {""geometry_type"": ""MultiLineString"", ""relations"": ""overlaps"", ""wkt"": ""MULTILINESTRING ((0.5 22.57, 0 22.57), (0 22.57, -0.5 22.57))""}}",True,
469,23.482503318227828,1.4653782676905394,5.667651453986764,3.0415488470345737,2.285356318578124,18.553766668774188,2.4286261461675167,0.87976151145994663,0.074190190993249416,0.030734938569366932,0.25577975995838642,0.95608625467866659,0.64975911192595959,0.9851817237213254,0.29315566085278988,0.23364700563251972,0.57292216364294291,0.36606130935251713,0.022544577717781067,0.88535009045153856,0.36256934981793165,0.97546889446675777,0.57652953919023275,True,,1,0,Slot__Patch;Slot__CPW_Feed_Pin;Patch__CPW_Feed_Pin,True,Slot__CPW_Feed_Pin,,Slot__CPW_Feed_Pin,,"{""Slot__CPW_Feed_Pin"": {""geometry_type"": ""MultiLineString"", ""relations"": ""overlaps"", ""wkt"": ""MULTILINESTRING ((0.5 20.18, 0 20.18), (0 20.18, -0.5 20.18))""}}",True,
470,35.067977467551827,2.6075689364224672,7.6056088339537382,2.2215915568172933,2.9068351220339537,19.76020232308656,5.8979506753385067,0.57068260107189417,0.40972618758678436,0.42885366454720497,0.18136112857609987,0.60975979454815388,0.42538494523614645,0.45906032808125019,0.15742271021008492,0.55833699181675911,0.8136492520570755,0.55463631078600883,0.36896277125924826,0.16940044891089201,0.59788026101887226,0.74190658517181873,0.3966068746522069,True,,1,0,Slot__Patch;Slot__CPW_Feed_Pin;Patch__CPW_Feed_Pin,True,Slot__CPW_Feed_Pin,,Slot__CPW_Feed_Pin,,"{""Slot__CPW_Feed_Pin"": {""geometry_type"": ""MultiLineString"", ""relations"": ""overlaps"", ""wkt"": ""MULTILINESTRING ((0.5 25.41, 0 25.41), (0 25.41, -0.5 25.41))""}}",True,
471,57.356632137671113,1.7647109515964985,4.436672804877162,3.7876813167706134,1.7797436751425266,12.27830464951694,3.4604958035051823,0.18261328898370266,0.56687225215137005,0.92723746690899134,0.74265804141759872,0.47554340586066246,0.96224686503410339,0.71920054592192173,0.65978141687810421,0.47660427819937468,0.32474224083125591,0.1547104911878705,0.63737842254340649,0.66932709701359272,0.22357610333710909,0.31526706926524639,0.76231019850820303,True,,1,0,Slot__Patch;Slot__CPW_Feed_Pin;Patch__CPW_Feed_Pin,True,Slot__CPW_Feed_Pin,,Slot__CPW_Feed_Pin,,"{""Slot__CPW_Feed_Pin"": {""geometry_type"": ""MultiLineString"", ""relations"": ""overlaps"", ""wkt"": ""MULTILINESTRING ((0.5 21, 0 21), (0 21, -0.5 21))""}}",True,
472,55.280379820615053,2.2620513681322336,8.1249535158276558,3.141775432042778,2.681118868291378,13.290335079655051,4.721674133092165,0.25974890496581793,0.98610497638583183,0.35267104580998421,0.62594504002481699,0.29202866833657026,0.69901424460113049,0.42402712441980839,0.38960251305252314,0.87452950049191713,0.74588491953909397,0.85811512172222137,0.87555851601064205,0.045961307361721992,0.91137488558888435,0.93507697526365519,0.4770248169079423,True,,1,0,Slot__Patch;Slot__CPW_Feed_Pin;Patch__CPW_Feed_Pin,True,Slot__CPW_Feed_Pin,,Slot__CPW_Feed_Pin,,"{""Slot__CPW_Feed_Pin"": {""geometry_type"": ""MultiLineString"", ""relations"": ""overlaps"", ""wkt"": ""MULTILINESTRING ((0.5 23.66, 0 23.66), (0 23.66, -0.5 23.66))""}}",True,
473,33.277653995901346,1.1068186722695827,3.829823724925518,1.5750600498169662,1.5074290502816439,20.764906969852746,2.1591295711696148,0.99550012499094009,0.021670984104275703,0.85495874378830194,0.18869921937584877,0.68515620846301317,0.1572466129437089,0.62921846099197865,0.88707399647682905,0.16816299594938755,0.24065110459923744,0.44450096134096384,0.11517293658107519,0.54591038357466459,0.28706714790314436,0.0086968438699841499,0.86206874530762434,True,,1,0,Slot__Patch;Slot__CPW_Feed_Pin;Patch__CPW_Feed_Pin,True,Slot__CPW_Feed_Pin,,Slot__CPW_Feed_Pin,,"{""Slot__CPW_Feed_Pin"": {""geometry_type"": ""MultiLineString"", ""relations"": ""overlaps"", ""wkt"": ""MULTILINESTRING ((0.5 18.77, 0 18.77), (0 18.77, -0.5 18.77))""}}",True,
474,21.603698967956007,2.9685489535331726,6.5207272656261921,3.6848659619688995,1.1281372848898172,15.935729616321623,5.628522764891386,0.55458575766533613,0.49831836391240358,0.69058177620172501,0.37246614973992109,0.78023170679807663,0.88650199770927429,0.15875737834721804,0.50133782718330622,0.61797886714339256,0.49797202367335558,0.63086344208568335,0.27653279155492783,0.25871790666133165,0.54935917444527149,0.27508875820785761,0.16674793604761362,True,,1,0,Slot__Patch;Slot__CPW_Feed_Pin;Patch__CPW_Feed_Pin,True,Slot__CPW_Feed_Pin,,Slot__CPW_Feed_Pin,,"{""Slot__CPW_Feed_Pin"": {""geometry_type"": ""MultiLineString"", ""relations"": ""overlaps"", ""wkt"": ""MULTILINESTRING ((0.5 23.72, 0 23.72), (0 23.72, -0.5 23.72))""}}",True,
475,44.408405288122594,1.686514412984252,5.6244911290705204,1.9968306945636871,2.0604025274515152,8.395697521045804,3.1910064108669758,0.1928507573902607,0.52509404253214598,0.18896117527037859,0.80924282781779766,0.13319792412221432,0.46975726541131735,0.89546480495482683,0.0038466779515147209,0.41745449882000685,0.98465012293308973,0.046508451923727989,0.73275333736091852,0.75878146663308144,0.17407484818249941,0.66877694148570299,0.54689382296055555,True,,1,0,Slot__Patch;Slot__CPW_Feed_Pin;Patch__CPW_Feed_Pin,True,Slot__CPW_Feed_Pin,,Slot__CPW_Feed_Pin,,"{""Slot__CPW_Feed_Pin"": {""geometry_type"": ""MultiLineString"", ""relations"": ""overlaps"", ""wkt"": ""MULTILINESTRING ((0.5 20.93, 0 20.93), (0 20.93, -0.5 20.93))""}}",True,
476,37.986960117705166,2.6520562674850225,3.0885300245136023,2.3132169906049969,2.4552026148885489,11.498116585426033,5.2588290236890316,0.6783149978145957,0.28240982815623283,0.99840621743351221,0.49988236650824547,0.01082120556384325,0.81383141316473484,0.60509925149381161,0.2249627998098731,0.29546441696584225,0.78854245878756046,0.20044510718435049,0.47341758850961924,0.23169783968478441,0.80037815310060978,0.82081437762826681,0.028382061049342155,True,,1,0,Slot__Patch;Slot__CPW_Feed_Pin;Patch__CPW_Feed_Pin,True,Slot__CPW_Feed_Pin,,Slot__CPW_Feed_Pin,,"{""Slot__CPW_Feed_Pin"": {""geometry_type"": ""MultiLineString"", ""relations"": ""overlaps"", ""wkt"": ""MULTILINESTRING ((0.5 24.37, 0 24.37), (0 24.37, -0.5 24.37))""}}",True,
477,15.017430712468922,1.9946376830339432,8.8603992518037558,3.387681258283556,1.3562502972781658,19.016667734831572,3.821312639862299,0.066435985267162323,0.69411231763660908,0.49612003937363625,0.93571774754673243,0.90382647793740034,0.29254972655326128,0.34177711419761181,0.72358113247901201,0.74728577677160501,0.29182367399334908,0.59850887767970562,0.5173114687204361,0.73175585642457008,0.42516255099326372,0.24792699050158262,0.63248908892273903,True,,1,0,Slot__Patch;Slot__CPW_Feed_Pin;Patch__CPW_Feed_Pin,True,Slot__CPW_Feed_Pin,,Slot__CPW_Feed_Pin,,"{""Slot__CPW_Feed_Pin"": {""geometry_type"": ""MultiLineString"", ""relations"": ""overlaps"", ""wkt"": ""MULTILINESTRING ((0.5 21.17, 0 21.17), (0 21.17, -0.5 21.17))""}}",True,
478,26.680496139451861,2.0704684071242809,4.8599315900355577,1.9123137185350063,1.9769361056387424,17.407399043440819,4.3519879914820194,0.38332744222134352,0.79560329485684633,0.082380128093063831,0.50238539837300777,0.5614325013011694,0.50128281489014626,0.87033943179994822,0.85346186067909002,0.040793954394757748,0.032541480846703053,0.28707052022218704,0.87450630124658346,0.44799448736011982,0.6602863036096096,0.48116922285407782,0.34359322302043438,True,,1,0,Slot__Patch;Slot__CPW_Feed_Pin;Patch__CPW_Feed_Pin,True,Slot__CPW_Feed_Pin,,Slot__CPW_Feed_Pin,,"{""Slot__CPW_Feed_Pin"": {""geometry_type"": ""MultiLineString"", ""relations"": ""overlaps"", ""wkt"": ""MULTILINESTRING ((0.5 22.4, 0 22.4), (0 22.4, -0.5 22.4))""}}",True,
479,48.869974790140986,1.2901542279869318,7.2794159520417452,2.7830984912812715,2.8345249127596617,9.9405751889571548,2.7894434593617916,0.86923602595925331,0.19656292628496885,0.58399825543165207,0.06614952813833952,0.41452097147703171,0.10510030668228865,0.075560332275927067,0.35485532600432634,0.99458171427249908,0.54391077440232038,0.8871275344863534,0.13477745465934277,0.94792288076132536,0.036047170870006084,0.58772512059658766,0.94280220940709114,True,,1,0,Slot__Patch;Slot__CPW_Feed_Pin;Patch__CPW_Feed_Pin,True,Slot__CPW_Feed_Pin,,Slot__CPW_Feed_Pin,,"{""Slot__CPW_Feed_Pin"": {""geometry_type"": ""MultiLineString"", ""relations"": ""overlaps"", ""wkt"": ""MULTILINESTRING ((0.5 20.92, 0 20.92), (0 20.92, -0.5 20.92))""}}",True,
480,49.78868565056473,2.7134798653423786,8.5591806136071682,3.7401511169970041,1.4857668094336987,8.1783462222665548,4.0262059941887856,0.97292761597782373,0.63104599434882402,0.011942754499614239,0.34104136470705271,0.62975772190839052,0.54652110021561384,0.61684351786971092,0.18321805261075497,0.30920141190290451,0.57937894947826862,0.6539804432541132,0.64769900403916836,0.85241047572344542,0.19876136723905802,0.45068149454891682,0.53483543917536736,True,,1,0,Slot__Patch;Slot__CPW_Feed_Pin;Patch__CPW_Feed_Pin,True,Slot__CPW_Feed_Pin,,Slot__CPW_Feed_Pin,,"{""Slot__CPW_Feed_Pin"": {""geometry_type"": ""MultiLineString"", ""relations"": ""overlaps"", ""wkt"": ""MULTILINESTRING ((0.5 22.23, 0 22.23), (0 22.23, -0.5 22.23))""}}",True,
481,27.516859159804881,1.9332755971699953,3.491898637264967,2.2553204858675602,2.3276389893144369,15.652458113618195,2.5887218862771988,0.27231163345277309,0.34547996800392866,0.51404738239943981,0.7782747782766819,0.26788025628775358,0.067795161157846451,0.3142094798386097,0.68085988238453865,0.73355498071759939,0.090747009962797165,0.050979453139007092,0.34596213605254889,0.35234475322067738,0.57349972240626812,0.61729600839316845,0.18072869442403316,True,,1,0,Slot__Patch;Slot__CPW_Feed_Pin;Patch__CPW_Feed_Pin,True,Slot__CPW_Feed_Pin,,Slot__CPW_Feed_Pin,,"{""Slot__CPW_Feed_Pin"": {""geometry_type"": ""MultiLineString"", ""relations"": ""overlaps"", ""wkt"": ""MULTILINESTRING ((0.5 20.85, 0 20.85), (0 20.85, -0.5 20.85))""}}",True,
482,15.944420294836164,2.0088121127337217,6.7892310172319412,3.0854190906509764,2.9484158884733915,21.019051023758948,5.1207897216081619,0.21323363203555346,0.13446903601288795,0.91235350724309683,0.6568967429921031,0.17298762314021587,0.85906398016959429,0.85058859270066023,0.80096723698079586,0.058428064920008183,0.33537897933274508,0.86435567308217287,0.012235291302204132,0.57728352025151253,0.34007398691028357,0.85282702185213566,0.84514307603240013,True,,1,0,Slot__Patch;Slot__CPW_Feed_Pin;Patch__CPW_Feed_Pin,True,Slot__CPW_Feed_Pin,,Slot__CPW_Feed_Pin,,"{""Slot__CPW_Feed_Pin"": {""geometry_type"": ""MultiLineString"", ""relations"": ""overlaps"", ""wkt"": ""MULTILINESTRING ((0.5 24.07, 0 24.07), (0 24.07, -0.5 24.07))""}}",True,
483,38.820516290143132,1.3517490103840828,5.0714070796966553,1.315499033406377,1.8649970628321171,13.478563399985433,3.5583347454667091,0.53981813229620457,0.85769336856901646,0.41054976172745228,0.2201095949858427,0.78877133131027222,0.25525411404669285,0.079487810842692852,0.30333744361996651,0.9769394975155592,0.83866086136549711,0.46536014601588249,0.99412115011364222,0.077332315035164356,0.96578886359930038,0.21499822102487087,0.49593437276780605,True,,1,0,Slot__Patch;Slot__CPW_Feed_Pin;Patch__CPW_Feed_Pin,True,Slot__CPW_Feed_Pin,,Slot__CPW_Feed_Pin,,"{""Slot__CPW_Feed_Pin"": {""geometry_type"": ""MultiLineString"", ""relations"": ""overlaps"", ""wkt"": ""MULTILINESTRING ((0.5 20.78, 0 20.78), (0 20.78, -0.5 20.78))""}}",True,
484,43.484168909490108,2.3256603106856346,4.2273334208875895,1.694568449445069,1.6506166625767946,10.165537255816162,5.9854785799980164,0.089006573893129826,0.084737327881157398,0.65163449756801128,0.53338396176695824,0.91089659463614225,0.91133255418390036,0.41997852921485901,0.45624852925539017,0.8570169759914279,0.88863507099449635,0.31088943500071764,0.23771508876234293,0.91654973104596138,0.090947038494050503,0.30514601990580559,0.95972813200205564,True,,1,0,Slot__Patch;Slot__CPW_Feed_Pin;Patch__CPW_Feed_Pin,True,Slot__CPW_Feed_Pin,,Slot__CPW_Feed_Pin,,"{""Slot__CPW_Feed_Pin"": {""geometry_type"": ""MultiLineString"", ""relations"": ""overlaps"", ""wkt"": ""MULTILINESTRING ((0.5 23.96, 0 23.96), (0 23.96, -0.5 23.96))""}}",True,
485,20.772882588207722,1.0432702880352736,7.8178750667721033,2.6871479272842409,2.5359764620661736,17.683631982654333,3.423023633658886,0.665754159912467,0.92303481977432966,0.14953144919127226,0.097543791867792606,0.049141247756779194,0.4531078040599823,0.64884627610445023,0.95469675399363041,0.18568267300724983,0.37531336769461632,0.89822085574269295,0.7559436559677124,0.4166235001757741,0.71671538054943085,0.63779902458190918,0.32468389067798853,True,,1,0,Slot__Patch;Slot__CPW_Feed_Pin;Patch__CPW_Feed_Pin,True,Slot__CPW_Feed_Pin,,Slot__CPW_Feed_Pin,,"{""Slot__CPW_Feed_Pin"": {""geometry_type"": ""MultiLineString"", ""relations"": ""overlaps"", ""wkt"": ""MULTILINESTRING ((0.5 21, 0 21), (0 21, -0.5 21))""}}",True,
486,32.356189931742847,2.9051727075129747,5.8301077019423246,2.5321127530187368,2.1567156761884689,18.770133554935455,4.8908872529864311,0.84885507542639971,0.58718791976571083,0.2981084156781435,0.46850251220166683,0.39184015989303589,0.72385051194578409,0.18620198871940374,0.59045246988534927,0.60436250455677509,0.13654892612248659,0.20988999493420124,0.60236581321805716,0.63812686037272215,0.44783584866672754,0.90263457968831062,0.64454724919050932,True,,1,0,Slot__Patch;Slot__CPW_Feed_Pin;Patch__CPW_Feed_Pin,True,Slot__CPW_Feed_Pin,,Slot__CPW_Feed_Pin,,"{""Slot__CPW_Feed_Pin"": {""geometry_type"": ""MultiLineString"", ""relations"": ""overlaps"", ""wkt"": ""MULTILINESTRING ((0.5 23.95, 0 23.95), (0 23.95, -0.5 23.95))""}}",True,
487,54.441277007572353,1.749830100685358,6.0246825199574232,3.4847822768613703,1.0298702958971262,11.302850595675409,2.453403115272522,0.39809317328035831,0.43622829951345921,0.7999096279963851,0.90473553072661161,0.50750176422297955,0.14058762602508068,0.88359942194074392,0.091984817758202553,0.43106180150061846,0.63131339382380247,0.62446449231356382,0.40398825518786907,0.13807097263634205,0.82262754999101162,0.040219299495220184,0.014401049353182316,True,,1,0,Slot__Patch;Slot__CPW_Feed_Pin;Patch__CPW_Feed_Pin,True,Slot__CPW_Feed_Pin,,Slot__CPW_Feed_Pin,,"{""Slot__CPW_Feed_Pin"": {""geometry_type"": ""MultiLineString"", ""relations"": ""overlaps"", ""wkt"": ""MULTILINESTRING ((0.5 19.23, 0 19.23), (0 19.23, -0.5 19.23))""}}",True,
488,58.187499311752617,2.2466588709503412,5.4122306182980537,2.8306193152442578,2.4312297161668539,14.280408932827413,5.7238553315401077,0.035769867710769176,0.010791920125484467,0.48366031236946583,0.97557867504656315,0.69758515153080225,0.4037301242351532,0.21342647727578878,0.86266731936484575,0.79579963069409132,0.29806327726691961,0.39029802195727825,0.14215702377259731,0.51473266072571278,0.011294237338006496,0.70946766342967749,0.72887082304805517,True,,1,0,Slot__Patch;Slot__CPW_Feed_Pin;Patch__CPW_Feed_Pin,True,Slot__CPW_Feed_Pin,,Slot__CPW_Feed_Pin,,"{""Slot__CPW_Feed_Pin"": {""geometry_type"": ""MultiLineString"", ""relations"": ""overlaps"", ""wkt"": ""MULTILINESTRING ((0.5 24.4, 0 24.4), (0 24.4, -0.5 24.4))""}}",True,
489,35.992189538665116,1.4039413146674633,6.7300609275698662,1.8785940103232863,1.2572938613593578,21.74035582691431,3.1613388434052467,0.70922524109482765,0.98141626082360744,0.98155381437391043,0.41328421887010336,0.34059056546539068,0.99183768685907125,0.981359644792974,0.36127415206283331,0.24737685546278954,0.80915451142936945,0.78731038328260183,0.84855678584426641,0.014668683521449566,0.6360899806022644,0.34679296892136335,0.11025254894047976,True,,1,0,Slot__Patch;Slot__CPW_Feed_Pin;Patch__CPW_Feed_Pin,True,Slot__CPW_Feed_Pin,,Slot__CPW_Feed_Pin,,"{""Slot__CPW_Feed_Pin"": {""geometry_type"": ""MultiLineString"", ""relations"": ""overlaps"", ""wkt"": ""MULTILINESTRING ((0.5 19.82, 0 19.82), (0 19.82, -0.5 19.82))""}}",True,
490,24.321560701355338,2.5459302812814713,3.9952182658016682,3.3438005540519962,1.8787426091730595,16.791244391351938,4.6292711272835732,0.77611569967120886,0.50445416662842035,0.56763413362205029,0.026788234710693359,0.24969238974153996,0.21620994620025158,0.44742240756750107,0.24701806623488665,0.54070192016661167,0.55378101021051407,0.10070376191288233,0.50992054492235184,0.78995978552848101,0.40248471591621637,0.1116132652387023,0.91465696599334478,True,,1,0,Slot__Patch;Slot__CPW_Feed_Pin;Patch__CPW_Feed_Pin,True,Slot__CPW_Feed_Pin,,Slot__CPW_Feed_Pin,,"{""Slot__CPW_Feed_Pin"": {""geometry_type"": ""MultiLineString"", ""relations"": ""overlaps"", ""wkt"": ""MULTILINESTRING ((0.5 23.05, 0 23.05), (0 23.05, -0.5 23.05))""}}",True,
491,47.318893885239959,1.8264111187309027,7.9624915458261967,2.3505963837727908,2.8097890745848417,9.2658372921869159,2.1917264610528946,0.47669192403554916,0.47214808966964483,0.069432119838893414,0.58851436991244555,0.85278073325753212,0.67935564462095499,0.74638716876506805,0.74840015079826117,0.49424554873257875,0.057335397228598595,0.70166055113077164,0.499347941018641,0.29001017287373543,0.77825712226331234,0.94449516665190458,0.29895309079438448,True,,1,0,Slot__Patch;Slot__CPW_Feed_Pin;Patch__CPW_Feed_Pin,True,Slot__CPW_Feed_Pin,,Slot__CPW_Feed_Pin,,"{""Slot__CPW_Feed_Pin"": {""geometry_type"": ""MultiLineString"", ""relations"": ""overlaps"", ""wkt"": ""MULTILINESTRING ((0.5 20.82, 0 20.82), (0 20.82, -0.5 20.82))""}}",True,
492,40.721727814525366,2.8549488540738821,7.4889388885349035,1.9518386080861094,2.7058251425623894,12.500233585014939,4.2644601985812187,0.9021127549931407,0.71481519192457199,0.86740130838006735,0.15030118729919195,0.97881659772247076,0.023422364145517349,0.7530801547691226,0.52728408854454756,0.37492574751377106,0.23197011556476355,0.54332936648279428,0.74000694695860147,0.700456109829247,0.15353999380022287,0.53464485798031092,0.78047183901071548,True,,1,0,Slot__Patch;Slot__CPW_Feed_Pin;Patch__CPW_Feed_Pin,True,Slot__CPW_Feed_Pin,,Slot__CPW_Feed_Pin,,"{""Slot__CPW_Feed_Pin"": {""geometry_type"": ""MultiLineString"", ""relations"": ""overlaps"", ""wkt"": ""MULTILINESTRING ((0.5 23.83, 0 23.83), (0 23.83, -0.5 23.83))""}}",True,
493,17.911179643124342,1.5100148916244507,4.6474818047136068,3.7211349027231337,1.6056502033025026,20.033403025008738,2.8269155025482178,0.35289211943745613,0.30864680372178555,0.3695101011544466,0.71108029969036579,0.12194399628788233,0.62226549070328474,0.052011537365615368,0.024774701334536076,0.66831511165946722,0.71892519388347864,0.1306169182062149,0.25070923566818237,0.20052729919552803,0.52924367599189281,0.39658719021826982,0.3804286289960146,True,,1,0,Slot__Patch;Slot__CPW_Feed_Pin;Patch__CPW_Feed_Pin,True,Slot__CPW_Feed_Pin,,Slot__CPW_Feed_Pin,,"{""Slot__CPW_Feed_Pin"": {""geometry_type"": ""MultiLineString"", ""relations"": ""overlaps"", ""wkt"": ""MULTILINESTRING ((0.5 19.95, 0 19.95), (0 19.95, -0.5 19.95))""}}",True,
494,29.570704302750528,2.4305869899690151,8.6977603454142809,1.6214702663943172,1.227060342207551,18.309693415649235,5.3590520024299622,0.16197866108268499,0.20749724004417658,0.20531194936484098,0.84811766911298037,0.4684542752802372,0.33588131703436375,0.51905084028840065,0.39488646667450666,0.11782579962164164,0.9801509901881218,0.94229941628873348,0.10790016409009695,0.9792232234030962,0.26030668523162603,0.13213346246629953,0.5917465016245842,True,,1,0,Slot__Patch;Slot__CPW_Feed_Pin;Patch__CPW_Feed_Pin,True,Slot__CPW_Feed_Pin,,Slot__CPW_Feed_Pin,,"{""Slot__CPW_Feed_Pin"": {""geometry_type"": ""MultiLineString"", ""relations"": ""overlaps"", ""wkt"": ""MULTILINESTRING ((0.5 23.02, 0 23.02), (0 23.02, -0.5 23.02))""}}",True,
495,51.601244634948671,1.212757671251893,3.2541015017777681,3.1069448065012697,2.0844068974256516,10.828251270577312,3.7965355440974236,0.58521372824907303,0.80035120155662298,0.70351262204349041,0.28682362288236618,0.57142061926424503,0.80980837065726519,0.28701738640666008,0.89741432759910822,0.91705729626119137,0.47464293800294399,0.35689107980579138,0.90137071721255779,0.47916467022150755,0.88503382354974747,0.79900736082345247,0.19461769051849842,True,,1,0,Slot__Patch;Slot__CPW_Feed_Pin;Patch__CPW_Feed_Pin,True,Slot__CPW_Feed_Pin,,Slot__CPW_Feed_Pin,,"{""Slot__CPW_Feed_Pin"": {""geometry_type"": ""MultiLineString"", ""relations"": ""overlaps"", ""wkt"": ""MULTILINESTRING ((0.5 21.1, 0 21.1), (0 21.1, -0.5 21.1))""}}",True,
496,53.710056622512639,2.4438992477953434,6.4026001375168562,2.5039161261171108,1.8115688730031252,20.192313753068447,2.7129535153508186,0.13690013904124498,0.96039178688079119,0.15998255833983421,0.27653602045029402,0.88149491231888533,0.17476048693060875,0.39045053254812956,0.33259397372603416,0.2503898236900568,0.35292110033333302,0.070085295476019382,0.047763317823410034,0.83610612526535988,0.68103281129151583,0.90712837502360344,0.23591754399240017,True,,1,0,Slot__Patch;Slot__CPW_Feed_Pin;Patch__CPW_Feed_Pin,True,Slot__CPW_Feed_Pin,,Slot__CPW_Feed_Pin,,"{""Slot__CPW_Feed_Pin"": {""geometry_type"": ""MultiLineString"", ""relations"": ""overlaps"", ""wkt"": ""MULTILINESTRING ((0.5 20.97, 0 20.97), (0 20.97, -0.5 20.97))""}}",True,
497,31.685374234803021,1.1638008374720812,5.4580752085894346,3.501654784195126,2.8768603131175041,12.666449337266386,4.1504980772733688,0.62371998466551304,0.047384652309119701,0.65775538329035044,0.83875132910907269,0.01583333034068346,0.71116369497030973,0.68136479239910841,0.83421835117042065,0.70684984792023897,0.84839000925421715,0.73276723921298981,0.94295244757086039,0.33617947716265917,0.056317107751965523,0.021016120910644531,0.60467257723212242,True,,1,0,Slot__Patch;Slot__CPW_Feed_Pin;Patch__CPW_Feed_Pin,True,Slot__CPW_Feed_Pin,,Slot__CPW_Feed_Pin,,"{""Slot__CPW_Feed_Pin"": {""geometry_type"": ""MultiLineString"", ""relations"": ""overlaps"", ""wkt"": ""MULTILINESTRING ((0.5 22.19, 0 22.19), (0 22.19, -0.5 22.19))""}}",True,
498,20.009938208386302,2.7705764155834913,8.195882985368371,1.7165362836793068,2.2551678866147995,10.647482271306217,3.6830656379461288,0.92401607427746058,0.46186200156807899,0.75960993766784668,0.72532741073518991,0.42514809221029282,0.48727852292358875,0.15572789683938026,0.71410658583045006,0.0070110885426402092,0.60864650178700686,0.4213289525359869,0.6673044990748167,0.6248210621997714,0.79573406558483839,0.25470848754048347,0.42511974833905697,True,,1,0,Slot__Patch;Slot__CPW_Feed_Pin;Patch__CPW_Feed_Pin,True,Slot__CPW_Feed_Pin,,Slot__CPW_Feed_Pin,,"{""Slot__CPW_Feed_Pin"": {""geometry_type"": ""MultiLineString"", ""relations"": ""overlaps"", ""wkt"": ""MULTILINESTRING ((0.5 22.71, 0 22.71), (0 22.71, -0.5 22.71))""}}",True,
499,42.836644006893039,1.613430343568325,3.8552106264978647,2.6742031872272491,1.4332541469484568,18.106970954686403,5.2455819919705391,0.31316653452813625,0.56155087985098362,0.26129113603383303,0.16352022066712379,0.53690343163907528,0.89864358771592379,0.91511083766818047,0.2124637346714735,0.95762504264712334,0.096578489057719707,0.75676779355853796,0.34196596499532461,0.12476463802158833,0.42004183307290077,0.67352794855833054,0.79092980548739433,True,,1,0,Slot__Patch;Slot__CPW_Feed_Pin;Patch__CPW_Feed_Pin,True,Slot__CPW_Feed_Pin,,Slot__CPW_Feed_Pin,,"{""Slot__CPW_Feed_Pin"": {""geometry_type"": ""MultiLineString"", ""relations"": ""overlaps"", ""wkt"": ""MULTILINESTRING ((0.5 22.3, 0 22.3), (0 22.3, -0.5 22.3))""}}",True,
500,48.016820345073938,2.5795214846730232,4.6935098469257355,2.9256854197010402,1.0823839120566845,22.409310252405703,3.298723429441452,0.80009516794234514,0.25734513718634844,0.55144830886274576,0.59788071177899837,0.66282553691416979,0.30506538599729538,0.58444706257432699,0.05882573314011097,0.82951594237238169,0.17759244330227375,0.97284199111163616,0.58275276329368353,0.9008731497451663,0.54666727315634489,0.83386616595089436,0.25487232301384211,True,,1,0,Slot__Patch;Slot__CPW_Feed_Pin;Patch__CPW_Feed_Pin,True,Slot__CPW_Feed_Pin,,Slot__CPW_Feed_Pin,,"{""Slot__CPW_Feed_Pin"": {""geometry_type"": ""MultiLineString"", ""relations"": ""overlaps"", ""wkt"": ""MULTILINESTRING ((0.5 20.96, 0 20.96), (0 20.96, -0.5 20.96))""}}",True,
501,25.025345105677843,1.7972144316881895,7.161294624209404,1.4458524782210589,2.2291877325624228,14.92741079069674,5.8612398132681847,0.43928472138941288,0.71917748730629683,0.053672950714826584,0.03707584273070097,0.29704180639237165,0.83073493745177984,0.34385956730693579,0.56110391020774841,0.12778810225427151,0.68017084524035454,0.32586016412824392,0.40796158276498318,0.40080701000988483,0.17090631648898125,0.21924593858420849,0.90456521045416594,True,,1,0,Slot__Patch;Slot__CPW_Feed_Pin;Patch__CPW_Feed_Pin,True,Slot__CPW_Feed_Pin,,Slot__CPW_Feed_Pin,,"{""Slot__CPW_Feed_Pin"": {""geometry_type"": ""MultiLineString"", ""relations"": ""overlaps"", ""wkt"": ""MULTILINESTRING ((0.5 23.89, 0 23.89), (0 23.89, -0.5 23.89))""}}",True,
502,36.68967695441097,2.1278778482228518,3.1139111034572124,3.8958779849112037,2.6075329910963774,8.633847339078784,2.3286189660429955,0.013011635281145573,0.75784230604767799,0.4049514876678586,0.40006517991423607,0.14382605813443661,0.11760810576379299,0.81919925659894943,0.92535999603569508,0.58413496613502502,0.92578092683106661,0.51222269330173731,0.20216421876102686,0.6850714422762394,0.93016732949763536,0.4861642811447382,0.068586484529078007,True,,1,0,Slot__Patch;Slot__CPW_Feed_Pin;Patch__CPW_Feed_Pin,True,Slot__CPW_Feed_Pin,,Slot__CPW_Feed_Pin,,"{""Slot__CPW_Feed_Pin"": {""geometry_type"": ""MultiLineString"", ""relations"": ""overlaps"", ""wkt"": ""MULTILINESTRING ((0.5 21.06, 0 21.06), (0 21.06, -0.5 21.06))""}}",True,
503,58.901144354604185,1.472429383546114,8.9313345216214657,2.1311161780729893,1.7040458060801029,16.166558568365872,4.7661634981632233,0.74980573914945126,0.23432439006865025,0.9032718688249588,0.96133156213909388,0.75570353120565414,0.51819372270256281,0.11008395254611969,0.42309290170669556,0.3804367920383811,0.43589624296873808,0.16123536974191666,0.80710480362176895,0.18511970061808825,0.30538302101194859,0.56710073910653591,0.71533439587801695,True,,1,0,Slot__Patch;Slot__CPW_Feed_Pin;Patch__CPW_Feed_Pin,True,Slot__CPW_Feed_Pin,,Slot__CPW_Feed_Pin,,"{""Slot__CPW_Feed_Pin"": {""geometry_type"": ""MultiLineString"", ""relations"": ""overlaps"", ""wkt"": ""MULTILINESTRING ((0.5 21.95, 0 21.95), (0 21.95, -0.5 21.95))""}}",True,
504,56.560903661884367,2.9692529086023569,3.6320434380322695,1.4674910185858607,2.8671397492289543,16.91668760497123,3.0371078103780746,0.82498343195766211,0.33818464726209641,0.31315769720822573,0.90714895725250244,0.94547433312982321,0.75022980477660894,0.78416407108306885,0.65265297051519156,0.76769784186035395,0.50889561977237463,0.83375246543437243,0.55300584435462952,0.56239478010684252,0.6186218960210681,0.18350030574947596,0.055063788779079914,True,,1,0,Slot__Patch;Slot__CPW_Feed_Pin;Patch__CPW_Feed_Pin,True,Slot__CPW_Feed_Pin,,Slot__CPW_Feed_Pin,,"{""Slot__CPW_Feed_Pin"": {""geometry_type"": ""MultiLineString"", ""relations"": ""overlaps"", ""wkt"": ""MULTILINESTRING ((0.5 22.87, 0 22.87), (0 22.87, -0.5 22.87))""}}",True,
505,34.459015228785574,1.6266679130494595,8.3256520349532366,3.2316281329840426,1.9464081693440676,9.376657297834754,5.5995626524090767,0.43588083237409592,0.68527401052415371,0.81538674235343933,0.46987263578921556,0.092507996596395969,0.35444306582212448,0.020134367048740387,0.15527286101132631,0.18912173621356487,0.0046370187774300575,0.49645157530903816,0.44065343681722879,0.062466386705636978,0.24384927377104759,0.76417737919837236,0.65903359558433294,True,,1,0,Slot__Patch;Slot__CPW_Feed_Pin;Patch__CPW_Feed_Pin,True,Slot__CPW_Feed_Pin,,Slot__CPW_Feed_Pin,,"{""Slot__CPW_Feed_Pin"": {""geometry_type"": ""MultiLineString"", ""relations"": ""overlaps"", ""wkt"": ""MULTILINESTRING ((0.5 23.17, 0 23.17), (0 23.17, -0.5 23.17))""}}",True,
506,22.883142465725541,2.2999254465103149,5.0253337975591421,2.1120466485619547,1.3258749488741159,12.04747905023396,2.0669952109456062,0.11214728932827711,0.83380019757896662,0.72916100267320871,0.091292629018425941,0.49789028987288475,0.56268859002739191,0.54918876197189093,0.26951714511960745,0.52083099633455276,0.26488804072141647,0.68502663262188435,0.16991488449275494,0.77353395707905293,0.98320114333182573,0.53108046296983957,0.3697678642347455,True,,1,0,Slot__Patch;Slot__CPW_Feed_Pin;Patch__CPW_Feed_Pin,True,Slot__CPW_Feed_Pin,,Slot__CPW_Feed_Pin,,"{""Slot__CPW_Feed_Pin"": {""geometry_type"": ""MultiLineString"", ""relations"": ""overlaps"", ""wkt"": ""MULTILINESTRING ((0.5 19.69, 0 19.69), (0 19.69, -0.5 19.69))""}}",True,
507,45.589300403371453,1.0802355762571096,7.1169205214828253,3.5925238089635974,2.4876648634672165,19.522049152292311,4.5044792145490646,0.62527946010231972,0.17405253555625677,0.22748556360602379,0.52803877647966146,0.60476286895573139,0.041985785588622093,0.25413315650075674,0.76691668201237917,0.44422522839158773,0.75254321657121181,0.020421604625880718,0.83643972035497427,0.27347594033926725,0.35745186544954777,0.41668910253793001,0.96887008752673864,True,,1,0,Slot__Patch;Slot__CPW_Feed_Pin;Patch__CPW_Feed_Pin,True,Slot__CPW_Feed_Pin,,Slot__CPW_Feed_Pin,,"{""Slot__CPW_Feed_Pin"": {""geometry_type"": ""MultiLineString"", ""relations"": ""overlaps"", ""wkt"": ""MULTILINESTRING ((0.5 22.07, 0 22.07), (0 22.07, -0.5 22.07))""}}",True,
508,39.530287384986877,2.1165782120078802,7.5845299400389194,3.3200850997120144,2.0279727037996054,15.371810775250196,2.9512153491377831,0.23796030785888433,0.88546981662511826,0.9607573002576828,0.21873946953564882,0.72677341941744089,0.63541930448263884,0.24542572721838951,0.98925156239420176,0.31551340408623219,0.95863729622215033,0.24044782854616642,0.080150007270276546,0.74776511080563068,0.73419626522809267,0.077029242180287838,0.45024004764854908,True,,1,0,Slot__Patch;Slot__CPW_Feed_Pin;Patch__CPW_Feed_Pin,True,Slot__CPW_Feed_Pin,,Slot__CPW_Feed_Pin,,"{""Slot__CPW_Feed_Pin"": {""geometry_type"": ""MultiLineString"", ""relations"": ""overlaps"", ""wkt"": ""MULTILINESTRING ((0.5 21.1, 0 21.1), (0 21.1, -0.5 21.1))""}}",True,
509,16.637390032410622,1.2718149572610855,4.3672947473824024,2.3630621051415801,1.1584802083671093,7.9049851326271892,4.3886993229389191,0.50117544084787369,0.10674265585839748,0.45852691400796175,0.65448331087827682,0.37368506845086813,0.21913328394293785,0.95039777830243111,0.49054161738604307,0.64124943036586046,0.46094316337257624,0.59341831784695387,0.91351071558892727,0.2477015508338809,0.10850045271217823,0.99561980646103621,0.83563490957021713,True,,1,0,Slot__Patch;Slot__CPW_Feed_Pin;Patch__CPW_Feed_Pin,True,Slot__CPW_Feed_Pin,,Slot__CPW_Feed_Pin,,"{""Slot__CPW_Feed_Pin"": {""geometry_type"": ""MultiLineString"", ""relations"": ""overlaps"", ""wkt"": ""MULTILINESTRING ((0.5 20.82, 0 20.82), (0 20.82, -0.5 20.82))""}}",True,
510,28.224131274037063,2.6611184291541576,6.352189265191555,2.8583415726199748,1.5379855968058109,13.795717335306108,3.9213202893733978,0.95088607352226973,0.38010481093078852,0.12288482114672661,0.78361996915191412,0.21659787185490131,0.94789919722825289,0.48042869847267866,0.12043426278978586,0.066765437833964825,0.20654348284006119,0.27979802060872316,0.69694458041340113,0.96317673940211535,0.86757430713623762,0.72932743187993765,0.14043216593563557,True,,1,0,Slot__Patch;Slot__CPW_Feed_Pin;Patch__CPW_Feed_Pin,True,Slot__CPW_Feed_Pin,,Slot__CPW_Feed_Pin,,"{""Slot__CPW_Feed_Pin"": {""geometry_type"": ""MultiLineString"", ""relations"": ""overlaps"", ""wkt"": ""MULTILINESTRING ((0.5 22.12, 0 22.12), (0 22.12, -0.5 22.12))""}}",True,
511,50.490829381160438,1.9431565497070551,5.7842171564698219,1.8599791519343856,2.6484754215925932,21.31427027285099,5.4837751612067223,0.3116871602833271,0.59649410750716925,0.62456255499273539,0.34729252941906452,0.82359248027205467,0.40665131993591785,0.71637133788317442,0.61913217138499022,0.89834753051400185,0.71693559549748898,0.9288240484893322,0.30941144376993179,0.46322766318917274,0.49285503104329109,0.34347459208220243,0.52095944434404373,True,,1,0,Slot__Patch;Slot__CPW_Feed_Pin;Patch__CPW_Feed_Pin,True,Slot__CPW_Feed_Pin,,Slot__CPW_Feed_Pin,,"{""Slot__CPW_Feed_Pin"": {""geometry_type"": ""MultiLineString"", ""relations"": ""overlaps"", ""wkt"": ""MULTILINESTRING ((0.5 24.07, 0 24.07), (0 24.07, -0.5 24.07))""}}",True,
512,50.42839593719691,2.1102804020047188,6.5751510411500931,1.5172669235616922,2.7641163915395737,18.133605611510575,5.5894433595240116,0.88577387109398842,0.98169867601245642,0.40914049185812473,0.8821307523176074,0.85693771950900555,0.35684274695813656,0.29019467625766993,0.89029674790799618,0.5751574095338583,0.92419864889234304,0.020721462555229664,0.67892507836222649,0.18142913281917572,0.64339004922658205,0.31377504393458366,0.48816980980336666,True,,1,0,Slot__Patch;Slot__CPW_Feed_Pin;Patch__CPW_Feed_Pin,True,Slot__CPW_Feed_Pin,,Slot__CPW_Feed_Pin,,"{""Slot__CPW_Feed_Pin"": {""geometry_type"": ""MultiLineString"", ""relations"": ""overlaps"", ""wkt"": ""MULTILINESTRING ((0.5 24.47, 0 24.47), (0 24.47, -0.5 24.47))""}}",True,
513,28.238595421425998,1.2674397062510252,5.2800196409225464,3.2008579259738328,1.9224577788263559,10.652148043736815,3.0269598625600338,0.36874272208660841,0.010463730432093143,0.90691159572452307,0.4438501950353384,0.24518230557441711,0.75747318658977747,0.53056802693754435,0.38772257044911385,0.40551880840212107,0.43727634195238352,0.68423068895936012,0.31471895147114992,0.68150266353040934,0.017697514966130257,0.73845380544662476,0.85288188979029655,True,,1,0,Slot__Patch;Slot__CPW_Feed_Pin;Patch__CPW_Feed_Pin,True,Slot__CPW_Feed_Pin,,Slot__CPW_Feed_Pin,,"{""Slot__CPW_Feed_Pin"": {""geometry_type"": ""MultiLineString"", ""relations"": ""overlaps"", ""wkt"": ""MULTILINESTRING ((0.5 20.21, 0 20.21), (0 20.21, -0.5 20.21))""}}",True,
514,16.622919179499149,2.6596113014966249,7.9709231816232204,2.0609714576974514,1.3009866047650576,12.674776436761022,4.5575675033032894,0.17684375494718552,0.47143842838704586,0.50873181782662868,0.119984389282763,0.33641641307622194,0.044332064688205719,0.056204481050372124,1.7901882529258728e-05,0.8239661892876029,0.1760406494140625,0.4976069051772356,0.043461354449391365,0.40450163092464209,0.75525123160332441,0.97409893944859505,0.17298889718949795,False,ValueError: producer reported invalid exported polygon(s): Patch,,0,Slot__Patch;Slot__CPW_Feed_Pin;Patch__CPW_Feed_Pin,True,Slot__CPW_Feed_Pin,,Slot__CPW_Feed_Pin,,"{""Slot__CPW_Feed_Pin"": {""geometry_type"": ""MultiLineString"", ""relations"": ""overlaps"", ""wkt"": ""MULTILINESTRING ((0.5 22.52, 0 22.52), (0 22.52, -0.5 22.52))""}}",True,
515,39.592727534472942,1.939726997166872,4.0746886543929577,3.6219748936593534,2.3855956718325615,20.207961299456656,2.1201121546328068,0.56986035313457251,0.50508753210306168,0.010407107882201672,0.5576813630759716,0.70207806956022978,0.56998540367931128,0.76553476415574551,0.50260316208004951,0.14848148822784424,0.68152046017348766,0.83210116159170866,0.96287798415869474,0.90444550476968288,0.38053535297513008,0.078221134841442108,0.54259907826781273,True,,1,0,Slot__Patch;Slot__CPW_Feed_Pin;Patch__CPW_Feed_Pin,True,Slot__CPW_Feed_Pin,,Slot__CPW_Feed_Pin,,"{""Slot__CPW_Feed_Pin"": {""geometry_type"": ""MultiLineString"", ""relations"": ""overlaps"", ""wkt"": ""MULTILINESTRING ((0.5 20.45, 0 20.45), (0 20.45, -0.5 20.45))""}}",True,
516,45.662816734984517,2.9756423570215702,4.5445853602141142,3.29059155266732,2.0987667571753263,16.147323008626699,4.4222563616931438,0.051192868500947952,0.31027175392955542,0.80228072311729193,0.24253794364631176,0.57579115033149719,0.22655977495014668,0.73487762827426195,0.72561121731996536,0.029283528216183186,0.60827559884637594,0.92851545847952366,0.20647381525486708,0.12070761527866125,0.50438676308840513,0.42606161721050739,0.0063928226009011269,True,,1,0,Slot__Patch;Slot__CPW_Feed_Pin;Patch__CPW_Feed_Pin,True,Slot__CPW_Feed_Pin,,Slot__CPW_Feed_Pin,,"{""Slot__CPW_Feed_Pin"": {""geometry_type"": ""MultiLineString"", ""relations"": ""overlaps"", ""wkt"": ""MULTILINESTRING ((0.5 23.5, 0 23.5), (0 23.5, -0.5 23.5))""}}",True,
517,22.857788549736142,1.6310735363513231,7.3164561968296766,2.4140954535454515,1.2146582342684269,8.6218969104811549,2.9848010428249836,0.69429052155464888,0.71314446721225977,0.30451113916933537,0.68123720865696669,0.46391375176608562,0.63788001704961061,0.44423747528344393,0.22427544929087162,0.9514570627361536,0.097151570953428745,0.28058707993477583,0.78717164136469364,0.62064213119447231,0.12960216030478477,0.50113865546882153,0.65252972673624754,True,,1,0,Slot__Patch;Slot__CPW_Feed_Pin;Patch__CPW_Feed_Pin,True,Slot__CPW_Feed_Pin,,Slot__CPW_Feed_Pin,,"{""Slot__CPW_Feed_Pin"": {""geometry_type"": ""MultiLineString"", ""relations"": ""overlaps"", ""wkt"": ""MULTILINESTRING ((0.5 19.83, 0 19.83), (0 19.83, -0.5 19.83))""}}",True,
518,34.484375850297511,2.3013409357517958,3.3159885350614786,2.8890748962759973,1.5931484512984753,14.926447472535074,5.4541246183216572,0.76021263748407364,0.79903142713010311,0.15580874960869551,0.75565965846180916,0.11755629908293486,0.41400916501879692,0.9688973892480135,0.35221818834543228,0.27609006687998772,0.35251970589160919,0.59225622285157442,0.5711245508864522,0.34024007618427277,0.89432415086776018,0.76610351540148258,0.31670042965561152,True,,1,0,Slot__Patch;Slot__CPW_Feed_Pin;Patch__CPW_Feed_Pin,True,Slot__CPW_Feed_Pin,,Slot__CPW_Feed_Pin,,"{""Slot__CPW_Feed_Pin"": {""geometry_type"": ""MultiLineString"", ""relations"": ""overlaps"", ""wkt"": ""MULTILINESTRING ((0.5 23.35, 0 23.35), (0 23.35, -0.5 23.35))""}}",True,
519,56.487380624748766,1.0836347565054893,8.7354712877422571,1.8101657437160612,2.7202684339135885,22.386413365602493,3.891641091555357,0.49308326747268438,0.2087407186627388,0.65413098596036434,0.31643020454794168,0.98333995509892702,0.95042858552187681,0.20924117602407932,0.85353548265993595,0.696293237619102,0.8489935826510191,0.24209051951766014,0.43521622195839882,0.8402891093865037,0.26856301166117191,0.1612489577382803,0.96773543488234282,True,,1,0,Slot__Patch;Slot__CPW_Feed_Pin;Patch__CPW_Feed_Pin,True,Slot__CPW_Feed_Pin,,Slot__CPW_Feed_Pin,,"{""Slot__CPW_Feed_Pin"": {""geometry_type"": ""MultiLineString"", ""relations"": ""overlaps"", ""wkt"": ""MULTILINESTRING ((0.5 21.69, 0 21.69), (0 21.69, -0.5 21.69))""}}",True,
520,58.91561386641115,2.5848504807800055,3.452705729752779,2.4738259365782147,1.8188937548547983,19.53034121543169,4.1606173776090145,0.074156617745757103,0.34423650242388248,0.064009296707808971,0.30912259966135025,0.78423265554010868,0.71838562656193972,0.87891150452196598,0.069746014662086964,0.092343372292816639,0.20519604720175266,0.75707729998975992,0.17343078181147575,0.46679999772459269,0.58085813652724028,0.58819575700908899,0.30671768356114626,True,,1,0,Slot__Patch;Slot__CPW_Feed_Pin;Patch__CPW_Feed_Pin,True,Slot__CPW_Feed_Pin,,Slot__CPW_Feed_Pin,,"{""Slot__CPW_Feed_Pin"": {""geometry_type"": ""MultiLineString"", ""relations"": ""overlaps"", ""wkt"": ""MULTILINESTRING ((0.5 22.56, 0 22.56), (0 22.56, -0.5 22.56))""}}",True,
521,36.627238146029413,1.8045268803834915,8.4987527467310429,3.5533591616898779,2.9925550073385239,12.063048644922674,2.7231014706194401,0.68109239730983973,0.63236575201153755,0.56623626314103603,0.87234211433678865,0.17736012116074562,0.17718257196247578,0.17421177215874195,0.5681368401274085,0.88791275210678577,0.71848521009087563,0.42053884267807007,0.81730024982243776,0.96687142550945282,0.20510820671916008,0.4835700960829854,0.90691812243312597,True,,1,0,Slot__Patch;Slot__CPW_Feed_Pin;Patch__CPW_Feed_Pin,True,Slot__CPW_Feed_Pin,,Slot__CPW_Feed_Pin,,"{""Slot__CPW_Feed_Pin"": {""geometry_type"": ""MultiLineString"", ""relations"": ""overlaps"", ""wkt"": ""MULTILINESTRING ((0.5 21.52, 0 21.52), (0 21.52, -0.5 21.52))""}}",True,
522,25.087779890745878,2.1303690485656261,5.2453603819012642,1.7479455955326557,2.3718768283724785,9.4032124383375049,5.1924937106668949,0.86517905630171299,0.85936408024281263,0.98003722634166479,0.68857899494469166,0.27240558061748743,0.90593419503420591,0.64515687990933657,0.94606873113662004,0.33766401186585426,0.95725930947810411,0.73393223248422146,0.54119429178535938,0.24413279257714748,0.94284145254641771,0.24851969722658396,0.11799231637269258,True,,1,0,Slot__Patch;Slot__CPW_Feed_Pin;Patch__CPW_Feed_Pin,True,Slot__CPW_Feed_Pin,,Slot__CPW_Feed_Pin,,"{""Slot__CPW_Feed_Pin"": {""geometry_type"": ""MultiLineString"", ""relations"": ""overlaps"", ""wkt"": ""MULTILINESTRING ((0.5 23.7, 0 23.7), (0 23.7, -0.5 23.7))""}}",True,
523,48.002354856580496,1.4729369971901178,6.8906798288226128,2.6237980956211686,1.4395790863782167,16.921316776424646,3.6299487017095089,0.38225747365504503,0.13284410256892443,0.47835623659193516,0.12582100834697485,0.62537187244743109,0.48963196203112602,0.4089429946616292,0.44766586925834417,0.63520375918596983,0.46252332907170057,0.068439840339124203,0.46809142362326384,0.74407447781413794,0.31806805171072483,0.8233373211696744,0.72110721375793219,True,,1,0,Slot__Patch;Slot__CPW_Feed_Pin;Patch__CPW_Feed_Pin,True,Slot__CPW_Feed_Pin,,Slot__CPW_Feed_Pin,,"{""Slot__CPW_Feed_Pin"": {""geometry_type"": ""MultiLineString"", ""relations"": ""overlaps"", ""wkt"": ""MULTILINESTRING ((0.5 20.55, 0 20.55), (0 20.55, -0.5 20.55))""}}",True,
524,42.81128472648561,2.4384788516908884,7.7398751992732286,2.9761379327625042,1.0447828508913517,21.313256160356104,5.8276827819645405,0.98881577514111996,0.92240146733820438,0.70992680452764034,0.56602561194449663,0.50299364700913429,0.83321805391460657,0.091470381245017052,0.29664677660912275,0.51515893451869488,0.26428229548037052,0.1609326284378767,0.70874850731343031,0.27765882574021816,0.69179285038262606,0.67117591109126806,0.202625947073102,True,,1,0,Slot__Patch;Slot__CPW_Feed_Pin;Patch__CPW_Feed_Pin,True,Slot__CPW_Feed_Pin,,Slot__CPW_Feed_Pin,,"{""Slot__CPW_Feed_Pin"": {""geometry_type"": ""MultiLineString"", ""relations"": ""overlaps"", ""wkt"": ""MULTILINESTRING ((0.5 23.31, 0 23.31), (0 23.31, -0.5 23.31))""}}",True,
525,20.083459904417396,1.1564577780663967,4.2174540627747774,1.4144899679347873,2.143767548725009,13.772755349054933,3.2651377432048321,0.25593519303947687,0.085446972399950027,0.20770207326859236,0.0022652894258499146,0.39599899388849735,0.31247042678296566,0.85528415255248547,0.79435339663177729,0.46504044625908136,0.75294678285717964,0.51302141603082418,0.2819810900837183,0.77759461011737585,0.0670729149132967,0.27555749099701643,0.58376399427652359,True,,1,0,Slot__Patch;Slot__CPW_Feed_Pin;Patch__CPW_Feed_Pin,True,Slot__CPW_Feed_Pin,,Slot__CPW_Feed_Pin,,"{""Slot__CPW_Feed_Pin"": {""geometry_type"": ""MultiLineString"", ""relations"": ""overlaps"", ""wkt"": ""MULTILINESTRING ((0.5 20.57, 0 20.57), (0 20.57, -0.5 20.57))""}}",True,
526,31.61185656208545,2.7681766152381897,6.1554114427417517,3.8442055316641932,2.5230516847223043,7.8856860380619764,4.7958140484988689,0.19782576896250248,0.43655647616833448,0.37201801873743534,0.43559383507817984,0.053636013530194759,0.52073027100414038,0.3252526605501771,0.65665218513458967,0.75859845336526632,0.50832041818648577,0.32470390293747187,0.07664173562079668,0.058287554420530796,0.83185236435383558,0.011217883788049221,0.38841206021606922,True,,1,0,Slot__Patch;Slot__CPW_Feed_Pin;Patch__CPW_Feed_Pin,True,Slot__CPW_Feed_Pin,,Slot__CPW_Feed_Pin,,"{""Slot__CPW_Feed_Pin"": {""geometry_type"": ""MultiLineString"", ""relations"": ""overlaps"", ""wkt"": ""MULTILINESTRING ((0.5 24.08, 0 24.08), (0 24.08, -0.5 24.08))""}}",True,
527,53.735411879606545,1.6129533406347036,5.9864766653627157,2.1612389117479327,1.6654915623366833,15.359811116941273,2.3582981713116169,0.55473771411925554,0.5869055213406682,0.8736977269873023,0.99976226128637791,0.9067244092002511,0.12495974451303482,0.62052527163177729,0.15896499250084162,0.21432606130838394,0.0050100414082407951,0.9744943305850029,0.93264255300164223,0.55833770334720612,0.45615578070282936,0.93566777836531401,0.7724645659327507,False,ValueError: producer reported invalid exported polygon(s): Patch,,0,Slot__Patch;Slot__CPW_Feed_Pin;Patch__CPW_Feed_Pin,True,Slot__CPW_Feed_Pin,,Slot__CPW_Feed_Pin,,"{""Slot__CPW_Feed_Pin"": {""geometry_type"": ""MultiLineString"", ""relations"": ""overlaps"", ""wkt"": ""MULTILINESTRING ((0.5 19.64, 0 19.64), (0 19.64, -0.5 19.64))""}}",True,
528,51.619830667041242,2.8564249500632286,8.3575096819549799,2.7998219057917599,2.4375751744955778,13.503287374041975,3.1516829766333103,0.22204925864934921,0.68360306229442358,0.26280770916491747,0.93881595227867365,0.60934727638959885,0.98461718205362558,0.70446532033383846,0.59439068660140038,0.60943381860852242,0.13506198581308126,0.7024593036621809,0.016535112634301186,0.13401392009109259,0.21898038033396006,0.79378913529217243,0.78307130560278893,True,,1,0,Slot__Patch;Slot__CPW_Feed_Pin;Patch__CPW_Feed_Pin,True,Slot__CPW_Feed_Pin,,Slot__CPW_Feed_Pin,,"{""Slot__CPW_Feed_Pin"": {""geometry_type"": ""MultiLineString"", ""relations"": ""overlaps"", ""wkt"": ""MULTILINESTRING ((0.5 22.45, 0 22.45), (0 22.45, -0.5 22.45))""}}",True,
529,29.512390061281621,1.5134745817631483,3.6880650166422129,1.9284815775230528,1.3740232922136784,21.021849028766155,5.7142281495034695,0.51757477130740881,0.33980982098728418,0.76491405814886093,0.37556878849864006,0.49356361292302608,0.40130756609141827,0.47580972127616405,0.095738021656870842,0.40988602768629789,0.63272785488516092,0.10040099080651999,0.97419394832104445,0.63394801877439022,0.59469604305922985,0.15010091476142406,0.43300781212747097,True,,1,0,Slot__Patch;Slot__CPW_Feed_Pin;Patch__CPW_Feed_Pin,True,Slot__CPW_Feed_Pin,,Slot__CPW_Feed_Pin,,"{""Slot__CPW_Feed_Pin"": {""geometry_type"": ""MultiLineString"", ""relations"": ""overlaps"", ""wkt"": ""MULTILINESTRING ((0.5 22.6, 0 22.6), (0 22.6, -0.5 22.6))""}}",True,
530,17.969497907906771,2.436915697529912,6.9385845344513655,3.3733780233189465,1.9944568686187267,15.666243452578783,2.2443513236939907,0.9663015641272068,0.1752962376922369,0.66317822132259607,0.059358607046306133,0.087906423024833202,0.67206647153943777,0.93943110946565866,0.48343923315405846,0.86647298652678728,0.88711763918399811,0.78896269295364618,0.63607627525925636,0.42068412899971008,0.36673033144325018,0.38367844559252262,0.59678543731570244,True,,1,0,Slot__Patch;Slot__CPW_Feed_Pin;Patch__CPW_Feed_Pin,True,Slot__CPW_Feed_Pin,,Slot__CPW_Feed_Pin,,"{""Slot__CPW_Feed_Pin"": {""geometry_type"": ""MultiLineString"", ""relations"": ""overlaps"", ""wkt"": ""MULTILINESTRING ((0.5 20.68, 0 20.68), (0 20.68, -0.5 20.68))""}}",True,
531,40.703137759119272,1.2171029187738895,4.9165718983858824,2.2994690399616959,2.81713349185884,8.1994090927764773,4.6818673051893711,0.29675995092839003,0.83248019963502884,0.16138038411736488,0.62209085188806057,0.94978384394198656,0.21385602653026581,0.24182045552879572,0.98207247070968151,0.1610830295830965,0.37675832025706768,0.38914179056882858,0.37320747692137957,0.92073262576013803,0.99146933108568192,0.56005862914025784,0.24377702735364437,True,,1,0,Slot__Patch;Slot__CPW_Feed_Pin;Patch__CPW_Feed_Pin,True,Slot__CPW_Feed_Pin,,Slot__CPW_Feed_Pin,,"{""Slot__CPW_Feed_Pin"": {""geometry_type"": ""MultiLineString"", ""relations"": ""overlaps"", ""wkt"": ""MULTILINESTRING ((0.5 22.72, 0 22.72), (0 22.72, -0.5 22.72))""}}",True,
532,47.289418084546924,2.2452134378254414,4.452630590647459,2.0029984960332516,2.6672522872686386,11.285382667556405,2.8600091151893139,0.83985627442598343,0.10641471948474646,0.90076393634080887,0.18584604933857918,0.82802434824407101,0.61978189367800951,0.25874451734125614,0.75784540362656116,0.032249382697045803,0.33491273876279593,0.35610099975019693,0.6139961676672101,0.073641657829284668,0.11580379959195852,0.96270869299769402,0.70771955978125334,True,,1,0,Slot__Patch;Slot__CPW_Feed_Pin;Patch__CPW_Feed_Pin,True,Slot__CPW_Feed_Pin,,Slot__CPW_Feed_Pin,,"{""Slot__CPW_Feed_Pin"": {""geometry_type"": ""MultiLineString"", ""relations"": ""overlaps"", ""wkt"": ""MULTILINESTRING ((0.5 21.77, 0 21.77), (0 21.77, -0.5 21.77))""}}",True,
533,24.390957830473781,1.4005730915814638,7.5988148711621761,3.6915893577039247,1.5211503151804209,18.759965063072741,4.2975251264870167,0.42051970865577459,0.88575197849422693,0.39865511376410723,0.74952530208975077,0.21236269921064377,0.016018757596611977,0.56110239215195179,0.26040062308311462,0.98701371997594833,0.83919958118349314,0.94260889291763306,0.37673528119921684,0.57371477130800486,0.74059626460075378,0.10615271329879761,0.076230884529650211,True,,1,0,Slot__Patch;Slot__CPW_Feed_Pin;Patch__CPW_Feed_Pin,True,Slot__CPW_Feed_Pin,,Slot__CPW_Feed_Pin,,"{""Slot__CPW_Feed_Pin"": {""geometry_type"": ""MultiLineString"", ""relations"": ""overlaps"", ""wkt"": ""MULTILINESTRING ((0.5 21.22, 0 21.22), (0 21.22, -0.5 21.22))""}}",True,
534,35.922788386233151,2.5395709108561277,5.6578716337680817,1.5716295007616283,1.1416225004941225,17.677124594338238,3.7673484273254871,0.09581567719578743,0.59712721966207027,0.047258783131837845,0.81627687625586987,0.36923603434115648,0.80727134924381971,0.023747255094349384,0.13246873207390308,0.28740742616355419,0.57894319295883179,0.12897143326699734,0.23340764176100492,0.35603946354240179,0.46985253784805536,0.3729410357773304,0.89692173432558775,True,,1,0,Slot__Patch;Slot__CPW_Feed_Pin;Patch__CPW_Feed_Pin,True,Slot__CPW_Feed_Pin,,Slot__CPW_Feed_Pin,,"{""Slot__CPW_Feed_Pin"": {""geometry_type"": ""MultiLineString"", ""relations"": ""overlaps"", ""wkt"": ""MULTILINESTRING ((0.5 21.45, 0 21.45), (0 21.45, -0.5 21.45))""}}",True,
535,58.216979135759175,1.821974404156208,6.2031326740980148,3.137789637409151,2.0467882081866264,10.137081993743777,5.3298935703933239,0.6411227909848094,0.37939540296792984,0.54905814025551081,0.25202928762882948,0.73099142592400312,0.32853110507130623,0.79512312728911638,0.62992554903030396,0.74020533356815577,0.091255245730280876,0.54449438955634832,0.77587849088013172,0.85598280094563961,0.84562154673039913,0.69582848995923996,0.26248814258724451,True,,1,0,Slot__Patch;Slot__CPW_Feed_Pin;Patch__CPW_Feed_Pin,True,Slot__CPW_Feed_Pin,,Slot__CPW_Feed_Pin,,"{""Slot__CPW_Feed_Pin"": {""geometry_type"": ""MultiLineString"", ""relations"": ""overlaps"", ""wkt"": ""MULTILINESTRING ((0.5 23.2, 0 23.2), (0 23.2, -0.5 23.2))""}}",True,
536,54.382957401685417,2.3232001420110464,5.6085794325917959,3.7919076474383475,1.3837095238268375,9.279657443985343,2.5983777604997158,0.78469505347311497,0.048094073310494423,0.23280108347535133,0.36974743194878101,0.53267022594809532,0.065395960584282875,0.12154747266322374,0.41444968339055777,0.096154122613370419,0.97870815731585026,0.46614923514425755,0.52173377014696598,0.48334764502942562,0.03139034565538168,0.054530336521565914,0.97672861721366644,True,,1,0,Slot__Patch;Slot__CPW_Feed_Pin;Patch__CPW_Feed_Pin,True,Slot__CPW_Feed_Pin,,Slot__CPW_Feed_Pin,,"{""Slot__CPW_Feed_Pin"": {""geometry_type"": ""MultiLineString"", ""relations"": ""overlaps"", ""wkt"": ""MULTILINESTRING ((0.5 20.3, 0 20.3), (0 20.3, -0.5 20.3))""}}",True,
537,32.374781328253448,1.0427325367927551,6.5274750497192144,2.2251039117574694,2.3027625810354948,16.812384990043938,4.0358331836760044,0.45419655460864305,0.95975865796208382,0.73069666419178247,0.80793358292430639,0.42958180792629719,0.53927628416568041,0.82233813870698214,0.91679253149777651,0.92358581721782684,0.47615825012326241,0.86404705327004194,0.47191210370510817,0.98328384663909674,0.65716291964054108,0.87764665763825178,0.36187977064400911,True,,1,0,Slot__Patch;Slot__CPW_Feed_Pin;Patch__CPW_Feed_Pin,True,Slot__CPW_Feed_Pin,,Slot__CPW_Feed_Pin,,"{""Slot__CPW_Feed_Pin"": {""geometry_type"": ""MultiLineString"", ""relations"": ""overlaps"", ""wkt"": ""MULTILINESTRING ((0.5 21.38, 0 21.38), (0 21.38, -0.5 21.38))""}}",True,
538,20.754297897219658,2.8998128138482571,3.8394665289670229,3.0349023368209602,2.9244783576577902,21.765159540809691,3.5057098902761936,0.028907066211104393,0.5612687049433589,0.81679605692625046,0.63189474493265152,0.02005318459123373,0.25290830805897713,0.35627581365406513,0.53884979244321585,0.34886889718472958,0.2305578263476491,0.052622114308178425,0.13864279165863991,0.19634837750345469,0.42926229629665613,0.64441972132772207,0.66692070569843054,True,,1,0,Slot__Patch;Slot__CPW_Feed_Pin;Patch__CPW_Feed_Pin,True,Slot__CPW_Feed_Pin,,Slot__CPW_Feed_Pin,,"{""Slot__CPW_Feed_Pin"": {""geometry_type"": ""MultiLineString"", ""relations"": ""overlaps"", ""wkt"": ""MULTILINESTRING ((0.5 23.33, 0 23.33), (0 23.33, -0.5 23.33))""}}",True,
539,43.542481809854507,1.7425476554781199,8.1120291072875261,1.3469355477020144,1.7619865946471691,14.283243762329221,5.0681935511529446,0.73342202696949244,0.46218995470553637,0.31859959382563829,0.19410145748406649,0.87704784516245127,0.85176573973149061,0.58858638443052769,0.036525418050587177,0.67826702538877726,0.72040996234863997,0.65281837806105614,0.86769839841872454,0.69639906287193298,0.80405834876000881,0.28760435711592436,0.0472043352201581,True,,1,0,Slot__Patch;Slot__CPW_Feed_Pin;Patch__CPW_Feed_Pin,True,Slot__CPW_Feed_Pin,,Slot__CPW_Feed_Pin,,"{""Slot__CPW_Feed_Pin"": {""geometry_type"": ""MultiLineString"", ""relations"": ""overlaps"", ""wkt"": ""MULTILINESTRING ((0.5 22.57, 0 22.57), (0 22.57, -0.5 22.57))""}}",True,
540,38.889918783679605,2.7159096095710993,7.2685974463820457,1.6630944319069387,1.7223996762186289,10.821794900111854,3.3899300284683704,0.15321613289415836,0.72049749828875065,0.61828520987182856,0.50540744420140982,0.75137870199978352,0.44567988626658916,0.91197957191616297,0.18827123288065195,0.55028023943305016,0.55327066220343113,0.62366857845336199,0.11140676308423281,0.29358253721147776,0.17827575746923685,0.19025249872356653,0.52857431024312973,True,,1,0,Slot__Patch;Slot__CPW_Feed_Pin;Patch__CPW_Feed_Pin,True,Slot__CPW_Feed_Pin,,Slot__CPW_Feed_Pin,,"{""Slot__CPW_Feed_Pin"": {""geometry_type"": ""MultiLineString"", ""relations"": ""overlaps"", ""wkt"": ""MULTILINESTRING ((0.5 21.83, 0 21.83), (0 21.83, -0.5 21.83))""}}",True,
541,15.914939129725099,1.9337216429412365,4.8733278885483742,2.7376277977600698,2.5911292880773544,18.281303476542234,5.952413659542799,0.60789227206259966,0.25610141828656197,0.12038834765553474,0.066667163744568825,0.14841243252158165,0.90887231472879648,0.1442567640915513,0.68983833026140928,0.46952407341450453,0.057773265987634659,0.2101898230612278,0.88223673030734062,0.79365438222885132,0.55300308577716351,0.86689209658652544,0.13278773613274097,True,,1,0,Slot__Patch;Slot__CPW_Feed_Pin;Patch__CPW_Feed_Pin,True,Slot__CPW_Feed_Pin,,Slot__CPW_Feed_Pin,,"{""Slot__CPW_Feed_Pin"": {""geometry_type"": ""MultiLineString"", ""relations"": ""overlaps"", ""wkt"": ""MULTILINESTRING ((0.5 24.48, 0 24.48), (0 24.48, -0.5 24.48))""}}",True,
542,27.546333619393408,2.0142024308443069,8.8767606653273106,2.5622874846681958,2.2128827497363091,20.015998408198357,2.482590239495039,0.90915860794484615,0.23269920330494642,0.4561558635905385,0.49228667933493853,0.3013532841578126,0.13322834670543671,0.67721785418689251,0.82754299882799387,0.80099277663975954,0.29752237815409899,0.89656952209770679,0.72820135485380888,0.011099895462393761,0.28244651760905981,0.6004848862066865,0.84327835589647293,True,,1,0,Slot__Patch;Slot__CPW_Feed_Pin;Patch__CPW_Feed_Pin,True,Slot__CPW_Feed_Pin,,Slot__CPW_Feed_Pin,,"{""Slot__CPW_Feed_Pin"": {""geometry_type"": ""MultiLineString"", ""relations"": ""overlaps"", ""wkt"": ""MULTILINESTRING ((0.5 20.71, 0 20.71), (0 20.71, -0.5 20.71))""}}",True,
543,49.719289862550795,1.3591231610625982,3.0805829353630543,3.4329832840710885,1.1006533671170473,12.490114099346101,4.92004569247365,0.32851228211075068,0.75951327104121447,0.95435456186532974,0.93147321045398712,0.65822581108659506,0.72132160421460867,0.37804189883172512,0.32596481870859861,0.22607877291738987,0.8096229312941432,0.31204479467123747,0.27813744731247425,0.51104211714118719,0.90815048664808273,0.45656776893883944,0.44262425787746906,True,,1,0,Slot__Patch;Slot__CPW_Feed_Pin;Patch__CPW_Feed_Pin,True,Slot__CPW_Feed_Pin,,Slot__CPW_Feed_Pin,,"{""Slot__CPW_Feed_Pin"": {""geometry_type"": ""MultiLineString"", ""relations"": ""overlaps"", ""wkt"": ""MULTILINESTRING ((0.5 21.38, 0 21.38), (0 21.38, -0.5 21.38))""}}",True,
544,48.885727068409324,2.6525639966130257,5.0822410080581903,3.090104833617807,2.6884184628725052,14.479651814326644,2.15291628241539,0.45139943435788155,0.31913366448134184,0.38621249329298735,0.66339630074799061,0.38929332233965397,0.16271378751844168,0.93154540192335844,0.15336242318153381,0.53264562971889973,0.81318494863808155,0.045221537351608276,0.75188210047781467,0.66527031268924475,0.8267351184040308,0.56950924172997475,0.035130927339196205,True,,1,0,Slot__Patch;Slot__CPW_Feed_Pin;Patch__CPW_Feed_Pin,True,Slot__CPW_Feed_Pin,,Slot__CPW_Feed_Pin,,"{""Slot__CPW_Feed_Pin"": {""geometry_type"": ""MultiLineString"", ""relations"": ""overlaps"", ""wkt"": ""MULTILINESTRING ((0.5 21.5, 0 21.5), (0 21.5, -0.5 21.5))""}}",True,
545,26.619350826367736,1.9971287678927183,6.7758479956537485,1.6051858877763152,1.6231557074934244,22.012838465161622,4.7154321894049644,0.80922067444771528,0.65746906865388155,0.88392494432628155,0.22520731296390295,0.52363178506493568,0.69952897727489471,0.14014809112995863,0.65590614266693592,0.487165835686028,0.32528665289282799,0.63263117615133524,0.23883408587425947,0.16522127948701382,0.45150848943740129,0.48662728816270828,0.68091695010662079,True,,1,0,Slot__Patch;Slot__CPW_Feed_Pin;Patch__CPW_Feed_Pin,True,Slot__CPW_Feed_Pin,,Slot__CPW_Feed_Pin,,"{""Slot__CPW_Feed_Pin"": {""geometry_type"": ""MultiLineString"", ""relations"": ""overlaps"", ""wkt"": ""MULTILINESTRING ((0.5 22.34, 0 22.34), (0 22.34, -0.5 22.34))""}}",True,
546,15.078582731075585,2.0777807403355837,3.475529758259654,3.7353166202083239,1.244818078354001,16.535467752255499,3.2480007037520409,0.73451779037714005,0.82156494446098804,0.53270742949098349,0.3386274054646492,0.93297754321247339,0.47517103794962168,0.66529238596558571,0.76821243762969971,0.78725435864180326,0.068934191949665546,0.44431361462920904,0.4007125087082386,0.88941092789173126,0.71206625923514366,0.22177651152014732,0.344969118013978,True,,1,0,Slot__Patch;Slot__CPW_Feed_Pin;Patch__CPW_Feed_Pin,True,Slot__CPW_Feed_Pin,,Slot__CPW_Feed_Pin,,"{""Slot__CPW_Feed_Pin"": {""geometry_type"": ""MultiLineString"", ""relations"": ""overlaps"", ""wkt"": ""MULTILINESTRING ((0.5 20.57, 0 20.57), (0 20.57, -0.5 20.57))""}}",True,
547,37.971201133914292,1.2954833395779133,8.5671180915087461,1.9654650799930098,2.066764198243618,9.0540083963423967,5.6855457127094269,0.0026648333296179771,0.17064371332526207,0.034327881410717964,0.77641591895371675,0.044732837937772274,0.88707016222178936,0.40542451664805412,0.26565787382423878,0.23980813100934029,0.57343603204935789,0.85878319106996059,0.60855836886912584,0.3894764119759202,0.087816218845546246,0.83445124328136444,0.9956226646900177,True,,1,0,Slot__Patch;Slot__CPW_Feed_Pin;Patch__CPW_Feed_Pin,True,Slot__CPW_Feed_Pin,,Slot__CPW_Feed_Pin,,"{""Slot__CPW_Feed_Pin"": {""geometry_type"": ""MultiLineString"", ""relations"": ""overlaps"", ""wkt"": ""MULTILINESTRING ((0.5 23.05, 0 23.05), (0 23.05, -0.5 23.05))""}}",True,
548,44.38159157987684,2.2615744806826115,6.0405852310359478,2.3446244476363063,2.4176306556910276,12.301202374510467,3.866588182747364,0.61068746820092201,0.89672642480581999,0.77737384848296642,0.46121134515851736,0.17065355554223061,0.29300342779606581,0.094039923511445522,0.4898847620934248,0.10976903233677149,0.65239481814205647,0.88840601500123739,0.34933704603463411,0.60491500794887543,0.96116076782345772,0.67398905195295811,0.45953468699008226,True,,1,0,Slot__Patch;Slot__CPW_Feed_Pin;Patch__CPW_Feed_Pin,True,Slot__CPW_Feed_Pin,,Slot__CPW_Feed_Pin,,"{""Slot__CPW_Feed_Pin"": {""geometry_type"": ""MultiLineString"", ""relations"": ""overlaps"", ""wkt"": ""MULTILINESTRING ((0.5 22.55, 0 22.55), (0 22.55, -0.5 22.55))""}}",True,
549,21.675755507312715,1.1044187564402819,5.8233516477048397,3.33727306239307,1.2707943357527256,19.761166479438543,5.3041332215070724,0.12869240622967482,0.11112249363213778,0.27966005634516478,0.89994114078581333,0.80486978031694889,0.81911547854542732,0.83414439763873816,0.99125122651457787,0.90997710637748241,0.14224667474627495,0.28529631905257702,0.64137675985693932,0.10497113410383463,0.33685726206749678,0.2571150865405798,0.82438405510038137,True,,1,0,Slot__Patch;Slot__CPW_Feed_Pin;Patch__CPW_Feed_Pin,True,Slot__CPW_Feed_Pin,,Slot__CPW_Feed_Pin,,"{""Slot__CPW_Feed_Pin"": {""geometry_type"": ""MultiLineString"", ""relations"": ""overlaps"", ""wkt"": ""MULTILINESTRING ((0.5 21.68, 0 21.68), (0 21.68, -0.5 21.68))""}}",True,
550,33.2055907510221,2.9612057786434889,7.8082461655139923,1.8822253838181497,1.892479132860899,18.565716147422791,2.7715114206075668,0.32741843909025192,0.40013826079666615,0.17774445004761219,0.53695562202483416,0.6516239931806922,0.10548536200076342,0.36026527732610703,0.6191753726452589,0.3663809522986412,0.40054420102387667,0.59868963807821274,0.99805302452296019,0.82478316035121679,0.57769304700195789,0.021599294617772102,0.14486139733344316,True,,1,0,Slot__Patch;Slot__CPW_Feed_Pin;Patch__CPW_Feed_Pin,True,Slot__CPW_Feed_Pin,,Slot__CPW_Feed_Pin,,"{""Slot__CPW_Feed_Pin"": {""geometry_type"": ""MultiLineString"", ""relations"": ""overlaps"", ""wkt"": ""MULTILINESTRING ((0.5 21.62, 0 21.62), (0 21.62, -0.5 21.62))""}}",True,
551,55.307200234383345,1.6810941323637962,4.2402724474668503,2.8348059730604294,2.7959377523511648,11.040291837416589,4.3340272977948189,0.9353989502415061,0.62332421168684959,0.67612629290670156,0.097756668925285339,0.26350151095539331,0.50663555599749088,0.568895623087883,0.11782762035727501,0.66074686404317617,0.89799591433256865,0.199768484570086,0.011215465143322945,0.32470962963998318,0.20241307187825441,0.90965704433619976,0.51457828935235739,True,,1,0,Slot__Patch;Slot__CPW_Feed_Pin;Patch__CPW_Feed_Pin,True,Slot__CPW_Feed_Pin,,Slot__CPW_Feed_Pin,,"{""Slot__CPW_Feed_Pin"": {""geometry_type"": ""MultiLineString"", ""relations"": ""overlaps"", ""wkt"": ""MULTILINESTRING ((0.5 22.81, 0 22.81), (0 22.81, -0.5 22.81))""}}",True,
552,57.295481460168958,2.1818540003150702,7.9465433713048697,3.4806774636730555,1.6328443232923746,8.3910673996433616,3.5971450433135033,0.51451252959668636,0.94918483309447765,0.10158287174999714,0.027918667532503605,0.43767593614757061,0.76985986903309822,0.27031949162483215,0.83377657365053892,0.049883031286299229,0.032029255293309689,0.80887523666024208,0.25708993710577488,0.95210552774369717,0.88920224085450172,0.34001418296247721,0.22857532743364573,True,,1,0,Slot__Patch;Slot__CPW_Feed_Pin;Patch__CPW_Feed_Pin,True,Slot__CPW_Feed_Pin,,Slot__CPW_Feed_Pin,,"{""Slot__CPW_Feed_Pin"": {""geometry_type"": ""MultiLineString"", ""relations"": ""overlaps"", ""wkt"": ""MULTILINESTRING ((0.5 21.41, 0 21.41), (0 21.41, -0.5 21.41))""}}",True,
553,35.083735110238194,1.4638710170984268,4.0020196940749884,2.528721876814962,2.5536044389009476,15.909173525869846,5.0346285402774811,0.24635171983391047,0.042978048324584961,0.60387230571359396,0.59116871282458305,0.5847095251083374,0.37363063078373671,0.53385663777589798,0.33535505179315805,0.96937101148068905,0.54434289131313562,0.39632874447852373,0.73656881134957075,0.45205537881702185,0.26391820888966322,0.72784303594380617,0.61006428580731153,True,,1,0,Slot__Patch;Slot__CPW_Feed_Pin;Patch__CPW_Feed_Pin,True,Slot__CPW_Feed_Pin,,Slot__CPW_Feed_Pin,,"{""Slot__CPW_Feed_Pin"": {""geometry_type"": ""MultiLineString"", ""relations"": ""overlaps"", ""wkt"": ""MULTILINESTRING ((0.5 23.05, 0 23.05), (0 23.05, -0.5 23.05))""}}",True,
554,23.466749698854983,2.6031935624778271,6.7398274708539248,2.6939109958708292,2.1741066798567772,20.749338213354349,2.5020601451396942,0.29761729575693607,0.44185519870370626,0.93945337645709515,0.969752530567348,0.99006082583218813,0.58237994648516178,0.0043173423036932945,0.21327502559870481,0.30114488303661346,0.78799974173307419,0.70799782406538725,0.90330346301198006,0.7275767857208848,0.52465550787746906,0.99228146765381098,0.41483091656118631,True,,1,0,Slot__Patch;Slot__CPW_Feed_Pin;Patch__CPW_Feed_Pin,True,Slot__CPW_Feed_Pin,,Slot__CPW_Feed_Pin,,"{""Slot__CPW_Feed_Pin"": {""geometry_type"": ""MultiLineString"", ""relations"": ""overlaps"", ""wkt"": ""MULTILINESTRING ((0.5 21.28, 0 21.28), (0 21.28, -0.5 21.28))""}}",True,
555,46.458546803332865,1.7584132645279169,5.3991538602858782,1.7006172323599458,1.012349234893918,13.282043854705989,4.0645154938101768,0.93980946857482195,0.53467124048620462,0.4378386689350009,0.40702504478394985,0.09693347942084074,0.061112564988434315,0.79888226743787527,0.71170834545046091,0.72647502925246954,0.29228628240525723,0.12245023436844349,0.10305060166865587,0.22764100134372711,0.15034795273095369,0.075666916556656361,0.79926479142159224,True,,1,0,Slot__Patch;Slot__CPW_Feed_Pin;Patch__CPW_Feed_Pin,True,Slot__CPW_Feed_Pin,,Slot__CPW_Feed_Pin,,"{""Slot__CPW_Feed_Pin"": {""geometry_type"": ""MultiLineString"", ""relations"": ""overlaps"", ""wkt"": ""MULTILINESTRING ((0.5 20.84, 0 20.84), (0 20.84, -0.5 20.84))""}}",True,
556,41.630096579901874,2.7947559002786875,3.2433137521147728,1.3017907556146384,1.4720451273024082,9.9525757972151041,2.383350595831871,0.42358384095132351,0.2763769906014204,0.74948879238218069,0.84716849401593208,0.21894538402557373,0.65503410995006561,0.70058315619826317,0.55996259022504091,0.59581794776022434,0.49653118755668402,0.15599456708878279,0.84676897991448641,0.76235403958708048,0.77356781996786594,0.41520661767572165,0.28066529147326946,True,,1,0,Slot__Patch;Slot__CPW_Feed_Pin;Patch__CPW_Feed_Pin,True,Slot__CPW_Feed_Pin,,Slot__CPW_Feed_Pin,,"{""Slot__CPW_Feed_Pin"": {""geometry_type"": ""MultiLineString"", ""relations"": ""overlaps"", ""wkt"": ""MULTILINESTRING ((0.5 20.65, 0 20.65), (0 20.65, -0.5 20.65))""}}",True,
557,18.803111831657588,1.5750830732285976,8.711097277700901,3.0709968371316796,2.3415052723139524,17.426699087955058,4.9458059147000313,0.81555189285427332,0.74703970551490784,0.24719682522118092,0.28349974099546671,0.86585710756480694,0.23833610769361258,0.49511851742863655,0.062286428175866604,0.42349379230290651,0.98617106769233942,0.55287151969969273,0.14689215645194054,0.26241235435009003,0.3993289889767766,0.52762196492403746,0.88072847202420235,True,,1,0,Slot__Patch;Slot__CPW_Feed_Pin;Patch__CPW_Feed_Pin,True,Slot__CPW_Feed_Pin,,Slot__CPW_Feed_Pin,,"{""Slot__CPW_Feed_Pin"": {""geometry_type"": ""MultiLineString"", ""relations"": ""overlaps"", ""wkt"": ""MULTILINESTRING ((0.5 22.86, 0 22.86), (0 22.86, -0.5 22.86))""}}",True,
558,30.431137047708035,2.498321533203125,4.6637137569487095,2.2713693263009191,2.9620308633893728,19.03962888289243,3.4784278348088264,0.64026355184614658,0.77002040203660727,0.33348361682146788,0.15435927920043468,0.70879995357245207,0.96757529489696026,0.96655574720352888,0.42460476327687502,0.84895997028797865,0.74447456747293472,0.36624768003821373,0.49285281728953123,0.54234186373651028,0.64022223278880119,0.762816964648664,0.091432360932230949,True,,1,0,Slot__Patch;Slot__CPW_Feed_Pin;Patch__CPW_Feed_Pin,True,Slot__CPW_Feed_Pin,,Slot__CPW_Feed_Pin,,"{""Slot__CPW_Feed_Pin"": {""geometry_type"": ""MultiLineString"", ""relations"": ""overlaps"", ""wkt"": ""MULTILINESTRING ((0.5 22.94, 0 22.94), (0 22.94, -0.5 22.94))""}}",True,
559,52.456141300499439,1.1557576414197683,7.481138426810503,3.7569142043590551,1.8515123836696148,11.499129859730601,5.9159113615751266,0.12230969686061144,0.237752222456038,0.83509990386664867,0.71861924510449171,0.31579448748379946,0.42579335812479258,0.2301224572584033,0.92226125951856375,0.17860224470496178,0.24214156530797482,0.96737421024590731,0.51350362785160542,0.042270435951650143,0.015006805770099163,0.18016387801617384,0.69444045796990395,True,,1,0,Slot__Patch;Slot__CPW_Feed_Pin;Patch__CPW_Feed_Pin,True,Slot__CPW_Feed_Pin,,Slot__CPW_Feed_Pin,,"{""Slot__CPW_Feed_Pin"": {""geometry_type"": ""MultiLineString"", ""relations"": ""overlaps"", ""wkt"": ""MULTILINESTRING ((0.5 22.93, 0 22.93), (0 22.93, -0.5 22.93))""}}",True,
560,53.162736827507615,2.3751766309142113,3.8624252825975418,1.8538880422711372,2.0142515730112791,17.113206647336483,4.59016352891922,0.66242612153291702,0.022990758530795574,0.28571901842951775,0.71998948603868484,0.13755523785948753,0.55838445574045181,0.064028169959783554,0.36134735681116581,0.52888727188110352,0.11779450066387653,0.73843363206833601,0.41233765706419945,0.65020322799682617,0.30906327627599239,0.041703695431351662,0.73611027002334595,True,,1,0,Slot__Patch;Slot__CPW_Feed_Pin;Patch__CPW_Feed_Pin,True,Slot__CPW_Feed_Pin,,Slot__CPW_Feed_Pin,,"{""Slot__CPW_Feed_Pin"": {""geometry_type"": ""MultiLineString"", ""relations"": ""overlaps"", ""wkt"": ""MULTILINESTRING ((0.5 22.98, 0 22.98), (0 22.98, -0.5 22.98))""}}",True,
561,31.132604191079736,1.2198205571621656,8.1802539825439453,2.8515365259721879,1.1723468936979771,9.646370499394834,2.0277081057429314,0.082813142798841,0.98486149776726961,0.78788497392088175,0.15677282679826021,0.77567769773304462,0.079124464653432369,0.86714713647961617,0.86003059893846512,0.45130495633929968,0.61448432132601738,0.091526204720139503,0.58132306206971407,0.15025989059358835,0.9342672536149621,0.90609498880803585,0.10497265495359898,True,,1,0,Slot__Patch;Slot__CPW_Feed_Pin;Patch__CPW_Feed_Pin,True,Slot__CPW_Feed_Pin,,Slot__CPW_Feed_Pin,,"{""Slot__CPW_Feed_Pin"": {""geometry_type"": ""MultiLineString"", ""relations"": ""overlaps"", ""wkt"": ""MULTILINESTRING ((0.5 18.42, 0 18.42), (0 18.42, -0.5 18.42))""}}",True,
562,19.51355951372534,2.8317344207316637,5.4454113207757473,2.3664156137034302,1.5516000501811504,11.79076402913779,5.5597768947482109,0.39873411133885384,0.52346909232437611,0.63924695551395416,0.27815467305481434,0.68081606086343527,0.87086652778089046,0.32930743973702192,0.7477122638374567,0.7762431288138032,0.87375733722001314,0.77790584787726402,0.81006942875683308,0.93574434425681829,0.16778311133384705,0.63916135020554066,0.92480535805225372,True,,1,0,Slot__Patch;Slot__CPW_Feed_Pin;Patch__CPW_Feed_Pin,True,Slot__CPW_Feed_Pin,,Slot__CPW_Feed_Pin,,"{""Slot__CPW_Feed_Pin"": {""geometry_type"": ""MultiLineString"", ""relations"": ""overlaps"", ""wkt"": ""MULTILINESTRING ((0.5 23.95, 0 23.95), (0 23.95, -0.5 23.95))""}}",True,
563,42.323742904700339,1.5493349768221378,6.4126862101256847,3.3241528939455751,2.6349903102964163,19.309327472001314,3.12229323387146,0.85431763809174299,0.49998908862471581,0.13750491011887789,0.84091745223850012,0.29659984353929758,0.26664467249065638,0.60089127253741026,0.24904868751764297,0.19669044576585293,0.36242010723799467,0.42680979240685701,0.19628659915179014,0.43567123077809811,0.54201050754636526,0.30848435871303082,0.29075328446924686,True,,1,0,Slot__Patch;Slot__CPW_Feed_Pin;Patch__CPW_Feed_Pin,True,Slot__CPW_Feed_Pin,,Slot__CPW_Feed_Pin,,"{""Slot__CPW_Feed_Pin"": {""geometry_type"": ""MultiLineString"", ""relations"": ""overlaps"", ""wkt"": ""MULTILINESTRING ((0.5 21.3, 0 21.3), (0 21.3, -0.5 21.3))""}}",True,
564,48.56950472574681,2.5232462771236897,8.9449913632124662,3.5757236639037737,2.8493668586015701,15.175531120039523,5.4293485656380653,0.27459957450628281,0.69482197891920805,0.92571706417948008,0.40461149532347918,0.4187255073338747,0.92321116849780083,0.89866471290588379,0.026040453463792801,0.074822190217673779,0.41028574295341969,0.33576658740639687,0.93987337034195662,0.58946481253951788,0.41681749373674393,0.21845671907067299,0.75457755383104086,True,,1,0,Slot__Patch;Slot__CPW_Feed_Pin;Patch__CPW_Feed_Pin,True,Slot__CPW_Feed_Pin,,Slot__CPW_Feed_Pin,,"{""Slot__CPW_Feed_Pin"": {""geometry_type"": ""MultiLineString"", ""relations"": ""overlaps"", ""wkt"": ""MULTILINESTRING ((0.5 24.8, 0 24.8), (0 24.8, -0.5 24.8))""}}",True,
565,25.572579237632453,1.8661925960332155,3.1035358887165785,2.0959604792296886,1.9640357438474894,7.6354903075844049,3.9918649345636368,0.98016117420047522,0.28177646268159151,0.42355340346693993,0.96838228404521942,0.55697023496031761,0.46442184876650572,0.17028192430734634,0.52345489524304867,0.90542773529887199,0.91554852947592735,0.99834364373236895,0.053785914555191994,0.089416315779089928,0.79111361410468817,0.85430950671434402,0.40437671262770891,True,,1,0,Slot__Patch;Slot__CPW_Feed_Pin;Patch__CPW_Feed_Pin,True,Slot__CPW_Feed_Pin,,Slot__CPW_Feed_Pin,,"{""Slot__CPW_Feed_Pin"": {""geometry_type"": ""MultiLineString"", ""relations"": ""overlaps"", ""wkt"": ""MULTILINESTRING ((0.5 21.82, 0 21.82), (0 21.82, -0.5 21.82))""}}",True,
566,37.202663719654083,2.1917176675051451,7.1538144294172525,3.2460083696991209,1.343266474083066,14.052650732919574,4.4597276002168655,0.53826296702027321,0.19628051109611988,0.025308300741016865,0.59741976018995047,0.89963910821825266,0.73566831834614277,0.63341882731765509,0.89553492143750191,0.32405821420252323,0.65822153259068727,0.18691864144057035,0.33773486036807299,0.87146583199501038,0.059961197897791862,0.62063243612647057,0.56876068469136953,True,,1,0,Slot__Patch;Slot__CPW_Feed_Pin;Patch__CPW_Feed_Pin,True,Slot__CPW_Feed_Pin,,Slot__CPW_Feed_Pin,,"{""Slot__CPW_Feed_Pin"": {""geometry_type"": ""MultiLineString"", ""relations"": ""overlaps"", ""wkt"": ""MULTILINESTRING ((0.5 22, 0 22), (0 22, -0.5 22))""}}",True,
567,59.397608712315559,1.4115268662571907,4.7101539764553308,1.4811570083722474,2.470144234597683,21.527231340296566,2.8972721472382545,0.20868526678532362,0.79593148455023766,0.52704900503158569,0.033263737335801125,0.015300638042390347,0.15196292567998171,0.43650441523641348,0.39810868166387081,0.64881766308099031,0.17151136230677366,0.52243566699326038,0.66861974075436592,0.37153173331171274,0.68523378018289804,0.45204190909862518,0.2156453849747777,True,,1,0,Slot__Patch;Slot__CPW_Feed_Pin;Patch__CPW_Feed_Pin,True,Slot__CPW_Feed_Pin,,Slot__CPW_Feed_Pin,,"{""Slot__CPW_Feed_Pin"": {""geometry_type"": ""MultiLineString"", ""relations"": ""overlaps"", ""wkt"": ""MULTILINESTRING ((0.5 20.78, 0 20.78), (0 20.78, -0.5 20.78))""}}",True,
568,56.002637771889567,2.9122318979352713,7.1031267531216145,2.1175270738080147,1.0687843002378941,20.404143151827157,5.1598977968096733,0.35029960609972477,0.65108874253928661,0.19524229038506746,0.088390449993312359,0.18978764861822128,0.38379464577883482,0.73117522057145834,0.68240174744278193,0.015556137077510357,0.7742952099069953,0.4747341638430953,0.90681510791182518,0.99807260278612375,0.49647419899702072,0.79854435380548239,0.55487105529755354,True,,1,0,Slot__Patch;Slot__CPW_Feed_Pin;Patch__CPW_Feed_Pin,True,Slot__CPW_Feed_Pin,,Slot__CPW_Feed_Pin,,"{""Slot__CPW_Feed_Pin"": {""geometry_type"": ""MultiLineString"", ""relations"": ""overlaps"", ""wkt"": ""MULTILINESTRING ((0.5 23.14, 0 23.14), (0 23.14, -0.5 23.14))""}}",True,
569,33.917185915634036,1.6944234371185303,5.0358460284769535,3.8817332863807685,2.2426878046244383,12.922225585207343,3.7223526239395142,0.89469551760703325,0.3723236620426178,0.69307444989681244,0.52666813693940639,0.8327931072562933,0.97246677801012993,0.46373273339122534,0.18008923809975386,0.96519351378083229,0.27076971624046564,0.82787442021071911,0.083899234421551228,0.49813038110733032,0.87173510994762182,0.1297249598428607,0.15873351041227579,True,,1,0,Slot__Patch;Slot__CPW_Feed_Pin;Patch__CPW_Feed_Pin,True,Slot__CPW_Feed_Pin,,Slot__CPW_Feed_Pin,,"{""Slot__CPW_Feed_Pin"": {""geometry_type"": ""MultiLineString"", ""relations"": ""overlaps"", ""wkt"": ""MULTILINESTRING ((0.5 21.66, 0 21.66), (0 21.66, -0.5 21.66))""}}",True,
570,22.375731845386326,2.3649764619767666,8.3331784084439278,1.462179183587432,2.6212700363248587,10.374999241903424,4.1902839541435242,0.58658685348927975,0.1457125311717391,0.8573336536064744,0.91316029522567987,0.74186393897980452,0.19633572269231081,0.99620180577039719,0.30216509196907282,0.25844633765518665,0.030052043497562408,0.014236889779567719,0.30778937228024006,0.71287389658391476,0.10531605593860149,0.39600211288779974,0.87008224707096815,True,,1,0,Slot__Patch;Slot__CPW_Feed_Pin;Patch__CPW_Feed_Pin,True,Slot__CPW_Feed_Pin,,Slot__CPW_Feed_Pin,,"{""Slot__CPW_Feed_Pin"": {""geometry_type"": ""MultiLineString"", ""relations"": ""overlaps"", ""wkt"": ""MULTILINESTRING ((0.5 23.17, 0 23.17), (0 23.17, -0.5 23.17))""}}",True,
571,45.087425862438977,1.0200597885996103,3.6153532192111015,2.9425673706457021,1.6901949159801006,17.907728576101363,2.6277679726481438,0.16622075531631708,0.86206343118101358,0.35906995460391045,0.47545857354998589,0.3449522377923131,0.65992392785847187,0.19772960245609283,0.80445888917893171,0.71392981428653002,0.51892676018178463,0.66312748286873102,0.70147965382784605,0.21280205156654119,0.72960048262029886,0.53211428504437208,0.46904660109430552,True,,1,0,Slot__Patch;Slot__CPW_Feed_Pin;Patch__CPW_Feed_Pin,True,Slot__CPW_Feed_Pin,,Slot__CPW_Feed_Pin,,"{""Slot__CPW_Feed_Pin"": {""geometry_type"": ""MultiLineString"", ""relations"": ""overlaps"", ""wkt"": ""MULTILINESTRING ((0.5 19.34, 0 19.34), (0 19.34, -0.5 19.34))""}}",True,
572,40.072031035088003,2.0485975239425898,5.7771401423960924,2.6700585462152961,1.7941627446562052,22.197270076721907,4.8205902129411697,0.71273555792868137,0.072519479319453239,0.57867887616157532,0.78670340590178967,0.47098766826093197,0.0035021444782614708,0.30182736646384001,0.95547804143279791,0.59267953783273697,0.69176570978015661,0.56819328665733337,0.44214579742401838,0.80891787074506283,0.35428849421441555,0.94208856765180826,0.95053482428193092,False,ValueError: producer reported invalid exported polygon(s): Patch,,0,Slot__Patch;Slot__CPW_Feed_Pin;Patch__CPW_Feed_Pin,True,Slot__CPW_Feed_Pin,,Slot__CPW_Feed_Pin,,"{""Slot__CPW_Feed_Pin"": {""geometry_type"": ""MultiLineString"", ""relations"": ""overlaps"", ""wkt"": ""MULTILINESTRING ((0.5 22.66, 0 22.66), (0 22.66, -0.5 22.66))""}}",True,
573,17.195570259355009,1.329061072319746,6.367680536583066,1.712947198189795,2.8943662196397781,14.671387556008995,2.2580742016434669,0.042269331403076649,0.9196467399597168,0.080848296172916889,0.34799362998455763,0.61411502212285995,0.60287932306528091,0.50338663440197706,0.4538803668692708,0.38800478633493185,0.1972437659278512,0.23075317684561014,0.54856997169554234,0.30886718537658453,0.97851945552974939,0.11115216184407473,0.33582341484725475,True,,1,0,Slot__Patch;Slot__CPW_Feed_Pin;Patch__CPW_Feed_Pin,True,Slot__CPW_Feed_Pin,,Slot__CPW_Feed_Pin,,"{""Slot__CPW_Feed_Pin"": {""geometry_type"": ""MultiLineString"", ""relations"": ""overlaps"", ""wkt"": ""MULTILINESTRING ((0.5 20.48, 0 20.48), (0 20.48, -0.5 20.48))""}}",True,
574,28.726091478019953,2.7210691124200821,4.3799131717532873,3.5082193335518248,2.2729251012206078,8.9060833817347884,5.7902116551995277,0.47635484300553799,0.56811571773141623,0.49470695480704308,0.21096007898449898,0.96065534371882677,0.31602235231548548,0.03683224692940712,0.091574071906507015,0.83757293317466974,0.43992274254560471,0.91931483056396246,0.8432345213368535,0.52701503876596689,0.24755419790744781,0.34426429960876703,0.64025797322392464,True,,1,0,Slot__Patch;Slot__CPW_Feed_Pin;Patch__CPW_Feed_Pin,True,Slot__CPW_Feed_Pin,,Slot__CPW_Feed_Pin,,"{""Slot__CPW_Feed_Pin"": {""geometry_type"": ""MultiLineString"", ""relations"": ""overlaps"", ""wkt"": ""MULTILINESTRING ((0.5 24.78, 0 24.78), (0 24.78, -0.5 24.78))""}}",True,
575,50.998325664550066,1.8783306982368231,7.5744892414659262,2.5099253911525015,1.4156110156327486,16.365590170025826,3.352666512131691,0.77083753142505884,0.40840642992407084,0.99296812061220407,0.65017714444547892,0.063621732406318188,0.79036139510571957,0.76935828849673271,0.59318259079009295,0.13486854545772076,0.95300061069428921,0.25487572513520718,0.16603593900799751,0.027078837156295776,0.62276176270097494,0.70888448972254992,0.020648462697863579,True,,1,0,Slot__Patch;Slot__CPW_Feed_Pin;Patch__CPW_Feed_Pin,True,Slot__CPW_Feed_Pin,,Slot__CPW_Feed_Pin,,"{""Slot__CPW_Feed_Pin"": {""geometry_type"": ""MultiLineString"", ""relations"": ""overlaps"", ""wkt"": ""MULTILINESTRING ((0.5 20.65, 0 20.65), (0 20.65, -0.5 20.65))""}}",True,
576,51.323936660774052,2.9477879013866186,4.1256370469927788,3.8777270862832669,1.6001765504479408,21.111562089063227,3.8001939244568348,0.84847252536565065,0.1586665753275156,0.44902319367974997,0.13970397226512432,0.88306591380387545,0.18750581331551075,0.51392348203808069,0.051167351193726063,0.39565192442387342,0.108872439712286,0.41014301870018244,0.88862330093979836,0.76689850445836782,0.18826138693839312,0.81370052881538868,0.46341919247061014,True,,1,0,Slot__Patch;Slot__CPW_Feed_Pin;Patch__CPW_Feed_Pin,True,Slot__CPW_Feed_Pin,,Slot__CPW_Feed_Pin,,"{""Slot__CPW_Feed_Pin"": {""geometry_type"": ""MultiLineString"", ""relations"": ""overlaps"", ""wkt"": ""MULTILINESTRING ((0.5 22.34, 0 22.34), (0 22.34, -0.5 22.34))""}}",True,
577,28.442363594658673,1.6677170842885971,7.7295451238751411,2.1481935463845732,2.7113987822085619,13.651611590757966,5.3627104572951794,0.39676672406494617,0.81791720166802406,0.94685523398220539,0.70191735308617353,0.030099521391093731,0.66680390108376741,0.30482494179159403,0.55351211037486792,0.56892212852835655,0.59652802534401417,0.76014115661382675,0.11773219425231218,0.26696225814521313,0.56254596449434757,0.23862345330417156,0.81268918793648481,True,,1,0,Slot__Patch;Slot__CPW_Feed_Pin;Patch__CPW_Feed_Pin,True,Slot__CPW_Feed_Pin,,Slot__CPW_Feed_Pin,,"{""Slot__CPW_Feed_Pin"": {""geometry_type"": ""MultiLineString"", ""relations"": ""overlaps"", ""wkt"": ""MULTILINESTRING ((0.5 23.74, 0 23.74), (0 23.74, -0.5 23.74))""}}",True,
578,17.474183170124888,2.2744925729930401,5.9204775430262089,2.9481606785207992,2.0906600449234247,7.8167273383587599,2.8300933055579662,0.088665761984884739,0.66990599315613508,0.5954970670863986,0.86193451657891273,0.43529870919883251,0.37504881247878075,0.78016884438693523,0.93338186759501696,0.14299818314611912,0.85288001131266356,0.073517380282282829,0.27176768518984318,0.5534094050526619,0.33540279697626829,0.47368898428976536,0.14872846845537424,True,,1,0,Slot__Patch;Slot__CPW_Feed_Pin;Patch__CPW_Feed_Pin,True,Slot__CPW_Feed_Pin,,Slot__CPW_Feed_Pin,,"{""Slot__CPW_Feed_Pin"": {""geometry_type"": ""MultiLineString"", ""relations"": ""overlaps"", ""wkt"": ""MULTILINESTRING ((0.5 21.2, 0 21.2), (0 21.2, -0.5 21.2))""}}",True,
579,39.751529647037387,1.1173190269619226,6.125122893601656,1.4223084932193162,1.2209233939647675,15.342138041742146,4.2676379270851612,0.66438600234687328,0.32232185918837786,0.097233487293124199,0.30012161377817392,0.54217134416103363,0.97926297318190336,0.039556121453642845,0.43105558957904577,0.81430195737630129,0.34862183500081301,0.72152272518724203,0.72189249377697706,0.053358764387667179,0.96066403016448021,0.57854359410703182,0.5028965650126338,True,,1,0,Slot__Patch;Slot__CPW_Feed_Pin;Patch__CPW_Feed_Pin,True,Slot__CPW_Feed_Pin,,Slot__CPW_Feed_Pin,,"{""Slot__CPW_Feed_Pin"": {""geometry_type"": ""MultiLineString"", ""relations"": ""overlaps"", ""wkt"": ""MULTILINESTRING ((0.5 20.61, 0 20.61), (0 20.61, -0.5 20.61))""}}",True,
580,44.755914006382227,2.0912303272634745,8.4706556852906942,1.7401224598288536,1.2634399738162756,19.607741720974445,2.2114981971681118,0.21456268895417452,0.61186587251722813,0.84051546640694141,0.98446696531027555,0.66442597936838865,0.32284117303788662,0.46085734385997057,0.34061582665890455,0.94158683717250824,0.42554731294512749,0.5000315960496664,0.47817506920546293,0.9561753049492836,0.084406706504523754,0.9260176382958889,0.046766547486186028,True,,1,0,Slot__Patch;Slot__CPW_Feed_Pin;Patch__CPW_Feed_Pin,True,Slot__CPW_Feed_Pin,,Slot__CPW_Feed_Pin,,"{""Slot__CPW_Feed_Pin"": {""geometry_type"": ""MultiLineString"", ""relations"": ""overlaps"", ""wkt"": ""MULTILINESTRING ((0.5 19.57, 0 19.57), (0 19.57, -0.5 19.57))""}}",True,
581,22.66536058858037,1.3089507482945919,3.3903743829578161,2.6517701195552945,2.4249857626855373,12.074568732641637,4.6490427888929844,0.54019804485142231,0.39597171917557716,0.34268476720899343,0.42366780899465084,0.31133768428117037,0.78159239981323481,0.72027227748185396,0.84218101296573877,0.023044913075864315,0.9359391201287508,0.16561391856521368,0.5281799454241991,0.45610338542610407,0.70961447432637215,0.0013387948274612427,0.67709550634026527,False,ValueError: producer reported invalid exported polygon(s): Slot,,0,Slot__Patch;Slot__CPW_Feed_Pin;Patch__CPW_Feed_Pin,True,Slot__CPW_Feed_Pin,,Slot__CPW_Feed_Pin,,"{""Slot__CPW_Feed_Pin"": {""geometry_type"": ""MultiLineString"", ""relations"": ""overlaps"", ""wkt"": ""MULTILINESTRING ((0.5 22.38, 0 22.38), (0 22.38, -0.5 22.38))""}}",True,
582,33.622458293102682,2.6396141946315765,6.8898655045777559,2.4868759898468857,2.8042083866894245,9.5822740299627185,3.1816064156591892,0.97427599970251322,0.12212509196251631,0.24092605523765087,0.013215587474405766,0.15394531190395355,0.010359488427639008,0.19463963992893696,0.70644818525761366,0.690813266672194,0.67764111887663603,0.97728305403143167,0.86144914198666811,0.73914619442075491,0.43931182194501162,0.265663031488657,0.35658778063952923,True,,1,0,Slot__Patch;Slot__CPW_Feed_Pin;Patch__CPW_Feed_Pin,True,Slot__CPW_Feed_Pin,,Slot__CPW_Feed_Pin,,"{""Slot__CPW_Feed_Pin"": {""geometry_type"": ""MultiLineString"", ""relations"": ""overlaps"", ""wkt"": ""MULTILINESTRING ((0.5 22.63, 0 22.63), (0 22.63, -0.5 22.63))""}}",True,
583,56.339253871701658,1.984138136729598,5.1616057176142931,3.5198429148644212,1.884209243580699,17.063719723373652,5.7441229782998562,0.2726722490042448,0.90134894568473101,0.73918734025210142,0.57448389753699303,0.76093986444175243,0.59407257940620184,0.98551344312727451,0.20487190876156092,0.26642917655408382,0.17994669545441866,0.31360664963722229,0.13221056386828423,0.23920404724776745,0.8135430533438921,0.66154090315103531,0.99181484058499336,True,,1,0,Slot__Patch;Slot__CPW_Feed_Pin;Patch__CPW_Feed_Pin,True,Slot__CPW_Feed_Pin,,Slot__CPW_Feed_Pin,,"{""Slot__CPW_Feed_Pin"": {""geometry_type"": ""MultiLineString"", ""relations"": ""overlaps"", ""wkt"": ""MULTILINESTRING ((0.5 23.61, 0 23.61), (0 23.61, -0.5 23.61))""}}",True,
584,59.821799271740019,2.4809826985001564,7.4029638580977917,2.8764900691807274,2.5453347582370043,15.960931833833456,2.4497447423636913,0.16034703608602285,0.54616022016853094,0.039743943139910698,0.55154950637370348,0.94414746854454279,0.86209800932556391,0.15957782603800297,0.99673358164727688,0.88218911737203598,0.76466192398220301,0.67381209600716829,0.38609576597809792,0.61574378423392773,0.00085152965039014816,0.088117449544370174,0.26902946271002293,False,ValueError: producer reported invalid exported polygon(s): Slot,,0,Slot__Patch;Slot__CPW_Feed_Pin;Patch__CPW_Feed_Pin,True,Slot__CPW_Feed_Pin,,Slot__CPW_Feed_Pin,,"{""Slot__CPW_Feed_Pin"": {""geometry_type"": ""MultiLineString"", ""relations"": ""overlaps"", ""wkt"": ""MULTILINESTRING ((0.5 21.48, 0 21.48), (0 21.48, -0.5 21.48))""}}",True,
585,36.818989017046988,1.1383679639548063,4.5485060177743435,1.8428993815556169,1.641115166246891,8.4868235467001796,4.8872288055717945,0.58464807271957397,0.4459913382306695,0.54191001784056425,0.11427506804466248,0.078485949896275997,0.27346397005021572,0.89555996842682362,0.49808282032608986,0.08292709942907095,0.25259385909885168,0.023823585361242294,0.62317368108779192,0.11580973025411367,0.6250787116587162,0.98373590689152479,0.88454964756965637,True,,1,0,Slot__Patch;Slot__CPW_Feed_Pin;Patch__CPW_Feed_Pin,True,Slot__CPW_Feed_Pin,,Slot__CPW_Feed_Pin,,"{""Slot__CPW_Feed_Pin"": {""geometry_type"": ""MultiLineString"", ""relations"": ""overlaps"", ""wkt"": ""MULTILINESTRING ((0.5 21.67, 0 21.67), (0 21.67, -0.5 21.67))""}}",True,
586,25.950371855869889,2.811625586822629,8.7950624227523804,3.2976122429594401,1.0197045505046844,14.841728112660348,3.4198458380997181,0.90056149195879698,0.032006090506911278,0.87765462882816792,0.44662899430841208,0.48749553598463535,0.54957818891853094,0.42558764386922121,0.11234653554856777,0.62508891616016626,0.0089365299791097641,0.83721696771681309,0.76650119759142399,0.82956186030060053,0.3978709327057004,0.74810591991990805,0.07981390692293644,True,,1,0,Slot__Patch;Slot__CPW_Feed_Pin;Patch__CPW_Feed_Pin,True,Slot__CPW_Feed_Pin,,Slot__CPW_Feed_Pin,,"{""Slot__CPW_Feed_Pin"": {""geometry_type"": ""MultiLineString"", ""relations"": ""overlaps"", ""wkt"": ""MULTILINESTRING ((0.5 21.26, 0 21.26), (0 21.26, -0.5 21.26))""}}",True,
587,48.15120161511004,1.5919653363525867,3.3409662991762161,2.3866084922105077,2.1667525265365839,22.3822121322155,5.9823008589446545,0.35224613174796104,0.94453191012144089,0.37591246422380209,0.88338086940348148,0.59925081208348274,0.085982285439968109,0.63052674848586321,0.61097786203026772,0.33166906051337719,0.50440537184476852,0.48517462890595198,0.22421355824917555,0.329513318836689,0.77307464368641376,0.32365597318857908,0.69824855029582977,True,,1,0,Slot__Patch;Slot__CPW_Feed_Pin;Patch__CPW_Feed_Pin,True,Slot__CPW_Feed_Pin,,Slot__CPW_Feed_Pin,,"{""Slot__CPW_Feed_Pin"": {""geometry_type"": ""MultiLineString"", ""relations"": ""overlaps"", ""wkt"": ""MULTILINESTRING ((0.5 23.75, 0 23.75), (0 23.75, -0.5 23.75))""}}",True,
588,41.916396617889404,2.6205030716955662,5.3130598459392786,2.0884630294516686,2.3176103793084621,18.195238304324448,3.5385630168020725,0.7766787176951766,0.24969896581023932,0.68730939459055662,0.32409646362066269,0.72541712131351233,0.74254876840859652,0.86988579295575619,0.64456524699926376,0.45931252371519804,0.70677715633064508,0.26763552613556385,0.98343392740935087,0.67660427186638117,0.14693487901240587,0.17112809512764215,0.22469109017401934,True,,1,0,Slot__Patch;Slot__CPW_Feed_Pin;Patch__CPW_Feed_Pin,True,Slot__CPW_Feed_Pin,,Slot__CPW_Feed_Pin,,"{""Slot__CPW_Feed_Pin"": {""geometry_type"": ""MultiLineString"", ""relations"": ""overlaps"", ""wkt"": ""MULTILINESTRING ((0.5 22.48, 0 22.48), (0 22.48, -0.5 22.48))""}}",True,
589,19.88038994371891,1.7757101971656084,6.6442580167204142,3.6149594336748132,1.4959407653659582,10.677147125825286,5.1010180674493313,0.47832615673542023,0.7736987778916955,0.18514585308730602,0.75983457732945681,0.35963332746177912,0.14313349314033985,0.074854461476206779,0.14711856283247471,0.50573836639523506,0.21689265873283148,0.93317397963255644,0.025835992768406868,0.17653123289346695,0.52220731414854527,0.77575383801013231,0.62175936158746481,True,,1,0,Slot__Patch;Slot__CPW_Feed_Pin;Patch__CPW_Feed_Pin,True,Slot__CPW_Feed_Pin,,Slot__CPW_Feed_Pin,,"{""Slot__CPW_Feed_Pin"": {""geometry_type"": ""MultiLineString"", ""relations"": ""overlaps"", ""wkt"": ""MULTILINESTRING ((0.5 22.37, 0 22.37), (0 22.37, -0.5 22.37))""}}",True,
590,30.759897041134536,2.1650136392563581,4.0822771769016981,1.484528597816825,1.8744924943894148,12.869148077443242,2.5684543214738369,0.036435659043490887,0.73457238636910915,0.27128337975591421,0.67803777940571308,0.20623447373509407,0.93000784050673246,0.60390553716570139,0.27699916809797287,0.2042155135422945,0.45858868025243282,0.24485647398978472,0.3639537887647748,0.8937183003872633,0.25171798001974821,0.51077359262853861,0.41096357721835375,True,,1,0,Slot__Patch;Slot__CPW_Feed_Pin;Patch__CPW_Feed_Pin,True,Slot__CPW_Feed_Pin,,Slot__CPW_Feed_Pin,,"{""Slot__CPW_Feed_Pin"": {""geometry_type"": ""MultiLineString"", ""relations"": ""overlaps"", ""wkt"": ""MULTILINESTRING ((0.5 20.61, 0 20.61), (0 20.61, -0.5 20.61))""}}",True,
591,53.575954469852149,1.4470814988017082,8.0596224199980497,3.2134374452754857,2.9390514977276325,20.336427488364279,4.0059383548796177,0.71075673028826714,0.27321942895650864,0.77302396483719349,0.24170845653861761,0.81811201013624668,0.45567649230360985,0.33985811565071344,0.77445789612829685,0.75260778982192278,0.96116725355386734,0.58119723573327065,0.62676144763827324,0.39377488847821951,0.87601376697421074,0.4359559016302228,0.81094630714505911,True,,1,0,Slot__Patch;Slot__CPW_Feed_Pin;Patch__CPW_Feed_Pin,True,Slot__CPW_Feed_Pin,,Slot__CPW_Feed_Pin,,"{""Slot__CPW_Feed_Pin"": {""geometry_type"": ""MultiLineString"", ""relations"": ""overlaps"", ""wkt"": ""MULTILINESTRING ((0.5 22.39, 0 22.39), (0 22.39, -0.5 22.39))""}}",True,
592,52.877919883467257,2.2095912750810385,4.7836823780089617,2.5494714586064222,1.1649918165057898,10.972594949416816,5.4879295118153095,0.01244098786264658,0.48752366937696934,0.34779529273509979,0.19639298692345619,0.63499357085675001,0.59115156251937151,0.49044187925755978,0.46427617128938437,0.41588109824806452,0.83526922389864922,0.86873609013855457,0.29116037674248219,0.78295769542455673,0.67400795314460993,0.29359256848692894,0.75850378256291151,True,,1,0,Slot__Patch;Slot__CPW_Feed_Pin;Patch__CPW_Feed_Pin,True,Slot__CPW_Feed_Pin,,Slot__CPW_Feed_Pin,,"{""Slot__CPW_Feed_Pin"": {""geometry_type"": ""MultiLineString"", ""relations"": ""overlaps"", ""wkt"": ""MULTILINESTRING ((0.5 22.86, 0 22.86), (0 22.86, -0.5 22.86))""}}",True,
593,30.056734071113169,1.4293592870235443,7.2619037199765444,3.4662754993885763,2.0216059647500515,18.512621652334929,3.9254745952785015,0.74817913584411144,0.52030963078141212,0.85008484590798616,0.63363213185220957,0.27799904067069292,0.054298276081681252,0.68781888298690319,0.96266890037804842,0.61954878084361553,0.33882402069866657,0.45316716562956572,0.71811103355139494,0.28288631234318018,0.049700727686285973,0.65014846622943878,0.39263201598078012,True,,1,0,Slot__Patch;Slot__CPW_Feed_Pin;Patch__CPW_Feed_Pin,True,Slot__CPW_Feed_Pin,,Slot__CPW_Feed_Pin,,"{""Slot__CPW_Feed_Pin"": {""geometry_type"": ""MultiLineString"", ""relations"": ""overlaps"", ""wkt"": ""MULTILINESTRING ((0.5 21.37, 0 21.37), (0 21.37, -0.5 21.37))""}}",True,
594,19.183311061933637,2.5048957727849483,3.01236074231565,1.671298508346081,2.6432602293789387,20.063295587897301,4.3933342806994915,0.79945226479321718,0.99681014101952314,0.7012985460460186,0.80131254903972149,0.18728397041559219,0.77866971772164106,0.22517020348459482,0.58278829511255026,0.17049942165613174,0.079551483504474163,0.64172887522727251,0.92345027253031731,0.50611320789903402,0.78672563191503286,0.88339054957032204,0.57270810287445784,True,,1,0,Slot__Patch;Slot__CPW_Feed_Pin;Patch__CPW_Feed_Pin,True,Slot__CPW_Feed_Pin,,Slot__CPW_Feed_Pin,,"{""Slot__CPW_Feed_Pin"": {""geometry_type"": ""MultiLineString"", ""relations"": ""overlaps"", ""wkt"": ""MULTILINESTRING ((0.5 23.54, 0 23.54), (0 23.54, -0.5 23.54))""}}",True,
595,41.202516378834844,1.8478605095297098,8.8427842017263174,2.7092649923637513,1.5433294456452131,12.588729090057313,2.9558503516018391,0.43773034401237965,0.026667234487831593,0.1996837193146348,0.36452728789299726,0.79037225805222988,0.36677828803658485,0.95406708214432001,0.084383522160351276,0.87219674047082663,0.59064314235001802,0.055418584495782852,0.067266453988850117,0.0061714779585599899,0.41144174337387085,0.060503162443637848,0.20389141980558634,True,,1,0,Slot__Patch;Slot__CPW_Feed_Pin;Patch__CPW_Feed_Pin,True,Slot__CPW_Feed_Pin,,Slot__CPW_Feed_Pin,,"{""Slot__CPW_Feed_Pin"": {""geometry_type"": ""MultiLineString"", ""relations"": ""overlaps"", ""wkt"": ""MULTILINESTRING ((0.5 20.34, 0 20.34), (0 20.34, -0.5 20.34))""}}",True,
596,46.04193951934576,2.813951650634408,6.5030144043266773,3.0632599119097002,1.9410553947091103,9.2389674391597509,4.5237702392041683,0.92565532866865396,0.78496142663061619,0.98764361906796694,0.92778651509433985,0.916164037771523,0.9606998497620225,0.54649896360933781,0.17555388156324625,0.99300450272858143,0.63665100559592247,0.21326143015176058,0.82659935671836138,0.97258711513131857,0.53566750790923834,0.46254262514412403,0.74791016057133675,True,,1,0,Slot__Patch;Slot__CPW_Feed_Pin;Patch__CPW_Feed_Pin,True,Slot__CPW_Feed_Pin,,Slot__CPW_Feed_Pin,,"{""Slot__CPW_Feed_Pin"": {""geometry_type"": ""MultiLineString"", ""relations"": ""overlaps"", ""wkt"": ""MULTILINESTRING ((0.5 23.28, 0 23.28), (0 23.28, -0.5 23.28))""}}",True,
597,23.835981376469135,1.5315337888896465,5.5484196580946445,1.3387268608435989,2.8723459858447313,16.705789533443749,2.0862862803041935,0.31372456066310406,0.1916256882250309,0.48535177111625671,0.49194445833563805,0.05929138045758009,0.4346258919686079,0.27536246366798878,0.67325859796255827,0.042360049672424793,0.13114264793694019,0.61328050121665001,0.18266871944069862,0.47265140525996685,0.16045234352350235,0.60623080842196941,0.10097978822886944,True,,1,0,Slot__Patch;Slot__CPW_Feed_Pin;Patch__CPW_Feed_Pin,True,Slot__CPW_Feed_Pin,,Slot__CPW_Feed_Pin,,"{""Slot__CPW_Feed_Pin"": {""geometry_type"": ""MultiLineString"", ""relations"": ""overlaps"", ""wkt"": ""MULTILINESTRING ((0.5 20.49, 0 20.49), (0 20.49, -0.5 20.49))""}}",True,
598,34.720294321887195,2.3934362977743149,8.1075269356369972,3.7586207399144778,2.4940388891845942,21.593561642803252,5.6183578111231327,0.13842851389199495,0.29326734226197004,0.087271192111074924,0.073844249360263348,0.40610683523118496,0.64824292715638876,0.81173725891858339,0.80899488274008036,0.74962602090090513,0.38847012352198362,0.29964303411543369,0.45877479296177626,0.6914701983332634,0.92499647382646799,0.87262263335287571,0.93662596121430397,True,,1,0,Slot__Patch;Slot__CPW_Feed_Pin;Patch__CPW_Feed_Pin,True,Slot__CPW_Feed_Pin,,Slot__CPW_Feed_Pin,,"{""Slot__CPW_Feed_Pin"": {""geometry_type"": ""MultiLineString"", ""relations"": ""overlaps"", ""wkt"": ""MULTILINESTRING ((0.5 24.51, 0 24.51), (0 24.51, -0.5 24.51))""}}",True,
599,57.706303219310939,1.238121410831809,3.7534888610243797,2.2379246257245544,1.3193705976009369,14.075012253597379,3.0559029243886471,0.62438886053860188,0.69895621854811907,0.58888735994696617,0.51007153652608395,0.50907323509454727,0.24708503484725952,0.0091476412490010262,0.31130960118025541,0.29313546791672707,0.87542491126805544,0.90165481250733137,0.53193859197199345,0.19141997490078211,0.30075785331428051,0.19624250195920467,0.28675067238509655,True,,1,0,Slot__Patch;Slot__CPW_Feed_Pin;Patch__CPW_Feed_Pin,True,Slot__CPW_Feed_Pin,,Slot__CPW_Feed_Pin,,"{""Slot__CPW_Feed_Pin"": {""geometry_type"": ""MultiLineString"", ""relations"": ""overlaps"", ""wkt"": ""MULTILINESTRING ((0.5 19.61, 0 19.61), (0 19.61, -0.5 19.61))""}}",True,
600,55.629717973060906,2.7349292561411858,7.6816862057894468,1.6041139628738166,2.2187921963632107,11.449654558673501,4.7620091550052166,0.94956464599817991,0.8730641296133399,0.13218089286237955,0.61217052396386862,0.69210516568273306,0.4840030949562788,0.83898852486163378,0.51920215412974358,0.93325016833841801,0.053890586830675602,0.10505176149308681,0.79349526949226856,0.56881700549274683,0.61154000367969275,0.55432993266731501,0.93873520195484161,True,,1,0,Slot__Patch;Slot__CPW_Feed_Pin;Patch__CPW_Feed_Pin,True,Slot__CPW_Feed_Pin,,Slot__CPW_Feed_Pin,,"{""Slot__CPW_Feed_Pin"": {""geometry_type"": ""MultiLineString"", ""relations"": ""overlaps"", ""wkt"": ""MULTILINESTRING ((0.5 23.72, 0 23.72), (0 23.72, -0.5 23.72))""}}",True,
601,32.929080021567643,1.8922410886734724,4.454379765316844,3.125453986041248,1.0926792230457067,18.975522578693926,2.3244646675884724,0.31129961833357811,0.15033695194870234,0.6298932246863842,0.049870351329445839,0.33022763673216105,0.88019424024969339,0.10691160429269075,0.016629887744784355,0.10163754690438509,0.55717241670936346,0.68950000312179327,0.21285837423056364,0.068743430078029633,0.23728968948125839,0.37769041676074266,0.339816490188241,True,,1,0,Slot__Patch;Slot__CPW_Feed_Pin;Patch__CPW_Feed_Pin,True,Slot__CPW_Feed_Pin,,Slot__CPW_Feed_Pin,,"{""Slot__CPW_Feed_Pin"": {""geometry_type"": ""MultiLineString"", ""relations"": ""overlaps"", ""wkt"": ""MULTILINESTRING ((0.5 19.31, 0 19.31), (0 19.31, -0.5 19.31))""}}",True,
602,21.95746704004705,2.0342300850898027,6.2664117459207773,1.975106147117913,1.7131743114441633,17.710492168553174,5.8566048629581928,0.2365890359506011,0.36086342297494411,0.79430833924561739,0.38994092959910631,0.23564017936587334,0.17146223783493042,0.57395433075726032,0.40236271545290947,0.68450242560356855,0.79789056442677975,0.37807505670934916,0.42890558764338493,0.84525616280734539,0.97413554135710001,0.14412801805883646,0.6284371018409729,True,,1,0,Slot__Patch;Slot__CPW_Feed_Pin;Patch__CPW_Feed_Pin,True,Slot__CPW_Feed_Pin,,Slot__CPW_Feed_Pin,,"{""Slot__CPW_Feed_Pin"": {""geometry_type"": ""MultiLineString"", ""relations"": ""overlaps"", ""wkt"": ""MULTILINESTRING ((0.5 23.61, 0 23.61), (0 23.61, -0.5 23.61))""}}",True,
603,44.053878402337432,1.31468141451478,5.6850724909454584,3.6990154355764391,2.5982899554073811,10.250999880954623,3.2940884344279766,0.50083771347999573,0.64692410081624985,0.29592891037464142,0.95166513323783875,0.85142395086586475,0.69273731764405966,0.37292238511145115,0.90494607202708721,0.35873590037226677,0.30925855785608292,0.79172089695930481,0.56475274730473757,0.34531233366578817,0.34890870563685894,0.78804506827145815,0.024650866165757179,True,,1,0,Slot__Patch;Slot__CPW_Feed_Pin;Patch__CPW_Feed_Pin,True,Slot__CPW_Feed_Pin,,Slot__CPW_Feed_Pin,,"{""Slot__CPW_Feed_Pin"": {""geometry_type"": ""MultiLineString"", ""relations"": ""overlaps"", ""wkt"": ""MULTILINESTRING ((0.5 21.21, 0 21.21), (0 21.21, -0.5 21.21))""}}",True,
604,37.632482852786779,2.3510240502655506,3.7189336270093918,3.3659571757540112,2.8860953468829393,13.448660611175001,5.226290974766016,0.11252220999449492,0.42084145452827215,0.51577293500304222,0.263466851785779,0.97330501023679972,0.09867059625685215,0.12764273677021265,0.87014354951679707,0.47918508294969797,0.48004897031933069,0.94570326898247004,0.3211669297888875,0.629050238057971,0.72326152119785547,0.69008263852447271,0.55094461794942617,True,,1,0,Slot__Patch;Slot__CPW_Feed_Pin;Patch__CPW_Feed_Pin,True,Slot__CPW_Feed_Pin,,Slot__CPW_Feed_Pin,,"{""Slot__CPW_Feed_Pin"": {""geometry_type"": ""MultiLineString"", ""relations"": ""overlaps"", ""wkt"": ""MULTILINESTRING ((0.5 24.47, 0 24.47), (0 24.47, -0.5 24.47))""}}",True,
605,15.371294002979994,1.0061195958405733,8.4229802191257477,2.3273659992963078,1.8024323955178261,20.930563621222973,3.6637745760381222,0.62661353871226311,0.57130581233650446,0.018059023655951023,0.82424789573997259,0.11154972668737173,0.51540669519454241,0.92657931987196207,0.36880587041378021,0.5557603295892477,0.9748136242851615,0.34567465633153915,0.68519005551934242,0.12911564763635397,0.097981220111250877,0.36696635466068983,0.17047793883830309,True,,1,0,Slot__Patch;Slot__CPW_Feed_Pin;Patch__CPW_Feed_Pin,True,Slot__CPW_Feed_Pin,,Slot__CPW_Feed_Pin,,"{""Slot__CPW_Feed_Pin"": {""geometry_type"": ""MultiLineString"", ""relations"": ""overlaps"", ""wkt"": ""MULTILINESTRING ((0.5 20.47, 0 20.47), (0 20.47, -0.5 20.47))""}}",True,
606,26.331824264489114,2.9266916047781706,4.9263834021985531,2.8121522493660454,1.4229651391506195,15.508124548941851,4.1317029260098934,0.82534713204950094,0.90766770206391811,0.43177604675292969,0.7347191795706749,0.45443174429237843,0.28615060821175575,0.39264546148478985,0.23893611319363117,0.23231750726699829,0.73213512264192104,0.53205436281859875,0.95644752960652113,0.91000600252300501,0.86246836837381124,0.10016266163438559,0.86613503750413656,True,,1,0,Slot__Patch;Slot__CPW_Feed_Pin;Patch__CPW_Feed_Pin,True,Slot__CPW_Feed_Pin,,Slot__CPW_Feed_Pin,,"{""Slot__CPW_Feed_Pin"": {""geometry_type"": ""MultiLineString"", ""relations"": ""overlaps"", ""wkt"": ""MULTILINESTRING ((0.5 22.48, 0 22.48), (0 22.48, -0.5 22.48))""}}",True,
607,49.219255275093019,1.7088328972458839,7.030971597880125,1.8959924275055529,2.265569755807519,7.9754097713157535,2.6941584087908268,0.43722610175609589,0.068873636424541473,0.93015800882130861,0.1734308497980237,0.57009328529238701,0.82792485039681196,0.66060001216828823,0.74025531113147736,0.81086312141269445,0.21881359070539474,0.13407949265092611,0.037214139476418495,0.40995704382658005,0.48816470801830292,0.95697797369211912,0.48080083448439837,True,,1,0,Slot__Patch;Slot__CPW_Feed_Pin;Patch__CPW_Feed_Pin,True,Slot__CPW_Feed_Pin,,Slot__CPW_Feed_Pin,,"{""Slot__CPW_Feed_Pin"": {""geometry_type"": ""MultiLineString"", ""relations"": ""overlaps"", ""wkt"": ""MULTILINESTRING ((0.5 20.66, 0 20.66), (0 20.66, -0.5 20.66))""}}",True,
608,50.143495425581932,2.2874605264514685,8.6333557683974504,2.2030847648158671,1.9141270592808723,9.9704759661108255,4.4886744767427444,0.28310421574860811,0.50971196405589581,0.47095603309571743,0.42096940334886312,0.3548643896356225,0.26168763916939497,0.15483939182013273,0.78787159454077482,0.4929124778136611,0.15398762468248606,0.3989640437066555,0.55776225216686726,0.2516852393746376,0.27783546037971973,0.069678882136940956,0.010319148190319538,True,,1,0,Slot__Patch;Slot__CPW_Feed_Pin;Patch__CPW_Feed_Pin,True,Slot__CPW_Feed_Pin,,Slot__CPW_Feed_Pin,,"{""Slot__CPW_Feed_Pin"": {""geometry_type"": ""MultiLineString"", ""relations"": ""overlaps"", ""wkt"": ""MULTILINESTRING ((0.5 22.69, 0 22.69), (0 22.69, -0.5 22.69))""}}",True,
609,27.162641733884811,1.0697436779737473,3.224721746519208,3.8050400368869308,2.7724482733756304,17.495888457633555,2.9261904135346413,0.95651979930698872,0.48243911564350128,0.96885149460285902,0.98327434994280338,0.74799187388271093,0.84494391456246376,0.91496189218014479,0.28555717412382364,0.54202387481927872,0.64066531416028738,0.79793164599686861,0.45152107905596495,0.75162738654762506,0.90263171959668398,0.98655278049409389,0.64078542497009039,True,,1,0,Slot__Patch;Slot__CPW_Feed_Pin;Patch__CPW_Feed_Pin,True,Slot__CPW_Feed_Pin,,Slot__CPW_Feed_Pin,,"{""Slot__CPW_Feed_Pin"": {""geometry_type"": ""MultiLineString"", ""relations"": ""overlaps"", ""wkt"": ""MULTILINESTRING ((0.5 20.76, 0 20.76), (0 20.76, -0.5 20.76))""}}",True,
610,16.292759659700096,2.9899919144809246,7.4244540240615606,1.3749848518520595,2.3928899560123682,19.161003311164677,5.3955188766121864,0.53122275415807962,0.0062990998849272728,0.57058351673185825,0.58057741541415453,0.84239598549902439,0.074198094196617603,0.38883719220757484,0.1654455317184329,0.24996124021708965,0.90190052799880505,0.10961407702416182,0.15685665234923363,0.037372193299233913,0.13594301417469978,0.72209896333515644,0.32064752746373415,True,,1,0,Slot__Patch;Slot__CPW_Feed_Pin;Patch__CPW_Feed_Pin,True,Slot__CPW_Feed_Pin,,Slot__CPW_Feed_Pin,,"{""Slot__CPW_Feed_Pin"": {""geometry_type"": ""MultiLineString"", ""relations"": ""overlaps"", ""wkt"": ""MULTILINESTRING ((0.5 24.77, 0 24.77), (0 24.77, -0.5 24.77))""}}",True,
611,38.471589940600097,1.6454720292240381,4.6182052250951529,3.0182789301499726,1.293693482875824,11.701051024720073,3.9580638557672501,0.2318387757986784,0.97023842576891184,0.072387172840535641,0.018856048583984375,0.19536225870251656,0.53243147768080235,0.67998750135302544,0.66774123255163431,0.79322654101997614,0.39666628837585449,0.71252568997442722,0.83387199509888887,0.53744411282241344,0.51171586196869612,0.33404129557311535,0.95598132815212011,True,,1,0,Slot__Patch;Slot__CPW_Feed_Pin;Patch__CPW_Feed_Pin,True,Slot__CPW_Feed_Pin,,Slot__CPW_Feed_Pin,,"{""Slot__CPW_Feed_Pin"": {""geometry_type"": ""MultiLineString"", ""relations"": ""overlaps"", ""wkt"": ""MULTILINESTRING ((0.5 20.89, 0 20.89), (0 20.89, -0.5 20.89))""}}",True,
612,43.135163434781134,2.6735825482755899,3.9660269804298878,2.7466342106461528,1.1907023098319769,8.2488951226696372,5.5308376476168633,0.65480702091008425,0.21193082444369793,0.86449775379151106,0.70314048416912556,0.073717906139791012,0.12634561117738485,0.81947801169008017,0.57657093275338411,0.91572803631424904,0.31353765074163675,0.55810081493109465,0.093215865083038807,0.44132827874273062,0.3849250040948391,0.17418919876217842,0.49996954388916492,True,,1,0,Slot__Patch;Slot__CPW_Feed_Pin;Patch__CPW_Feed_Pin,True,Slot__CPW_Feed_Pin,,Slot__CPW_Feed_Pin,,"{""Slot__CPW_Feed_Pin"": {""geometry_type"": ""MultiLineString"", ""relations"": ""overlaps"", ""wkt"": ""MULTILINESTRING ((0.5 23.4, 0 23.4), (0 23.4, -0.5 23.4))""}}",True,
613,21.121102594770491,1.9536493085324764,7.8979213871061802,1.6274278240278364,2.122723426669836,15.730339027941227,3.0933825969696045,0.10556894727051258,0.81146644055843353,0.3666007723659277,0.14237186219543219,0.96672323439270258,0.73016208410263062,0.11059875693172216,0.074975169263780117,0.1191515726968646,0.82490724977105856,0.14343354292213917,0.91607080772519112,0.94137891940772533,0.7606291277334094,0.75707110017538071,0.84888868778944016,True,,1,0,Slot__Patch;Slot__CPW_Feed_Pin;Patch__CPW_Feed_Pin,True,Slot__CPW_Feed_Pin,,Slot__CPW_Feed_Pin,,"{""Slot__CPW_Feed_Pin"": {""geometry_type"": ""MultiLineString"", ""relations"": ""overlaps"", ""wkt"": ""MULTILINESTRING ((0.5 21.17, 0 21.17), (0 21.17, -0.5 21.17))""}}",True,
614,32.002089181914926,2.0958400070667267,5.3827534094452858,3.4325464008376008,2.7431875057518482,20.73804521933198,4.6239855885505676,0.40684298519045115,0.7094986354932189,0.2180009176954627,0.29451166838407516,0.62353580072522163,0.4388959938660264,0.58545064181089401,0.43923137057572603,0.67089567799121141,0.56953863613307476,0.95682686939835548,0.69218054693192244,0.22274274379014969,0.028921196237206459,0.52189124748110771,0.18480988033115864,True,,1,0,Slot__Patch;Slot__CPW_Feed_Pin;Patch__CPW_Feed_Pin,True,Slot__CPW_Feed_Pin,,Slot__CPW_Feed_Pin,,"{""Slot__CPW_Feed_Pin"": {""geometry_type"": ""MultiLineString"", ""relations"": ""overlaps"", ""wkt"": ""MULTILINESTRING ((0.5 23.47, 0 23.47), (0 23.47, -0.5 23.47))""}}",True,
615,54.796157861128449,1.2530099805444479,6.6657538041472435,2.5970018278807405,1.5702301245182753,13.204874019138515,2.0615015551447868,0.83009549789130688,0.29829270485788584,0.7161997351795435,0.85581048298627138,0.47662421502172947,0.91761329583823681,0.34560270607471466,0.94083798583596945,0.37234884686768055,0.072820141911506653,0.36946329195052385,0.29855143465101719,0.72267899010330439,0.65364885050803423,0.40921655297279358,0.53859654814004898,True,,1,0,Slot__Patch;Slot__CPW_Feed_Pin;Patch__CPW_Feed_Pin,True,Slot__CPW_Feed_Pin,,Slot__CPW_Feed_Pin,,"{""Slot__CPW_Feed_Pin"": {""geometry_type"": ""MultiLineString"", ""relations"": ""overlaps"", ""wkt"": ""MULTILINESTRING ((0.5 18.89, 0 18.89), (0 18.89, -0.5 18.89))""}}",True,
616,58.542605806142092,2.7503142133355141,5.8946837615221739,1.9308229126036169,2.9696368891745806,12.30517293792218,5.7612647786736488,0.71973387058824301,0.12968463730067015,0.0012066802009940147,0.77034545317292213,0.28703839052468538,0.68090647459030151,0.55044406652450562,0.23244194686412811,0.97927616164088249,0.99786815419793129,0.63530450314283371,0.060096548870205879,0.10004270169883966,0.46542466804385185,0.84018000122159719,0.19082594476640224,True,,1,0,Slot__Patch;Slot__CPW_Feed_Pin;Patch__CPW_Feed_Pin,True,Slot__CPW_Feed_Pin,,Slot__CPW_Feed_Pin,,"{""Slot__CPW_Feed_Pin"": {""geometry_type"": ""MultiLineString"", ""relations"": ""overlaps"", ""wkt"": ""MULTILINESTRING ((0.5 25.49, 0 25.49), (0 25.49, -0.5 25.49))""}}",True,
617,35.639043990522623,1.5951106678694487,6.0538679044693708,2.7657421732321383,1.8418130353093147,19.845658745616674,3.3237482458353043,0.019157722592353821,0.84689866472035646,0.50331314839422703,0.33310154918581247,0.67528299521654844,0.20697281416505575,0.25562451034784317,0.73112328536808491,0.056095543317496777,0.48482265509665012,0.034254939295351505,0.94624517392367125,0.59998611360788345,0.8401635242626071,0.22776472102850676,0.58775698766112328,True,,1,0,Slot__Patch;Slot__CPW_Feed_Pin;Patch__CPW_Feed_Pin,True,Slot__CPW_Feed_Pin,,Slot__CPW_Feed_Pin,,"{""Slot__CPW_Feed_Pin"": {""geometry_type"": ""MultiLineString"", ""relations"": ""overlaps"", ""wkt"": ""MULTILINESTRING ((0.5 20.76, 0 20.76), (0 20.76, -0.5 20.76))""}}",True,
618,24.669597982428968,2.4568410385400057,4.2916460875421762,2.2910975476726891,1.4635359644889832,18.700562417507172,4.8544199019670486,0.46789222490042448,0.63604222424328327,0.91720994096249342,0.22780240885913372,0.76569360308349133,0.99335768632590771,0.78419110085815191,0.84536744654178619,0.73198134172707796,0.24604808073490858,0.84592402633279562,0.662296112626791,0.31401341967284679,0.073410207405686378,0.49260012712329626,0.37659134529531002,True,,1,0,Slot__Patch;Slot__CPW_Feed_Pin;Patch__CPW_Feed_Pin,True,Slot__CPW_Feed_Pin,,Slot__CPW_Feed_Pin,,"{""Slot__CPW_Feed_Pin"": {""geometry_type"": ""MultiLineString"", ""relations"": ""overlaps"", ""wkt"": ""MULTILINESTRING ((0.5 22.78, 0 22.78), (0 22.78, -0.5 22.78))""}}",True,
619,46.968890293501318,1.17477722838521,7.8473467323929071,3.4109487731009729,2.3479211125522852,11.226452342234552,2.2918752804398537,0.79443688318133354,0.35618514940142632,0.41541198454797268,0.66458478849381208,0.13135524094104767,0.3945231968536973,0.020900956355035305,0.34670578129589558,0.31077108718454838,0.74054135102778673,0.44887950830161572,0.33135030139237642,0.81408645864576101,0.69912554044276476,0.57525313179939985,0.77646730467677116,True,,1,0,Slot__Patch;Slot__CPW_Feed_Pin;Patch__CPW_Feed_Pin,True,Slot__CPW_Feed_Pin,,Slot__CPW_Feed_Pin,,"{""Slot__CPW_Feed_Pin"": {""geometry_type"": ""MultiLineString"", ""relations"": ""overlaps"", ""wkt"": ""MULTILINESTRING ((0.5 19.82, 0 19.82), (0 19.82, -0.5 19.82))""}}",True,
620,40.37165314424783,2.1481391824781895,6.8186163157224655,3.661635601706803,2.1364742182195187,14.350958531722426,4.2192232012748718,0.34217172022908926,0.58225069474428892,0.64673222042620182,0.10523946676403284,0.0057993335649371147,0.80044904723763466,0.47856363281607628,0.3815081249922514,0.43340228404849768,0.53265302255749702,0.29050260689109564,0.58775351662188768,0.16029289178550243,0.32245411165058613,0.91540295723825693,0.30279156658798456,True,,1,0,Slot__Patch;Slot__CPW_Feed_Pin;Patch__CPW_Feed_Pin,True,Slot__CPW_Feed_Pin,,Slot__CPW_Feed_Pin,,"{""Slot__CPW_Feed_Pin"": {""geometry_type"": ""MultiLineString"", ""relations"": ""overlaps"", ""wkt"": ""MULTILINESTRING ((0.5 22.5, 0 22.5), (0 22.5, -0.5 22.5))""}}",True,
621,18.259100248105824,1.4907498676329851,5.1358061134815216,2.0189872920513157,1.0520769264549017,21.81823615450412,2.6566786095499992,0.91893666982650757,0.42558642197400331,0.14462351705878973,0.541069146245718,0.89392191637307405,0.33730995934456587,0.71524583175778389,0.87892447039484978,0.60203379392623901,0.043745825067162514,0.87588301859796047,0.41858487203717232,0.66034143324941397,0.94822291005402803,0.027574156410992146,0.91866269242018461,True,,1,0,Slot__Patch;Slot__CPW_Feed_Pin;Patch__CPW_Feed_Pin,True,Slot__CPW_Feed_Pin,,Slot__CPW_Feed_Pin,,"{""Slot__CPW_Feed_Pin"": {""geometry_type"": ""MultiLineString"", ""relations"": ""overlaps"", ""wkt"": ""MULTILINESTRING ((0.5 19.2, 0 19.2), (0 19.2, -0.5 19.2))""}}",True,
622,29.217678112909198,2.5665805619210005,8.5884630940854549,3.1591738637536766,1.6738232355564833,16.510238000191748,5.1260757371783257,0.59422508906573057,0.089581208303570747,0.3088598158210516,0.89680334459990263,0.54692406952381134,0.61293661035597324,0.24478894751518965,0.50881700031459332,0.18410522304475307,0.28837171476334333,0.18925917148590088,0.18983862083405256,0.37878015730530024,0.21632829681038857,0.26310508046299219,0.11404500994831324,True,,1,0,Slot__Patch;Slot__CPW_Feed_Pin;Patch__CPW_Feed_Pin,True,Slot__CPW_Feed_Pin,,Slot__CPW_Feed_Pin,,"{""Slot__CPW_Feed_Pin"": {""geometry_type"": ""MultiLineString"", ""relations"": ""overlaps"", ""wkt"": ""MULTILINESTRING ((0.5 23.36, 0 23.36), (0 23.36, -0.5 23.36))""}}",True,
623,51.956430254504085,1.7862372323870659,3.5563776008784771,1.5565929694101215,2.514720756560564,8.9921486098319292,3.6885591745376587,0.14344581589102745,0.93389235064387321,0.81065905373543501,0.46056555770337582,0.412707744166255,0.024820414371788502,0.94999704789370298,0.011388849467039108,0.85858283285051584,0.7919257553294301,0.60188224259763956,0.80380445159971714,0.87871421128511429,0.59112049918621778,0.67971959430724382,0.7328610522672534,True,,1,0,Slot__Patch;Slot__CPW_Feed_Pin;Patch__CPW_Feed_Pin,True,Slot__CPW_Feed_Pin,,Slot__CPW_Feed_Pin,,"{""Slot__CPW_Feed_Pin"": {""geometry_type"": ""MultiLineString"", ""relations"": ""overlaps"", ""wkt"": ""MULTILINESTRING ((0.5 21.99, 0 21.99), (0 21.99, -0.5 21.99))""}}",True,
624,54.057957362383604,2.5569304879754782,6.2877617999911308,3.556095951609314,1.3500666525214911,22.098885755985975,2.8014024347066879,0.57183357421308756,0.83661635033786297,0.32584576401859522,0.47756640333682299,0.10263153072446585,0.89709680899977684,0.85056173428893089,0.69705890212208033,0.44167887140065432,0.91163062397390604,0.81532090809196234,0.15326191857457161,0.29814041312783957,0.85781988315284252,0.54175125434994698,0.71160368528217077,True,,1,0,Slot__Patch;Slot__CPW_Feed_Pin;Patch__CPW_Feed_Pin,True,Slot__CPW_Feed_Pin,,Slot__CPW_Feed_Pin,,"{""Slot__CPW_Feed_Pin"": {""geometry_type"": ""MultiLineString"", ""relations"": ""overlaps"", ""wkt"": ""MULTILINESTRING ((0.5 20.71, 0 20.71), (0 20.71, -0.5 20.71))""}}",True,
625,31.335319932550192,1.8393442928791046,5.754906065762043,2.4418900441378355,2.4615311287343502,14.624317470006645,4.3639469221234322,0.18268303386867046,0.18678520619869232,0.82807284966111183,0.91483604907989502,0.99954312387853861,0.49651970993727446,0.078721363097429276,0.19863547664135695,0.52338107861578465,0.41420746501535177,0.47997096739709377,0.85307784099131823,0.79819063656032085,0.48304674867540598,0.40589841455221176,0.064535935409367085,True,,1,0,Slot__Patch;Slot__CPW_Feed_Pin;Patch__CPW_Feed_Pin,True,Slot__CPW_Feed_Pin,,Slot__CPW_Feed_Pin,,"{""Slot__CPW_Feed_Pin"": {""geometry_type"": ""MultiLineString"", ""relations"": ""overlaps"", ""wkt"": ""MULTILINESTRING ((0.5 22.67, 0 22.67), (0 22.67, -0.5 22.67))""}}",True,
626,20.365186608396471,2.2283611558377743,7.5200221873819828,2.6169352129101755,2.8400518484413624,8.6749922996386886,3.833767481148243,0.36676198709756136,0.33515690919011831,0.72625644225627184,0.52010849770158529,0.5907159261405468,0.70964726991951466,0.61558828037232161,0.31874294672161341,0.19047805294394493,0.15981815569102764,0.6663506031036377,0.50711705721914768,0.022180967032909393,0.74400363117456436,0.13960589095950127,0.90078896190971136,True,,1,0,Slot__Patch;Slot__CPW_Feed_Pin;Patch__CPW_Feed_Pin,True,Slot__CPW_Feed_Pin,,Slot__CPW_Feed_Pin,,"{""Slot__CPW_Feed_Pin"": {""geometry_type"": ""MultiLineString"", ""relations"": ""overlaps"", ""wkt"": ""MULTILINESTRING ((0.5 22.9, 0 22.9), (0 22.9, -0.5 22.9))""}}",True,
627,42.483554533682764,1.3836724702268839,4.3380868323147297,1.78654672075063,1.9715378265827894,16.215020790696144,5.2712839096784592,0.87994210608303547,0.672631093300879,0.22457533329725266,0.083353767171502113,0.44771057553589344,0.18397099245339632,0.31271822284907103,0.81717817764729261,0.7663380978628993,0.66993381083011627,0.0036970609799027443,0.48652738612145185,0.52211667690426111,0.11825391557067633,0.80819645524024963,0.25080675352364779,True,,1,0,Slot__Patch;Slot__CPW_Feed_Pin;Patch__CPW_Feed_Pin,True,Slot__CPW_Feed_Pin,,Slot__CPW_Feed_Pin,,"{""Slot__CPW_Feed_Pin"": {""geometry_type"": ""MultiLineString"", ""relations"": ""overlaps"", ""wkt"": ""MULTILINESTRING ((0.5 22.62, 0 22.62), (0 22.62, -0.5 22.62))""}}",True,
628,47.663651746697724,2.4195878300815821,4.996211176738143,1.3885843489319087,1.5128184035420418,20.612601754255593,3.2181020602583885,0.49113876465708017,0.38307378999888897,0.963707584887743,0.64655207842588425,0.32130854669958353,0.52755709737539291,0.18683883547782898,0.90761800017207861,0.89580499194562435,0.61839512828737497,0.21981709450483322,0.74281806778162718,0.48740365356206894,0.99292546510696411,0.7185348067432642,0.79470724612474442,True,,1,0,Slot__Patch;Slot__CPW_Feed_Pin;Patch__CPW_Feed_Pin,True,Slot__CPW_Feed_Pin,,Slot__CPW_Feed_Pin,,"{""Slot__CPW_Feed_Pin"": {""geometry_type"": ""MultiLineString"", ""relations"": ""overlaps"", ""wkt"": ""MULTILINESTRING ((0.5 21.15, 0 21.15), (0 21.15, -0.5 21.15))""}}",True,
629,25.380474147386849,1.1998233906924725,7.052327474579215,2.9956960117444398,2.6755829770117998,13.094054153189063,5.6556184589862823,0.75434464029967785,0.6090739518404007,0.46148297283798456,0.2108015613630414,0.71834226604551077,0.11618351843208075,0.88400024920701981,0.40994374174624681,0.069319331087172031,0.11386462207883596,0.57083609793335199,0.26352216489613056,0.98734538350254297,0.3672292148694396,0.35414344631135464,0.4291865099221468,True,,1,0,Slot__Patch;Slot__CPW_Feed_Pin;Patch__CPW_Feed_Pin,True,Slot__CPW_Feed_Pin,,Slot__CPW_Feed_Pin,,"{""Slot__CPW_Feed_Pin"": {""geometry_type"": ""MultiLineString"", ""relations"": ""overlaps"", ""wkt"": ""MULTILINESTRING ((0.5 23.53, 0 23.53), (0 23.53, -0.5 23.53))""}}",True,
630,36.339739328250289,2.8732455223798752,3.6026348937302828,2.1855578104034068,2.0540813002735376,10.481825368478894,2.1857446134090424,0.69624276924878359,0.88259442802518606,0.1101815477013588,0.35498725064098835,0.87204557843506336,0.84006739221513271,0.42184376623481512,0.045699580572545528,0.64260193612426519,0.37412148527801037,0.259411103092134,0.096787636168301105,0.20790413673967123,0.60884558223187923,0.12104644067585468,0.6084040030837059,True,,1,0,Slot__Patch;Slot__CPW_Feed_Pin;Patch__CPW_Feed_Pin,True,Slot__CPW_Feed_Pin,,Slot__CPW_Feed_Pin,,"{""Slot__CPW_Feed_Pin"": {""geometry_type"": ""MultiLineString"", ""relations"": ""overlaps"", ""wkt"": ""MULTILINESTRING ((0.5 21.12, 0 21.12), (0 21.12, -0.5 21.12))""}}",True,
631,59.249116173014045,1.5302848424762487,8.2613220233470201,3.8338514380157003,1.1343281865119934,17.948645674623549,4.748289130628109,0.05705312080681324,0.093947389163076878,0.61186113674193621,0.79130610730499029,0.22891811653971672,0.3036709139123559,0.6499719237908721,0.54335416574031115,0.31414984166622162,0.86205214262008667,0.90648618154227734,0.89685728773474693,0.70797551982104778,0.23412579391151667,0.95172351412475109,0.2399688083678484,True,,1,0,Slot__Patch;Slot__CPW_Feed_Pin;Patch__CPW_Feed_Pin,True,Slot__CPW_Feed_Pin,,Slot__CPW_Feed_Pin,,"{""Slot__CPW_Feed_Pin"": {""geometry_type"": ""MultiLineString"", ""relations"": ""overlaps"", ""wkt"": ""MULTILINESTRING ((0.5 21.42, 0 21.42), (0 21.42, -0.5 21.42))""}}",True,
632,56.909186281263828,2.0276095792651176,3.1785100512206554,3.1771739479154353,2.2954685352742672,15.061386139132082,3.4485368207097054,0.38419064413756132,0.45854220818728209,0.17073293775320053,0.83081342093646526,0.038653540425002575,0.035556315444409847,0.44903582986444235,0.25101953186094761,0.95922145061194897,0.1933506615459919,0.078995699994266033,0.65075405314564705,0.084487540647387505,0.92035286128520966,0.29858810547739267,0.51693857833743095,True,,1,0,Slot__Patch;Slot__CPW_Feed_Pin;Patch__CPW_Feed_Pin,True,Slot__CPW_Feed_Pin,,Slot__CPW_Feed_Pin,,"{""Slot__CPW_Feed_Pin"": {""geometry_type"": ""MultiLineString"", ""relations"": ""overlaps"", ""wkt"": ""MULTILINESTRING ((0.5 21.77, 0 21.77), (0 21.77, -0.5 21.77))""}}",True,
633,34.109946303069592,1.3725099842995405,8.9604512415826321,1.5295251591131092,1.3910028841346502,7.6018920633941889,5.8859917372465134,0.8710583858191967,0.54929157067090273,0.66850392241030931,0.26860478799790144,0.92286988813430071,0.57681270688772202,0.74776457156985998,0.75356134027242661,0.0054031470790505409,0.69565499760210514,0.74363240785896778,0.35853112954646349,0.58453649934381247,0.29563666041940451,0.62952456343919039,0.13660930655896664,True,,1,0,Slot__Patch;Slot__CPW_Feed_Pin;Patch__CPW_Feed_Pin,True,Slot__CPW_Feed_Pin,,Slot__CPW_Feed_Pin,,"{""Slot__CPW_Feed_Pin"": {""geometry_type"": ""MultiLineString"", ""relations"": ""overlaps"", ""wkt"": ""MULTILINESTRING ((0.5 22.65, 0 22.65), (0 22.65, -0.5 22.65))""}}",True,
634,23.238003621809185,2.7029793579131365,4.757845401763916,3.6497849645093092,1.7703175526112318,13.836862547323108,2.4161712974309921,0.67916697915643454,0.96294684894382954,0.75470677390694618,0.17120635882019997,0.51797611266374588,0.348043710924685,0.21431513875722885,0.63930513896048069,0.70455168839544058,0.9412559000775218,0.42999488487839699,0.0018549803644418716,0.36083515081554651,0.55641449056565762,0.89644281659275293,0.83165958151221275,True,,1,0,Slot__Patch;Slot__CPW_Feed_Pin;Patch__CPW_Feed_Pin,True,Slot__CPW_Feed_Pin,,Slot__CPW_Feed_Pin,,"{""Slot__CPW_Feed_Pin"": {""geometry_type"": ""MultiLineString"", ""relations"": ""overlaps"", ""wkt"": ""MULTILINESTRING ((0.5 20.89, 0 20.89), (0 20.89, -0.5 20.89))""}}",True,
635,45.235220189206302,1.9208344854414463,7.1906976252794266,2.0420479893684389,2.9161467142403126,21.362732355482876,4.9786552265286446,0.068269535899162292,0.060531001538038254,0.25638218317180872,0.73302213195711374,0.37985352240502834,0.76432300172746181,0.98150871694087982,0.13675247877836227,0.25269981473684311,0.45164838153868914,0.76738902647048235,0.98887551110237837,0.86076974123716354,0.18072180543094873,0.031822589226067066,0.44643220864236355,True,,1,0,Slot__Patch;Slot__CPW_Feed_Pin;Patch__CPW_Feed_Pin,True,Slot__CPW_Feed_Pin,,Slot__CPW_Feed_Pin,,"{""Slot__CPW_Feed_Pin"": {""geometry_type"": ""MultiLineString"", ""relations"": ""overlaps"", ""wkt"": ""MULTILINESTRING ((0.5 23.82, 0 23.82), (0 23.82, -0.5 23.82))""}}",True,
636,39.176136092282832,2.8863763399422169,8.2251996193081141,2.420323415659368,2.5682099778205156,17.336975298821926,2.5319587886333466,0.55277604889124632,0.75534672569483519,0.55630576331168413,0.044762934558093548,0.25736209470778704,0.42089738976210356,0.51804741751402617,0.1031649149954319,0.38203701097518206,0.27467099204659462,0.98736953362822533,0.24808777403086424,0.14533113036304712,0.80551855079829693,0.44216283317655325,0.97284422349184752,True,,1,0,Slot__Patch;Slot__CPW_Feed_Pin;Patch__CPW_Feed_Pin,True,Slot__CPW_Feed_Pin,,Slot__CPW_Feed_Pin,,"{""Slot__CPW_Feed_Pin"": {""geometry_type"": ""MultiLineString"", ""relations"": ""overlaps"", ""wkt"": ""MULTILINESTRING ((0.5 21.98, 0 21.98), (0 21.98, -0.5 21.98))""}}",True,
637,16.992134512402117,1.7290680874139071,3.9196325484663248,3.2500862855464225,1.7453177645802498,9.8042623093351722,4.0944427475333214,0.1919749341905117,0.22124086786061525,0.058536060154438019,0.6055744793266058,0.6417004344984889,0.94159167632460594,0.28527437429875135,0.60453329049050808,0.58253084309399128,0.77041300572454929,0.33843240607529879,0.7611969280987978,0.64527495950460434,0.42975714150816202,0.61098229419440031,0.37357451114803553,True,,1,0,Slot__Patch;Slot__CPW_Feed_Pin;Patch__CPW_Feed_Pin,True,Slot__CPW_Feed_Pin,,Slot__CPW_Feed_Pin,,"{""Slot__CPW_Feed_Pin"": {""geometry_type"": ""MultiLineString"", ""relations"": ""overlaps"", ""wkt"": ""MULTILINESTRING ((0.5 21.56, 0 21.56), (0 21.56, -0.5 21.56))""}}",True,
638,27.875181706622243,2.3361597191542387,6.4318139534443617,1.8055245019495487,1.1246090531349182,11.881822342984378,3.5643167123198509,0.25788935180753469,0.26072393544018269,0.39421629998832941,0.95339270029217005,0.79927614890038967,0.23334867227822542,0.75280148163437843,0.97464493289589882,0.12548612430691719,0.53066437225788832,0.52699405234307051,0.59931838978081942,0.42497463338077068,0.67131652683019638,0.84467451181262732,0.66305374633520842,True,,1,0,Slot__Patch;Slot__CPW_Feed_Pin;Patch__CPW_Feed_Pin,True,Slot__CPW_Feed_Pin,,Slot__CPW_Feed_Pin,,"{""Slot__CPW_Feed_Pin"": {""geometry_type"": ""MultiLineString"", ""relations"": ""overlaps"", ""wkt"": ""MULTILINESTRING ((0.5 21.03, 0 21.03), (0 21.03, -0.5 21.03))""}}",True,
639,50.839191125705838,1.0557124391198158,5.5225770603865385,2.9203761780634525,2.1889258418232203,19.363723564893007,5.0017715990543365,0.99467411637306213,0.73150010034441948,0.8925386555492878,0.3921349011361599,0.16103155165910721,0.62914213724434376,0.051496844738721848,0.47329527698457241,0.83182212244719267,0.018318247981369495,0.17405196465551853,0.39141162857413292,0.92504820879548788,0.046531721018254757,0.20856225769966841,0.058885932900011539,True,,1,0,Slot__Patch;Slot__CPW_Feed_Pin;Patch__CPW_Feed_Pin,True,Slot__CPW_Feed_Pin,,Slot__CPW_Feed_Pin,,"{""Slot__CPW_Feed_Pin"": {""geometry_type"": ""MultiLineString"", ""relations"": ""overlaps"", ""wkt"": ""MULTILINESTRING ((0.5 22.25, 0 22.25), (0 22.25, -0.5 22.25))""}}",True,
640,50.658000027760863,2.6005274597555399,8.0655978117138147,1.7659239497035744,1.2330165542662144,9.0829156106337905,2.404815997928381,0.8205585740506649,0.87828049529343843,0.56986720021814108,0.27535999566316605,0.0097679952159523964,0.51855982095003128,0.97272063978016376,0.90036279801279306,0.1465313583612442,0.46703629568219185,0.38266137056052685,0.69915487989783287,0.64340834692120552,0.47839836403727531,0.35696298815310001,0.6459787841886282,True,,1,0,Slot__Patch;Slot__CPW_Feed_Pin;Patch__CPW_Feed_Pin,True,Slot__CPW_Feed_Pin,,Slot__CPW_Feed_Pin,,"{""Slot__CPW_Feed_Pin"": {""geometry_type"": ""MultiLineString"", ""relations"": ""overlaps"", ""wkt"": ""MULTILINESTRING ((0.5 20.24, 0 20.24), (0 20.24, -0.5 20.24))""}}",True,
641,27.661026259884238,1.757592286914587,3.7950546685606241,2.637332315556705,2.0785814356058836,16.622945889830589,4.9673014022409916,0.43249319028109312,0.098322357051074505,0.06818990595638752,0.83615914452821016,0.90289536025375128,0.11895172204822302,0.20552473701536655,0.40169672202318907,0.81809264328330755,0.95664496161043644,0.79519117530435324,0.31110686529427767,0.14335241634398699,0.85270252358168364,0.71180996857583523,0.015382315963506699,True,,1,0,Slot__Patch;Slot__CPW_Feed_Pin;Patch__CPW_Feed_Pin,True,Slot__CPW_Feed_Pin,,Slot__CPW_Feed_Pin,,"{""Slot__CPW_Feed_Pin"": {""geometry_type"": ""MultiLineString"", ""relations"": ""overlaps"", ""wkt"": ""MULTILINESTRING ((0.5 22.8, 0 22.8), (0 22.8, -0.5 22.8))""}}",True,
642,16.832921099849045,2.177172988653183,6.4859863501042128,2.4619970293715596,2.707865571603179,21.923620831221342,3.499930951744318,0.11559402942657471,0.38754793629050255,0.48198705445975065,0.72305107302963734,0.56248475052416325,0.83110078237950802,0.73897362966090441,0.021812298335134983,0.39187448564916849,0.71104386728256941,0.10881343577057123,0.078454034402966499,0.92689705919474363,0.12337114848196507,0.94697468169033527,0.9606847669929266,True,,1,0,Slot__Patch;Slot__CPW_Feed_Pin;Patch__CPW_Feed_Pin,True,Slot__CPW_Feed_Pin,,Slot__CPW_Feed_Pin,,"{""Slot__CPW_Feed_Pin"": {""geometry_type"": ""MultiLineString"", ""relations"": ""overlaps"", ""wkt"": ""MULTILINESTRING ((0.5 22.39, 0 22.39), (0 22.39, -0.5 22.39))""}}",True,
643,39.027914372272789,1.4573754128068686,5.5650843512266874,3.5358178287744524,1.6037252657115459,14.449050757102668,5.9373843930661678,0.62964522000402212,0.60466084070503712,0.98421795479953289,0.16178278531879187,0.41545114293694496,0.30640874896198511,0.44024828542023897,0.5204892260953784,0.56537546776235104,0.20873877126723528,0.69428329914808273,0.91129989456385374,0.42697087116539478,0.74865190405398607,0.12188997678458691,0.32522071525454521,True,,1,0,Slot__Patch;Slot__CPW_Feed_Pin;Patch__CPW_Feed_Pin,True,Slot__CPW_Feed_Pin,,Slot__CPW_Feed_Pin,,"{""Slot__CPW_Feed_Pin"": {""geometry_type"": ""MultiLineString"", ""relations"": ""overlaps"", ""wkt"": ""MULTILINESTRING ((0.5 23, 0 23), (0 23, -0.5 23))""}}",True,
644,45.449359542690217,2.4854248967021704,3.0304889492690563,3.8541171243414292,1.8806629125028849,11.128585981205106,3.6147342808544636,0.24134505912661552,0.33172029722481966,0.20407077856361866,0.60046931821852922,0.29112902190536261,0.89998720213770866,0.060287130996584892,0.73568688984960318,0.69436170440167189,0.0024420954287052155,0.53532650414854288,0.17161077540367842,0.57865874003618956,0.37429957278072834,0.39892943575978279,0.84382021520286798,True,,1,0,Slot__Patch;Slot__CPW_Feed_Pin;Patch__CPW_Feed_Pin,True,Slot__CPW_Feed_Pin,,Slot__CPW_Feed_Pin,,"{""Slot__CPW_Feed_Pin"": {""geometry_type"": ""MultiLineString"", ""relations"": ""overlaps"", ""wkt"": ""MULTILINESTRING ((0.5 21.98, 0 21.98), (0 21.98, -0.5 21.98))""}}",True,
645,23.41918935533613,1.1407693475484848,8.8242926560342312,2.1654383886605504,2.8077401667833328,18.59541165176779,5.052187692373991,0.5056031895801425,0.67612874042242765,0.70574655290693045,0.03825591504573822,0.68413446936756372,0.48764462303370237,0.76158944331109524,0.238255281932652,0.27020459994673729,0.51478698290884495,0.13837563991546631,0.83865048922598362,0.078707458451390266,0.99952686298638582,0.54481493681669235,0.49478721152991056,True,,1,0,Slot__Patch;Slot__CPW_Feed_Pin;Patch__CPW_Feed_Pin,True,Slot__CPW_Feed_Pin,,Slot__CPW_Feed_Pin,,"{""Slot__CPW_Feed_Pin"": {""geometry_type"": ""MultiLineString"", ""relations"": ""overlaps"", ""wkt"": ""MULTILINESTRING ((0.5 23, 0 23), (0 23, -0.5 23))""}}",True,
646,34.258184116333723,2.7837496511638165,4.8237844705581665,2.9752319224178798,2.4370619878172874,19.733182755298913,2.5196269266307354,0.94652511179447174,0.84001481160521507,0.87006631307303905,0.40179856773465872,0.78113231435418129,0.71250705607235432,0.29406179580837488,0.37400301452726126,0.93779414333403111,0.75453590136021376,0.94979873858392239,0.55079550761729479,0.86666407063603401,0.227524284273386,0.80928413197398186,0.53401424083858728,True,,1,0,Slot__Patch;Slot__CPW_Feed_Pin;Patch__CPW_Feed_Pin,True,Slot__CPW_Feed_Pin,,Slot__CPW_Feed_Pin,,"{""Slot__CPW_Feed_Pin"": {""geometry_type"": ""MultiLineString"", ""relations"": ""overlaps"", ""wkt"": ""MULTILINESTRING ((0.5 21.74, 0 21.74), (0 21.74, -0.5 21.74))""}}",True,
647,57.06840505823493,1.5661379490047693,7.2214382439851761,1.4091401332989335,1.2513482440263033,12.214629789814353,4.0821123607456684,0.30823562201112509,0.18344778008759022,0.367837886326015,0.96361147798597813,0.13422060944139957,0.17512633372098207,0.52683823648840189,0.87141590286046267,0.019513507373631001,0.25879455823451281,0.34865933563560247,0.43895794823765755,0.36659842450171709,0.60177509766072035,0.13461291790008545,0.18011365365236998,True,,1,0,Slot__Patch;Slot__CPW_Feed_Pin;Patch__CPW_Feed_Pin,True,Slot__CPW_Feed_Pin,,Slot__CPW_Feed_Pin,,"{""Slot__CPW_Feed_Pin"": {""geometry_type"": ""MultiLineString"", ""relations"": ""overlaps"", ""wkt"": ""MULTILINESTRING ((0.5 20.9, 0 20.9), (0 20.9, -0.5 20.9))""}}",True,
648,59.03479409404099,2.0634726323187351,4.968312269076705,2.0626689104363325,2.1624888014048338,13.310036016628146,3.8451232649385929,0.13345137052237988,0.26406127214431763,0.91109220497310162,0.90838650893419981,0.066941876895725727,0.40799350570887327,0.32150761131197214,0.079323651269078255,0.62935262452811003,0.68579500261694193,0.64635905064642429,0.20044216141104698,0.98932644445449114,0.29099244065582752,0.61574732419103384,0.59038371313363314,True,,1,0,Slot__Patch;Slot__CPW_Feed_Pin;Patch__CPW_Feed_Pin,True,Slot__CPW_Feed_Pin,,Slot__CPW_Feed_Pin,,"{""Slot__CPW_Feed_Pin"": {""geometry_type"": ""MultiLineString"", ""relations"": ""overlaps"", ""wkt"": ""MULTILINESTRING ((0.5 22.07, 0 22.07), (0 22.07, -0.5 22.07))""}}",True,
649,36.158370869234204,1.2829898316413164,6.989406069740653,3.6293847721070058,1.0239837802946568,20.835900460369885,5.2826372645795345,0.61935625318437815,0.72810172848403454,0.41277142893522978,0.4726483877748251,0.95518660079687834,0.94826577231287956,0.62437713239341974,0.58162280917167664,0.33570577576756477,0.17567998822778463,0.058844986371695995,0.80492103565484285,0.48926793411374092,0.91523157525807619,0.44130500685423613,0.19356769230216742,True,,1,0,Slot__Patch;Slot__CPW_Feed_Pin;Patch__CPW_Feed_Pin,True,Slot__CPW_Feed_Pin,,Slot__CPW_Feed_Pin,,"{""Slot__CPW_Feed_Pin"": {""geometry_type"": ""MultiLineString"", ""relations"": ""overlaps"", ""wkt"": ""MULTILINESTRING ((0.5 21.59, 0 21.59), (0 21.59, -0.5 21.59))""}}",True,
650,25.232075736857951,2.6439305227249861,3.7359617818146944,1.5094200238585473,1.6524739973247051,15.820871056057513,2.7500078342854977,0.92844271846115589,0.7518491679802537,0.014587836340069771,0.093385369516909122,0.61078248731791973,0.22047521639615297,0.087509801611304283,0.96737471409142017,0.87816943414509296,0.43006960861384869,0.87248060572892427,0.58493693359196186,0.70598170347511768,0.18584321811795235,0.20575894322246313,0.77958401013165712,True,,1,0,Slot__Patch;Slot__CPW_Feed_Pin;Patch__CPW_Feed_Pin,True,Slot__CPW_Feed_Pin,,Slot__CPW_Feed_Pin,,"{""Slot__CPW_Feed_Pin"": {""geometry_type"": ""MultiLineString"", ""relations"": ""overlaps"", ""wkt"": ""MULTILINESTRING ((0.5 21.04, 0 21.04), (0 21.04, -0.5 21.04))""}}",True,
651,47.504272372461855,1.9866501614451408,8.4063154477626085,3.1974551605060704,2.533990478143096,8.361382344737649,4.3125547505915165,0.31655239034444094,0.22467739041894674,0.51236263569444418,0.52971471473574638,0.47644400596618652,0.63578562624752522,0.85935154370963573,0.46506375074386597,0.078646120615303516,0.92749150097370148,0.45796763524413109,0.40968407224863768,0.20605285000056028,0.56105882208794355,0.851385029964149,0.37982301320880651,True,,1,0,Slot__Patch;Slot__CPW_Feed_Pin;Patch__CPW_Feed_Pin,True,Slot__CPW_Feed_Pin,,Slot__CPW_Feed_Pin,,"{""Slot__CPW_Feed_Pin"": {""geometry_type"": ""MultiLineString"", ""relations"": ""overlaps"", ""wkt"": ""MULTILINESTRING ((0.5 22.83, 0 22.83), (0 22.83, -0.5 22.83))""}}",True,
652,42.664906899444759,2.9600731506943703,6.2482836171984673,2.9001123610883957,2.9503972083330154,11.588339949958026,2.1353265754878521,0.80446173064410686,0.9673599898815155,0.30033088754862547,0.21596729569137096,0.34821056853979826,0.042352362535893917,0.64118294883519411,0.30623405799269676,0.20849447697401047,0.84667930845171213,0.30290183145552874,0.66512024682015181,0.80396920628845692,0.43683167919516563,0.62842259649187326,0.91591099090874195,True,,1,0,Slot__Patch;Slot__CPW_Feed_Pin;Patch__CPW_Feed_Pin,True,Slot__CPW_Feed_Pin,,Slot__CPW_Feed_Pin,,"{""Slot__CPW_Feed_Pin"": {""geometry_type"": ""MultiLineString"", ""relations"": ""overlaps"", ""wkt"": ""MULTILINESTRING ((0.5 22.05, 0 22.05), (0 22.05, -0.5 22.05))""}}",True,
653,20.579503322951496,1.6779003869742155,5.7035639360547066,1.8256470328196883,1.8631312791258097,19.070239383727312,4.6978735215961933,0.44273065868765116,0.056056825444102287,0.79864942841231823,0.65324171166867018,0.73633303213864565,0.56403077393770218,0.41305425483733416,0.80784508399665356,0.75662925001233816,0.35874786134809256,0.90596431866288185,0.34024342335760593,0.30401967000216246,0.81211600732058287,0.3035972760990262,0.30016907304525375,True,,1,0,Slot__Patch;Slot__CPW_Feed_Pin;Patch__CPW_Feed_Pin,True,Slot__CPW_Feed_Pin,,Slot__CPW_Feed_Pin,,"{""Slot__CPW_Feed_Pin"": {""geometry_type"": ""MultiLineString"", ""relations"": ""overlaps"", ""wkt"": ""MULTILINESTRING ((0.5 22.24, 0 22.24), (0 22.24, -0.5 22.24))""}}",True,
654,31.49471540004015,2.2543986905366182,7.6415838338434696,3.2705485055223109,1.4916601050645113,17.397799305617809,3.2304344065487385,0.0096210408955812454,0.45416721049696207,0.649950853548944,0.78194807842373848,0.82952046394348145,0.35480938944965601,0.87521032430231571,0.67794862017035484,0.45527757797390223,0.09849083237349987,0.21740457601845264,0.049485337920486927,0.51635205466300249,0.039934376254677773,0.038777248002588749,0.72962324507534504,True,,1,0,Slot__Patch;Slot__CPW_Feed_Pin;Patch__CPW_Feed_Pin,True,Slot__CPW_Feed_Pin,,Slot__CPW_Feed_Pin,,"{""Slot__CPW_Feed_Pin"": {""geometry_type"": ""MultiLineString"", ""relations"": ""overlaps"", ""wkt"": ""MULTILINESTRING ((0.5 20.98, 0 20.98), (0 20.98, -0.5 20.98))""}}",True,
655,54.206361137330532,1.0993346162140369,4.4948454983532429,2.3997645221650603,2.3218764886260033,9.8650881042703986,5.6679483763873577,0.74538383353501558,0.55360553320497274,0.15217733569443226,0.34519621077924967,0.19530425779521465,0.75157173536717892,0.17805028147995472,0.17635726742446423,0.50147265009582043,0.60302245616912842,0.61621748935431242,0.94513614848256111,0.016288001090288162,0.66424211580306292,0.89339536149054766,0.11093635112047195,True,,1,0,Slot__Patch;Slot__CPW_Feed_Pin;Patch__CPW_Feed_Pin,True,Slot__CPW_Feed_Pin,,Slot__CPW_Feed_Pin,,"{""Slot__CPW_Feed_Pin"": {""geometry_type"": ""MultiLineString"", ""relations"": ""overlaps"", ""wkt"": ""MULTILINESTRING ((0.5 23.09, 0 23.09), (0 23.09, -0.5 23.09))""}}",True,
656,52.093665311113,2.3700231704860926,6.8493984192609787,3.038342518359423,1.5322145167738199,19.221940864808857,4.8420938216149807,0.031403273344039917,0.7051846431568265,0.72694222629070282,0.34363663382828236,0.25827480014413595,0.1390001093968749,0.027738352306187153,0.61617547553032637,0.16695085354149342,0.72467926517128944,0.84149595815688372,0.10568987764418125,0.65837046038359404,0.90140511095523834,0.75011642649769783,0.069598417729139328,True,,1,0,Slot__Patch;Slot__CPW_Feed_Pin;Patch__CPW_Feed_Pin,True,Slot__CPW_Feed_Pin,,Slot__CPW_Feed_Pin,,"{""Slot__CPW_Feed_Pin"": {""geometry_type"": ""MultiLineString"", ""relations"": ""overlaps"", ""wkt"": ""MULTILINESTRING ((0.5 22.75, 0 22.75), (0 22.75, -0.5 22.75))""}}",True,
657,29.387877518311143,1.0271671526134014,5.2017036974430084,1.3548195535317065,2.6543601304292679,11.761993942782283,2.2795467413961887,0.70577933546155691,0.30266773235052824,0.22874206770211458,0.77947871293872595,0.65518651250749826,0.72324050962924957,0.79102521855384111,0.11361840460449457,0.86842120904475451,0.23018714226782322,0.48846394196152687,0.89967528264969587,0.15841876156628132,0.27710882481187582,0.17723666876554489,0.71679629944264889,True,,1,0,Slot__Patch;Slot__CPW_Feed_Pin;Patch__CPW_Feed_Pin,True,Slot__CPW_Feed_Pin,,Slot__CPW_Feed_Pin,,"{""Slot__CPW_Feed_Pin"": {""geometry_type"": ""MultiLineString"", ""relations"": ""overlaps"", ""wkt"": ""MULTILINESTRING ((0.5 19.96, 0 19.96), (0 19.96, -0.5 19.96))""}}",True,
658,18.462269701994956,2.9155088514089584,8.4521600268781185,3.7845400085672738,2.0261135920882225,9.677108908072114,5.8116765655577183,0.77950632199645042,0.21640503033995628,0.31484527513384819,0.65863872319459915,0.81008028611540794,0.45152006391435862,0.2624590490013361,0.49351486843079329,0.41967369150370359,0.46896152477711439,0.67677959986031055,0.74170290306210518,0.88070294633507729,0.51244238577783108,0.4103185348212719,0.2553788386285305,True,,1,0,Slot__Patch;Slot__CPW_Feed_Pin;Patch__CPW_Feed_Pin,True,Slot__CPW_Feed_Pin,,Slot__CPW_Feed_Pin,,"{""Slot__CPW_Feed_Pin"": {""geometry_type"": ""MultiLineString"", ""relations"": ""overlaps"", ""wkt"": ""MULTILINESTRING ((0.5 24.76, 0 24.76), (0 24.76, -0.5 24.76))""}}",True,
659,40.563830905593932,1.6956092324107885,3.4085009805858135,2.2234483886510135,1.1604682076722383,17.202516035176814,3.3741624914109707,0.4811138017103076,0.80705326981842518,0.81273692194372416,0.22241142857819796,0.16707481630146503,0.91072232834994793,0.55728104896843433,0.9960522660985589,0.6230800487101078,0.98200626391917467,0.02793621551245451,0.25292007345706224,0.38063676375895739,0.13716949615627527,0.51688206195831299,0.90549111925065517,True,,1,0,Slot__Patch;Slot__CPW_Feed_Pin;Patch__CPW_Feed_Pin,True,Slot__CPW_Feed_Pin,,Slot__CPW_Feed_Pin,,"{""Slot__CPW_Feed_Pin"": {""geometry_type"": ""MultiLineString"", ""relations"": ""overlaps"", ""wkt"": ""MULTILINESTRING ((0.5 20.23, 0 20.23), (0 20.23, -0.5 20.23))""}}",True,
660,46.798685523681343,2.7314635571092367,5.9371381234377623,2.5766604812815785,1.3238956369459629,21.497416589409113,5.1774640865623951,0.90556155145168304,0.0028625475242733955,0.12414218951016665,0.53218408580869436,0.039444305934011936,0.25464411359280348,0.94316280726343393,0.77963983733206987,0.74609270785003901,0.80729960277676582,0.24831339158117771,0.50822464097291231,0.59421378746628761,0.76330877654254436,0.98935610987246037,0.42400289606302977,True,,1,0,Slot__Patch;Slot__CPW_Feed_Pin;Patch__CPW_Feed_Pin,True,Slot__CPW_Feed_Pin,,Slot__CPW_Feed_Pin,,"{""Slot__CPW_Feed_Pin"": {""geometry_type"": ""MultiLineString"", ""relations"": ""overlaps"", ""wkt"": ""MULTILINESTRING ((0.5 23.24, 0 23.24), (0 23.24, -0.5 23.24))""}}",True,
661,24.532346832565963,1.8869100511074066,6.1080932300537825,3.4530687063932426,2.4895288776606321,13.964247177354991,3.7399499826133251,0.35725582297891378,0.97373601328581572,0.62234482169151306,0.094944948330521584,0.93647790607064962,0.85747646167874336,0.23795142862945795,0.27828672435134649,0.28934468142688274,0.30374432541429996,0.58579689543694258,0.49713718518614769,0.094157439656555653,0.38810461107641459,0.06296834908425808,0.7896376708522439,True,,1,0,Slot__Patch;Slot__CPW_Feed_Pin;Patch__CPW_Feed_Pin,True,Slot__CPW_Feed_Pin,,Slot__CPW_Feed_Pin,,"{""Slot__CPW_Feed_Pin"": {""geometry_type"": ""MultiLineString"", ""relations"": ""overlaps"", ""wkt"": ""MULTILINESTRING ((0.5 22.11, 0 22.11), (0 22.11, -0.5 22.11))""}}",True,
662,35.446871593594551,2.061129417270422,4.1672012452036142,1.6476501133292913,2.8612446542829275,7.7219532569870353,4.2078736834228039,0.15755198523402214,0.51311036571860313,0.95810852292925119,0.46620425302535295,0.52890218980610371,0.067184937186539173,0.70840873382985592,0.14253481943160295,0.99678183346986771,0.059118720702826977,0.27240548003464937,0.14436737727373838,0.81984221469610929,0.65046911686658859,0.32927625067532063,0.23527183663100004,True,,1,0,Slot__Patch;Slot__CPW_Feed_Pin;Patch__CPW_Feed_Pin,True,Slot__CPW_Feed_Pin,,Slot__CPW_Feed_Pin,,"{""Slot__CPW_Feed_Pin"": {""geometry_type"": ""MultiLineString"", ""relations"": ""overlaps"", ""wkt"": ""MULTILINESTRING ((0.5 23.13, 0 23.13), (0 23.13, -0.5 23.13))""}}",True,
663,58.33945244550705,1.3434385601431131,7.6876118872314692,2.7266276134178047,1.9521727077662945,15.203395374119282,2.6453266330063343,0.58182790409773588,0.47910174913704395,0.46021535620093346,0.90298949182033539,0.38577484712004662,0.54493335820734501,0.4717289786785841,0.64389973785728216,0.045906580053269863,0.54802658874541521,0.93694901093840599,0.85025225766003132,0.31991549022495747,0.026241435669362545,0.72295680455863476,0.60382101032882929,True,,1,0,Slot__Patch;Slot__CPW_Feed_Pin;Patch__CPW_Feed_Pin,True,Slot__CPW_Feed_Pin,,Slot__CPW_Feed_Pin,,"{""Slot__CPW_Feed_Pin"": {""geometry_type"": ""MultiLineString"", ""relations"": ""overlaps"", ""wkt"": ""MULTILINESTRING ((0.5 19.94, 0 19.94), (0 19.94, -0.5 19.94))""}}",True,
664,54.966523898765445,2.8407327122986317,4.1227441616356373,3.3908870348706843,2.6015787869691849,17.821256965398788,5.4078454412519932,0.96954283304512501,0.092918604612350464,0.76085504237562418,0.9727998087182641,0.31929692905396223,0.80919789150357246,0.67315237037837505,0.43574608117341995,0.68022335413843393,0.38127748016268015,0.077844046987593174,0.60408788360655308,0.94325070269405842,0.83893346600234509,0.026486494578421116,0.13935167994350195,True,,1,0,Slot__Patch;Slot__CPW_Feed_Pin;Patch__CPW_Feed_Pin,True,Slot__CPW_Feed_Pin,,Slot__CPW_Feed_Pin,,"{""Slot__CPW_Feed_Pin"": {""geometry_type"": ""MultiLineString"", ""relations"": ""overlaps"", ""wkt"": ""MULTILINESTRING ((0.5 24.85, 0 24.85), (0 24.85, -0.5 24.85))""}}",True,
665,32.139501599594951,1.5604244340211153,8.0195245184004307,2.3112659357488159,1.7098694983869791,10.347145101986825,3.9703919254243374,0.26788391638547182,0.9304939191788435,0.25905327126383781,0.4120187871158123,0.70351315755397081,0.33429523091763258,0.38200057111680508,0.93418476916849613,0.35471430979669094,0.88651236053556204,0.72476434707641602,0.40617201011627913,0.44330158364027739,0.46470172051340342,0.92039591539651155,0.51956610847264528,True,,1,0,Slot__Patch;Slot__CPW_Feed_Pin;Patch__CPW_Feed_Pin,True,Slot__CPW_Feed_Pin,,Slot__CPW_Feed_Pin,,"{""Slot__CPW_Feed_Pin"": {""geometry_type"": ""MultiLineString"", ""relations"": ""overlaps"", ""wkt"": ""MULTILINESTRING ((0.5 21.24, 0 21.24), (0 21.24, -0.5 21.24))""}}",True,
666,21.313457046635449,2.3900964986532927,5.3315557613968849,2.7862403515726331,1.0803416837006807,12.952048885636032,4.4382622204720974,0.21759462170302868,0.57875307742506266,0.15732124913483858,0.025107781402766705,0.86234035342931747,0.62165478803217411,0.9081258038058877,0.54843703657388687,0.93728497624397278,0.62527745775878429,0.41309717856347561,0.23553090170025826,0.72081996221095324,0.69984859973192215,0.6866885581985116,0.44966503884643316,True,,1,0,Slot__Patch;Slot__CPW_Feed_Pin;Patch__CPW_Feed_Pin,True,Slot__CPW_Feed_Pin,,Slot__CPW_Feed_Pin,,"{""Slot__CPW_Feed_Pin"": {""geometry_type"": ""MultiLineString"", ""relations"": ""overlaps"", ""wkt"": ""MULTILINESTRING ((0.5 21.91, 0 21.91), (0 21.91, -0.5 21.91))""}}",True,
667,43.338498850353062,1.2326797619462013,6.6261311396956444,1.9104561990126969,2.2311147078871727,20.49253648146987,2.8757766522467136,0.54326964262872934,0.42902300413697958,0.65942390263080597,0.5863961037248373,0.22421788237988949,0.021836054511368275,0.14800372067838907,0.050017068162560463,0.10590316262096167,0.13859850168228149,0.76426714565604925,0.75422118324786425,0.22075644508004189,0.074640392325818539,0.26004141289740801,0.83477750886231661,True,,1,0,Slot__Patch;Slot__CPW_Feed_Pin;Patch__CPW_Feed_Pin,True,Slot__CPW_Feed_Pin,,Slot__CPW_Feed_Pin,,"{""Slot__CPW_Feed_Pin"": {""geometry_type"": ""MultiLineString"", ""relations"": ""overlaps"", ""wkt"": ""MULTILINESTRING ((0.5 20.34, 0 20.34), (0 20.34, -0.5 20.34))""}}",True,
668,38.334172158502042,2.1982826516032219,8.7784021217375994,1.5769324466586114,2.253249628469348,16.334859528578818,4.5725967697799206,0.093431459739804268,0.64045530557632446,0.40271472558379173,0.15156256034970284,0.10049773473292589,0.67776955664157867,0.35243921168148518,0.20957725308835506,0.22805369831621647,0.088697307743132114,0.98072281293570995,0.014419530518352985,0.75751416105777025,0.95089909434318542,0.23251353856176138,0.37095323950052261,True,,1,0,Slot__Patch;Slot__CPW_Feed_Pin;Patch__CPW_Feed_Pin,True,Slot__CPW_Feed_Pin,,Slot__CPW_Feed_Pin,,"{""Slot__CPW_Feed_Pin"": {""geometry_type"": ""MultiLineString"", ""relations"": ""overlaps"", ""wkt"": ""MULTILINESTRING ((0.5 23.02, 0 23.02), (0 23.02, -0.5 23.02))""}}",True,
669,16.122377528809011,1.4162462633103132,3.357995705679059,3.138648449070752,1.4353012479841709,8.8167647738009691,2.0101112313568592,0.66914177406579256,0.35171103291213512,0.90451777819544077,0.71386274043470621,0.98483619373291731,0.21559946890920401,0.59228565730154514,0.70723624899983406,0.80682626832276583,0.58541501220315695,0.31822348292917013,0.99584370478987694,0.25745606794953346,0.32563742157071829,0.83933648001402617,0.97009368427097797,True,,1,0,Slot__Patch;Slot__CPW_Feed_Pin;Patch__CPW_Feed_Pin,True,Slot__CPW_Feed_Pin,,Slot__CPW_Feed_Pin,,"{""Slot__CPW_Feed_Pin"": {""geometry_type"": ""MultiLineString"", ""relations"": ""overlaps"", ""wkt"": ""MULTILINESTRING ((0.5 18.86, 0 18.86), (0 18.86, -0.5 18.86))""}}",True,
670,26.959311682730913,2.5240131337195635,7.3613995816558599,1.9987668721005323,1.8057348243892193,14.758766507729888,5.54218764975667,0.84540830366313457,0.12530969921499491,0.55311763286590576,0.85023236088454723,0.58113287948071957,0.99025137536227703,0.11743430513888597,0.83712067268788815,0.48320463579148054,0.84078346006572247,0.50484541151672602,0.64597700070589781,0.53154339082539082,0.58793731592595577,0.57243360485881567,0.055778078734874725,True,,1,0,Slot__Patch;Slot__CPW_Feed_Pin;Patch__CPW_Feed_Pin,True,Slot__CPW_Feed_Pin,,Slot__CPW_Feed_Pin,,"{""Slot__CPW_Feed_Pin"": {""geometry_type"": ""MultiLineString"", ""relations"": ""overlaps"", ""wkt"": ""MULTILINESTRING ((0.5 23.87, 0 23.87), (0 23.87, -0.5 23.87))""}}",True,
671,49.951157066971064,1.8687745369970798,4.5904393550008535,3.6816453080624347,2.8828079458326101,22.226049494929612,3.1047341041266918,0.39372744504362345,0.8512125676497817,0.051012744195759296,0.28850813489407301,0.44288816303014755,0.40311942342668772,0.8263139771297574,0.33945082500576973,0.56004120036959648,0.3294149786233902,0.16934507340192795,0.34377841837704182,0.031615073792636395,0.21365222427994013,0.49932495038956404,0.6598165649920702,True,,1,0,Slot__Patch;Slot__CPW_Feed_Pin;Patch__CPW_Feed_Pin,True,Slot__CPW_Feed_Pin,,Slot__CPW_Feed_Pin,,"{""Slot__CPW_Feed_Pin"": {""geometry_type"": ""MultiLineString"", ""relations"": ""overlaps"", ""wkt"": ""MULTILINESTRING ((0.5 21.85, 0 21.85), (0 21.85, -0.5 21.85))""}}",True,
672,49.378463323228061,2.1349041406065226,3.5738894194364548,2.6891040381044151,1.2813707329332829,20.238564983010292,5.837436817586422,0.26313556358218193,0.28986890707165003,0.60744363628327847,0.056564033962786198,0.72767405677586794,0.96187982801347971,0.36413245648145676,0.1360866716131568,0.24569550529122353,0.29387062881141901,0.43426105659455061,0.87229160405695438,0.12712744902819395,0.05239181499928236,0.60536533780395985,0.81775241531431675,True,,1,0,Slot__Patch;Slot__CPW_Feed_Pin;Patch__CPW_Feed_Pin,True,Slot__CPW_Feed_Pin,,Slot__CPW_Feed_Pin,,"{""Slot__CPW_Feed_Pin"": {""geometry_type"": ""MultiLineString"", ""relations"": ""overlaps"", ""wkt"": ""MULTILINESTRING ((0.5 23.26, 0 23.26), (0 23.26, -0.5 23.26))""}}",True,
673,26.480051348917186,1.4795632623136044,8.2897041141986847,1.6913676900789143,2.4052272569388151,12.763993120752275,3.2749228179454803,0.99992596637457609,0.70229361858218908,0.10582499485462904,0.61733267828822136,0.37470778357237577,0.42404229752719402,0.56516577303409576,0.63472217041999102,0.78919161390513182,0.7825015177950263,0.7706912700086832,0.13308547716587782,0.62719309516251087,0.67717612162232399,0.46731529943645,0.46861249208450317,True,,1,0,Slot__Patch;Slot__CPW_Feed_Pin;Patch__CPW_Feed_Pin,True,Slot__CPW_Feed_Pin,,Slot__CPW_Feed_Pin,,"{""Slot__CPW_Feed_Pin"": {""geometry_type"": ""MultiLineString"", ""relations"": ""overlaps"", ""wkt"": ""MULTILINESTRING ((0.5 21.16, 0 21.16), (0 21.16, -0.5 21.16))""}}",True,
674,15.552490465342999,2.5876167118549347,4.9894371293485165,3.4866347791627055,2.7757528480142355,10.564667168073356,4.805591493844986,0.55022288858890533,0.78839800506830215,0.44140988029539585,0.94187767338007689,0.21569819562137127,0.64939229842275381,0.098122633062303066,0.7548487177118659,0.49693394917994738,0.541783532127738,0.082131471484899521,0.47510913386940956,0.41192843392491341,0.40827346313744783,0.2029454056173563,0.50746981240808964,True,,1,0,Slot__Patch;Slot__CPW_Feed_Pin;Patch__CPW_Feed_Pin,True,Slot__CPW_Feed_Pin,,Slot__CPW_Feed_Pin,,"{""Slot__CPW_Feed_Pin"": {""geometry_type"": ""MultiLineString"", ""relations"": ""overlaps"", ""wkt"": ""MULTILINESTRING ((0.5 24.17, 0 24.17), (0 24.17, -0.5 24.17))""}}",True,
675,37.846632935106754,1.8052324708551168,7.0587381832301617,2.5289658367633825,1.9108379893004894,18.104699235409498,2.3680445775389671,0.18940112646669149,0.18812807463109493,0.9436956187710166,0.38057885132730007,0.82257071137428284,0.23653186857700348,0.83019901718944311,0.25620212871581316,0.54630282707512379,0.038502492010593414,0.74757665861397982,0.51952576357871294,0.9118797155097127,0.78403441794216633,0.86982693336904049,0.15343184769153595,True,,1,0,Slot__Patch;Slot__CPW_Feed_Pin;Patch__CPW_Feed_Pin,True,Slot__CPW_Feed_Pin,,Slot__CPW_Feed_Pin,,"{""Slot__CPW_Feed_Pin"": {""geometry_type"": ""MultiLineString"", ""relations"": ""overlaps"", ""wkt"": ""MULTILINESTRING ((0.5 20.08, 0 20.08), (0 20.08, -0.5 20.08))""}}",True,
676,43.90564595349133,2.7790827360004187,7.5249668788164854,2.2584426065906884,1.5735177639871836,22.472983323968947,4.1743087023496628,0.67389204725623131,0.99233602080494165,0.24362609069794416,0.81932630017399788,0.94652661215513945,0.58044577855616808,0.66938844695687294,0.47261473629623652,0.66661468800157309,0.23468972835689783,0.53061744943261147,0.27484129834920168,0.062988210469484329,0.15923718828707933,0.65516528114676476,0.67191311437636614,True,,1,0,Slot__Patch;Slot__CPW_Feed_Pin;Patch__CPW_Feed_Pin,True,Slot__CPW_Feed_Pin,,Slot__CPW_Feed_Pin,,"{""Slot__CPW_Feed_Pin"": {""geometry_type"": ""MultiLineString"", ""relations"": ""overlaps"", ""wkt"": ""MULTILINESTRING ((0.5 22.53, 0 22.53), (0 22.53, -0.5 22.53))""}}",True,
677,21.798242898657918,1.6220138520002365,4.3327787797898054,3.7382738191634424,2.7398853152990341,14.954432146623731,2.7367617562413216,0.063046435825526714,0.031080319546163082,0.74524607323110104,0.25702136103063822,0.093438197858631611,0.055356064811348915,0.40143526718020439,0.97007668297737837,0.36832917481660843,0.74801252689212561,0.17848527152091265,0.73053912445902824,0.56291439849883318,0.5349294189363718,0.29248295724391937,0.041698134504258633,True,,1,0,Slot__Patch;Slot__CPW_Feed_Pin;Patch__CPW_Feed_Pin,True,Slot__CPW_Feed_Pin,,Slot__CPW_Feed_Pin,,"{""Slot__CPW_Feed_Pin"": {""geometry_type"": ""MultiLineString"", ""relations"": ""overlaps"", ""wkt"": ""MULTILINESTRING ((0.5 21.1, 0 21.1), (0 21.1, -0.5 21.1))""}}",True,
678,32.714935303665698,2.4515214078128338,6.3176101092249155,1.318724588304758,2.1103875562548637,8.5922041442245245,5.2061463668942451,0.3867722749710083,0.49183756858110428,0.83152905013412237,0.18303301744163036,0.49683704972267151,0.76799460034817457,0.93536871206015348,0.60580581519752741,0.91976477019488811,0.99069071374833584,0.99212082754820585,0.8777732802554965,0.35108507703989744,0.3014958156272769,0.057463321834802628,0.98711855430155993,True,,1,0,Slot__Patch;Slot__CPW_Feed_Pin;Patch__CPW_Feed_Pin,True,Slot__CPW_Feed_Pin,,Slot__CPW_Feed_Pin,,"{""Slot__CPW_Feed_Pin"": {""geometry_type"": ""MultiLineString"", ""relations"": ""overlaps"", ""wkt"": ""MULTILINESTRING ((0.5 23.77, 0 23.77), (0 23.77, -0.5 23.77))""}}",True,
679,55.448537603951991,1.171315411105752,5.7246944401413202,3.0834877753630288,1.203022675588727,16.059028026647866,3.6436323970556259,0.87360369320958853,0.51593469642102718,0.32924101687967777,0.74475436192005873,0.60383172146975994,0.36780570819973946,0.13643159251660109,0.10836234968155622,0.12341526243835688,0.4959254190325737,0.34222597070038319,0.11686495132744312,0.85114100761711597,0.92621151730418205,0.89033759385347366,0.35200553294271231,True,,1,0,Slot__Patch;Slot__CPW_Feed_Pin;Patch__CPW_Feed_Pin,True,Slot__CPW_Feed_Pin,,Slot__CPW_Feed_Pin,,"{""Slot__CPW_Feed_Pin"": {""geometry_type"": ""MultiLineString"", ""relations"": ""overlaps"", ""wkt"": ""MULTILINESTRING ((0.5 20.02, 0 20.02), (0 20.02, -0.5 20.02))""}}",True,
680,57.854696265421808,2.66812938824296,6.4605593271553516,3.7191782591864468,2.3524444829672575,16.951004569418728,4.4125018417835236,0.70076204650104046,0.91204272583127022,0.88816706743091345,0.62712106294929981,0.66375573072582483,0.10375718213617802,0.96285450737923384,0.81601240113377571,0.72844995465129614,0.57478196546435356,0.6705690985545516,0.37068925239145756,0.47450989671051502,0.23998495656996965,0.3602491607889533,0.88729133550077677,True,,1,0,Slot__Patch;Slot__CPW_Feed_Pin;Patch__CPW_Feed_Pin,True,Slot__CPW_Feed_Pin,,Slot__CPW_Feed_Pin,,"{""Slot__CPW_Feed_Pin"": {""geometry_type"": ""MultiLineString"", ""relations"": ""overlaps"", ""wkt"": ""MULTILINESTRING ((0.5 23.43, 0 23.43), (0 23.43, -0.5 23.43))""}}",True,
681,34.879679060541093,1.9503057319670916,5.4941950477659702,1.9550400745123626,1.459028098732233,9.4915140699595213,2.9750164374709129,0.061567061580717564,0.064559647813439369,0.38978382386267185,0.19129140581935644,0.29809409286826849,0.50091720838099718,0.23396102618426085,0.31368290446698666,0.30697837471961975,0.063689636066555977,0.007046995684504509,0.63955872040241957,0.97457395028322935,0.61470423080027103,0.69289453607052565,0.27165624778717756,True,,1,0,Slot__Patch;Slot__CPW_Feed_Pin;Patch__CPW_Feed_Pin,True,Slot__CPW_Feed_Pin,,Slot__CPW_Feed_Pin,,"{""Slot__CPW_Feed_Pin"": {""geometry_type"": ""MultiLineString"", ""relations"": ""overlaps"", ""wkt"": ""MULTILINESTRING ((0.5 20.39, 0 20.39), (0 20.39, -0.5 20.39))""}}",True,
682,24.05030881986022,2.1247191708534956,8.2319739237427711,3.1050928369164472,1.8307128958404064,11.976483771577477,5.4443476423621178,0.48783244378864765,0.4164282800629735,0.038570123724639416,0.37474248558282852,0.14289490319788456,0.29120682552456856,0.69660916551947594,0.19942288473248482,0.98305157385766506,0.32296189200133085,0.81847002357244492,0.96892151609063148,0.1895477743819356,0.3457445902749896,0.9578291242942214,0.70148015860468149,True,,1,0,Slot__Patch;Slot__CPW_Feed_Pin;Patch__CPW_Feed_Pin,True,Slot__CPW_Feed_Pin,,Slot__CPW_Feed_Pin,,"{""Slot__CPW_Feed_Pin"": {""geometry_type"": ""MultiLineString"", ""relations"": ""overlaps"", ""wkt"": ""MULTILINESTRING ((0.5 23.4, 0 23.4), (0 23.4, -0.5 23.4))""}}",True,
683,46.223302613943815,1.2797872945666313,3.9132215604186058,1.6246164755895736,2.9807515796273947,19.50235000345856,3.8818942010402679,0.75105914939194918,0.57578002195805311,0.53627864085137844,0.81098026502877474,0.7546502985060215,0.81346603017300367,0.49922983720898628,0.7017644252628088,0.059643992222845554,0.81940833199769258,0.48390185926109552,0.020818647928535938,0.68949731066823006,0.9714404009282589,0.095406214706599712,0.082930671982467175,True,,1,0,Slot__Patch;Slot__CPW_Feed_Pin;Patch__CPW_Feed_Pin,True,Slot__CPW_Feed_Pin,,Slot__CPW_Feed_Pin,,"{""Slot__CPW_Feed_Pin"": {""geometry_type"": ""MultiLineString"", ""relations"": ""overlaps"", ""wkt"": ""MULTILINESTRING ((0.5 22.14, 0 22.14), (0 22.14, -0.5 22.14))""}}",True,
684,41.043126275762916,2.3083860650658607,4.7529009897261858,1.8754725966602566,2.5036036819219589,15.447296071797609,5.5757525041699409,0.36227121762931347,0.36436100676655769,0.27541733719408512,0.49729376193135977,0.88251763489097357,0.46939165703952312,0.00035670306533575058,0.54220418073236942,0.18055857345461845,0.89079776033759117,0.26305165886878967,0.78100602794438601,0.28878649789839983,0.096770229749381542,0.3807464549317956,0.61913692764937878,True,,1,0,Slot__Patch;Slot__CPW_Feed_Pin;Patch__CPW_Feed_Pin,True,Slot__CPW_Feed_Pin,,Slot__CPW_Feed_Pin,,"{""Slot__CPW_Feed_Pin"": {""geometry_type"": ""MultiLineString"", ""relations"": ""overlaps"", ""wkt"": ""MULTILINESTRING ((0.5 24.38, 0 24.38), (0 24.38, -0.5 24.38))""}}",True,
685,19.034901922568679,1.088864816352725,7.1960054207593203,2.8324960803613068,1.6849248055368662,7.9145866585895419,3.0132990926504135,0.87539968732744455,0.64348755218088627,0.77380311395972967,0.93453767336905003,0.016733960248529911,0.88515887502580881,0.80294971819967031,0.040623731911182404,0.85480538289994001,0.40384373255074024,0.91090231481939554,0.229238610714674,0.78871535137295723,0.72251950576901436,0.54736859817057848,0.2219393290579319,True,,1,0,Slot__Patch;Slot__CPW_Feed_Pin;Patch__CPW_Feed_Pin,True,Slot__CPW_Feed_Pin,,Slot__CPW_Feed_Pin,,"{""Slot__CPW_Feed_Pin"": {""geometry_type"": ""MultiLineString"", ""relations"": ""overlaps"", ""wkt"": ""MULTILINESTRING ((0.5 19.78, 0 19.78), (0 19.78, -0.5 19.78))""}}",True,
686,29.875376340933144,2.9768903721123934,3.1486616637557745,2.3473701218143108,1.0565871763974428,13.742147474549711,4.5439143627882004,0.5751111526042223,0.86972675938159227,0.67188369296491146,0.50065201241523027,0.42412633076310158,0.15688122808933258,0.26657438278198242,0.41074682213366032,0.43719295132905245,0.14651645254343748,0.22452452685683966,0.37936800252646208,0.00028428621590137482,0.48890685010701418,0.78304448071867228,0.8078377079218626,True,,1,0,Slot__Patch;Slot__CPW_Feed_Pin;Patch__CPW_Feed_Pin,True,Slot__CPW_Feed_Pin,,Slot__CPW_Feed_Pin,,"{""Slot__CPW_Feed_Pin"": {""geometry_type"": ""MultiLineString"", ""relations"": ""overlaps"", ""wkt"": ""MULTILINESTRING ((0.5 22.58, 0 22.58), (0 22.58, -0.5 22.58))""}}",True,
687,52.663608533330262,1.6341671533882618,8.9906629677861929,3.3457324020564565,2.1319494172930717,21.224045120179653,2.1064289286732674,0.18599723745137453,0.15373535733669996,0.17417359631508589,0.06386961042881012,0.53600374795496464,0.69767134543508291,0.53770855814218521,0.91230783611536026,0.60556698776781559,0.65202366281300783,0.57467353902757168,0.61036881990730762,0.50034279655665159,0.86367947049438953,0.14522330928593874,0.40772571042180061,True,,1,0,Slot__Patch;Slot__CPW_Feed_Pin;Patch__CPW_Feed_Pin,True,Slot__CPW_Feed_Pin,,Slot__CPW_Feed_Pin,,"{""Slot__CPW_Feed_Pin"": {""geometry_type"": ""MultiLineString"", ""relations"": ""overlaps"", ""wkt"": ""MULTILINESTRING ((0.5 19.88, 0 19.88), (0 19.88, -0.5 19.88))""}}",True,
688,53.372790380381048,2.8966817650943995,5.3525401744991541,1.4427111603319647,1.9828818682581186,8.1100970786064863,3.3997070118784904,0.59873877465724945,0.11872671637684107,0.68938247952610254,0.1249937517568469,0.97983855288475752,0.31799443624913692,0.63736230041831732,0.3479778366163373,0.19475891254842281,0.52026744280010462,0.85037067532539368,0.46379358693957329,0.17468184605240822,0.56963540520519018,0.0063393972814083099,0.39782468974590302,True,,1,0,Slot__Patch;Slot__CPW_Feed_Pin;Patch__CPW_Feed_Pin,True,Slot__CPW_Feed_Pin,,Slot__CPW_Feed_Pin,,"{""Slot__CPW_Feed_Pin"": {""geometry_type"": ""MultiLineString"", ""relations"": ""overlaps"", ""wkt"": ""MULTILINESTRING ((0.5 22.28, 0 22.28), (0 22.28, -0.5 22.28))""}}",True,
689,30.567713915370405,1.7412312142550945,6.6955980006605387,2.9275422418490056,2.8286927789449692,15.635505993850529,5.9621605277061462,0.14796531852334738,0.90468628611415625,0.19112271443009377,0.56074426136910915,0.12284390348941088,0.79632364306598902,0.43242361303418875,0.85056536551564932,0.77035766188055277,0.024797483347356319,0.45248954836279154,0.54645242262631655,0.67460857052356005,0.19484370201826096,0.92492233216762543,0.76356620527803898,True,,1,0,Slot__Patch;Slot__CPW_Feed_Pin;Patch__CPW_Feed_Pin,True,Slot__CPW_Feed_Pin,,Slot__CPW_Feed_Pin,,"{""Slot__CPW_Feed_Pin"": {""geometry_type"": ""MultiLineString"", ""relations"": ""overlaps"", ""wkt"": ""MULTILINESTRING ((0.5 24.53, 0 24.53), (0 24.53, -0.5 24.53))""}}",True,
690,19.743149522691965,2.3180532902479172,3.960714815184474,2.127909859083593,2.4572516605257988,21.050621853210032,2.4923447370529175,0.33888648077845573,0.61530239135026932,0.3553781034424901,0.8773732790723443,0.46743135899305344,0.0055431202054023743,0.90239647030830383,0.73044227529317141,0.43764203693717718,0.26845497451722622,0.63911142852157354,0.81380349583923817,0.3956410838291049,0.95408158842474222,0.65848485007882118,0.20859363675117493,True,,1,0,Slot__Patch;Slot__CPW_Feed_Pin;Patch__CPW_Feed_Pin,True,Slot__CPW_Feed_Pin,,Slot__CPW_Feed_Pin,,"{""Slot__CPW_Feed_Pin"": {""geometry_type"": ""MultiLineString"", ""relations"": ""overlaps"", ""wkt"": ""MULTILINESTRING ((0.5 21.27, 0 21.27), (0 21.27, -0.5 21.27))""}}",True,
691,41.746202576905489,1.0357405748218298,7.9028644692152739,3.8978297371417288,1.3543301392346621,13.590673143044114,4.9298303052783012,0.91563012730330229,0.39247416518628597,0.85321395844221115,0.44105444476008415,0.57051976583898067,0.60877315606921911,0.1664128378033638,0.22787418123334646,0.51911725103855133,0.78052382916212082,0.038992887362837791,0.17593469750136137,0.89569743163883686,0.32831324450671673,0.27262438088655472,0.57728012837469578,True,,1,0,Slot__Patch;Slot__CPW_Feed_Pin;Patch__CPW_Feed_Pin,True,Slot__CPW_Feed_Pin,,Slot__CPW_Feed_Pin,,"{""Slot__CPW_Feed_Pin"": {""geometry_type"": ""MultiLineString"", ""relations"": ""overlaps"", ""wkt"": ""MULTILINESTRING ((0.5 21.32, 0 21.32), (0 21.32, -0.5 21.32))""}}",True,
692,48.343368647620082,2.001770680770278,7.4308606199920177,3.4997179092839366,1.1300623156130314,10.109220365993679,2.612030878663063,0.46335002779960632,0.66543181333690882,0.084540624171495438,0.75088801793754101,0.69851652998477221,0.20235900767147541,0.33302203100174665,0.012676696293056011,0.64686753321439028,0.94579339120537043,0.19257859047502279,0.9362536845728755,0.10991486441344023,0.70498515758663416,0.23777228780090809,0.095910153351724148,True,,1,0,Slot__Patch;Slot__CPW_Feed_Pin;Patch__CPW_Feed_Pin,True,Slot__CPW_Feed_Pin,,Slot__CPW_Feed_Pin,,"{""Slot__CPW_Feed_Pin"": {""geometry_type"": ""MultiLineString"", ""relations"": ""overlaps"", ""wkt"": ""MULTILINESTRING ((0.5 19.74, 0 19.74), (0 19.74, -0.5 19.74))""}}",True,
693,26.153530580922961,1.3446302711963654,4.6114295683801174,2.5071373224258426,2.0583621989935637,17.590660694986582,4.0495164170861244,0.78994586225599051,0.32673500385135412,0.58279809448868036,0.31361834984272718,0.34164399188011885,0.66207911539822817,0.59706986974924803,0.51399911288172007,0.31818466819822788,0.44321608450263739,0.60613125376403332,0.07399279810488224,0.60998104698956013,0.079270279034972191,0.81845699064433575,0.74272660631686449,True,,1,0,Slot__Patch;Slot__CPW_Feed_Pin;Patch__CPW_Feed_Pin,True,Slot__CPW_Feed_Pin,,Slot__CPW_Feed_Pin,,"{""Slot__CPW_Feed_Pin"": {""geometry_type"": ""MultiLineString"", ""relations"": ""overlaps"", ""wkt"": ""MULTILINESTRING ((0.5 21.45, 0 21.45), (0 21.45, -0.5 21.45))""}}",True,
694,36.989199151284993,2.7053692601621151,8.6617362499237061,2.6723314877599478,2.686944430693984,18.848365880548954,3.5194007530808449,0.72304784879088402,0.16298053413629532,0.99666056782007217,0.24753071740269661,0.248761972412467,0.38987157866358757,0.068019326776266098,0.8782591326162219,0.89178341254591942,0.20151974819600582,0.29446401447057724,0.28613391239196062,0.33539066091179848,0.81867936905473471,0.58526080287992954,0.28216762002557516,True,,1,0,Slot__Patch;Slot__CPW_Feed_Pin;Patch__CPW_Feed_Pin,True,Slot__CPW_Feed_Pin,,Slot__CPW_Feed_Pin,,"{""Slot__CPW_Feed_Pin"": {""geometry_type"": ""MultiLineString"", ""relations"": ""overlaps"", ""wkt"": ""MULTILINESTRING ((0.5 22.91, 0 22.91), (0 22.91, -0.5 22.91))""}}",True,
695,59.959045057184994,1.92527293600142,3.1959721595048904,1.7196627242490652,1.501472931355238,11.315198256634176,5.0818542987108231,0.022435556165874004,0.81354220770299435,0.49882605392485857,0.68428545538336039,0.85172825306653976,0.97456879448145628,0.86304916813969612,0.37692467216402292,0.065040248446166515,0.69140360504388809,0.8790016183629632,0.70360476151108742,0.83534235972911119,0.44394101202487946,0.47087707184255123,0.93192904908210039,True,,1,0,Slot__Patch;Slot__CPW_Feed_Pin;Patch__CPW_Feed_Pin,True,Slot__CPW_Feed_Pin,,Slot__CPW_Feed_Pin,,"{""Slot__CPW_Feed_Pin"": {""geometry_type"": ""MultiLineString"", ""relations"": ""overlaps"", ""wkt"": ""MULTILINESTRING ((0.5 22.51, 0 22.51), (0 22.51, -0.5 22.51))""}}",True,
696,56.14690478425473,2.4221112318336964,8.6186760719865561,2.3662039557471877,2.9125977605581284,14.194847694598138,2.8502316474914551,0.41209505684673786,0.73894735053181648,0.78376539796590805,0.6916264072060585,0.91195002850145102,0.74160768557339907,0.032719019800424576,0.66854384355247021,0.70809822995215654,0.36401065811514854,0.11401686444878578,0.96510029956698418,0.45809773821383715,0.63216468784958124,0.77879366371780634,0.34244396071881056,True,,1,0,Slot__Patch;Slot__CPW_Feed_Pin;Patch__CPW_Feed_Pin,True,Slot__CPW_Feed_Pin,,Slot__CPW_Feed_Pin,,"{""Slot__CPW_Feed_Pin"": {""geometry_type"": ""MultiLineString"", ""relations"": ""overlaps"", ""wkt"": ""MULTILINESTRING ((0.5 22.18, 0 22.18), (0 22.18, -0.5 22.18))""}}",True,
697,33.419117513112724,1.2041435707360506,3.5265336837619543,3.318227570503951,1.7738505247980356,21.73533707857132,4.287778727710247,0.83534145820885897,0.26890549995005131,0.28202704805880785,0.13081485498696566,0.050072618760168552,0.15395789034664631,0.77333418652415276,0.17013585194945335,0.25647713430225849,0.86826816387474537,0.71617960650473833,0.040278633125126362,0.95802605524659157,0.0074375476688146591,0.16418106574565172,0.9414776349440217,True,,1,0,Slot__Patch;Slot__CPW_Feed_Pin;Patch__CPW_Feed_Pin,True,Slot__CPW_Feed_Pin,,Slot__CPW_Feed_Pin,,"{""Slot__CPW_Feed_Pin"": {""geometry_type"": ""MultiLineString"", ""relations"": ""overlaps"", ""wkt"": ""MULTILINESTRING ((0.5 21.26, 0 21.26), (0 21.26, -0.5 21.26))""}}",True,
698,22.494989186525345,2.8472960125654936,6.8239285815507174,1.8631849382072687,1.4030812550336123,16.840241756290197,3.7575943991541862,0.65223298780620098,0.24528585094958544,0.13338521495461464,0.30631181783974171,0.39078768715262413,0.92909736465662718,0.29799070488661528,0.28440671972930431,0.95543064549565315,0.61191589664667845,0.40278812777251005,0.32029056735336781,0.23722340352833271,0.7664887523278594,0.43093910161405802,0.027768733911216259,True,,1,0,Slot__Patch;Slot__CPW_Feed_Pin;Patch__CPW_Feed_Pin,True,Slot__CPW_Feed_Pin,,Slot__CPW_Feed_Pin,,"{""Slot__CPW_Feed_Pin"": {""geometry_type"": ""MultiLineString"", ""relations"": ""overlaps"", ""wkt"": ""MULTILINESTRING ((0.5 22, 0 22), (0 22, -0.5 22))""}}",True,
699,44.618506953120232,1.5025310292840004,5.1308629531413317,2.8563905274495487,2.2833751365542412,9.3661281047388911,5.3201084733009338,0.10301604215055704,0.77817292790859938,0.63555510435253382,0.86756963934749365,0.506571339443326,0.46647046133875847,0.50708596687763929,0.7827962301671505,0.0018698526546359062,0.12426154781132936,0.80265242047607899,0.67434617411345243,0.7372814966365695,0.39078506827354431,0.51188318897038698,0.63166999164968729,True,,1,0,Slot__Patch;Slot__CPW_Feed_Pin;Patch__CPW_Feed_Pin,True,Slot__CPW_Feed_Pin,,Slot__CPW_Feed_Pin,,"{""Slot__CPW_Feed_Pin"": {""geometry_type"": ""MultiLineString"", ""relations"": ""overlaps"", ""wkt"": ""MULTILINESTRING ((0.5 23.1, 0 23.1), (0 23.1, -0.5 23.1))""}}",True,
700,39.954854333773255,2.538934700191021,4.2852395698428154,3.2335643008351331,2.2010178100317717,12.461337419226766,3.1380303278565407,0.5259993989020586,0.035503733903169632,0.42767262179404497,0.43279701191931963,0.63065762165933847,0.87304459605365992,0.99234797805547714,0.94162586331367493,0.12901741079986095,0.16406954452395439,0.96015963237732649,0.42977424245327711,0.27272741682827473,0.5175745477899909,0.97703301813453436,0.16772745922207832,True,,1,0,Slot__Patch;Slot__CPW_Feed_Pin;Patch__CPW_Feed_Pin,True,Slot__CPW_Feed_Pin,,Slot__CPW_Feed_Pin,,"{""Slot__CPW_Feed_Pin"": {""geometry_type"": ""MultiLineString"", ""relations"": ""overlaps"", ""wkt"": ""MULTILINESTRING ((0.5 21.88, 0 21.88), (0 21.88, -0.5 21.88))""}}",True,
701,17.666526893153787,1.8192465584725142,7.8541222885251045,1.4642703549936416,1.1125330664217472,19.928618618287146,5.7005444318056107,0.22656406927853823,0.94109530188143253,0.92940939217805862,0.99500562250614166,0.26890221890062094,0.27264507673680782,0.20147661864757538,0.44393640942871571,0.83561469707638025,0.66176472790539265,0.37369894422590733,0.57560420967638493,0.77279093395918608,0.14180213958024979,0.090913134627044201,0.54832328669726849,True,,1,0,Slot__Patch;Slot__CPW_Feed_Pin;Patch__CPW_Feed_Pin,True,Slot__CPW_Feed_Pin,,Slot__CPW_Feed_Pin,,"{""Slot__CPW_Feed_Pin"": {""geometry_type"": ""MultiLineString"", ""relations"": ""overlaps"", ""wkt"": ""MULTILINESTRING ((0.5 22.63, 0 22.63), (0 22.63, -0.5 22.63))""}}",True,
702,28.579786741174757,2.2385330516844988,5.8663030005991459,3.5943962154909972,1.7417862229049206,18.370619458146393,2.2306599766016006,0.28564977459609509,0.54282279033213854,0.53116810414940119,0.56908934470266104,0.17208676226437092,0.56049410905689001,0.72710967715829611,0.07380986213684082,0.37826146837323904,0.92006292473524809,0.56201454624533653,0.78485008794814348,0.047580611892044544,0.88114661816507578,0.32452142890542746,0.47756371274590492,True,,1,0,Slot__Patch;Slot__CPW_Feed_Pin;Patch__CPW_Feed_Pin,True,Slot__CPW_Feed_Pin,,Slot__CPW_Feed_Pin,,"{""Slot__CPW_Feed_Pin"": {""geometry_type"": ""MultiLineString"", ""relations"": ""overlaps"", ""wkt"": ""MULTILINESTRING ((0.5 20.21, 0 20.21), (0 20.21, -0.5 20.21))""}}",True,
703,51.494313427247107,1.3959538377821445,6.0826177485287189,2.1089196752756836,2.5717565473169088,10.852526491507888,4.6682070270180702,0.95910120848566294,0.4493898032233119,0.029000747948884964,0.007273579016327858,0.78774842247366905,0.085193760693073273,0.46769146528095007,0.57151040621101856,0.57898228615522385,0.40966997016221285,0.1465998338535428,0.20978618040680885,0.54752973094582558,0.25635087303817272,0.74333326052874327,0.86302712373435497,True,,1,0,Slot__Patch;Slot__CPW_Feed_Pin;Patch__CPW_Feed_Pin,True,Slot__CPW_Feed_Pin,,Slot__CPW_Feed_Pin,,"{""Slot__CPW_Feed_Pin"": {""geometry_type"": ""MultiLineString"", ""relations"": ""overlaps"", ""wkt"": ""MULTILINESTRING ((0.5 22.64, 0 22.64), (0 22.64, -0.5 22.64))""}}",True,
704,51.201666444540024,2.4654125310480595,5.6408435124903917,3.3037476988509304,2.3813316486775875,11.613666261546314,4.2406962923705578,0.91368563193827868,0.19958831369876862,0.5456018690019846,0.51728914398699999,0.23414572514593601,0.93594720587134361,0.190894590690732,0.033403174951672554,0.82800111640244722,0.50306564476341009,0.047961832955479622,0.98548947647213936,0.30699532013386488,0.93354037776589394,0.8573731817305088,0.68366695288568735,True,,1,0,Slot__Patch;Slot__CPW_Feed_Pin;Patch__CPW_Feed_Pin,True,Slot__CPW_Feed_Pin,,Slot__CPW_Feed_Pin,,"{""Slot__CPW_Feed_Pin"": {""geometry_type"": ""MultiLineString"", ""relations"": ""overlaps"", ""wkt"": ""MULTILINESTRING ((0.5 23.08, 0 23.08), (0 23.08, -0.5 23.08))""}}",True,
705,28.918440565466881,1.1851957459002733,6.2197974789887667,2.3870315223932268,1.3052656557410955,19.132231492549181,2.678181666880846,0.33301847614347935,0.79256264679133892,0.043863638304173946,0.078589856624603271,0.86848406866192818,0.4576714588329196,0.98936530388891697,0.53183995187282562,0.15274722315371037,0.014190138317644596,0.64893367420881987,0.0042483033612370491,0.80694439448416233,0.30783690791577101,0.21148774772882462,0.037750828079879284,True,,1,0,Slot__Patch;Slot__CPW_Feed_Pin;Patch__CPW_Feed_Pin,True,Slot__CPW_Feed_Pin,,Slot__CPW_Feed_Pin,,"{""Slot__CPW_Feed_Pin"": {""geometry_type"": ""MultiLineString"", ""relations"": ""overlaps"", ""wkt"": ""MULTILINESTRING ((0.5 19.17, 0 19.17), (0 19.17, -0.5 19.17))""}}",True,
706,17.332977312617004,2.7646843176335096,4.4107017125934362,2.8718226637691262,1.9338173847645521,17.526624910533428,5.1475711651146412,0.14991755876690149,0.69129292014986277,0.37960443459451199,0.48060712870210409,0.7131327698007226,0.74843496270477772,0.4568967642262578,0.91952972300350666,0.57087845727801323,0.25490764528512955,0.46255594212561846,0.35411512292921543,0.028937708586454391,0.5432367492467165,0.44704895839095116,0.99886312428861856,True,,1,0,Slot__Patch;Slot__CPW_Feed_Pin;Patch__CPW_Feed_Pin,True,Slot__CPW_Feed_Pin,,Slot__CPW_Feed_Pin,,"{""Slot__CPW_Feed_Pin"": {""geometry_type"": ""MultiLineString"", ""relations"": ""overlaps"", ""wkt"": ""MULTILINESTRING ((0.5 23.84, 0 23.84), (0 23.84, -0.5 23.84))""}}",True,
707,40.242402437143028,1.6076642498373985,7.6403803881257772,1.833787841908634,2.7527727670967579,10.059786974452436,3.7100246362388134,0.60459903441369534,0.28524448629468679,0.88177420478314161,0.91983659006655216,0.32488818373531103,0.14518210757523775,0.72433966863900423,0.42111165821552277,0.40149733703583479,0.75843425653874874,0.8595837689936161,0.65613046567887068,0.52900127042084932,0.16850987542420626,0.621720090508461,0.34807941596955061,True,,1,0,Slot__Patch;Slot__CPW_Feed_Pin;Patch__CPW_Feed_Pin,True,Slot__CPW_Feed_Pin,,Slot__CPW_Feed_Pin,,"{""Slot__CPW_Feed_Pin"": {""geometry_type"": ""MultiLineString"", ""relations"": ""overlaps"", ""wkt"": ""MULTILINESTRING ((0.5 22.07, 0 22.07), (0 22.07, -0.5 22.07))""}}",True,
708,44.895082139410079,2.5736943557858467,6.9786869175732136,1.501284445077181,2.7316144425421953,13.175057424232364,5.7788615860044956,0.024408784694969654,0.52791373431682587,0.18145340587943792,0.35804241150617599,0.45299820974469185,0.55175625532865524,0.77619491331279278,0.32285742089152336,0.28010973893105984,0.96837352123111486,0.89346373546868563,0.3959421319887042,0.49224356934428215,0.79429298080503941,0.89937015809118748,0.82175515405833721,True,,1,0,Slot__Patch;Slot__CPW_Feed_Pin;Patch__CPW_Feed_Pin,True,Slot__CPW_Feed_Pin,,Slot__CPW_Feed_Pin,,"{""Slot__CPW_Feed_Pin"": {""geometry_type"": ""MultiLineString"", ""relations"": ""overlaps"", ""wkt"": ""MULTILINESTRING ((0.5 25.09, 0 25.09), (0 25.09, -0.5 25.09))""}}",True,
709,22.172407158650458,1.7912612985819578,4.8761061765253544,3.2257494682446124,1.5817874148488045,20.649643396027386,3.3413150869309902,0.72888712026178837,0.49548341147601604,0.68319029547274113,0.7963229613378644,0.58721455372869968,0.091982691548764706,0.043667381629347801,0.82051832787692547,0.70057422760874033,0.4552962938323617,0.30807044729590416,0.59379707463085651,0.99230158794671297,0.41949738282710314,0.044523229822516441,0.45679177716374397,True,,1,0,Slot__Patch;Slot__CPW_Feed_Pin;Patch__CPW_Feed_Pin,True,Slot__CPW_Feed_Pin,,Slot__CPW_Feed_Pin,,"{""Slot__CPW_Feed_Pin"": {""geometry_type"": ""MultiLineString"", ""relations"": ""overlaps"", ""wkt"": ""MULTILINESTRING ((0.5 20.72, 0 20.72), (0 20.72, -0.5 20.72))""}}",True,
710,33.746809149160981,2.1493337918072939,8.3756377771496773,2.0753966024145485,1.2103767991065979,15.816803933121264,4.8719791136682034,0.78796511981636286,0.018645294941961765,0.76933163683861494,0.6437485683709383,0.9942717095836997,0.86420766077935696,0.51022230181843042,0.69259024783968925,0.025019838474690914,0.21261762827634811,0.61949353851377964,0.76443806756287813,0.21870257239788771,0.68255377933382988,0.30932787247002125,0.51146280579268932,True,,1,0,Slot__Patch;Slot__CPW_Feed_Pin;Patch__CPW_Feed_Pin,True,Slot__CPW_Feed_Pin,,Slot__CPW_Feed_Pin,,"{""Slot__CPW_Feed_Pin"": {""geometry_type"": ""MultiLineString"", ""relations"": ""overlaps"", ""wkt"": ""MULTILINESTRING ((0.5 22.23, 0 22.23), (0 22.23, -0.5 22.23))""}}",True,
711,55.865214625373483,1.49400370195508,3.669573538005352,3.5961808908730752,2.1030322108417749,8.2767577562481165,2.3094644583761692,0.45751827023923397,0.98914592619985342,0.26716416142880917,0.20605161692947149,0.10614910814911127,0.27953326795250177,0.3086634511128068,0.19491849653422832,0.94742032885551453,0.70713830552995205,0.20679655950516462,0.24580895528197289,0.7186309639364481,0.056781704537570477,0.63441254012286663,0.1416318453848362,True,,1,0,Slot__Patch;Slot__CPW_Feed_Pin;Patch__CPW_Feed_Pin,True,Slot__CPW_Feed_Pin,,Slot__CPW_Feed_Pin,,"{""Slot__CPW_Feed_Pin"": {""geometry_type"": ""MultiLineString"", ""relations"": ""overlaps"", ""wkt"": ""MULTILINESTRING ((0.5 19.91, 0 19.91), (0 19.91, -0.5 19.91))""}}",True,
712,59.589791838079691,2.9947330001741648,8.8937887083739042,2.962969456613064,1.4516730215400457,11.139982687309384,5.5093650408089161,0.10105438437312841,0.56383137870579958,0.95097492914646864,0.16645748727023602,0.1575282197445631,0.012331574223935604,0.60772878769785166,0.97945781890302896,0.34145672433078289,0.34703223593533039,0.78428525291383266,0.49174432829022408,0.091387355700135231,0.87101239897310734,0.11616133991628885,0.61513439752161503,True,,1,0,Slot__Patch;Slot__CPW_Feed_Pin;Patch__CPW_Feed_Pin,True,Slot__CPW_Feed_Pin,,Slot__CPW_Feed_Pin,,"{""Slot__CPW_Feed_Pin"": {""geometry_type"": ""MultiLineString"", ""relations"": ""overlaps"", ""wkt"": ""MULTILINESTRING ((0.5 23.96, 0 23.96), (0 23.96, -0.5 23.96))""}}",True,
713,37.405827809125185,1.6520296297967434,3.0639182310551405,1.4415614055469632,2.3597988747060299,18.672706657089293,3.0718790702521801,0.64638214558362961,0.41275180410593748,0.45271504484117031,0.73021778743714094,0.80456192791461945,0.60003482550382614,0.33614167664200068,0.47689884435385466,0.63873514626175165,0.85836822912096977,0.38527426030486822,0.50289295334368944,0.59133909922093153,0.49524390418082476,0.94098659325391054,0.23376031219959259,True,,1,0,Slot__Patch;Slot__CPW_Feed_Pin;Patch__CPW_Feed_Pin,True,Slot__CPW_Feed_Pin,,Slot__CPW_Feed_Pin,,"{""Slot__CPW_Feed_Pin"": {""geometry_type"": ""MultiLineString"", ""relations"": ""overlaps"", ""wkt"": ""MULTILINESTRING ((0.5 21.09, 0 21.09), (0 21.09, -0.5 21.09))""}}",True,
714,25.742773278616369,2.2900665402412415,7.3105266038328409,3.8614502577111134,2.9890214987099171,19.875480202026665,4.6024896912276745,0.83729560952633619,0.077025067061185837,0.1013530632480979,0.83582944050431252,0.64521617162972689,0.32488215062767267,0.87398179434239864,0.098982804454863071,0.088794923387467861,0.59909549821168184,0.6989098722115159,0.8556626383215189,0.36954316962510347,0.73083090409636497,0.70583701226860285,0.8038445059210062,True,,1,0,Slot__Patch;Slot__CPW_Feed_Pin;Patch__CPW_Feed_Pin,True,Slot__CPW_Feed_Pin,,Slot__CPW_Feed_Pin,,"{""Slot__CPW_Feed_Pin"": {""geometry_type"": ""MultiLineString"", ""relations"": ""overlaps"", ""wkt"": ""MULTILINESTRING ((0.5 23.89, 0 23.89), (0 23.89, -0.5 23.89))""}}",True,
715,48.706745146773756,1.0705026742070913,4.8317621145397425,2.13762914352119,1.8224422913044691,12.393567999824882,2.0400365777313709,0.41795340552926064,0.9152021873742342,0.5991890374571085,0.27166102174669504,0.25208870600908995,0.78748623095452785,0.070865271613001823,0.6015221131965518,0.8841373398900032,0.10240634810179472,0.095893830060958862,0.14971682708710432,0.86960930749773979,0.10603887867182493,0.35121898073703051,0.41952544450759888,True,,1,0,Slot__Patch;Slot__CPW_Feed_Pin;Patch__CPW_Feed_Pin,True,Slot__CPW_Feed_Pin,,Slot__CPW_Feed_Pin,,"{""Slot__CPW_Feed_Pin"": {""geometry_type"": ""MultiLineString"", ""relations"": ""overlaps"", ""wkt"": ""MULTILINESTRING ((0.5 18.94, 0 18.94), (0 18.94, -0.5 18.94))""}}",True,
716,42.120584179647267,2.1069063451141119,3.7993644028902054,2.4898010442033414,1.6619444563984871,8.9614160126075149,4.4710772000253201,0.96103438641875982,0.14224447775632143,0.33856566809117794,0.95839407574385405,0.37629015743732452,0.3810720993205905,0.42967029381543398,0.62729523237794638,0.76237590331584215,0.18738755770027637,0.12591332290321589,0.89440224599093199,0.15603226888924837,0.98170300200581551,0.12886712606996298,0.87553722877055407,True,,1,0,Slot__Patch;Slot__CPW_Feed_Pin;Patch__CPW_Feed_Pin,True,Slot__CPW_Feed_Pin,,Slot__CPW_Feed_Pin,,"{""Slot__CPW_Feed_Pin"": {""geometry_type"": ""MultiLineString"", ""relations"": ""overlaps"", ""wkt"": ""MULTILINESTRING ((0.5 22.24, 0 22.24), (0 22.24, -0.5 22.24))""}}",True,
717,19.321392481215298,1.262017086148262,8.1524945497512817,3.5284800849854951,2.5265828091651201,16.420921012759209,2.9086240567266941,0.2915290966629982,0.86559251975268126,0.83682301919907331,0.39517455361783504,0.52320176176726818,0.98141815885901451,0.62658142764121294,0.12594402302056551,0.21787271089851856,0.67409887537360191,0.54047235101461411,0.10023360140621662,0.6560886912047863,0.35696444194763899,0.80330939125269651,0.2756033455953002,True,,1,0,Slot__Patch;Slot__CPW_Feed_Pin;Patch__CPW_Feed_Pin,True,Slot__CPW_Feed_Pin,,Slot__CPW_Feed_Pin,,"{""Slot__CPW_Feed_Pin"": {""geometry_type"": ""MultiLineString"", ""relations"": ""overlaps"", ""wkt"": ""MULTILINESTRING ((0.5 20.7, 0 20.7), (0 20.7, -0.5 20.7))""}}",True,
718,30.995358405634761,2.6864191107451916,5.5904512368142605,1.7335079852491617,2.1558440718799829,21.905616950243711,5.3779601491987705,0.22463864367455244,0.65445761010050774,0.73506812192499638,0.039997951127588749,0.92644755076617002,0.19358274806290865,0.16344494558870792,0.26362962182611227,0.5116257406771183,0.93142568040639162,0.3519126158207655,0.25820610392838717,0.42991566099226475,0.62008592672646046,0.53882482554763556,0.68973585683852434,True,,1,0,Slot__Patch;Slot__CPW_Feed_Pin;Patch__CPW_Feed_Pin,True,Slot__CPW_Feed_Pin,,Slot__CPW_Feed_Pin,,"{""Slot__CPW_Feed_Pin"": {""geometry_type"": ""MultiLineString"", ""relations"": ""overlaps"", ""wkt"": ""MULTILINESTRING ((0.5 24.22, 0 24.22), (0 24.22, -0.5 24.22))""}}",True,
719,52.99252669326961,1.968575606122613,6.5459666065871716,2.6495994692668319,1.0326912999153137,14.379736217670143,3.9404742084443569,0.52011232450604439,0.36901582963764668,0.23723372723907232,0.60275596007704735,0.033442203886806965,0.66890591569244862,0.89183017797768116,0.76499262917786837,0.46124977897852659,0.42616213392466307,0.93922898825258017,0.74717193469405174,0.92984231095761061,0.24437077809125185,0.39319877605885267,0.086856997571885586,True,,1,0,Slot__Patch;Slot__CPW_Feed_Pin;Patch__CPW_Feed_Pin,True,Slot__CPW_Feed_Pin,,Slot__CPW_Feed_Pin,,"{""Slot__CPW_Feed_Pin"": {""geometry_type"": ""MultiLineString"", ""relations"": ""overlaps"", ""wkt"": ""MULTILINESTRING ((0.5 20.94, 0 20.94), (0 20.94, -0.5 20.94))""}}",True,
720,52.296756561845541,2.6879994161427021,3.2974925860762596,1.9856284847483041,2.8204230982810259,16.243926384486258,2.5534547083079815,0.20308534894138575,0.40344612300395966,0.62632201332598925,0.58557722624391317,0.48215596005320549,0.2844224302098155,0.80767177511006594,0.45041825622320175,0.86245342250913382,0.30767516698688269,0.72994071338325739,0.33490969426929951,0.26043137535452843,0.44639088958501816,0.25040456093847752,0.10759175103157759,True,,1,0,Slot__Patch;Slot__CPW_Feed_Pin;Patch__CPW_Feed_Pin,True,Slot__CPW_Feed_Pin,,Slot__CPW_Feed_Pin,,"{""Slot__CPW_Feed_Pin"": {""geometry_type"": ""MultiLineString"", ""relations"": ""overlaps"", ""wkt"": ""MULTILINESTRING ((0.5 22.06, 0 22.06), (0 22.06, -0.5 22.06))""}}",True,
721,30.282744001597166,1.9079132843762636,8.7535981312394142,3.7152498889714485,1.991152711212635,8.7624723929911852,4.1159077174961567,0.55997616611421108,0.61995531432330608,0.1279386505484581,0.021897980943322182,0.62027853913605213,0.82220650091767311,0.013106313534080982,0.95271551050245762,0.15680216997861862,0.80338783655315638,0.065351210534572601,0.65972561668604612,0.76048993039876223,0.82208697404712439,0.67679237388074398,0.73885964695364237,True,,1,0,Slot__Patch;Slot__CPW_Feed_Pin;Patch__CPW_Feed_Pin,True,Slot__CPW_Feed_Pin,,Slot__CPW_Feed_Pin,,"{""Slot__CPW_Feed_Pin"": {""geometry_type"": ""MultiLineString"", ""relations"": ""overlaps"", ""wkt"": ""MULTILINESTRING ((0.5 22.01, 0 22.01), (0 22.01, -0.5 22.01))""}}",True,
722,18.621748737059534,2.0186713766306639,4.5041183866560459,1.5848240800201894,1.3616854548454285,14.535101568326354,3.5857893116772175,0.98624925035983324,0.89319730643182993,0.29235757980495691,0.41620622295886278,0.96120770927518606,0.09687399584800005,0.54264519549906254,0.56502991169691086,0.61369764618575573,0.55973082035779953,0.75366687588393688,0.95048358663916588,0.044264408759772778,0.092464251443743706,0.91051486320793629,0.29386236052960157,True,,1,0,Slot__Patch;Slot__CPW_Feed_Pin;Patch__CPW_Feed_Pin,True,Slot__CPW_Feed_Pin,,Slot__CPW_Feed_Pin,,"{""Slot__CPW_Feed_Pin"": {""geometry_type"": ""MultiLineString"", ""relations"": ""overlaps"", ""wkt"": ""MULTILINESTRING ((0.5 20.97, 0 20.97), (0 20.97, -0.5 20.97))""}}",True,
723,41.415769136510789,1.3614825084805489,7.3565541096031666,3.1106079274788501,2.4498975072056055,22.068282854743302,5.0232751481235027,0.25337477959692478,0.11459057684987783,0.79006621614098549,0.98045378923416138,0.076991372741758823,0.50975724495947361,0.27910942025482655,0.062720859423279762,0.41392286214977503,0.047418301925063133,0.41638097818940878,0.054893915541470051,0.5441932175308466,0.71718373242765665,0.01683427207171917,0.92804465536028147,True,,1,0,Slot__Patch;Slot__CPW_Feed_Pin;Patch__CPW_Feed_Pin,True,Slot__CPW_Feed_Pin,,Slot__CPW_Feed_Pin,,"{""Slot__CPW_Feed_Pin"": {""geometry_type"": ""MultiLineString"", ""relations"": ""overlaps"", ""wkt"": ""MULTILINESTRING ((0.5 22.83, 0 22.83), (0 22.83, -0.5 22.83))""}}",True,
724,46.606955942697823,2.3353327736258507,8.0124874468892813,2.8142854835838085,2.0344673059880733,18.036941438913345,3.4660955406725407,0.85994795057922602,0.82600952684879303,0.021629877388477325,0.28976099379360676,0.20083397813141346,0.16568285878747702,0.22133360151201487,0.16170171461999416,0.28337259963154793,0.22626447584480047,0.32080585323274136,0.79946680087596178,0.44627684634178877,0.34345841966569424,0.48967475071549416,0.4016326405107975,True,,1,0,Slot__Patch;Slot__CPW_Feed_Pin;Patch__CPW_Feed_Pin,True,Slot__CPW_Feed_Pin,,Slot__CPW_Feed_Pin,,"{""Slot__CPW_Feed_Pin"": {""geometry_type"": ""MultiLineString"", ""relations"": ""overlaps"", ""wkt"": ""MULTILINESTRING ((0.5 21.84, 0 21.84), (0 21.84, -0.5 21.84))""}}",True,
725,23.626139801926911,1.0530685167759657,4.0327553059905767,1.902569795958698,1.1539579536765814,10.511518917046487,5.9035814069211483,0.37699051760137081,0.16613809578120708,0.52001553494483232,0.85300817992538214,0.83907858654856682,0.69082602858543396,0.95776635501533747,0.66331464424729347,0.73593973647803068,0.72859811875969172,0.96984740998595953,0.19517089799046516,0.9462264571338892,0.96823136601597071,0.56255457550287247,0.7519474308937788,True,,1,0,Slot__Patch;Slot__CPW_Feed_Pin;Patch__CPW_Feed_Pin,True,Slot__CPW_Feed_Pin,,Slot__CPW_Feed_Pin,,"{""Slot__CPW_Feed_Pin"": {""geometry_type"": ""MultiLineString"", ""relations"": ""overlaps"", ""wkt"": ""MULTILINESTRING ((0.5 22.11, 0 22.11), (0 22.11, -0.5 22.11))""}}",True,
726,35.29804646037519,2.879871429875493,6.5918113756924868,3.3572777660563595,1.524453042075038,13.066068696789443,2.4337685965001583,0.076694426126778126,0.31478826049715281,0.93372874334454536,0.70815806835889816,0.74253826681524515,0.47817053738981485,0.48632871173322201,0.79123068414628506,0.036528465338051319,0.97029493004083633,0.15645598713308573,0.41515511553734541,0.23340582475066185,0.19534234702587128,0.82944208011031151,0.21241520717740059,True,,1,0,Slot__Patch;Slot__CPW_Feed_Pin;Patch__CPW_Feed_Pin,True,Slot__CPW_Feed_Pin,,Slot__CPW_Feed_Pin,,"{""Slot__CPW_Feed_Pin"": {""geometry_type"": ""MultiLineString"", ""relations"": ""overlaps"", ""wkt"": ""MULTILINESTRING ((0.5 20.84, 0 20.84), (0 20.84, -0.5 20.84))""}}",True,
727,57.476839190348983,1.7244106866419315,5.2629902679473162,2.324399015307427,2.6639650650322437,20.526031013578176,4.9962215758860111,0.6836815569549799,0.66175343748182058,0.43601876590400934,0.14542581606656313,0.35819991584867239,0.87833660654723644,0.69179472140967846,0.28963742032647133,0.99103529937565327,0.48065378330647945,0.50944146513938904,0.59022476710379124,0.73346980381757021,0.57109177764505148,0.22287847101688385,0.565644396468997,True,,1,0,Slot__Patch;Slot__CPW_Feed_Pin;Patch__CPW_Feed_Pin,True,Slot__CPW_Feed_Pin,,Slot__CPW_Feed_Pin,,"{""Slot__CPW_Feed_Pin"": {""geometry_type"": ""MultiLineString"", ""relations"": ""overlaps"", ""wkt"": ""MULTILINESTRING ((0.5 23.38, 0 23.38), (0 23.38, -0.5 23.38))""}}",True,
728,55.158973149955273,2.2251461837440729,6.1739071123301983,1.6804569367319346,1.750871367752552,21.390722785145044,3.1966066248714924,0.76471858005970716,0.76573600340634584,0.84584260359406471,0.23085934296250343,0.40938849002122879,0.64254745841026306,0.39663655869662762,0.50583263020962477,0.34509157761931419,0.58929816074669361,0.49360204208642244,0.82848127372562885,0.10683767963200808,0.25879715941846371,0.52677843626588583,0.16391924023628235,True,,1,0,Slot__Patch;Slot__CPW_Feed_Pin;Patch__CPW_Feed_Pin,True,Slot__CPW_Feed_Pin,,Slot__CPW_Feed_Pin,,"{""Slot__CPW_Feed_Pin"": {""geometry_type"": ""MultiLineString"", ""relations"": ""overlaps"", ""wkt"": ""MULTILINESTRING ((0.5 21.17, 0 21.17), (0 21.17, -0.5 21.17))""}}",True,
729,33.046382702887058,1.3825467638671398,5.9683500789105892,2.7139795964583757,2.9355780798941851,13.923426638357341,5.6341530196368694,0.49761051312088966,0.24209765624254942,0.34422408137470484,0.66959963086992502,0.55239382945001125,0.24533397611230612,0.65650210343301296,0.0071646431460976601,0.67472048383206129,0.084795083850622177,0.82902589067816734,0.16125835012644529,0.60689356550574303,0.88455778453499079,0.41995544265955687,0.55994185246527195,True,,1,0,Slot__Patch;Slot__CPW_Feed_Pin;Patch__CPW_Feed_Pin,True,Slot__CPW_Feed_Pin,,Slot__CPW_Feed_Pin,,"{""Slot__CPW_Feed_Pin"": {""geometry_type"": ""MultiLineString"", ""relations"": ""overlaps"", ""wkt"": ""MULTILINESTRING ((0.5 23.95, 0 23.95), (0 23.95, -0.5 23.95))""}}",True,
730,21.46160542499274,2.5518217831850052,7.7803422510623932,2.5490805754438046,2.3072709832340479,7.5135912140831351,2.1642715446650982,0.047899886034429073,0.28088263794779778,0.1954415962100029,0.76754040829837322,0.89725546818226576,0.95505803637206554,0.13135726843029261,0.38509272318333387,0.099687417037785053,0.34114782977849245,0.017358714714646339,0.44911345466971397,0.3228606078773737,0.15499252080917358,0.18688872363418341,0.47374241054058075,True,,1,0,Slot__Patch;Slot__CPW_Feed_Pin;Patch__CPW_Feed_Pin,True,Slot__CPW_Feed_Pin,,Slot__CPW_Feed_Pin,,"{""Slot__CPW_Feed_Pin"": {""geometry_type"": ""MultiLineString"", ""relations"": ""overlaps"", ""wkt"": ""MULTILINESTRING ((0.5 21.03, 0 21.03), (0 21.03, -0.5 21.03))""}}",True,
731,44.200395117513835,1.8321768548339605,4.1773560494184494,3.4601725004613408,1.3791865706443787,15.031699128448963,4.7267860658466816,0.69099172204732895,0.74259509332478046,0.6977272154763341,0.32835385482758284,0.00034388620406389236,0.43282165471464396,0.92275797668844461,0.8837715545669198,0.92737662233412266,0.82904679607599974,0.68002513330429792,0.56113398540765047,0.82278684061020613,0.52977668400853872,0.75999741535633802,0.87466306425631046,True,,1,0,Slot__Patch;Slot__CPW_Feed_Pin;Patch__CPW_Feed_Pin,True,Slot__CPW_Feed_Pin,,Slot__CPW_Feed_Pin,,"{""Slot__CPW_Feed_Pin"": {""geometry_type"": ""MultiLineString"", ""relations"": ""overlaps"", ""wkt"": ""MULTILINESTRING ((0.5 21.94, 0 21.94), (0 21.94, -0.5 21.94))""}}",True,
732,38.130425275303423,2.86077562533319,5.2037962172180414,3.7774316040799025,1.1051787044852972,19.452935387380421,2.783843245357275,0.17230907361954451,0.43838720489293337,0.48959437105804682,0.89398552570492029,0.12809601984918118,0.77673554793000221,0.57768602855503559,0.85677979607135057,0.79720020201057196,0.88262210972607136,0.588402034714818,0.30081404466181993,0.17109898664057255,0.40592668205499649,0.73283600155264139,0.33076257165521383,True,,1,0,Slot__Patch;Slot__CPW_Feed_Pin;Patch__CPW_Feed_Pin,True,Slot__CPW_Feed_Pin,,Slot__CPW_Feed_Pin,,"{""Slot__CPW_Feed_Pin"": {""geometry_type"": ""MultiLineString"", ""relations"": ""overlaps"", ""wkt"": ""MULTILINESTRING ((0.5 20.75, 0 20.75), (0 20.75, -0.5 20.75))""}}",True,
733,15.226815179921687,1.5159674286842346,6.9326130989938974,2.2510230641812088,2.2083729170262814,11.912430999800563,4.346357736736536,0.56536181643605232,0.53820026945322752,0.99121447280049324,0.4557993970811367,0.77122349292039871,0.3610217897221446,0.36905335821211338,0.35935009922832251,0.22254748642444611,0.38517154380679131,0.23739972244948149,0.68892319872975349,0.67105019371956587,0.7806421210989356,0.33892651367932558,0.94534486252814531,True,,1,0,Slot__Patch;Slot__CPW_Feed_Pin;Patch__CPW_Feed_Pin,True,Slot__CPW_Feed_Pin,,Slot__CPW_Feed_Pin,,"{""Slot__CPW_Feed_Pin"": {""geometry_type"": ""MultiLineString"", ""relations"": ""overlaps"", ""wkt"": ""MULTILINESTRING ((0.5 22.07, 0 22.07), (0 22.07, -0.5 22.07))""}}",True,
734,26.800531195476651,2.4091314040124416,3.4360451381653547,3.0509952232241635,2.5800271816551685,9.775360906496644,3.8161706663668156,0.88909536506980658,0.952553641051054,0.59313007909804583,0.10827841889113188,0.67855462152510881,0.58928629197180271,0.84293193835765123,0.22166032809764147,0.55382879637181759,0.12687382567673922,0.92402165848761797,0.92157590668648481,0.38358189631253481,0.0079326312988996506,0.072603226639330387,0.016073784790933132,True,,1,0,Slot__Patch;Slot__CPW_Feed_Pin;Patch__CPW_Feed_Pin,True,Slot__CPW_Feed_Pin,,Slot__CPW_Feed_Pin,,"{""Slot__CPW_Feed_Pin"": {""geometry_type"": ""MultiLineString"", ""relations"": ""overlaps"", ""wkt"": ""MULTILINESTRING ((0.5 22.8, 0 22.8), (0 22.8, -0.5 22.8))""}}",True,
735,49.099871786311269,1.1911839488893747,8.5157823991030455,1.3220180379226805,1.7335163336247206,17.249489561654627,5.253717090934515,0.37201303988695145,0.039670275524258614,0.090841926634311676,0.54607169888913631,0.28152089100331068,0.048473355360329151,0.1028308616951108,0.71907131280750036,0.47329961601644754,0.63702120911329985,0.27702430263161659,0.088669145479798317,0.8836476169526577,0.63362465146929026,0.99925045389682055,0.63555411715060472,True,,1,0,Slot__Patch;Slot__CPW_Feed_Pin;Patch__CPW_Feed_Pin,True,Slot__CPW_Feed_Pin,,Slot__CPW_Feed_Pin,,"{""Slot__CPW_Feed_Pin"": {""geometry_type"": ""MultiLineString"", ""relations"": ""overlaps"", ""wkt"": ""MULTILINESTRING ((0.5 22.18, 0 22.18), (0 22.18, -0.5 22.18))""}}",True,
736,49.58187744487077,2.7971267439424992,7.1470400914549828,2.2794078828766944,2.071287389844656,15.252827871590853,3.5483094826340675,0.47137018758803606,0.6014726497232914,0.50706746708601713,0.79849306121468544,0.51257362775504589,0.61486315447837114,0.58174940198659897,0.79744923487305641,0.783463672734797,0.7362710926681757,0.010171531699597836,0.57025677151978016,0.79165999218821526,0.60127812158316374,0.10504312440752983,0.85550173092633486,True,,1,0,Slot__Patch;Slot__CPW_Feed_Pin;Patch__CPW_Feed_Pin,True,Slot__CPW_Feed_Pin,,Slot__CPW_Feed_Pin,,"{""Slot__CPW_Feed_Pin"": {""geometry_type"": ""MultiLineString"", ""relations"": ""overlaps"", ""wkt"": ""MULTILINESTRING ((0.5 22.42, 0 22.42), (0 22.42, -0.5 22.42))""}}",True,
737,27.375967581756413,1.5795557517558336,4.7165649309754372,3.3935457527637487,1.2403099145740271,7.7859881473705173,5.1107954531908035,0.76581243611872196,0.37511100806295872,0.0052658151835203171,0.35976327303797007,0.40081833302974701,0.030584538355469704,0.3494412750005722,0.29904315434396267,0.2362749557942152,0.24641971662640572,0.66011283360421658,0.42436566483229399,0.29173160064965487,0.22607005760073662,0.9677254855632782,0.490919872187078,True,,1,0,Slot__Patch;Slot__CPW_Feed_Pin;Patch__CPW_Feed_Pin,True,Slot__CPW_Feed_Pin,,Slot__CPW_Feed_Pin,,"{""Slot__CPW_Feed_Pin"": {""geometry_type"": ""MultiLineString"", ""relations"": ""overlaps"", ""wkt"": ""MULTILINESTRING ((0.5 21.93, 0 21.93), (0 21.93, -0.5 21.93))""}}",True,
738,15.711603714153171,2.4725247006863356,8.9162460006773472,1.9489790972322227,1.6120562236756086,13.680382459424436,2.5782393366098404,0.71551543567329645,0.10197010356932878,0.41916642244905233,0.19943360798060894,0.055772875435650349,0.80232194345444441,0.81550402101129293,0.18675151839852333,0.53619229048490524,0.49202033597975969,0.47155302762985229,0.21511990949511528,0.51302255969494581,0.9843795420601964,0.70277552679181099,0.54570931661874056,True,,1,0,Slot__Patch;Slot__CPW_Feed_Pin;Patch__CPW_Feed_Pin,True,Slot__CPW_Feed_Pin,,Slot__CPW_Feed_Pin,,"{""Slot__CPW_Feed_Pin"": {""geometry_type"": ""MultiLineString"", ""relations"": ""overlaps"", ""wkt"": ""MULTILINESTRING ((0.5 20.67, 0 20.67), (0 20.67, -0.5 20.67))""}}",True,
739,38.697564331814647,1.1278512105345726,3.1319179125130177,2.7794557733461263,2.6995339281857014,21.198949478566647,4.015692450106144,0.045104673132300377,0.8902576295658946,0.92126895673573017,0.63863253872841597,0.92143441271036863,0.34312725439667702,0.1147100767120719,0.685139125213027,0.49094327446073294,0.99456909578293562,0.82348712626844645,0.79024471808224916,0.012964541092514992,0.36014812625944614,0.36990120261907578,0.17622941639274359,True,,1,0,Slot__Patch;Slot__CPW_Feed_Pin;Patch__CPW_Feed_Pin,True,Slot__CPW_Feed_Pin,,Slot__CPW_Feed_Pin,,"{""Slot__CPW_Feed_Pin"": {""geometry_type"": ""MultiLineString"", ""relations"": ""overlaps"", ""wkt"": ""MULTILINESTRING ((0.5 21.84, 0 21.84), (0 21.84, -0.5 21.84))""}}",True,
740,43.712863940745592,2.1637055352330208,5.4752596970647573,3.1581284560263159,2.784820856526494,17.035856251604855,2.4634283781051636,0.59160406608134508,0.1788252629339695,0.14086955599486828,0.07689951453357935,0.79393480718135834,0.99906077329069376,0.3848765529692173,0.58615821041166782,0.36260552890598774,0.79425003565847874,0.91564428061246872,0.034807589836418629,0.97751860599964857,0.73545960057526827,0.15487356670200825,0.64978687651455402,True,,1,0,Slot__Patch;Slot__CPW_Feed_Pin;Patch__CPW_Feed_Pin,True,Slot__CPW_Feed_Pin,,Slot__CPW_Feed_Pin,,"{""Slot__CPW_Feed_Pin"": {""geometry_type"": ""MultiLineString"", ""relations"": ""overlaps"", ""wkt"": ""MULTILINESTRING ((0.5 21.41, 0 21.41), (0 21.41, -0.5 21.41))""}}",True,
741,20.891715679317713,1.4439259003847837,6.382474472746253,1.5511046672239901,1.9035810008645058,9.4958118628710508,4.9008815214037895,0.17121332325041294,0.82901220954954624,0.64267272781580687,0.5150885246694088,0.18205728940665722,0.39626663736999035,0.68405495211482048,0.088466845452785492,0.65719842631369829,0.2821488119661808,0.2500014016404748,0.9598124660551548,0.47745504416525364,0.11117471940815449,0.79292368702590466,0.0037638619542121887,True,,1,0,Slot__Patch;Slot__CPW_Feed_Pin;Patch__CPW_Feed_Pin,True,Slot__CPW_Feed_Pin,,Slot__CPW_Feed_Pin,,"{""Slot__CPW_Feed_Pin"": {""geometry_type"": ""MultiLineString"", ""relations"": ""overlaps"", ""wkt"": ""MULTILINESTRING ((0.5 22.25, 0 22.25), (0 22.25, -0.5 22.25))""}}",True,
742,32.567119686864316,2.6135180164128542,3.8673697281628847,3.6713695188984277,1.2753039300441742,12.162971505895257,3.4335061833262444,0.34748740587383509,0.68029528576880693,0.80690521188080311,0.92498313914984465,0.27442027162760496,0.68654066976159811,0.151094282977283,0.4605278018862009,0.1133004380390048,0.042399418540298939,0.5636369651183486,0.67980040889233351,0.70217705890536308,0.85025050025433302,0.55726293660700321,0.96450594253838062,True,,1,0,Slot__Patch;Slot__CPW_Feed_Pin;Patch__CPW_Feed_Pin,True,Slot__CPW_Feed_Pin,,Slot__CPW_Feed_Pin,,"{""Slot__CPW_Feed_Pin"": {""geometry_type"": ""MultiLineString"", ""relations"": ""overlaps"", ""wkt"": ""MULTILINESTRING ((0.5 21.33, 0 21.33), (0 21.33, -0.5 21.33))""}}",True,
743,54.586287452839315,1.7705421335995197,8.1749462205916643,2.0230075437575579,2.4131050799041986,19.637555689550936,5.995992124080658,0.89189246855676174,0.34317863266915083,0.30480020400136709,0.4871946182101965,0.64020404685288668,0.20878466963768005,0.91881381254643202,0.95823024958372116,0.91376980021595955,0.5378980515524745,0.22725280933082104,0.32556183077394962,0.20222798455506563,0.47498909011483192,0.39038134180009365,0.31358488649129868,True,,1,0,Slot__Patch;Slot__CPW_Feed_Pin;Patch__CPW_Feed_Pin,True,Slot__CPW_Feed_Pin,,Slot__CPW_Feed_Pin,,"{""Slot__CPW_Feed_Pin"": {""geometry_type"": ""MultiLineString"", ""relations"": ""overlaps"", ""wkt"": ""MULTILINESTRING ((0.5 24.18, 0 24.18), (0 24.18, -0.5 24.18))""}}",True,
744,58.04677973035723,2.2717883232980967,4.3866872303187847,1.3669997945427894,1.0000271406024694,22.293818020261824,2.201751247048378,0.53348216321319342,0.22933030221611261,0.97291062958538532,0.38519192393869162,0.56486868299543858,0.44466775469481945,0.24865612667053938,0.24250800814479589,0.29710816778242588,0.39214617665857077,0.77385383378714323,0.063837291672825813,0.57556421030312777,0.66374917794018984,0.85993073973804712,0.91210316680371761,True,,1,0,Slot__Patch;Slot__CPW_Feed_Pin;Patch__CPW_Feed_Pin,True,Slot__CPW_Feed_Pin,,Slot__CPW_Feed_Pin,,"{""Slot__CPW_Feed_Pin"": {""geometry_type"": ""MultiLineString"", ""relations"": ""overlaps"", ""wkt"": ""MULTILINESTRING ((0.5 19.48, 0 19.48), (0 19.48, -0.5 19.48))""}}",True,
745,35.785553329624236,1.1166735254228115,7.5680785439908504,3.0147364573553208,2.1864447556436062,14.811904029920697,4.6392658725380898,0.20394460111856461,0.76282113697379827,0.47471035178750753,0.94886068440973759,0.45799602940678596,0.91953220311552286,0.94626719783991575,0.74509744066745043,0.72221132088452578,0.90250676218420267,0.42378178425133228,0.92591520678251982,0.075637560337781906,0.038476081565022469,0.19330855924636126,0.31178773567080498,True,,1,0,Slot__Patch;Slot__CPW_Feed_Pin;Patch__CPW_Feed_Pin,True,Slot__CPW_Feed_Pin,,Slot__CPW_Feed_Pin,,"{""Slot__CPW_Feed_Pin"": {""geometry_type"": ""MultiLineString"", ""relations"": ""overlaps"", ""wkt"": ""MULTILINESTRING ((0.5 21.94, 0 21.94), (0 21.94, -0.5 21.94))""}}",True,
746,24.198780069127679,2.9431908130645752,5.8058855831623077,2.2046033022925258,2.5569088347256184,8.5146784689277411,3.1718218699097633,0.27767914813011885,0.72396557778120041,0.076446188613772392,0.61718643922358751,0.11676192376762629,0.13218578696250916,0.48264634236693382,0.86716185417026281,0.054164010100066662,0.64811666309833527,0.73520481958985329,0.71377397701144218,0.85411679185926914,0.79697272460907698,0.45766306761652231,0.72580180130898952,True,,1,0,Slot__Patch;Slot__CPW_Feed_Pin;Patch__CPW_Feed_Pin,True,Slot__CPW_Feed_Pin,,Slot__CPW_Feed_Pin,,"{""Slot__CPW_Feed_Pin"": {""geometry_type"": ""MultiLineString"", ""relations"": ""overlaps"", ""wkt"": ""MULTILINESTRING ((0.5 22.67, 0 22.67), (0 22.67, -0.5 22.67))""}}",True,
747,47.086248630657792,1.6610307451337576,6.3392984122037888,3.8122719299048189,1.6295549552887678,16.047404226846993,5.7343683987855911,0.98318510130047798,0.25257230363786221,0.57433795463293791,0.052926450967788696,0.96972833480685949,0.73201209958642721,0.71130045130848885,0.36459184903651476,0.97339069470763206,0.15045015327632427,0.08718660194426775,0.29648633766919374,0.35406036954373121,0.42267616465687752,0.59548429120332003,0.12257197126746178,True,,1,0,Slot__Patch;Slot__CPW_Feed_Pin;Patch__CPW_Feed_Pin,True,Slot__CPW_Feed_Pin,,Slot__CPW_Feed_Pin,,"{""Slot__CPW_Feed_Pin"": {""geometry_type"": ""MultiLineString"", ""relations"": ""overlaps"", ""wkt"": ""MULTILINESTRING ((0.5 23.02, 0 23.02), (0 23.02, -0.5 23.02))""}}",True,
748,40.840388908982277,2.6266336347907782,8.3033301327377558,3.41264135632664,1.8547993674874306,20.307648852467537,3.7865107581019402,0.40348262991756201,0.55676308367401361,0.36254127975553274,0.73972065933048725,0.84613718464970589,0.075933897867798805,0.78828716184943914,0.39158378634601831,0.84493851009756327,0.07537903543561697,0.18320422992110252,0.53617641050368547,0.63984295167028904,0.54787058662623167,0.8804585775360465,0.57870198879390955,True,,1,0,Slot__Patch;Slot__CPW_Feed_Pin;Patch__CPW_Feed_Pin,True,Slot__CPW_Feed_Pin,,Slot__CPW_Feed_Pin,,"{""Slot__CPW_Feed_Pin"": {""geometry_type"": ""MultiLineString"", ""relations"": ""overlaps"", ""wkt"": ""MULTILINESTRING ((0.5 22.26, 0 22.26), (0 22.26, -0.5 22.26))""}}",True,
749,18.139702677726746,1.9693405777215958,3.645564878359437,2.5828104488551622,2.9587278980761766,12.781769908033311,5.3490572571754456,0.85909061878919601,0.46663454081863165,0.86074379272758961,0.17647063639014959,0.2391426507383585,0.53814220149070024,0.016911706887185574,0.89290429931133986,0.17432328127324581,0.56306586507707834,0.51760521996766329,0.45357847586274147,0.13977681379765272,0.17364275082945824,0.047813120298087597,0.19743476342409849,True,,1,0,Slot__Patch;Slot__CPW_Feed_Pin;Patch__CPW_Feed_Pin,True,Slot__CPW_Feed_Pin,,Slot__CPW_Feed_Pin,,"{""Slot__CPW_Feed_Pin"": {""geometry_type"": ""MultiLineString"", ""relations"": ""overlaps"", ""wkt"": ""MULTILINESTRING ((0.5 24.27, 0 24.27), (0 24.27, -0.5 24.27))""}}",True,
750,29.715543421916664,2.0802622251212597,7.098182050511241,2.7578507456928496,2.3291695807129145,10.766464951448143,2.8164324760437012,0.6593790827319026,0.052378438413143158,0.71214012335985899,0.25870200246572495,0.33550010528415442,0.26347661390900612,0.55426737666130066,0.5306018153205514,0.60008366405963898,0.82332241535186768,0.33122742455452681,0.1862275181338191,0.91485545504838228,0.91278361994773149,0.28284790273755789,0.76788914296776056,True,,1,0,Slot__Patch;Slot__CPW_Feed_Pin;Patch__CPW_Feed_Pin,True,Slot__CPW_Feed_Pin,,Slot__CPW_Feed_Pin,,"{""Slot__CPW_Feed_Pin"": {""geometry_type"": ""MultiLineString"", ""relations"": ""overlaps"", ""wkt"": ""MULTILINESTRING ((0.5 21.23, 0 21.23), (0 21.23, -0.5 21.23))""}}",True,
751,51.812003063969314,1.2998301479965448,5.0411540698260069,1.6430872535333039,1.4843657910823822,18.225968163460493,4.2539471313357353,0.079756651073694229,0.95541325770318508,0.2142470758408308,0.8214294807985425,0.68858838174492121,0.85060099046677351,0.25190801173448563,0.029269265942275524,0.42752873804420233,0.31903636269271374,0.99482610262930393,0.82403517700731754,0.41490371152758598,0.2875791285187006,0.64527087938040495,0.38370751868933439,True,,1,0,Slot__Patch;Slot__CPW_Feed_Pin;Patch__CPW_Feed_Pin,True,Slot__CPW_Feed_Pin,,Slot__CPW_Feed_Pin,,"{""Slot__CPW_Feed_Pin"": {""geometry_type"": ""MultiLineString"", ""relations"": ""overlaps"", ""wkt"": ""MULTILINESTRING ((0.5 21.04, 0 21.04), (0 21.04, -0.5 21.04))""}}",True,
752,53.91678033862263,2.043297041207552,7.8029339332133532,3.6425951560959229,2.6314420122653246,12.61933115310967,5.2360755279660225,0.63552263472229242,0.80337679758667946,0.66487310454249382,0.86693422310054302,0.7642582431435585,0.22733301110565662,0.41773053910583258,0.71835531108081341,0.78001866023987532,0.44713445939123631,0.70313685759902,0.21890190616250038,0.77573615591973066,0.020865446887910366,0.5058950949460268,0.43575712945312262,True,,1,0,Slot__Patch;Slot__CPW_Feed_Pin;Patch__CPW_Feed_Pin,True,Slot__CPW_Feed_Pin,,Slot__CPW_Feed_Pin,,"{""Slot__CPW_Feed_Pin"": {""geometry_type"": ""MultiLineString"", ""relations"": ""overlaps"", ""wkt"": ""MULTILINESTRING ((0.5 23.91, 0 23.91), (0 23.91, -0.5 23.91))""}}",True,
753,31.826178641058505,1.3255648780614138,4.2452156413346529,2.0405718464404345,1.5551337972283363,20.152514227665961,3.6735291332006454,0.11752911470830441,0.20445638336241245,0.16655220929533243,0.30316341202706099,0.14847446046769619,0.62697932589799166,0.65394782181829214,0.21602771803736687,0.20023901388049126,0.94187119975686073,0.11876634228974581,0.77085256297141314,0.2756721768528223,0.64608137309551239,0.42521047405898571,0.78569046128541231,True,,1,0,Slot__Patch;Slot__CPW_Feed_Pin;Patch__CPW_Feed_Pin,True,Slot__CPW_Feed_Pin,,Slot__CPW_Feed_Pin,,"{""Slot__CPW_Feed_Pin"": {""geometry_type"": ""MultiLineString"", ""relations"": ""overlaps"", ""wkt"": ""MULTILINESTRING ((0.5 20.55, 0 20.55), (0 20.55, -0.5 20.55))""}}",True,
754,20.242839278653264,2.7497957181185484,6.0103722419589758,3.180753371864558,1.1844250857830048,18.425142508931458,4.1414498537778854,0.42660802323371172,0.30582719761878252,0.25275124609470367,0.13494065776467323,0.3080030856654048,0.41481282934546471,0.18300217390060425,0.32833020202815533,0.52535600401461124,0.70309729594737291,0.80538821499794722,0.6207230482250452,0.56021010503172874,0.37784390244632959,0.15843705274164677,0.24701626505702734,True,,1,0,Slot__Patch;Slot__CPW_Feed_Pin;Patch__CPW_Feed_Pin,True,Slot__CPW_Feed_Pin,,Slot__CPW_Feed_Pin,,"{""Slot__CPW_Feed_Pin"": {""geometry_type"": ""MultiLineString"", ""relations"": ""overlaps"", ""wkt"": ""MULTILINESTRING ((0.5 22.07, 0 22.07), (0 22.07, -0.5 22.07))""}}",True,
755,42.959683137014508,1.9052605107426643,5.8531955536454916,1.5375474775210023,2.0021578762680292,10.943686729297042,2.703935332596302,0.8186312410980463,0.71765005867928267,0.75052616465836763,0.69909668806940317,0.66988062579184771,0.93949728738516569,0.88769958168268204,0.8306698314845562,0.4475123630836606,0.18980698566883802,0.39175906218588352,0.38953922968357801,0.060260494239628315,0.75208318792283535,0.77282071672379971,0.59989457298070192,True,,1,0,Slot__Patch;Slot__CPW_Feed_Pin;Patch__CPW_Feed_Pin,True,Slot__CPW_Feed_Pin,,Slot__CPW_Feed_Pin,,"{""Slot__CPW_Feed_Pin"": {""geometry_type"": ""MultiLineString"", ""relations"": ""overlaps"", ""wkt"": ""MULTILINESTRING ((0.5 20.61, 0 20.61), (0 20.61, -0.5 20.61))""}}",True,
756,47.788038142025471,2.9333099946379662,3.5039105303585529,1.7899025078862907,2.4822355471551418,14.161583832465112,4.7756699621677399,0.30239050183445215,0.47496751323342323,0.062167474068701267,0.0084650469943881035,0.54542756639420986,0.34606400690972805,0.61173445265740156,0.92892400920391083,0.32784900069236755,0.020887145772576332,0.36325019132345915,0.62934183608740568,0.96097132191061974,0.12886383477598429,0.73735852167010307,0.073600821197032928,True,,1,0,Slot__Patch;Slot__CPW_Feed_Pin;Patch__CPW_Feed_Pin,True,Slot__CPW_Feed_Pin,,Slot__CPW_Feed_Pin,,"{""Slot__CPW_Feed_Pin"": {""geometry_type"": ""MultiLineString"", ""relations"": ""overlaps"", ""wkt"": ""MULTILINESTRING ((0.5 24.19, 0 24.19), (0 24.19, -0.5 24.19))""}}",True,
757,24.906427524983883,1.7133920770138502,8.5383682586252689,2.9091967685148123,1.3311897125095129,21.621544361114502,2.3381554707884789,0.94455773197114468,0.5016194824129343,0.56048589572310448,0.57168169878423214,0.42976603657007217,0.75836837384849787,0.31646523904055357,0.42734165675938129,0.65235097613185644,0.52419685199856758,0.96329167671501637,0.36041119880974293,0.46104251313954592,0.50317184440791607,0.31877562403678894,0.70497542805969715,True,,1,0,Slot__Patch;Slot__CPW_Feed_Pin;Patch__CPW_Feed_Pin,True,Slot__CPW_Feed_Pin,,Slot__CPW_Feed_Pin,,"{""Slot__CPW_Feed_Pin"": {""geometry_type"": ""MultiLineString"", ""relations"": ""overlaps"", ""wkt"": ""MULTILINESTRING ((0.5 19.39, 0 19.39), (0 19.39, -0.5 19.39))""}}",True,
758,36.478834371082485,2.3517222423106432,5.0886474922299385,2.4345570148900153,1.9605043809860945,16.67609503492713,5.8702880367636681,0.51145581621676683,0.978390839882195,0.89616995025426149,0.98948465380817652,0.026825186796486378,0.033522956073284149,0.84649619087576866,0.055277243256568909,0.071275659836828709,0.76882293540984392,0.15162444487214088,0.031048526056110859,0.74996182601898909,0.26977781858295202,0.085182476788759232,0.25937191396951675,True,,1,0,Slot__Patch;Slot__CPW_Feed_Pin;Patch__CPW_Feed_Pin,True,Slot__CPW_Feed_Pin,,Slot__CPW_Feed_Pin,,"{""Slot__CPW_Feed_Pin"": {""geometry_type"": ""MultiLineString"", ""relations"": ""overlaps"", ""wkt"": ""MULTILINESTRING ((0.5 24.19, 0 24.19), (0 24.19, -0.5 24.19))""}}",True,
759,58.756218398921192,1.0089075304567814,6.7690724059939384,3.2700332403182988,2.8529137261211872,9.150674301199615,3.3077416121959686,0.24330493248999119,0.013832601718604565,0.39839655160903931,0.42672189697623253,0.88858045917004347,0.57091125752776861,0.082680094987154007,0.55684016831219196,0.90165040455758572,0.28015968482941389,0.54967322666198015,0.97921232506632805,0.24990327097475529,0.89506234973669052,0.97104289382696152,0.89369149692356586,True,,1,0,Slot__Patch;Slot__CPW_Feed_Pin;Patch__CPW_Feed_Pin,True,Slot__CPW_Feed_Pin,,Slot__CPW_Feed_Pin,,"{""Slot__CPW_Feed_Pin"": {""geometry_type"": ""MultiLineString"", ""relations"": ""overlaps"", ""wkt"": ""MULTILINESTRING ((0.5 21.17, 0 21.17), (0 21.17, -0.5 21.17))""}}",True,
760,56.701536071486771,2.5101026985794306,4.6690259110182524,2.6031747434288266,1.7015387788414955,10.280685941688716,4.513985201716423,0.3223935691639781,0.43318763468414545,0.82389212120324373,0.44968582410365343,0.81258107349276543,0.83789694402366877,0.75674495473504066,0.2728043245151639,0.26246792823076248,0.66565831657499075,0.43946980684995651,0.72512874379754066,0.62263027764856815,0.20827267412096262,0.27835319843143225,0.3669506274163723,True,,1,0,Slot__Patch;Slot__CPW_Feed_Pin;Patch__CPW_Feed_Pin,True,Slot__CPW_Feed_Pin,,Slot__CPW_Feed_Pin,,"{""Slot__CPW_Feed_Pin"": {""geometry_type"": ""MultiLineString"", ""relations"": ""overlaps"", ""wkt"": ""MULTILINESTRING ((0.5 22.73, 0 22.73), (0 22.73, -0.5 22.73))""}}",True,
761,34.665566948242486,1.8549144677817822,7.4761953335255384,1.7683433568105102,2.6099106688052416,17.798795644193888,2.0765321925282478,0.93041403964161873,0.59021332766860723,0.32221494615077972,0.88839557766914368,0.20949277468025684,0.29766288958489895,0.047416042536497116,0.77144173439592123,0.71820888575166464,0.16017977241426706,0.855082125402987,0.26949184853583574,0.12256455700844526,0.58355316333472729,0.66447299998253584,0.98191428743302822,True,,1,0,Slot__Patch;Slot__CPW_Feed_Pin;Patch__CPW_Feed_Pin,True,Slot__CPW_Feed_Pin,,Slot__CPW_Feed_Pin,,"{""Slot__CPW_Feed_Pin"": {""geometry_type"": ""MultiLineString"", ""relations"": ""overlaps"", ""wkt"": ""MULTILINESTRING ((0.5 20.54, 0 20.54), (0 20.54, -0.5 20.54))""}}",True,
762,23.006010269746184,2.2126622349023819,3.2735270205885172,3.5734668055549266,2.2384089920669794,18.88895932585001,5.6086113527417183,0.61352258827537298,0.92586948722600937,0.22039472404867411,0.54874432738870382,0.36514996644109488,0.52543982770293951,0.52177917491644621,0.64938077796250582,0.011290521360933781,0.42141515016555786,0.041690654121339321,0.12225780822336674,0.83831753302365541,0.31537315156310797,0.93089511152356863,0.051785212010145187,True,,1,0,Slot__Patch;Slot__CPW_Feed_Pin;Patch__CPW_Feed_Pin,True,Slot__CPW_Feed_Pin,,Slot__CPW_Feed_Pin,,"{""Slot__CPW_Feed_Pin"": {""geometry_type"": ""MultiLineString"", ""relations"": ""overlaps"", ""wkt"": ""MULTILINESTRING ((0.5 24.06, 0 24.06), (0 24.06, -0.5 24.06))""}}",True,
763,45.822030147537589,1.4306137468665838,8.6812531147152185,2.4535472325980665,1.0730485618114471,11.421661390922964,3.046125516295433,0.13147253543138504,0.081917917355895042,0.72262550517916679,0.10952726937830448,0.72214450780302286,0.11012183874845505,0.28140528779476881,0.15073228534311056,0.96115870587527752,0.90833681635558605,0.62810537032783031,0.88310496788471937,0.33836632594466209,0.93967709690332413,0.012083346955478191,0.671616455540061,True,,1,0,Slot__Patch;Slot__CPW_Feed_Pin;Patch__CPW_Feed_Pin,True,Slot__CPW_Feed_Pin,,Slot__CPW_Feed_Pin,,"{""Slot__CPW_Feed_Pin"": {""geometry_type"": ""MultiLineString"", ""relations"": ""overlaps"", ""wkt"": ""MULTILINESTRING ((0.5 19.55, 0 19.55), (0 19.55, -0.5 19.55))""}}",True,
764,39.411541800945997,2.4040367361158133,6.7114469558000565,2.1815052567049862,1.4113453235477209,8.0628964584320784,5.4742691740393639,0.73951010685414076,0.85485839936882257,0.46566310524940491,0.67522009462118149,0.59378203935921192,0.70370027888566256,0.21802973002195358,0.12495934497565031,0.84160978626459837,0.86436737235635519,0.59564447309821844,0.1277994466945529,0.68725781608372927,0.066331139765679836,0.47662304434925318,0.12759771477431059,True,,1,0,Slot__Patch;Slot__CPW_Feed_Pin;Patch__CPW_Feed_Pin,True,Slot__CPW_Feed_Pin,,Slot__CPW_Feed_Pin,,"{""Slot__CPW_Feed_Pin"": {""geometry_type"": ""MultiLineString"", ""relations"": ""overlaps"", ""wkt"": ""MULTILINESTRING ((0.5 23.29, 0 23.29), (0 23.29, -0.5 23.29))""}}",True,
765,16.408779826015234,1.2466320991516113,5.427903413772583,3.8240855287760498,2.2772062979638577,15.537023325450718,3.9117833077907562,0.0076822675764560699,0.13728874828666449,0.96733899880200624,0.23694240022450686,0.4908156506717205,0.18198365159332752,0.97768731415271759,0.62241938058286905,0.13913235440850258,0.36789237800985575,0.19573364220559597,0.86682257242500782,0.18733158335089684,0.69058161973953247,0.59123560506850481,0.52351352665573359,True,,1,0,Slot__Patch;Slot__CPW_Feed_Pin;Patch__CPW_Feed_Pin,True,Slot__CPW_Feed_Pin,,Slot__CPW_Feed_Pin,,"{""Slot__CPW_Feed_Pin"": {""geometry_type"": ""MultiLineString"", ""relations"": ""overlaps"", ""wkt"": ""MULTILINESTRING ((0.5 21.43, 0 21.43), (0 21.43, -0.5 21.43))""}}",True,
766,28.079376644454896,2.826323326677084,7.9401367865502834,1.3940252974629403,2.9057270176708698,20.899954126216471,4.3796506226062775,0.44859664048999548,0.34852092713117599,0.6160413883626461,0.32713552005589008,0.08394231740385294,0.89121824037283659,0.45302698668092489,0.98471101652830839,0.58839866705238819,0.11252440512180328,0.88404923677444458,0.52479880023747683,0.89867259003221989,0.4573671231046319,0.82444692496210337,0.43792034219950438,True,,1,0,Slot__Patch;Slot__CPW_Feed_Pin;Patch__CPW_Feed_Pin,True,Slot__CPW_Feed_Pin,,Slot__CPW_Feed_Pin,,"{""Slot__CPW_Feed_Pin"": {""geometry_type"": ""MultiLineString"", ""relations"": ""overlaps"", ""wkt"": ""MULTILINESTRING ((0.5 24.11, 0 24.11), (0 24.11, -0.5 24.11))""}}",True,
767,50.280158123932779,1.5459646824747324,4.0087953619658947,2.9966943757608537,1.7828164976090193,13.359451526775956,2.9421976432204247,0.80640824884176254,0.62802029214799404,0.11381284240633249,0.76483726408332586,0.94081496354192495,0.4944634698331356,0.74366660322993994,0.48726945463567972,0.38398523349314928,0.62364922277629375,0.28208466712385416,0.48056541010737419,0.39861670415848494,0.83259426616132259,0.24350288975983858,0.83870373759418726,True,,1,0,Slot__Patch;Slot__CPW_Feed_Pin;Patch__CPW_Feed_Pin,True,Slot__CPW_Feed_Pin,,Slot__CPW_Feed_Pin,,"{""Slot__CPW_Feed_Pin"": {""geometry_type"": ""MultiLineString"", ""relations"": ""overlaps"", ""wkt"": ""MULTILINESTRING ((0.5 20.27, 0 20.27), (0 20.27, -0.5 20.27))""}}",True,
768,50.196362938731909,2.823482034727931,4.7340341694653034,2.0288724571466448,1.2549818195402622,17.759439940564334,4.9563327394425869,0.52441681642085314,0.55498707480728626,0.16278066672384739,0.71556191518902779,0.40792116150259972,0.46228519268333912,0.080683391541242599,0.37872046604752541,0.69816913828253746,0.092319737188518047,0.2031020475551486,0.90574980061501265,0.34295362886041403,0.36473944038152695,0.59718748740851879,0.34695226233452559,True,,1,0,Slot__Patch;Slot__CPW_Feed_Pin;Patch__CPW_Feed_Pin,True,Slot__CPW_Feed_Pin,,Slot__CPW_Feed_Pin,,"{""Slot__CPW_Feed_Pin"": {""geometry_type"": ""MultiLineString"", ""relations"": ""overlaps"", ""wkt"": ""MULTILINESTRING ((0.5 23.03, 0 23.03), (0 23.03, -0.5 23.03))""}}",True,
769,28.165844064205885,1.5410468801856041,7.1295365430414677,3.671849772520364,2.4335545133799314,10.292632151395082,2.3938167728483677,0.23009979166090488,0.46849017962813377,0.66109917964786291,0.15375378075987101,0.55385618098080158,0.92546999920159578,0.84861505404114723,0.87634888850152493,0.27475969772785902,0.58122800756245852,0.60000232048332691,0.1035210732370615,0.84300385229289532,0.989951535128057,0.45986221916973591,0.99412684980779886,True,,1,0,Slot__Patch;Slot__CPW_Feed_Pin;Patch__CPW_Feed_Pin,True,Slot__CPW_Feed_Pin,,Slot__CPW_Feed_Pin,,"{""Slot__CPW_Feed_Pin"": {""geometry_type"": ""MultiLineString"", ""relations"": ""overlaps"", ""wkt"": ""MULTILINESTRING ((0.5 20.37, 0 20.37), (0 20.37, -0.5 20.37))""}}",True,
770,16.503539881668985,2.399057898670435,3.126144178211689,1.5468167496845127,2.8118616100400686,11.378676854074001,5.9240000285208225,0.28820206318050623,0.054489667527377605,0.76237008534371853,0.28239530138671398,0.89481560047715902,0.14982616528868675,0.31468121986836195,0.51209280267357826,0.95083241630345583,0.83659436926245689,0.28838086500763893,0.25466109532862902,0.11798905581235886,0.22147373668849468,0.19501141272485256,0.032721477560698986,True,,1,0,Slot__Patch;Slot__CPW_Feed_Pin;Patch__CPW_Feed_Pin,True,Slot__CPW_Feed_Pin,,Slot__CPW_Feed_Pin,,"{""Slot__CPW_Feed_Pin"": {""geometry_type"": ""MultiLineString"", ""relations"": ""overlaps"", ""wkt"": ""MULTILINESTRING ((0.5 25.14, 0 25.14), (0 25.14, -0.5 25.14))""}}",True,
771,39.314109510742128,1.2437297720462084,8.9220082685351372,3.1484540190547712,1.8766666166484356,18.897211938165128,3.4864550791680813,0.9585020300000906,0.95334351528435946,0.26459659915417433,0.84461154323071241,0.0027868235483765602,0.73792704474180937,0.61364069115370512,0.014453297480940819,0.029362702742218971,0.33303949423134327,0.88947930652648211,0.73605509474873543,0.61792476568371058,0.59570922795683146,0.8621294591575861,0.68284098152071238,False,ValueError: producer reported invalid exported polygon(s): Patch,,0,Slot__Patch;Slot__CPW_Feed_Pin;Patch__CPW_Feed_Pin,True,Slot__CPW_Feed_Pin,,Slot__CPW_Feed_Pin,,"{""Slot__CPW_Feed_Pin"": {""geometry_type"": ""MultiLineString"", ""relations"": ""overlaps"", ""wkt"": ""MULTILINESTRING ((0.5 20.6, 0 20.6), (0 20.6, -0.5 20.6))""}}",True,
772,45.911264684982598,2.2156879473477602,6.3882371205836535,2.7764370674267416,1.607721084728837,15.583756668493152,5.0554049201309681,0.41248729545623064,0.22727588005363941,0.54865771438926458,0.40983137581497431,0.12662963755428791,0.081993764266371727,0.88594679534435272,0.22985886968672276,0.15224566962569952,0.37716671358793974,0.85551923140883446,0.49527403339743614,0.4037989005446434,0.47250128351151943,0.64698165655136108,0.1466614343225956,True,,1,0,Slot__Patch;Slot__CPW_Feed_Pin;Patch__CPW_Feed_Pin,True,Slot__CPW_Feed_Pin,,Slot__CPW_Feed_Pin,,"{""Slot__CPW_Feed_Pin"": {""geometry_type"": ""MultiLineString"", ""relations"": ""overlaps"", ""wkt"": ""MULTILINESTRING ((0.5 22.88, 0 22.88), (0 22.88, -0.5 22.88))""}}",True,
773,22.913952958770096,1.4354691989719868,5.4694856274873018,1.9405744917690755,2.703743651509285,8.0436870502308011,3.6178599409759045,0.83299610950052738,0.764947559684515,0.050336906686425209,0.97109682485461235,0.77268680557608604,0.55588170979171991,0.1848767027258873,0.72832789272069931,0.82061783969402313,0.89021113980561495,0.44294646847993135,0.51399445999413729,0.90374063048511744,0.84679024014621973,0.28503940626978874,0.5122890155762434,True,,1,0,Slot__Patch;Slot__CPW_Feed_Pin;Patch__CPW_Feed_Pin,True,Slot__CPW_Feed_Pin,,Slot__CPW_Feed_Pin,,"{""Slot__CPW_Feed_Pin"": {""geometry_type"": ""MultiLineString"", ""relations"": ""overlaps"", ""wkt"": ""MULTILINESTRING ((0.5 21.76, 0 21.76), (0 21.76, -0.5 21.76))""}}",True,
774,34.587297281250358,2.5148971155285835,8.1574430074542761,3.4006805170327432,2.0820893868803978,13.409821302630007,4.0877452306449413,0.64891755674034357,0.72580590378493071,0.40218383353203535,0.5920207304880023,0.67611570004373789,0.26951362937688828,0.65191940870136023,0.8484396580606699,0.40300588868558407,0.62897820398211479,0.62961411755532026,0.84429975040256977,0.18213019426912069,0.11365942656993866,0.049523644149303436,0.4579186923801899,True,,1,0,Slot__Patch;Slot__CPW_Feed_Pin;Patch__CPW_Feed_Pin,True,Slot__CPW_Feed_Pin,,Slot__CPW_Feed_Pin,,"{""Slot__CPW_Feed_Pin"": {""geometry_type"": ""MultiLineString"", ""relations"": ""overlaps"", ""wkt"": ""MULTILINESTRING ((0.5 22.69, 0 22.69), (0 22.69, -0.5 22.69))""}}",True,
775,56.782628512009978,1.8578791450709105,3.8848385866731405,2.2811573674902323,1.2293834555894136,20.884430715814233,2.5252292938530445,0.10437833331525326,0.25078109372407198,0.899958660826087,0.031216805800795555,0.28396478947252035,0.86836343910545111,0.41988063510507345,0.34998910874128342,0.57725455705076456,0.1344857681542635,0.044095659628510475,0.14641405176371336,0.68220157735049725,0.73892486747354269,0.88264967873692513,0.82649119012057781,True,,1,0,Slot__Patch;Slot__CPW_Feed_Pin;Patch__CPW_Feed_Pin,True,Slot__CPW_Feed_Pin,,Slot__CPW_Feed_Pin,,"{""Slot__CPW_Feed_Pin"": {""geometry_type"": ""MultiLineString"", ""relations"": ""overlaps"", ""wkt"": ""MULTILINESTRING ((0.5 19.61, 0 19.61), (0 19.61, -0.5 19.61))""}}",True,
776,58.661394976079464,2.3566305041313171,7.5504143983125687,1.6372105525806546,2.3260551523417234,20.109471576288342,5.2936059273779392,0.4627962252125144,0.17719808872789145,0.31818352919071913,0.10105767007917166,0.48362307995557785,0.60513731930404902,0.74972154852002859,0.57329465355724096,0.21150796767324209,0.81148851476609707,0.96679210569709539,0.40021926444023848,0.055570168420672417,0.42715047858655453,0.36769435089081526,0.41669294238090515,True,,1,0,Slot__Patch;Slot__CPW_Feed_Pin;Patch__CPW_Feed_Pin,True,Slot__CPW_Feed_Pin,,Slot__CPW_Feed_Pin,,"{""Slot__CPW_Feed_Pin"": {""geometry_type"": ""MultiLineString"", ""relations"": ""overlaps"", ""wkt"": ""MULTILINESTRING ((0.5 23.98, 0 23.98), (0 23.98, -0.5 23.98))""}}",True,
777,36.576329357922077,1.0117431040853262,4.4043627977371216,2.757377301156521,1.4873548187315464,12.627525650896132,3.8561224900186062,0.79245280474424362,0.83058931771665812,0.81985927186906338,0.53780477680265903,0.61881597898900509,0.0013665612787008286,0.44709378387778997,0.07191119808703661,0.76087870448827744,0.30011998862028122,0.36364850960671902,0.60613479651510715,0.55561912711709738,0.80241948459297419,0.70107979979366064,0.79691543616354465,False,ValueError: producer reported invalid exported polygon(s): Patch,,0,Slot__Patch;Slot__CPW_Feed_Pin;Patch__CPW_Feed_Pin,True,Slot__CPW_Feed_Pin,,Slot__CPW_Feed_Pin,,"{""Slot__CPW_Feed_Pin"": {""geometry_type"": ""MultiLineString"", ""relations"": ""overlaps"", ""wkt"": ""MULTILINESTRING ((0.5 20.36, 0 20.36), (0 20.36, -0.5 20.36))""}}",True,
778,24.990243162028491,2.936206603422761,6.3452663384377956,2.5870903175324207,1.866822075098753,10.904274699278176,4.3259391151368618,0.72653784137219191,0.68256285600364208,0.73420955147594213,0.90129020530730486,0.96364778559654951,0.79261904861778021,0.98346854001283646,0.44201855268329382,0.4686215203255415,0.055496112443506718,0.55204039812088013,0.7523577930405736,0.28037358913570642,0.034006774425506592,0.96551826130598783,0.22701750695705414,True,,1,0,Slot__Patch;Slot__CPW_Feed_Pin;Patch__CPW_Feed_Pin,True,Slot__CPW_Feed_Pin,,Slot__CPW_Feed_Pin,,"{""Slot__CPW_Feed_Pin"": {""geometry_type"": ""MultiLineString"", ""relations"": ""overlaps"", ""wkt"": ""MULTILINESTRING ((0.5 23.13, 0 23.13), (0 23.13, -0.5 23.13))""}}",True,
779,47.701550940982997,1.7183613739907742,5.7999520115554333,3.4223288206383593,2.9465807434171438,18.437032392248511,2.7634837068617344,0.020898673683404922,0.34083810448646545,0.23198115266859531,0.46401290595531464,0.074548644013702869,0.31388642638921738,0.21237018704414368,0.9434140445664525,0.51211576256901026,0.55221377220004797,0.15315600577741861,0.24130095914006233,0.78030817955732346,0.65829931851476431,0.1033471142873168,0.61210752464830875,True,,1,0,Slot__Patch;Slot__CPW_Feed_Pin;Patch__CPW_Feed_Pin,True,Slot__CPW_Feed_Pin,,Slot__CPW_Feed_Pin,,"{""Slot__CPW_Feed_Pin"": {""geometry_type"": ""MultiLineString"", ""relations"": ""overlaps"", ""wkt"": ""MULTILINESTRING ((0.5 21.43, 0 21.43), (0 21.43, -0.5 21.43))""}}",True,
780,43.037887425161898,2.7449459843337536,3.6396316420286894,3.8152825675904758,2.5378074198961258,21.67185781057924,4.6946562938392162,0.60011640097945929,0.59914732631295919,0.9557392206043005,0.77385419793426991,0.20230015181005001,0.96996486652642488,0.28721631597727537,0.78479985985904932,0.63439600542187691,0.72097857855260372,0.12308692187070847,0.99758496508002281,0.24483172688633204,0.2849724069237709,0.38819741923362017,0.093599564395844936,True,,1,0,Slot__Patch;Slot__CPW_Feed_Pin;Patch__CPW_Feed_Pin,True,Slot__CPW_Feed_Pin,,Slot__CPW_Feed_Pin,,"{""Slot__CPW_Feed_Pin"": {""geometry_type"": ""MultiLineString"", ""relations"": ""overlaps"", ""wkt"": ""MULTILINESTRING ((0.5 23.97, 0 23.97), (0 23.97, -0.5 23.97))""}}",True,
781,20.161812887527049,1.9022443387657404,8.3092976789921522,2.2130209157243375,1.64878367818892,14.146004095673561,2.1322009153664112,0.14463458210229874,0.37739389482885599,0.4540618984028697,0.33752773609012365,0.83761506527662277,0.38666287250816822,0.51609030645340681,0.2822733698412776,0.3380483640357852,0.23429981619119644,0.71052751038223505,0.0087714837864041328,0.74477555602788925,0.9091962268576026,0.55554433260113001,0.69276249129325151,True,,1,0,Slot__Patch;Slot__CPW_Feed_Pin;Patch__CPW_Feed_Pin,True,Slot__CPW_Feed_Pin,,Slot__CPW_Feed_Pin,,"{""Slot__CPW_Feed_Pin"": {""geometry_type"": ""MultiLineString"", ""relations"": ""overlaps"", ""wkt"": ""MULTILINESTRING ((0.5 19.68, 0 19.68), (0 19.68, -0.5 19.68))""}}",True,
782,31.736966567113996,2.040341904386878,5.0588300172239542,3.0075899248942735,1.0282885897904634,9.1973495297133923,5.6623155064880848,0.33652544301003218,0.10353201441466808,0.11782852746546268,0.2245989516377449,0.74497739691287279,0.65742191206663847,0.053441662341356277,0.16802908573299646,0.88948347885161638,0.47307235095649958,0.39721233304589987,0.34985317476093769,0.4660951029509306,0.17625257186591625,0.79073930252343416,0.27843608614057302,True,,1,0,Slot__Patch;Slot__CPW_Feed_Pin;Patch__CPW_Feed_Pin,True,Slot__CPW_Feed_Pin,,Slot__CPW_Feed_Pin,,"{""Slot__CPW_Feed_Pin"": {""geometry_type"": ""MultiLineString"", ""relations"": ""overlaps"", ""wkt"": ""MULTILINESTRING ((0.5 22.73, 0 22.73), (0 22.73, -0.5 22.73))""}}",True,
783,54.008814515545964,1.320776179432869,7.0805175695568323,1.3652571383863688,2.1583096608519554,16.656827512197196,3.2248320393264294,0.91603802517056465,0.88861513137817383,0.62005945947021246,0.66034183371812105,0.35575622599571943,0.19920384511351585,0.75084155425429344,0.67053614836186171,0.091196106746792793,0.97830742504447699,0.81164619140326977,0.64380795788019896,0.96616867836564779,0.55145297292619944,0.15315464977174997,0.88246653694659472,True,,1,0,Slot__Patch;Slot__CPW_Feed_Pin;Patch__CPW_Feed_Pin,True,Slot__CPW_Feed_Pin,,Slot__CPW_Feed_Pin,,"{""Slot__CPW_Feed_Pin"": {""geometry_type"": ""MultiLineString"", ""relations"": ""overlaps"", ""wkt"": ""MULTILINESTRING ((0.5 20.7, 0 20.7), (0 20.7, -0.5 20.7))""}}",True,
784,51.895700097084045,2.0851180385798216,4.2627077456563711,3.2606659580022104,1.9487258139997721,14.770660945214331,2.2690930627286434,0.36074863467365503,0.8525946456938982,0.0090607227757573128,0.65103894285857677,0.15997211076319218,0.81661262828856707,0.91690532397478819,0.1062061320990324,0.74031691066920757,0.85024073254317045,0.52105914801359177,0.30533728469163179,0.35924247652292252,0.75741175189614296,0.013779342174530029,0.92331237439066172,True,,1,0,Slot__Patch;Slot__CPW_Feed_Pin;Patch__CPW_Feed_Pin,True,Slot__CPW_Feed_Pin,,Slot__CPW_Feed_Pin,,"{""Slot__CPW_Feed_Pin"": {""geometry_type"": ""MultiLineString"", ""relations"": ""overlaps"", ""wkt"": ""MULTILINESTRING ((0.5 20.3, 0 20.3), (0 20.3, -0.5 20.3))""}}",True,
785,29.62902344763279,1.3028554990887642,7.78545325063169,2.4299619426950816,2.86481674015522,22.303876848891377,4.8315485455095768,0.8788753803819418,0.13963308557868004,0.51086380332708359,0.21424891334027052,0.80212301388382912,0.29587262310087681,0.15288079064339399,0.60784761235117912,0.28675794694572687,0.35449979174882174,0.18364903423935175,0.70101874694228172,0.85918462369590998,0.3821922717615962,0.93310235068202019,0.29273931961506605,True,,1,0,Slot__Patch;Slot__CPW_Feed_Pin;Patch__CPW_Feed_Pin,True,Slot__CPW_Feed_Pin,,Slot__CPW_Feed_Pin,,"{""Slot__CPW_Feed_Pin"": {""geometry_type"": ""MultiLineString"", ""relations"": ""overlaps"", ""wkt"": ""MULTILINESTRING ((0.5 23, 0 23), (0 23, -0.5 23))""}}",True,
786,18.044997858814895,2.6295979507267475,5.8474447298794985,2.9099847966805106,2.4855941161513329,16.009854739531875,3.362216267734766,0.57760189194232225,0.35014429222792387,0.90943314228206873,0.35080545023083687,0.64667947683483362,0.50413257163017988,0.68193190172314644,0.97209189645946026,0.98571193870157003,0.094240676611661911,0.99720830377191305,0.90925345849245787,0.070436022244393826,0.64075733907520771,0.66616874188184738,0.73802956286817789,True,,1,0,Slot__Patch;Slot__CPW_Feed_Pin;Patch__CPW_Feed_Pin,True,Slot__CPW_Feed_Pin,,Slot__CPW_Feed_Pin,,"{""Slot__CPW_Feed_Pin"": {""geometry_type"": ""MultiLineString"", ""relations"": ""overlaps"", ""wkt"": ""MULTILINESTRING ((0.5 22.47, 0 22.47), (0 22.47, -0.5 22.47))""}}",True,
787,40.93791666906327,1.9741353560239077,6.0161574203521013,1.7954596467316153,1.3279565442353487,8.5283661307767034,5.7996998690068722,0.18545963801443577,0.62643936742097139,0.40732822194695473,0.78804173413664103,0.25062233116477728,0.10835442319512367,0.38687768206000328,0.47046984359622002,0.03408900648355484,0.60658596642315388,0.33274397067725658,0.084407256916165352,0.57050794176757336,0.01651445496827364,0.28056003525853157,0.10255840700119734,True,,1,0,Slot__Patch;Slot__CPW_Feed_Pin;Patch__CPW_Feed_Pin,True,Slot__CPW_Feed_Pin,,Slot__CPW_Feed_Pin,,"{""Slot__CPW_Feed_Pin"": {""geometry_type"": ""MultiLineString"", ""relations"": ""overlaps"", ""wkt"": ""MULTILINESTRING ((0.5 23.1, 0 23.1), (0 23.1, -0.5 23.1))""}}",True,
788,46.996918790973723,2.9382733721286058,8.5441537722945213,1.5396053565666081,1.1564077772200108,12.830276191234589,3.7426522262394428,0.70121666882187128,0.43162191100418568,0.65452427417039871,0.47436294984072447,0.37873310223221779,0.70178794208914042,0.11255722399801016,0.25432632863521576,0.16320495028048754,0.68174524139612913,0.42811691667884588,0.84081905521452427,0.41949098464101553,0.89184504188597202,0.24522182159125805,0.56647424213588238,True,,1,0,Slot__Patch;Slot__CPW_Feed_Pin;Patch__CPW_Feed_Pin,True,Slot__CPW_Feed_Pin,,Slot__CPW_Feed_Pin,,"{""Slot__CPW_Feed_Pin"": {""geometry_type"": ""MultiLineString"", ""relations"": ""overlaps"", ""wkt"": ""MULTILINESTRING ((0.5 21.84, 0 21.84), (0 21.84, -0.5 21.84))""}}",True,
789,24.29078231099993,1.6581890918314457,3.4981593266129494,3.1875797417014842,2.03004883043468,20.290212384425104,5.1801357977092266,0.059159299358725548,0.59185200557112694,0.15272253472357988,0.91059309802949429,0.52076188661158085,0.16057726554572582,0.81753447558730841,0.75659479387104511,0.86392760463058949,0.17943983245640993,0.78122994862496853,0.16553554218262434,0.91954162530601025,0.26753343362361193,0.82663129456341267,0.21744831278920174,True,,1,0,Slot__Patch;Slot__CPW_Feed_Pin;Patch__CPW_Feed_Pin,True,Slot__CPW_Feed_Pin,,Slot__CPW_Feed_Pin,,"{""Slot__CPW_Feed_Pin"": {""geometry_type"": ""MultiLineString"", ""relations"": ""overlaps"", ""wkt"": ""MULTILINESTRING ((0.5 22.87, 0 22.87), (0 22.87, -0.5 22.87))""}}",True,
790,35.863875383511186,2.2688856348395348,6.7515921033918858,2.0324737757444384,2.6507875677198172,18.270788448862731,2.6495213620364666,0.48445689398795366,0.92819863092154264,0.3010210283100605,0.52361723873764277,0.92790990974754095,0.88932875450700521,0.34756211191415787,0.6364874392747879,0.40657389536499977,0.43383141979575157,0.092593848705291748,0.4446055181324482,0.1352011039853096,0.50639177486300468,0.59295419417321682,0.75667995028197765,True,,1,0,Slot__Patch;Slot__CPW_Feed_Pin;Patch__CPW_Feed_Pin,True,Slot__CPW_Feed_Pin,,Slot__CPW_Feed_Pin,,"{""Slot__CPW_Feed_Pin"": {""geometry_type"": ""MultiLineString"", ""relations"": ""overlaps"", ""wkt"": ""MULTILINESTRING ((0.5 21.56, 0 21.56), (0 21.56, -0.5 21.56))""}}",True,
791,57.965785274282098,1.1116950493305922,5.1061392612755299,3.639269915409387,1.5356609337031841,10.745392050594091,4.2119768746197224,0.75248158909380436,0.079638843424618244,0.80312365386635065,0.087779950350522995,0.031974867917597294,0.47303414344787598,0.58350610733032227,0.13420693762600422,0.61316935252398252,0.92343977279961109,0.74150880519300699,0.54905377048999071,0.6351373502984643,0.13110368978232145,0.47880698181688786,0.40275591984391212,True,,1,0,Slot__Patch;Slot__CPW_Feed_Pin;Patch__CPW_Feed_Pin,True,Slot__CPW_Feed_Pin,,Slot__CPW_Feed_Pin,,"{""Slot__CPW_Feed_Pin"": {""geometry_type"": ""MultiLineString"", ""relations"": ""overlaps"", ""wkt"": ""MULTILINESTRING ((0.5 20.86, 0 20.86), (0 20.86, -0.5 20.86))""}}",True,
792,54.681015405803919,2.6105021983385086,7.4585083220154047,3.0060536092147236,2.8784421235322952,7.7484967745840549,3.9808456040918827,0.67340062838047743,0.47285247500985861,0.47873366251587868,0.032646563835442066,0.23170204274356365,0.24120446853339672,0.25757052004337311,0.91017055977135897,0.2230718182399869,0.0066920723766088486,0.25741487368941307,0.8105683671310544,0.0078930268064141273,0.94487900473177433,0.77062201220542192,0.86773000098764896,True,,1,0,Slot__Patch;Slot__CPW_Feed_Pin;Patch__CPW_Feed_Pin,True,Slot__CPW_Feed_Pin,,Slot__CPW_Feed_Pin,,"{""Slot__CPW_Feed_Pin"": {""geometry_type"": ""MultiLineString"", ""relations"": ""overlaps"", ""wkt"": ""MULTILINESTRING ((0.5 23.47, 0 23.47), (0 23.47, -0.5 23.47))""}}",True,
793,32.469569463282824,1.7656920459121466,4.6866786126047373,1.398633396998048,1.8099750224500895,15.266573647968471,5.4183907173573971,0.0654909648001194,0.50368540827184916,0.97693632636219263,0.59437553584575653,0.87092319130897522,0.65253233257681131,0.54848247021436691,0.41276965197175741,0.8045452032238245,0.51122365146875381,0.91995707619935274,0.19870066270232201,0.50783643871545792,0.31960212904959917,0.15673418436199427,0.47090579569339752,True,,1,0,Slot__Patch;Slot__CPW_Feed_Pin;Patch__CPW_Feed_Pin,True,Slot__CPW_Feed_Pin,,Slot__CPW_Feed_Pin,,"{""Slot__CPW_Feed_Pin"": {""geometry_type"": ""MultiLineString"", ""relations"": ""overlaps"", ""wkt"": ""MULTILINESTRING ((0.5 22.99, 0 22.99), (0 22.99, -0.5 22.99))""}}",True,
794,20.80795259680599,2.1589164827018976,8.6871981304138899,3.8232857130467899,1.4314232934266329,21.157762720249593,2.8877228759229183,0.39020214881747961,0.98017066530883312,0.56273054331541061,0.96581413503736258,0.71166925597935915,0.42866134643554688,0.022849812172353268,0.042657886631786823,0.47182909771800041,0.75097429845482111,0.23353350441902876,0.41185239981859922,0.29678439907729626,0.57834672555327415,0.42301130760461092,0.55691909231245518,True,,1,0,Slot__Patch;Slot__CPW_Feed_Pin;Patch__CPW_Feed_Pin,True,Slot__CPW_Feed_Pin,,Slot__CPW_Feed_Pin,,"{""Slot__CPW_Feed_Pin"": {""geometry_type"": ""MultiLineString"", ""relations"": ""overlaps"", ""wkt"": ""MULTILINESTRING ((0.5 20.48, 0 20.48), (0 20.48, -0.5 20.48))""}}",True,
795,43.799449293874204,1.4409711174666882,3.2675705384463072,2.1759549269452694,2.2570010051131248,13.690497614443302,4.4502389170229435,0.87212695926427841,0.011980772018432617,0.064837348647415638,0.40351682342588902,0.32635434996336699,0.96507314499467611,0.78222659882158041,0.54004032071679831,0.54742968361824751,0.26304280664771795,0.56908252276480198,0.57886193878948689,0.79685743805021048,0.20404631923884153,0.50419191364198923,0.15718042850494385,True,,1,0,Slot__Patch;Slot__CPW_Feed_Pin;Patch__CPW_Feed_Pin,True,Slot__CPW_Feed_Pin,,Slot__CPW_Feed_Pin,,"{""Slot__CPW_Feed_Pin"": {""geometry_type"": ""MultiLineString"", ""relations"": ""overlaps"", ""wkt"": ""MULTILINESTRING ((0.5 22.15, 0 22.15), (0 22.15, -0.5 22.15))""}}",True,
796,38.619262059219182,2.4753606282174587,5.4219473116099834,2.4514775853604078,2.2273628544062376,9.5406884746626019,2.0074089877307415,0.26457318942993879,0.80154029186815023,0.8723354646936059,0.84225673228502274,0.4505554735660553,0.37149494327604771,0.71720732375979424,0.69987707864493132,0.67714834772050381,0.46327454410493374,0.66053395997732878,0.33819722570478916,0.1975377481430769,0.8292522020637989,0.9688517777249217,0.6385771157220006,True,,1,0,Slot__Patch;Slot__CPW_Feed_Pin;Patch__CPW_Feed_Pin,True,Slot__CPW_Feed_Pin,,Slot__CPW_Feed_Pin,,"{""Slot__CPW_Feed_Pin"": {""geometry_type"": ""MultiLineString"", ""relations"": ""overlaps"", ""wkt"": ""MULTILINESTRING ((0.5 20.71, 0 20.71), (0 20.71, -0.5 20.71))""}}",True,
797,15.792577718384564,1.1327591184526682,6.7173916362226009,3.5666472641751179,1.0842191614210606,17.014839677140117,4.5699250586330891,0.99653520062565804,0.20625140611082315,0.3741353340446949,0.28096554148942232,0.58965463750064373,0.77211776096373796,0.4766174890100956,0.2011805409565568,0.35040334705263376,0.96069663017988205,0.013664158061146736,0.67107323091477156,0.69758628960698843,0.45500526111572981,0.083471967838704586,0.022812834940850735,True,,1,0,Slot__Patch;Slot__CPW_Feed_Pin;Patch__CPW_Feed_Pin,True,Slot__CPW_Feed_Pin,,Slot__CPW_Feed_Pin,,"{""Slot__CPW_Feed_Pin"": {""geometry_type"": ""MultiLineString"", ""relations"": ""overlaps"", ""wkt"": ""MULTILINESTRING ((0.5 20.79, 0 20.79), (0 20.79, -0.5 20.79))""}}",True,
798,27.465234724804759,2.8020956870168447,4.0264483988285065,1.7764333592727781,1.7056297771632671,19.686120087280869,3.1005393750965595,0.54780030157417059,0.30787780694663525,0.21020802576094866,0.16006833501160145,0.99280914198607206,0.058976743370294571,0.95196141581982374,0.31543662678450346,0.9240025719627738,0.71509368810802698,0.82504141703248024,0.93936680629849434,0.4821566054597497,0.69392106123268604,0.31658413540571928,0.95227768737822771,True,,1,0,Slot__Patch;Slot__CPW_Feed_Pin;Patch__CPW_Feed_Pin,True,Slot__CPW_Feed_Pin,,Slot__CPW_Feed_Pin,,"{""Slot__CPW_Feed_Pin"": {""geometry_type"": ""MultiLineString"", ""relations"": ""overlaps"", ""wkt"": ""MULTILINESTRING ((0.5 21.61, 0 21.61), (0 21.61, -0.5 21.61))""}}",True,
799,49.489938570186496,1.5824527144432068,7.9224493950605392,2.6065129920840269,2.605945086106658,12.14559315238148,5.5380844585597515,0.18987060338258743,0.71551981568336487,0.70809964090585709,0.72084461059421301,0.10761623550206423,0.58463770430535078,0.24283998738974333,0.8141442472115159,0.095321536064147949,0.20497886743396521,0.4739125045016408,0.051348966546356678,0.98209065943956375,0.068697531707584858,0.73564772959798574,0.33359894808381796,True,,1,0,Slot__Patch;Slot__CPW_Feed_Pin;Patch__CPW_Feed_Pin,True,Slot__CPW_Feed_Pin,,Slot__CPW_Feed_Pin,,"{""Slot__CPW_Feed_Pin"": {""geometry_type"": ""MultiLineString"", ""relations"": ""overlaps"", ""wkt"": ""MULTILINESTRING ((0.5 23.73, 0 23.73), (0 23.73, -0.5 23.73))""}}",True,
800,49.005150035955012,2.4139794688671827,6.2257660981267691,3.6042705833911901,1.1988438107073307,13.915174920111895,3.2698135301470757,0.090039518661797047,0.14431040547788143,0.13977446686476469,0.99670541007071733,0.81502499431371689,0.018154445104300976,0.68976367078721523,0.64202006347477436,0.66354016214609146,0.16831874661147594,0.23882848583161831,0.5406861798837781,0.8279845342040062,0.16525722201913595,0.34951134584844112,0.17515900637954473,True,,1,0,Slot__Patch;Slot__CPW_Feed_Pin;Patch__CPW_Feed_Pin,True,Slot__CPW_Feed_Pin,,Slot__CPW_Feed_Pin,,"{""Slot__CPW_Feed_Pin"": {""geometry_type"": ""MultiLineString"", ""relations"": ""overlaps"", ""wkt"": ""MULTILINESTRING ((0.5 20.89, 0 20.89), (0 20.89, -0.5 20.89))""}}",True,
801,26.898095668293536,1.1942017897963524,5.6349092032760382,2.0787351610139013,2.114692522212863,21.433708216063678,5.8322969675064087,0.67058060504496098,0.86347747594118118,0.6381602119654417,0.43498881161212921,0.2070538904517889,0.61752400174736977,0.4884819220751524,0.14430002868175507,0.36401868518441916,0.65820217132568359,0.59088727738708258,0.46565316244959831,0.32791315112262964,0.5409647673368454,0.70363354124128819,0.54092392791062593,True,,1,0,Slot__Patch;Slot__CPW_Feed_Pin;Patch__CPW_Feed_Pin,True,Slot__CPW_Feed_Pin,,Slot__CPW_Feed_Pin,,"{""Slot__CPW_Feed_Pin"": {""geometry_type"": ""MultiLineString"", ""relations"": ""overlaps"", ""wkt"": ""MULTILINESTRING ((0.5 23.14, 0 23.14), (0 23.14, -0.5 23.14))""}}",True,
802,15.310572059825063,2.8637324310839176,7.6227169800549746,3.2236801309511067,2.7361941989511251,15.019752024672925,2.3644258379936218,0.84587705228477716,0.65260578598827124,0.78627131041139364,0.0011603748425841331,0.36661324184387922,0.33066692668944597,0.95600905362516642,0.28003297932446003,0.90648186299949884,0.91649863962084055,0.27757214847952127,0.17389159929007292,0.60170767363160849,0.31108646187931299,0.93927864544093609,0.48593963589519262,True,,1,0,Slot__Patch;Slot__CPW_Feed_Pin;Patch__CPW_Feed_Pin,True,Slot__CPW_Feed_Pin,,Slot__CPW_Feed_Pin,,"{""Slot__CPW_Feed_Pin"": {""geometry_type"": ""MultiLineString"", ""relations"": ""overlaps"", ""wkt"": ""MULTILINESTRING ((0.5 21.96, 0 21.96), (0 21.96, -0.5 21.96))""}}",True,
803,38.04382567293942,1.5207544583827257,4.4283765871077776,1.4944645937532188,1.5773340277373791,7.5529460236430168,4.8018812462687492,0.39130555652081966,0.37079565320163965,0.28856124170124531,0.56346818245947361,0.72067810315638781,0.80501359142363071,0.22321312222629786,0.77776385843753815,0.11283318512141705,0.41392090078443289,0.92738780379295349,0.81975242681801319,0.10176594369113445,0.93581736646592617,0.11395740695297718,0.85461901593953371,True,,1,0,Slot__Patch;Slot__CPW_Feed_Pin;Patch__CPW_Feed_Pin,True,Slot__CPW_Feed_Pin,,Slot__CPW_Feed_Pin,,"{""Slot__CPW_Feed_Pin"": {""geometry_type"": ""MultiLineString"", ""relations"": ""overlaps"", ""wkt"": ""MULTILINESTRING ((0.5 21.9, 0 21.9), (0 21.9, -0.5 21.9))""}}",True,
804,44.278712309896946,2.5469118524342775,4.8937813863158226,1.8329877162352206,1.9070212487131357,11.92795351613313,2.7497446089982986,0.97198857087641954,0.56562640331685543,0.52379470877349377,0.12862686067819595,0.59622501395642757,0.39843920525163412,0.2773223165422678,0.99390755221247673,0.24071315955370665,0.36024980060756207,0.83543282840400934,0.076158026233315468,0.88821942266076803,0.062073015607893467,0.39148349314928055,0.31856536120176315,True,,1,0,Slot__Patch;Slot__CPW_Feed_Pin;Patch__CPW_Feed_Pin,True,Slot__CPW_Feed_Pin,,Slot__CPW_Feed_Pin,,"{""Slot__CPW_Feed_Pin"": {""geometry_type"": ""MultiLineString"", ""relations"": ""overlaps"", ""wkt"": ""MULTILINESTRING ((0.5 21.2, 0 21.2), (0 21.2, -0.5 21.2))""}}",True,
805,21.380638293921947,1.8293429501354694,6.9610231295228004,2.866272643953562,2.7794434875249863,19.402564717456698,4.1871999874711037,0.26739131845533848,0.41091529279947281,0.025411437265574932,0.68992281425744295,0.48837580531835556,0.98711895942687988,0.54455404169857502,0.49552990309894085,0.78691006079316139,0.87231893837451935,0.49892159551382065,0.93018274288624525,0.38828371278941631,0.68687264434993267,0.53662893548607826,0.96538889594376087,True,,1,0,Slot__Patch;Slot__CPW_Feed_Pin;Patch__CPW_Feed_Pin,True,Slot__CPW_Feed_Pin,,Slot__CPW_Feed_Pin,,"{""Slot__CPW_Feed_Pin"": {""geometry_type"": ""MultiLineString"", ""relations"": ""overlaps"", ""wkt"": ""MULTILINESTRING ((0.5 22.79, 0 22.79), (0 22.79, -0.5 22.79))""}}",True,
806,32.957100640051067,2.2222512438893318,3.6636396087706089,2.3963910657912493,2.4009227678179741,17.268699863925576,3.6551246419548988,0.21611858997493982,0.074894829653203487,0.42416721768677235,0.87319460697472095,0.085404646582901478,0.21098803821951151,0.011104588396847248,0.11566026136279106,0.48555886931717396,0.61596851889044046,0.68731355480849743,0.70924899354577065,0.66645919531583786,0.41420106496661901,0.80159382522106171,0.0048340335488319397,True,,1,0,Slot__Patch;Slot__CPW_Feed_Pin;Patch__CPW_Feed_Pin,True,Slot__CPW_Feed_Pin,,Slot__CPW_Feed_Pin,,"{""Slot__CPW_Feed_Pin"": {""geometry_type"": ""MultiLineString"", ""relations"": ""overlaps"", ""wkt"": ""MULTILINESTRING ((0.5 22.28, 0 22.28), (0 22.28, -0.5 22.28))""}}",True,
807,55.250905151478946,1.3775757979601622,8.3816060610115528,3.3083554884418849,1.2855500746518373,9.7286284575238824,5.2176081091165543,0.54669878445565701,0.91725279483944178,0.92187576647847891,0.31242121662944555,0.93934759777039289,0.67456862144172192,0.80979518312960863,0.61401919834315777,0.53369180578738451,0.12049884255975485,0.021796799264848232,0.28439646679908037,0.16640897188335657,0.78997721523046494,0.12667086347937584,0.65457202680408955,True,,1,0,Slot__Patch;Slot__CPW_Feed_Pin;Patch__CPW_Feed_Pin,True,Slot__CPW_Feed_Pin,,Slot__CPW_Feed_Pin,,"{""Slot__CPW_Feed_Pin"": {""geometry_type"": ""MultiLineString"", ""relations"": ""overlaps"", ""wkt"": ""MULTILINESTRING ((0.5 21.88, 0 21.88), (0 21.88, -0.5 21.88))""}}",True,
808,57.39314500708133,2.8768478631973267,3.0581452343612909,2.6415017085149888,2.1283155214041471,8.7505834037438035,2.9801257252693176,0.90315499808639288,0.53025807719677687,0.35583149082958698,0.31973168067634106,0.76181459054350853,0.90661334991455078,0.10885911900550127,0.3375824922695756,0.17681217473000288,0.94935785513371229,0.97512889094650745,0.045922626741230488,0.53913669381290674,0.10266731027513742,0.62393019627779722,0.11978953704237938,True,,1,0,Slot__Patch;Slot__CPW_Feed_Pin;Patch__CPW_Feed_Pin,True,Slot__CPW_Feed_Pin,,Slot__CPW_Feed_Pin,,"{""Slot__CPW_Feed_Pin"": {""geometry_type"": ""MultiLineString"", ""relations"": ""overlaps"", ""wkt"": ""MULTILINESTRING ((0.5 21.99, 0 21.99), (0 21.99, -0.5 21.99))""}}",True,
809,35.384582695551217,1.7195530887693167,8.8995502833276987,1.7301824346184733,1.0600944496691227,16.283339308574796,4.4176416918635368,0.35770926624536514,0.49321965593844652,0.85745144542306662,0.75650929193943739,0.15091361291706562,0.44781640823930502,0.8370254235342145,0.83887457381933928,0.85031132027506828,0.43896497506648302,0.32723536621779203,0.96336309239268303,0.039063118398189545,0.72843178920447826,0.44874782022088766,0.7188150342553854,True,,1,0,Slot__Patch;Slot__CPW_Feed_Pin;Patch__CPW_Feed_Pin,True,Slot__CPW_Feed_Pin,,Slot__CPW_Feed_Pin,,"{""Slot__CPW_Feed_Pin"": {""geometry_type"": ""MultiLineString"", ""relations"": ""overlaps"", ""wkt"": ""MULTILINESTRING ((0.5 21.2, 0 21.2), (0 21.2, -0.5 21.2))""}}",True,
810,23.720841770991683,2.3305362109094858,4.8492320459336042,3.530537654086948,1.6808031611144543,22.060087462887168,3.8855129405856133,0.15897512715309858,0.017064372077584267,0.6937039028853178,0.68258579447865486,0.30653954204171896,0.71906301192939281,0.37486890144646168,0.70899384561926126,0.42409364320337772,0.19727072492241859,0.51390307862311602,0.67651116382330656,0.7655575405806303,0.49861857201904058,0.21369745116680861,0.3051026277244091,True,,1,0,Slot__Patch;Slot__CPW_Feed_Pin;Patch__CPW_Feed_Pin,True,Slot__CPW_Feed_Pin,,Slot__CPW_Feed_Pin,,"{""Slot__CPW_Feed_Pin"": {""geometry_type"": ""MultiLineString"", ""relations"": ""overlaps"", ""wkt"": ""MULTILINESTRING ((0.5 21.9, 0 21.9), (0 21.9, -0.5 21.9))""}}",True,
811,46.509411921724677,1.0501059852540493,7.2930223178118467,2.4966277239844206,2.5075996574014425,14.578143325634301,5.4480578899383545,0.57845162227749825,0.99076928570866585,0.19141590129584074,0.24533902946859598,0.67134676221758127,0.13536524120718241,0.57199216820299625,0.20768996607512236,0.59565675724297762,0.69496598280966282,0.16370538249611855,0.31421986408531666,0.26561371143907309,0.87340650707483292,0.85907179024070501,0.90902622602880001,True,,1,0,Slot__Patch;Slot__CPW_Feed_Pin;Patch__CPW_Feed_Pin,True,Slot__CPW_Feed_Pin,,Slot__CPW_Feed_Pin,,"{""Slot__CPW_Feed_Pin"": {""geometry_type"": ""MultiLineString"", ""relations"": ""overlaps"", ""wkt"": ""MULTILINESTRING ((0.5 23.01, 0 23.01), (0 23.01, -0.5 23.01))""}}",True,
812,41.505117248743773,2.0215148143470287,8.134990643709898,2.1384174816310408,2.9767560809850693,10.530785545706749,3.0003162398934364,0.034877791069447994,0.20122699718922377,0.99525352474302053,0.5551191670820117,0.5429848600178957,0.54177913442254066,0.92854228708893061,0.04785314854234457,0.72267460823059082,0.51621476095169783,0.067859415896236897,0.57356134988367558,0.72876445762813091,0.24954508896917105,0.63659976888448,0.39039238821715117,True,,1,0,Slot__Patch;Slot__CPW_Feed_Pin;Patch__CPW_Feed_Pin,True,Slot__CPW_Feed_Pin,,Slot__CPW_Feed_Pin,,"{""Slot__CPW_Feed_Pin"": {""geometry_type"": ""MultiLineString"", ""relations"": ""overlaps"", ""wkt"": ""MULTILINESTRING ((0.5 22, 0 22), (0 22, -0.5 22))""}}",True,
813,18.529751356691122,1.3663981650024652,3.8168339990079403,3.8670070866122845,1.8348350170999765,17.990265316329896,5.5628612190485001,0.70425795763731003,0.790996921248734,0.49363485164940357,0.1188842412084341,0.43220615014433861,0.062526765279471874,0.12569511774927378,0.55047125089913607,0.30439214315265417,0.028560248203575611,0.73133101686835289,0.43572293501347303,0.22882986720651388,0.62427955865859985,0.31104966346174479,0.77096584532409906,True,,1,0,Slot__Patch;Slot__CPW_Feed_Pin;Patch__CPW_Feed_Pin,True,Slot__CPW_Feed_Pin,,Slot__CPW_Feed_Pin,,"{""Slot__CPW_Feed_Pin"": {""geometry_type"": ""MultiLineString"", ""relations"": ""overlaps"", ""wkt"": ""MULTILINESTRING ((0.5 22.76, 0 22.76), (0 22.76, -0.5 22.76))""}}",True,
814,30.204403675161302,2.6929761078208685,6.5517285168170929,1.4321938132867218,1.455520348623395,20.541611644439399,2.0949366837739944,0.77896799426525831,0.68901384808123112,0.079250256530940533,0.44324231240898371,0.02536258939653635,0.85426872409880161,0.66256207041442394,0.9362074201926589,0.97198120597749949,0.27221577242016792,0.41970961727201939,0.2040201760828495,0.95091284904628992,0.35179513785988092,0.046710026450455189,0.20021743606775999,True,,1,0,Slot__Patch;Slot__CPW_Feed_Pin;Patch__CPW_Feed_Pin,True,Slot__CPW_Feed_Pin,,Slot__CPW_Feed_Pin,,"{""Slot__CPW_Feed_Pin"": {""geometry_type"": ""MultiLineString"", ""relations"": ""overlaps"", ""wkt"": ""MULTILINESTRING ((0.5 20.25, 0 20.25), (0 20.25, -0.5 20.25))""}}",True,
815,52.377746156416833,1.9108177572488785,5.5846778601408005,2.9583746943622833,2.3560779020190239,13.015756141394377,4.5324526205658913,0.48360523954033852,0.28757362440228462,0.58153602294623852,0.8790767602622509,0.89004755672067404,0.25003924686461687,0.39069881103932858,0.43360898364335299,0.04782593809068203,0.77647311426699162,0.75423673074692488,0.78670942503958941,0.45086389034986496,0.97750627063214779,0.90109160635620356,0.58568899426609278,True,,1,0,Slot__Patch;Slot__CPW_Feed_Pin;Patch__CPW_Feed_Pin,True,Slot__CPW_Feed_Pin,,Slot__CPW_Feed_Pin,,"{""Slot__CPW_Feed_Pin"": {""geometry_type"": ""MultiLineString"", ""relations"": ""overlaps"", ""wkt"": ""MULTILINESTRING ((0.5 22.8, 0 22.8), (0 22.8, -0.5 22.8))""}}",True,
816,53.087367718107998,2.6835853289812803,8.7595438845455647,2.3172527927905326,1.5058384779840708,18.659018101170659,5.9575662240386009,0.80113217327743769,0.43996431492269039,0.032019715756177902,0.93233453389257193,0.56340132467448711,0.64038192853331566,0.3067892799153924,0.87342723459005356,0.65191044844686985,0.89498589746654034,0.54579937923699617,0.13915665727108717,0.87418108340352774,0.71466642152518034,0.75829882174730301,0.595105548389256,True,,1,0,Slot__Patch;Slot__CPW_Feed_Pin;Patch__CPW_Feed_Pin,True,Slot__CPW_Feed_Pin,,Slot__CPW_Feed_Pin,,"{""Slot__CPW_Feed_Pin"": {""geometry_type"": ""MultiLineString"", ""relations"": ""overlaps"", ""wkt"": ""MULTILINESTRING ((0.5 24.15, 0 24.15), (0 24.15, -0.5 24.15))""}}",True,
817,30.897867609746754,1.9636655524373055,3.2915354110300541,3.3555347999557856,2.6827040761709213,11.177531280554831,3.3950211107730865,0.44410707615315914,0.53657308965921402,0.53375651780515909,0.49557503499090672,0.45945835113525391,0.22369154822081327,0.51197449211031199,0.37187724746763706,0.32052676845341921,0.40022017061710358,0.13229730352759361,0.87012709118425846,0.37424483709037304,0.088966738432645798,0.18467900529503822,0.24594233836978674,True,,1,0,Slot__Patch;Slot__CPW_Feed_Pin;Patch__CPW_Feed_Pin,True,Slot__CPW_Feed_Pin,,Slot__CPW_Feed_Pin,,"{""Slot__CPW_Feed_Pin"": {""geometry_type"": ""MultiLineString"", ""relations"": ""overlaps"", ""wkt"": ""MULTILINESTRING ((0.5 22.04, 0 22.04), (0 22.04, -0.5 22.04))""}}",True,
818,19.237559242174029,2.1019352562725544,7.3388677909970284,1.9055801237002017,2.0622399970889091,12.383510065265,4.9276497066020966,0.010029670782387257,0.95021311845630407,0.88554574549198151,0.069479462690651417,0.11432208586484194,0.95293060131371021,0.041517643257975578,0.23614107817411423,0.90309791546314955,0.14289116207510233,0.94367461837828159,0.52126344759017229,0.58674789220094681,0.82460690755397081,0.41825656592845917,0.78481126297265291,True,,1,0,Slot__Patch;Slot__CPW_Feed_Pin;Patch__CPW_Feed_Pin,True,Slot__CPW_Feed_Pin,,Slot__CPW_Feed_Pin,,"{""Slot__CPW_Feed_Pin"": {""geometry_type"": ""MultiLineString"", ""relations"": ""overlaps"", ""wkt"": ""MULTILINESTRING ((0.5 23.09, 0 23.09), (0 23.09, -0.5 23.09))""}}",True,
819,42.207067189738154,1.2591222692281008,4.5217703506350517,2.8227034069597723,1.1263106632977724,19.916724180802703,2.4901336655020714,0.74302209354937077,0.041937843896448612,0.38337836135178804,0.50674624741077423,0.97217130195349455,0.41114104259759188,0.77822273038327694,0.73767139948904514,0.077590730041265488,0.65621352847665548,0.35917797964066267,0.46946561709046364,0.086697251535952091,0.44988387264311314,0.5245683453977108,0.43078052904456854,True,,1,0,Slot__Patch;Slot__CPW_Feed_Pin;Patch__CPW_Feed_Pin,True,Slot__CPW_Feed_Pin,,Slot__CPW_Feed_Pin,,"{""Slot__CPW_Feed_Pin"": {""geometry_type"": ""MultiLineString"", ""relations"": ""overlaps"", ""wkt"": ""MULTILINESTRING ((0.5 18.88, 0 18.88), (0 18.88, -0.5 18.88))""}}",True,
820,48.628544379025698,2.293084504082799,4.050407649949193,3.1148881061002616,1.3580822683870792,16.441994807682931,4.0619842857122421,0.13595710787922144,0.76801889203488827,0.67940301541239023,0.19300630874931812,0.84467077255249023,0.75521519035100937,0.72222116310149431,0.52226600609719753,0.19777288381010294,0.57108217291533947,0.38776695914566517,0.72867931053042412,0.93503991514444351,0.57565549481660128,0.99752899073064327,0.89457045681774616,True,,1,0,Slot__Patch;Slot__CPW_Feed_Pin;Patch__CPW_Feed_Pin,True,Slot__CPW_Feed_Pin,,Slot__CPW_Feed_Pin,,"{""Slot__CPW_Feed_Pin"": {""geometry_type"": ""MultiLineString"", ""relations"": ""overlaps"", ""wkt"": ""MULTILINESTRING ((0.5 21.72, 0 21.72), (0 21.72, -0.5 21.72))""}}",True,
821,25.823816601186991,1.0753506161272526,7.9948007930070162,1.5945112343877554,2.4533743392676115,8.9165966212749481,2.6244682148098946,0.61880362592637539,0.23977232724428177,0.17766469344496727,0.62932802643626928,0.24060593359172344,0.3589783301576972,0.45889287162572145,0.019905809313058853,0.77460758946835995,0.067801415920257568,0.78569104801863432,0.28060682583600283,0.43496799562126398,0.20087899453938007,0.070416444912552834,0.26434827595949173,True,,1,0,Slot__Patch;Slot__CPW_Feed_Pin;Patch__CPW_Feed_Pin,True,Slot__CPW_Feed_Pin,,Slot__CPW_Feed_Pin,,"{""Slot__CPW_Feed_Pin"": {""geometry_type"": ""MultiLineString"", ""relations"": ""overlaps"", ""wkt"": ""MULTILINESTRING ((0.5 20.16, 0 20.16), (0 20.16, -0.5 20.16))""}}",True,
822,37.495036362670362,2.999519906938076,5.2570334281772375,3.7093728780746469,2.8329326566308737,14.397171791642904,5.0919084027409554,0.92690513748675585,0.27924014534801245,0.27899234462529421,0.80488220602273941,0.33306121360510588,0.56772775016725063,0.98745942302048206,0.39978653751313686,0.45098547637462616,0.32707551959902048,0.099267539568245411,0.110915781930089,0.65090265031903982,0.96367217879742384,0.33720473758876324,0.70976469106972218,True,,1,0,Slot__Patch;Slot__CPW_Feed_Pin;Patch__CPW_Feed_Pin,True,Slot__CPW_Feed_Pin,,Slot__CPW_Feed_Pin,,"{""Slot__CPW_Feed_Pin"": {""geometry_type"": ""MultiLineString"", ""relations"": ""overlaps"", ""wkt"": ""MULTILINESTRING ((0.5 24.92, 0 24.92), (0 24.92, -0.5 24.92))""}}",True,
823,59.49774072971195,1.6549865584820509,6.5977567490190268,1.9851553501561285,1.9785158447921276,21.857109772972763,3.5293633192777634,0.32004311122000217,0.74415700230747461,0.78116220235824585,0.3691364573314786,0.69103231001645327,0.04646799061447382,0.19267801381647587,0.90215853229165077,0.52975991275161505,0.81570669170469046,0.69943467155098915,0.87981566321104765,0.15096050314605236,0.33791914954781532,0.73064875788986683,0.074674986302852631,True,,1,0,Slot__Patch;Slot__CPW_Feed_Pin;Patch__CPW_Feed_Pin,True,Slot__CPW_Feed_Pin,,Slot__CPW_Feed_Pin,,"{""Slot__CPW_Feed_Pin"": {""geometry_type"": ""MultiLineString"", ""relations"": ""overlaps"", ""wkt"": ""MULTILINESTRING ((0.5 21.17, 0 21.17), (0 21.17, -0.5 21.17))""}}",True,
824,55.949025400914252,2.1542495638132095,5.9625999480485916,1.329152492247522,2.5752032846212387,19.122115443460643,4.2923730313777924,0.23899850528687239,0.8278651712462306,0.44113100040704012,0.25141163542866707,0.51404071785509586,0.3096011271700263,0.89751940406858921,0.1783493934199214,0.13473217282444239,0.23831519763916731,0.30945319030433893,0.63360931258648634,0.52429601363837719,0.52713461685925722,0.019038190133869648,0.66463332436978817,True,,1,0,Slot__Patch;Slot__CPW_Feed_Pin;Patch__CPW_Feed_Pin,True,Slot__CPW_Feed_Pin,,Slot__CPW_Feed_Pin,,"{""Slot__CPW_Feed_Pin"": {""geometry_type"": ""MultiLineString"", ""relations"": ""overlaps"", ""wkt"": ""MULTILINESTRING ((0.5 23.02, 0 23.02), (0 23.02, -0.5 23.02))""}}",True,
825,33.660349273122847,1.4968470241874456,6.1796915531158447,3.052745017781854,1.738213861361146,11.654852125793695,2.854917548596859,0.50599660351872444,0.16436208505183458,0.93938849866390228,0.81323217693716288,0.39935574308037758,0.83572079986333847,0.15763332135975361,0.67584203276783228,0.83814039640128613,0.74382248241454363,0.89599498361349106,0.37273187376558781,0.024361959658563137,0.15137753076851368,0.91222282592207193,0.049006294459104538,True,,1,0,Slot__Patch;Slot__CPW_Feed_Pin;Patch__CPW_Feed_Pin,True,Slot__CPW_Feed_Pin,,Slot__CPW_Feed_Pin,,"{""Slot__CPW_Feed_Pin"": {""geometry_type"": ""MultiLineString"", ""relations"": ""overlaps"", ""wkt"": ""MULTILINESTRING ((0.5 20.09, 0 20.09), (0 20.09, -0.5 20.09))""}}",True,
826,22.077631512656808,2.5765987131744623,4.1948488913476467,2.2480046682059767,1.1164675522595644,10.046042092144489,5.3222890719771385,0.947886704467237,0.31271851994097233,0.60322045627981424,0.74695762805640697,0.058212981559336185,0.12209078762680292,0.63248518574982882,0.80571167450398207,0.38939239829778671,0.986502755433321,0.20735895447432995,0.018958595581352711,0.81163093540817499,0.88719722907990217,0.67899585980921984,0.97883382998406887,True,,1,0,Slot__Patch;Slot__CPW_Feed_Pin;Patch__CPW_Feed_Pin,True,Slot__CPW_Feed_Pin,,Slot__CPW_Feed_Pin,,"{""Slot__CPW_Feed_Pin"": {""geometry_type"": ""MultiLineString"", ""relations"": ""overlaps"", ""wkt"": ""MULTILINESTRING ((0.5 23.02, 0 23.02), (0 23.02, -0.5 23.02))""}}",True,
827,44.992506885901093,1.7962381057441235,7.7628608755767345,3.7690266886726027,2.1969567462801933,17.564117177389562,3.7598054707050323,0.30492091923952103,0.66386466100811958,0.1053859107196331,0.18475185614079237,0.91899171378463507,0.52323335967957973,0.42364407796412706,0.30823774728924036,0.59086089488118887,0.49954880215227604,0.62284514959901571,0.97468728199601173,0.31158239394426346,0.26241667941212654,0.2521121809259057,0.36026188358664513,True,,1,0,Slot__Patch;Slot__CPW_Feed_Pin;Patch__CPW_Feed_Pin,True,Slot__CPW_Feed_Pin,,Slot__CPW_Feed_Pin,,"{""Slot__CPW_Feed_Pin"": {""geometry_type"": ""MultiLineString"", ""relations"": ""overlaps"", ""wkt"": ""MULTILINESTRING ((0.5 21.75, 0 21.75), (0 21.75, -0.5 21.75))""}}",True,
828,40.153173431754112,2.759826835244894,6.9151320587843657,3.4558842729777099,2.2874357234686613,20.667022643610835,5.688076563179493,0.82409547548741102,0.40557255130261183,0.83280733227729797,0.62343061063438654,0.7954009510576725,0.17931922804564238,0.076798832044005394,0.46685187239199877,0.71190516836941242,0.28975694160908461,0.65535563789308071,0.23097653314471245,0.71357447002083063,0.63806171249598265,0.22507474850863218,0.84178443346172571,True,,1,0,Slot__Patch;Slot__CPW_Feed_Pin;Patch__CPW_Feed_Pin,True,Slot__CPW_Feed_Pin,,Slot__CPW_Feed_Pin,,"{""Slot__CPW_Feed_Pin"": {""geometry_type"": ""MultiLineString"", ""relations"": ""overlaps"", ""wkt"": ""MULTILINESTRING ((0.5 24.74, 0 24.74), (0 24.74, -0.5 24.74))""}}",True,
829,17.42504820227623,1.6046405676752329,5.2212886791676283,2.5394064484164121,1.3991462923586369,13.126493920572102,3.1255929917097092,0.43090939894318581,0.61790089029818773,0.33454759884625673,0.06216995045542717,0.18059373833239079,0.71612679585814476,0.86792625300586224,0.96545691695064306,0.26103177387267351,0.78620321769267321,0.053266375325620174,0.77536227274686098,0.21350143104791641,0.013349886983633041,0.83115763124078512,0.44460932444781065,True,,1,0,Slot__Patch;Slot__CPW_Feed_Pin;Patch__CPW_Feed_Pin,True,Slot__CPW_Feed_Pin,,Slot__CPW_Feed_Pin,,"{""Slot__CPW_Feed_Pin"": {""geometry_type"": ""MultiLineString"", ""relations"": ""overlaps"", ""wkt"": ""MULTILINESTRING ((0.5 20.13, 0 20.13), (0 20.13, -0.5 20.13))""}}",True,
830,28.996704700402915,2.4624498840421438,8.5215672198683023,2.7198448197916152,1.7774233631789684,8.2977734366431832,4.6581529229879379,0.11499558296054602,0.89140609838068485,0.24883350357413292,0.37886382173746824,0.27685943152755499,0.49176872242242098,0.34180157724767923,0.5797239663079381,0.96846940647810698,0.54548326507210732,0.86682569328695536,0.61644023843109608,0.99736940674483776,0.77620053011924028,0.56475045066326857,0.53049641940742731,True,,1,0,Slot__Patch;Slot__CPW_Feed_Pin;Patch__CPW_Feed_Pin,True,Slot__CPW_Feed_Pin,,Slot__CPW_Feed_Pin,,"{""Slot__CPW_Feed_Pin"": {""geometry_type"": ""MultiLineString"", ""relations"": ""overlaps"", ""wkt"": ""MULTILINESTRING ((0.5 22.9, 0 22.9), (0 22.9, -0.5 22.9))""}}",True,
831,51.120560425333679,1.1803992986679077,3.4302946720272303,1.6809368804097176,2.9091515000909567,15.771926427260041,2.2206974104046822,0.63219680637121201,0.11643089726567268,0.74666933063417673,0.93967059813439846,0.63776038680225611,0.90367546863853931,0.60194696579128504,0.081108077429234982,0.011719513684511185,0.034390771761536598,0.46704050898551941,0.37720325123518705,0.49742599483579397,0.40051204897463322,0.49139004852622747,0.13037639390677214,True,,1,0,Slot__Patch;Slot__CPW_Feed_Pin;Patch__CPW_Feed_Pin,True,Slot__CPW_Feed_Pin,,Slot__CPW_Feed_Pin,,"{""Slot__CPW_Feed_Pin"": {""geometry_type"": ""MultiLineString"", ""relations"": ""overlaps"", ""wkt"": ""MULTILINESTRING ((0.5 20.31, 0 20.31), (0 20.31, -0.5 20.31))""}}",True,
832,51.399543145671487,2.2357003390789032,8.2837476544082165,3.0817451192066079,2.1073984764516354,21.690460718236864,2.6833262555301189,0.74107762798666954,0.36665963288396597,0.20272440370172262,0.45800598058849573,0.31685423012822866,0.11331515572965145,0.86520225927233696,0.55470099952071905,0.26879523042589426,0.87849593162536621,0.36839846428483725,0.66183290909975767,0.74186092615127563,0.78850175440311432,0.097601249814033508,0.32244567200541496,True,,1,0,Slot__Patch;Slot__CPW_Feed_Pin;Patch__CPW_Feed_Pin,True,Slot__CPW_Feed_Pin,,Slot__CPW_Feed_Pin,,"{""Slot__CPW_Feed_Pin"": {""geometry_type"": ""MultiLineString"", ""relations"": ""overlaps"", ""wkt"": ""MULTILINESTRING ((0.5 21.03, 0 21.03), (0 21.03, -0.5 21.03))""}}",True,
833,28.677206123247743,1.3910427149385214,3.5798344574868679,1.3115780558437109,1.2061371710151434,14.215864017605782,4.2458103783428669,0.0041616363450884819,0.64111692551523447,0.70098178274929523,0.89570009335875511,0.70595326367765665,0.53005887661129236,0.065988156944513321,0.057301995344460011,0.68802375160157681,0.38885521702468395,0.95374887995421886,0.32889573462307453,0.24191758874803782,0.41372147854417562,0.95954358205199242,0.95369013212621212,True,,1,0,Slot__Patch;Slot__CPW_Feed_Pin;Patch__CPW_Feed_Pin,True,Slot__Patch;Slot__CPW_Feed_Pin,Slot__Patch,Slot__CPW_Feed_Pin,,"{""Slot__CPW_Feed_Pin"": {""geometry_type"": ""MultiLineString"", ""relations"": ""overlaps"", ""wkt"": ""MULTILINESTRING ((0.5 20.85, 0 20.85), (0 20.85, -0.5 20.85))""}, ""Slot__Patch"": {""geometry_type"": ""MultiPoint"", ""relations"": ""crosses"", ""wkt"": ""MULTIPOINT ((-10.4 7.93), (-9.8 7.93), (9.8 7.93), (10.4 7.93))""}}",True,
834,17.750332304276526,2.5339625421911478,7.0763908624649048,3.7466914325952532,1.5856649857014418,9.3175634555518627,3.7137301452457905,0.44605928659439087,0.8681305181235075,0.84919636975973845,0.54046627413481474,0.86087776347994804,0.30080292373895645,0.59894927125424147,0.42937773372977972,0.019976913928985596,0.13055922742933035,0.14212741702795029,0.060602282173931599,0.95345795061439276,0.67270377837121487,0.69508973509073257,0.0087050758302211761,True,,1,0,Slot__Patch;Slot__CPW_Feed_Pin;Patch__CPW_Feed_Pin,True,Slot__CPW_Feed_Pin,,Slot__CPW_Feed_Pin,,"{""Slot__CPW_Feed_Pin"": {""geometry_type"": ""MultiLineString"", ""relations"": ""overlaps"", ""wkt"": ""MULTILINESTRING ((0.5 21.84, 0 21.84), (0 21.84, -0.5 21.84))""}}",True,
835,39.868399822153151,1.8163528107106686,4.9717500954866409,2.2614532442763449,2.7278625555336475,16.85762036126107,5.1511851064860821,0.80699246283620596,0.15528248250484467,0.35136194340884686,0.10218094848096371,0.22568497247993946,0.84256954398006201,0.33126461040228605,0.92675825674086809,0.94507823791354895,0.63289330247789621,0.55477571580559015,0.9486810527741909,0.45338483713567257,0.04694689903408289,0.36196363344788551,0.64289445243775845,True,,1,0,Slot__Patch;Slot__CPW_Feed_Pin;Patch__CPW_Feed_Pin,True,Slot__CPW_Feed_Pin,,Slot__CPW_Feed_Pin,,"{""Slot__CPW_Feed_Pin"": {""geometry_type"": ""MultiLineString"", ""relations"": ""overlaps"", ""wkt"": ""MULTILINESTRING ((0.5 23.7, 0 23.7), (0 23.7, -0.5 23.7))""}}",True,
836,44.696765723638237,2.8503150455653667,4.315091410651803,2.5386533010751009,2.7565241772681475,19.966110186651349,3.3284190036356449,0.32201630994677544,0.91357453819364309,0.58683142252266407,0.66788125410676003,0.098054074682295322,0.49865539558231831,0.16832204163074493,0.82878437731415033,0.8146576676517725,0.59293599426746368,0.71366003155708313,0.18934052065014839,0.55270454194396734,0.92359973303973675,0.14742596261203289,0.1867911322042346,True,,1,0,Slot__Patch;Slot__CPW_Feed_Pin;Patch__CPW_Feed_Pin,True,Slot__CPW_Feed_Pin,,Slot__CPW_Feed_Pin,,"{""Slot__CPW_Feed_Pin"": {""geometry_type"": ""MultiLineString"", ""relations"": ""overlaps"", ""wkt"": ""MULTILINESTRING ((0.5 22.94, 0 22.94), (0 22.94, -0.5 22.94))""}}",True,
837,22.41388853173703,1.507377902045846,7.542619938030839,3.490914647839964,1.9299393370747566,12.447591447271407,5.7658739946782589,0.93274443875998259,0.062948205508291721,0.088571569882333279,0.22865656856447458,0.98727535363286734,0.89483891893178225,0.90060972422361374,0.3300859360024333,0.14210457075387239,0.080623192712664604,0.11263769213110209,0.80139146465808153,0.052656045183539391,0.2979115778580308,0.78475126810371876,0.53709881100803614,True,,1,0,Slot__Patch;Slot__CPW_Feed_Pin;Patch__CPW_Feed_Pin,True,Slot__CPW_Feed_Pin,,Slot__CPW_Feed_Pin,,"{""Slot__CPW_Feed_Pin"": {""geometry_type"": ""MultiLineString"", ""relations"": ""overlaps"", ""wkt"": ""MULTILINESTRING ((0.5 23.2, 0 23.2), (0 23.2, -0.5 23.2))""}}",True,
838,33.329893872141838,2.426897069439292,5.7306390982121229,1.6908942455425859,1.3095057606697083,10.8937130542472,2.2980075143277645,0.61682291328907013,0.41407297365367413,0.48724010400474072,0.33444751612842083,0.57966932840645313,0.18610681220889091,0.43454737868160009,0.21777951810508966,0.56786448042839766,0.33697409089654684,0.79930534865707159,0.58823960460722446,0.76759740710258484,0.53753810375928879,0.54957144521176815,0.49756201636046171,True,,1,0,Slot__Patch;Slot__CPW_Feed_Pin;Patch__CPW_Feed_Pin,True,Slot__CPW_Feed_Pin,,Slot__CPW_Feed_Pin,,"{""Slot__CPW_Feed_Pin"": {""geometry_type"": ""MultiLineString"", ""relations"": ""overlaps"", ""wkt"": ""MULTILINESTRING ((0.5 20.03, 0 20.03), (0 20.03, -0.5 20.03))""}}",True,
839,56.238970309495926,1.2071015685796738,6.3116539847105742,2.6832273371517661,2.3769658599048853,18.360504498705268,4.8604916073381901,0.1301253205165267,0.57809384167194366,0.98507605027407408,0.77314964216202497,0.44435430690646172,0.70738951396197081,0.63536093290895224,0.71648904960602522,0.39724741503596306,0.83268647734075785,0.40223646722733974,0.42104706447571516,0.2676633084192872,0.16282643284648657,0.38245334662497044,0.85081461165100336,True,,1,0,Slot__Patch;Slot__CPW_Feed_Pin;Patch__CPW_Feed_Pin,True,Slot__CPW_Feed_Pin,,Slot__CPW_Feed_Pin,,"{""Slot__CPW_Feed_Pin"": {""geometry_type"": ""MultiLineString"", ""relations"": ""overlaps"", ""wkt"": ""MULTILINESTRING ((0.5 22.44, 0 22.44), (0 22.44, -0.5 22.44))""}}",True,
840,59.875217182561755,2.710286108776927,5.499980203807354,3.3474818866699936,1.0361378099769354,15.586999459192157,3.0667344816029072,0.30295929126441479,0.99441714771091938,0.29385714046657085,0.85861371643841267,0.26071776729077101,0.94409452844411135,0.46178530808538198,0.48511131480336189,0.75124496407806873,0.22257889527827501,0.60471424739807844,0.15927294921129942,0.89099971298128366,0.97603487782180309,0.86810432095080614,0.37876047100871801,True,,1,0,Slot__Patch;Slot__CPW_Feed_Pin;Patch__CPW_Feed_Pin,True,Slot__CPW_Feed_Pin,,Slot__CPW_Feed_Pin,,"{""Slot__CPW_Feed_Pin"": {""geometry_type"": ""MultiLineString"", ""relations"": ""overlaps"", ""wkt"": ""MULTILINESTRING ((0.5 20.82, 0 20.82), (0 20.82, -0.5 20.82))""}}",True,
841,37.07567679695785,1.9281151816248894,6.4548084810376167,2.3545048860833049,2.1522714756429195,8.1275337981060147,5.504250954836607,0.94203583244234324,0.029041629284620285,0.79559406172484159,0.29585859086364508,0.65274667460471392,0.41802819259464741,0.73313829209655523,0.98675470612943172,0.20599411148577929,0.73272620420902967,0.19008182920515537,0.83437346108257771,0.39105749130249023,0.351311513222754,0.20075732562690973,0.77479123044759035,True,,1,0,Slot__Patch;Slot__CPW_Feed_Pin;Patch__CPW_Feed_Pin,True,Slot__CPW_Feed_Pin,,Slot__CPW_Feed_Pin,,"{""Slot__CPW_Feed_Pin"": {""geometry_type"": ""MultiLineString"", ""relations"": ""overlaps"", ""wkt"": ""MULTILINESTRING ((0.5 23.58, 0 23.58), (0 23.58, -0.5 23.58))""}}",True,
842,26.248366241343319,2.0046739615499973,3.8957409001886845,2.82409147489816,2.5305180139839649,13.545853109098971,2.0363310687243938,0.50795072503387928,0.49003158044070005,0.63176591880619526,0.14321934431791306,0.81154260784387589,0.63164512347429991,0.19578311592340469,0.62443648651242256,0.50591097306460142,0.97442092932760715,0.87847372516989708,0.5553033696487546,0.67931785248219967,0.61011476069688797,0.46559276152402163,0.18859484698623419,True,,1,0,Slot__Patch;Slot__CPW_Feed_Pin;Patch__CPW_Feed_Pin,True,Slot__CPW_Feed_Pin,,Slot__CPW_Feed_Pin,,"{""Slot__CPW_Feed_Pin"": {""geometry_type"": ""MultiLineString"", ""relations"": ""overlaps"", ""wkt"": ""MULTILINESTRING ((0.5 20.57, 0 20.57), (0 20.57, -0.5 20.57))""}}",True,
843,48.245883216150105,1.3496081549674273,8.2494660504162312,1.8724538907408714,1.657884119078517,21.071694502606988,4.5988757498562336,0.24485688377171755,0.51782127190381289,0.12959841545671225,0.70644362736493349,0.16560745798051357,0.23047960922122002,0.99816387891769409,0.12281253002583981,0.45872408524155617,0.47697028890252113,0.29107815492898226,0.45103835687041283,0.17924600746482611,0.23441493418067694,0.60317748133093119,0.58949313033372164,True,,1,0,Slot__Patch;Slot__CPW_Feed_Pin;Patch__CPW_Feed_Pin,True,Slot__CPW_Feed_Pin,,Slot__CPW_Feed_Pin,,"{""Slot__CPW_Feed_Pin"": {""geometry_type"": ""MultiLineString"", ""relations"": ""overlaps"", ""wkt"": ""MULTILINESTRING ((0.5 21.6, 0 21.6), (0 21.6, -0.5 21.6))""}}",True,
844,41.835405766032636,2.3131968844681978,7.2134971674531698,1.6149420386180282,1.8265031054615974,17.631903584115207,2.9215201400220394,0.6341299545019865,0.29174028523266315,0.93318284582346678,0.015804207883775234,0.041888234205543995,0.57455374393612146,0.50142369698733091,0.14885840751230717,0.32841795776039362,0.31184896547347307,0.44610199704766273,0.69463180378079414,0.83026294969022274,0.86119291186332703,0.88863788824528456,0.11590895801782608,True,,1,0,Slot__Patch;Slot__CPW_Feed_Pin;Patch__CPW_Feed_Pin,True,Slot__CPW_Feed_Pin,,Slot__CPW_Feed_Pin,,"{""Slot__CPW_Feed_Pin"": {""geometry_type"": ""MultiLineString"", ""relations"": ""overlaps"", ""wkt"": ""MULTILINESTRING ((0.5 21.06, 0 21.06), (0 21.06, -0.5 21.06))""}}",True,
845,19.651103778742254,1.0327158160507679,4.7354206647723913,3.1008049193769698,2.9850867707282305,10.099161732941866,4.4840647913515568,0.12087493482977152,0.70047230646014214,0.43144464306533337,0.57996786572039127,0.93403901439160109,0.037692835554480553,0.30377489607781172,0.65112496167421341,0.62888549081981182,0.79974809568375349,0.84503197390586138,0.29901127237826586,0.33021226432174444,0.48543961998075247,0.05525240208953619,0.73051358945667744,True,,1,0,Slot__Patch;Slot__CPW_Feed_Pin;Patch__CPW_Feed_Pin,True,Slot__CPW_Feed_Pin,,Slot__CPW_Feed_Pin,,"{""Slot__CPW_Feed_Pin"": {""geometry_type"": ""MultiLineString"", ""relations"": ""overlaps"", ""wkt"": ""MULTILINESTRING ((0.5 22.51, 0 22.51), (0 22.51, -0.5 22.51))""}}",True,
846,30.489518512040377,2.8937180414795876,8.9849117863923311,1.9555203281342985,2.3633709941059351,11.352747939527035,3.9519311524927616,0.42898400314152241,0.78637451957911253,0.017154923640191555,0.98217205423861742,0.53036547265946865,0.76206441130489111,0.76739631965756416,0.7732051108032465,0.084987975656986237,0.55609304644167423,0.031716789118945599,0.090776676312088966,0.6150410259142518,0.72500916384160519,0.29078329633921385,0.30123185366392136,True,,1,0,Slot__Patch;Slot__CPW_Feed_Pin;Patch__CPW_Feed_Pin,True,Slot__CPW_Feed_Pin,,Slot__CPW_Feed_Pin,,"{""Slot__CPW_Feed_Pin"": {""geometry_type"": ""MultiLineString"", ""relations"": ""overlaps"", ""wkt"": ""MULTILINESTRING ((0.5 23.21, 0 23.21), (0 23.21, -0.5 23.21))""}}",True,
847,53.45382833853364,1.7364358436316252,3.1544471997767687,3.7250431725755337,1.4482260346412659,18.834678023122251,5.3894476555287838,0.81820837128907442,0.19022451806813478,0.51932466216385365,0.41840887069702148,0.38430843502283096,0.35018060356378555,0.038778867572546005,0.27092651277780533,0.87958270963281393,0.051590133458375931,0.63466125912964344,0.91556170862168074,0.11510482430458069,0.10023245308548212,0.65295449551194906,0.92070400901138783,True,,1,0,Slot__Patch;Slot__CPW_Feed_Pin;Patch__CPW_Feed_Pin,True,Slot__CPW_Feed_Pin,,Slot__CPW_Feed_Pin,,"{""Slot__CPW_Feed_Pin"": {""geometry_type"": ""MultiLineString"", ""relations"": ""overlaps"", ""wkt"": ""MULTILINESTRING ((0.5 22.58, 0 22.58), (0 22.58, -0.5 22.58))""}}",True,
848,52.758305137977004,2.9817375987768173,6.6896644067019224,1.723000972904265,2.659785958006978,9.4412008719518781,4.120590727776289,0.40498974919319153,0.037313542328774929,0.094231411814689636,0.39347156416624784,0.068408013321459293,0.72790408972650766,0.1381836635991931,0.96001257468014956,0.29665550123900175,0.18332244455814362,0.90950033441185951,0.0023238779976963997,0.69467203225940466,0.33351783081889153,0.51407106034457684,0.8985005971044302,True,,1,0,Slot__Patch;Slot__CPW_Feed_Pin;Patch__CPW_Feed_Pin,True,Slot__CPW_Feed_Pin,,Slot__CPW_Feed_Pin,,"{""Slot__CPW_Feed_Pin"": {""geometry_type"": ""MultiLineString"", ""relations"": ""overlaps"", ""wkt"": ""MULTILINESTRING ((0.5 23.76, 0 23.76), (0 23.76, -0.5 23.76))""}}",True,
849,29.777837684378028,1.6371858324855566,5.3585080783814192,2.6804214902222157,1.5287577584385872,16.966584054753184,2.5580461807549,0.8556303596124053,0.93921253923326731,0.59585148561745882,0.9562066700309515,0.9537230571731925,0.12848119251430035,0.93349442165344954,0.45863103028386831,0.74652181938290596,0.67784355394542217,0.2605398865416646,0.99132056906819344,0.19462299905717373,0.95830598007887602,0.4326616246253252,0.2526077888906002,True,,1,0,Slot__Patch;Slot__CPW_Feed_Pin;Patch__CPW_Feed_Pin,True,Slot__CPW_Feed_Pin,,Slot__CPW_Feed_Pin,,"{""Slot__CPW_Feed_Pin"": {""geometry_type"": ""MultiLineString"", ""relations"": ""overlaps"", ""wkt"": ""MULTILINESTRING ((0.5 19.73, 0 19.73), (0 19.73, -0.5 19.73))""}}",True,
850,18.951213103719056,2.3113437090069056,7.9205400589853525,2.5003177810460331,1.1502675414085388,19.455674523487687,5.0254891104996204,0.65690391883254051,0.54073785059154034,0.94773657247424126,0.60886497888714075,0.61322163976728916,0.91535564418882132,0.403462965041399,0.086550881154835224,0.039602981880307198,0.93517208751291037,0.57409914862364531,0.65023875515908003,0.96938027441501617,0.18964364565908909,0.1663691308349371,0.71370797418057919,True,,1,0,Slot__Patch;Slot__CPW_Feed_Pin;Patch__CPW_Feed_Pin,True,Slot__CPW_Feed_Pin,,Slot__CPW_Feed_Pin,,"{""Slot__CPW_Feed_Pin"": {""geometry_type"": ""MultiLineString"", ""relations"": ""overlaps"", ""wkt"": ""MULTILINESTRING ((0.5 22.49, 0 22.49), (0 22.49, -0.5 22.49))""}}",True,
851,41.129657146520913,1.093651007860899,3.943050691857934,3.4976482620462779,2.0382842812687159,11.995751545764506,3.587972741574049,0.08027870487421751,0.45142467319965363,0.44544845167547464,0.045622583478689194,0.47400035336613655,0.44103191792964935,0.66723858937621117,0.58794446941465139,0.99534579832106829,0.42209529224783182,0.22118514962494373,0.35610100068151951,0.46944575849920511,0.56540839094668627,0.78051629103720188,0.062917064875364304,True,,1,0,Slot__Patch;Slot__CPW_Feed_Pin;Patch__CPW_Feed_Pin,True,Slot__CPW_Feed_Pin,,Slot__CPW_Feed_Pin,,"{""Slot__CPW_Feed_Pin"": {""geometry_type"": ""MultiLineString"", ""relations"": ""overlaps"", ""wkt"": ""MULTILINESTRING ((0.5 20.72, 0 20.72), (0 20.72, -0.5 20.72))""}}",True,
852,46.144967651925981,2.1198084019124508,4.593765065073967,3.8922794073820119,2.4460810087621212,7.9576295055449009,5.8911469019949436,0.53304307162761688,0.74096702691167593,0.74122085142880678,0.73240901343524456,0.34967766609042883,0.84744582790881395,0.83219548221677542,0.68714467715471983,0.87382849305868149,0.35060900449752808,0.00061342399567365646,0.59981079585850239,0.50492219626903534,0.44059972651302814,0.74554403126239777,0.60690909717231989,True,,1,0,Slot__Patch;Slot__CPW_Feed_Pin;Patch__CPW_Feed_Pin,True,Slot__CPW_Feed_Pin,,Slot__CPW_Feed_Pin,,"{""Slot__CPW_Feed_Pin"": {""geometry_type"": ""MultiLineString"", ""relations"": ""overlaps"", ""wkt"": ""MULTILINESTRING ((0.5 24.46, 0 24.46), (0 24.46, -0.5 24.46))""}}",True,
853,24.131293050013483,1.2769542280584574,7.4485365450382233,2.1271100433543326,1.3653763439506292,15.439101378433406,3.4536305628716946,0.20633680280297995,0.26680523995310068,0.23960229754447937,0.16815665643662214,0.73487043473869562,0.25881941057741642,0.0960044851526618,0.184616276063025,0.16941320057958364,0.85413533262908459,0.66527640260756016,0.39383412431925535,0.0049783224239945412,0.8163110064342618,0.32622110471129417,0.24195295106619596,True,,1,0,Slot__Patch;Slot__CPW_Feed_Pin;Patch__CPW_Feed_Pin,True,Slot__CPW_Feed_Pin,,Slot__CPW_Feed_Pin,,"{""Slot__CPW_Feed_Pin"": {""geometry_type"": ""MultiLineString"", ""relations"": ""overlaps"", ""wkt"": ""MULTILINESTRING ((0.5 20.1, 0 20.1), (0 20.1, -0.5 20.1))""}}",True,
854,34.969021808356047,2.665235286578536,3.2019397281110287,2.932150341384113,1.9868475180119276,21.263456954620779,4.9862561784684658,0.2810392789542675,0.24341828934848309,0.34085033182054758,0.26604020968079567,0.83196057751774788,0.5349334953352809,0.56694955378770828,0.29693449568003416,0.61867998633533716,0.59486075397580862,0.47664031013846397,0.24761125072836876,0.78414703812450171,0.082614187151193619,0.093124069273471832,0.79662843141704798,True,,1,0,Slot__Patch;Slot__CPW_Feed_Pin;Patch__CPW_Feed_Pin,True,Slot__CPW_Feed_Pin,,Slot__CPW_Feed_Pin,,"{""Slot__CPW_Feed_Pin"": {""geometry_type"": ""MultiLineString"", ""relations"": ""overlaps"", ""wkt"": ""MULTILINESTRING ((0.5 23.64, 0 23.64), (0 23.64, -0.5 23.64))""}}",True,
855,57.762704249471426,1.9453339278697968,8.6558030359447002,1.4520703937858344,2.8246017284691334,13.730257786810398,2.4237116016447544,0.98177811037749052,0.7799980491399765,0.84313597902655602,0.82971660140901804,0.19286155141890049,0.07132996991276741,0.3622269332408905,0.79944346193224192,0.4162044208496809,0.10598496440798044,0.81400531996041536,0.75872898567467928,0.28407350741326809,0.70734899025410414,0.97873270884156227,0.42677418421953917,True,,1,0,Slot__Patch;Slot__CPW_Feed_Pin;Patch__CPW_Feed_Pin,True,Slot__CPW_Feed_Pin,,Slot__CPW_Feed_Pin,,"{""Slot__CPW_Feed_Pin"": {""geometry_type"": ""MultiLineString"", ""relations"": ""overlaps"", ""wkt"": ""MULTILINESTRING ((0.5 21.19, 0 21.19), (0 21.19, -0.5 21.19))""}}",True,
856,55.532289119437337,2.4484970103949308,3.5322959739714861,2.1055944345891477,1.7298831418156624,12.717259526252747,5.6294700093567371,0.59211102314293385,0.66702424176037312,0.37793036643415689,0.79021405428647995,0.0083015905693173409,0.33944661356508732,0.53189729154109955,0.031063167378306389,0.81029950082302094,0.96462693531066179,0.17316928505897522,0.50469501037150621,0.90680033527314663,0.3961071390658617,0.27090989332646132,0.82998061645776033,True,,1,0,Slot__Patch;Slot__CPW_Feed_Pin;Patch__CPW_Feed_Pin,True,Slot__CPW_Feed_Pin,,Slot__CPW_Feed_Pin,,"{""Slot__CPW_Feed_Pin"": {""geometry_type"": ""MultiLineString"", ""relations"": ""overlaps"", ""wkt"": ""MULTILINESTRING ((0.5 23.8, 0 23.8), (0 23.8, -0.5 23.8))""}}",True,
857,32.628341065719724,1.1664586439728737,8.6129023600369692,3.5862981447950011,2.5835351664572954,20.257774642668664,3.1920151524245739,0.16875322628766298,0.32518405839800835,0.87631599232554436,0.3524179058149457,0.90435863565653563,0.79819021839648485,0.27226396650075912,0.52869349345564842,0.23245772626250982,0.45936331432312727,0.52422218862921,0.48603548482060432,0.40675018634647131,0.77083789277821779,0.65628966595977545,0.44859850313514471,True,,1,0,Slot__Patch;Slot__CPW_Feed_Pin;Patch__CPW_Feed_Pin,True,Slot__CPW_Feed_Pin,,Slot__CPW_Feed_Pin,,"{""Slot__CPW_Feed_Pin"": {""geometry_type"": ""MultiLineString"", ""relations"": ""overlaps"", ""wkt"": ""MULTILINESTRING ((0.5 20.94, 0 20.94), (0 20.94, -0.5 20.94))""}}",True,
858,21.703526512719691,2.7742870040237904,5.1133593823760748,1.471096724830568,2.20425103046,18.054329711012542,4.7245721034705639,0.34404212050139904,0.16068572830408812,0.54005972016602755,0.20775471813976765,0.5600458662956953,0.026957172900438309,0.79692385997623205,0.89099991135299206,0.55757518950849771,0.21668256260454655,0.33779862429946661,0.15573030989617109,0.63225328270345926,0.002110946923494339,0.92320788931101561,0.51867951918393373,True,,1,0,Slot__Patch;Slot__CPW_Feed_Pin;Patch__CPW_Feed_Pin,True,Slot__CPW_Feed_Pin,,Slot__CPW_Feed_Pin,,"{""Slot__CPW_Feed_Pin"": {""geometry_type"": ""MultiLineString"", ""relations"": ""overlaps"", ""wkt"": ""MULTILINESTRING ((0.5 23.71, 0 23.71), (0 23.71, -0.5 23.71))""}}",True,
859,44.003205061890185,1.6190504897385836,6.8413977976888418,3.235622179880739,1.1091744303703308,10.580190327018499,2.1620881147682667,0.89338464383035898,0.81591664720326662,0.042349770665168762,0.64593610074371099,0.41789506375789642,0.61067788582295179,0.0062608188018202782,0.3933584950864315,0.47779368422925472,0.70339380577206612,0.98483694158494473,0.85355486907064915,0.13231749832630157,0.62781817000359297,0.0041443472728133202,0.13438294734805822,True,,1,0,Slot__Patch;Slot__CPW_Feed_Pin;Patch__CPW_Feed_Pin,True,Slot__CPW_Feed_Pin,,Slot__CPW_Feed_Pin,,"{""Slot__CPW_Feed_Pin"": {""geometry_type"": ""MultiLineString"", ""relations"": ""overlaps"", ""wkt"": ""MULTILINESTRING ((0.5 18.89, 0 18.89), (0 18.89, -0.5 18.89))""}}",True,
860,37.757356236688793,2.590459318831563,7.8715911693871021,2.8619476662948733,1.3751903679221869,14.993787654675543,4.3587922416627407,0.46991710551083088,0.12108583934605122,0.77000629529356956,0.08421055693179369,0.28966165613383055,0.20410351268947124,0.49317417666316032,0.36657842993736267,0.35616193991154432,0.50730044860392809,0.76821724232286215,0.094342129305005074,0.84644337836652994,0.25312897190451622,0.46917019505053759,0.66070339269936085,True,,1,0,Slot__Patch;Slot__CPW_Feed_Pin;Patch__CPW_Feed_Pin,True,Slot__CPW_Feed_Pin,,Slot__CPW_Feed_Pin,,"{""Slot__CPW_Feed_Pin"": {""geometry_type"": ""MultiLineString"", ""relations"": ""overlaps"", ""wkt"": ""MULTILINESTRING ((0.5 22.33, 0 22.33), (0 22.33, -0.5 22.33))""}}",True,
861,15.644417102448642,1.8101489581167698,4.267736379057169,1.8639729663729669,2.311392392963171,22.461037309840322,2.7963082231581211,0.76921862829476595,0.90237627550959587,0.27162290457636118,0.52340185642242432,0.68559679854661226,0.68340922240167856,0.70254260674118996,0.86504554934799671,0.68653854355216026,0.010611462406814098,0.43283635191619396,0.89638788532465696,0.34650169312953949,0.87890491914004087,0.58305794093757868,0.060747049748897552,True,,1,0,Slot__Patch;Slot__CPW_Feed_Pin;Patch__CPW_Feed_Pin,True,Slot__CPW_Feed_Pin,,Slot__CPW_Feed_Pin,,"{""Slot__CPW_Feed_Pin"": {""geometry_type"": ""MultiLineString"", ""relations"": ""overlaps"", ""wkt"": ""MULTILINESTRING ((0.5 20.92, 0 20.92), (0 20.92, -0.5 20.92))""}}",True,
862,26.558363176882267,2.1398816630244255,6.0768436565995216,3.3136324983090164,2.9320705719292164,16.102012759074569,5.2636824883520603,0.71795360557734966,0.61376676987856627,0.18601131439208984,0.91764525230973959,0.77869246900081635,0.39165423810482025,0.22817908506840467,0.742969810962677,0.10546275414526463,0.25133093632757664,0.74421360343694687,0.74524774774909019,0.56762382946908474,0.14502141810953617,0.81675018835812807,0.97489033825695515,True,,1,0,Slot__Patch;Slot__CPW_Feed_Pin;Patch__CPW_Feed_Pin,True,Slot__CPW_Feed_Pin,,Slot__CPW_Feed_Pin,,"{""Slot__CPW_Feed_Pin"": {""geometry_type"": ""MultiLineString"", ""relations"": ""overlaps"", ""wkt"": ""MULTILINESTRING ((0.5 24.34, 0 24.34), (0 24.34, -0.5 24.34))""}}",True,
863,49.297501556575298,1.4824669044464827,5.8720656260848045,2.3568366734310988,1.7545050363987684,8.5839513363316655,3.8262276612222195,0.04461964312940836,0.39408179093152285,0.68371998239308596,0.47890783287584782,0.13666358403861523,0.99586077686399221,0.96851428877562284,0.24452117271721363,0.92996286321431398,0.76266709342598915,0.081595779396593571,0.26403695810586214,0.067552401684224606,0.51982077676802874,0.23556964937597513,0.37201953679323196,True,,1,0,Slot__Patch;Slot__CPW_Feed_Pin;Patch__CPW_Feed_Pin,True,Slot__CPW_Feed_Pin,,Slot__CPW_Feed_Pin,,"{""Slot__CPW_Feed_Pin"": {""geometry_type"": ""MultiLineString"", ""relations"": ""overlaps"", ""wkt"": ""MULTILINESTRING ((0.5 21.06, 0 21.06), (0 21.06, -0.5 21.06))""}}",True,
864,49.867388620041311,2.5288678705692291,3.7775732707232237,1.4045453710481526,2.4096589051187038,10.329765602946281,5.1217994168400764,0.17571599408984184,0.96580905001610518,0.22470111213624477,0.23914935439825058,0.91341619472950697,0.43749519344419241,0.47384772263467312,0.29163146857172251,0.37367543298751116,0.86062191892415285,0.31474300660192966,0.76893147546797991,0.22594627644866705,0.74527908768504858,0.84919270128011703,0.15059147775173187,True,,1,0,Slot__Patch;Slot__CPW_Feed_Pin;Patch__CPW_Feed_Pin,True,Slot__CPW_Feed_Pin,,Slot__CPW_Feed_Pin,,"{""Slot__CPW_Feed_Pin"": {""geometry_type"": ""MultiLineString"", ""relations"": ""overlaps"", ""wkt"": ""MULTILINESTRING ((0.5 24.06, 0 24.06), (0 24.06, -0.5 24.06))""}}",True,
865,27.045902400277555,1.8718009646981955,8.0830906312912703,2.965864330157638,1.2788767423480749,17.869820720516145,3.5592829436063766,0.56390803586691618,0.057649252004921436,0.72290365677326918,0.67693500686436892,0.048609104938805103,0.95819710195064545,0.70641191117465496,0.78912220429629087,0.66901599057018757,0.37195826601237059,0.98030478041619062,0.22472870722413063,0.72588037513196468,0.12097900360822678,0.2040473110973835,0.50054813362658024,True,,1,0,Slot__Patch;Slot__CPW_Feed_Pin;Patch__CPW_Feed_Pin,True,Slot__CPW_Feed_Pin,,Slot__CPW_Feed_Pin,,"{""Slot__CPW_Feed_Pin"": {""geometry_type"": ""MultiLineString"", ""relations"": ""overlaps"", ""wkt"": ""MULTILINESTRING ((0.5 20.71, 0 20.71), (0 20.71, -0.5 20.71))""}}",True,
866,16.217110846191645,2.2012480441480875,5.5708688143640757,2.170995217561722,1.8996460121124983,20.471521052531898,4.029163584113121,0.88861151039600372,0.45654165185987949,0.82433050312101841,0.75923122651875019,0.39322680979967117,0.24995399359613657,0.23985754791647196,0.66117934230715036,0.11907624080777168,0.11659237928688526,0.16698965895920992,0.38365085702389479,0.43812307715415955,0.85607224050909281,0.43911281228065491,0.46186229586601257,True,,1,0,Slot__Patch;Slot__CPW_Feed_Pin;Patch__CPW_Feed_Pin,True,Slot__CPW_Feed_Pin,,Slot__CPW_Feed_Pin,,"{""Slot__CPW_Feed_Pin"": {""geometry_type"": ""MultiLineString"", ""relations"": ""overlaps"", ""wkt"": ""MULTILINESTRING ((0.5 22.13, 0 22.13), (0 22.13, -0.5 22.13))""}}",True,
867,38.23661657050252,1.4210399650037289,6.4802362415939569,3.8549054624512795,2.788881529122591,12.996926140040159,2.5916189029812813,0.37445000465959311,0.55131072178483009,0.32643742766231298,0.3210374703630805,0.50412765704095364,0.64573983661830425,0.94137866888195276,0.16370732616633177,0.91635652910917997,0.61990168318152428,0.50330233201384544,0.62270463444292545,0.9381715739145875,0.48079551570117474,0.61403573676943779,0.81473341025412083,True,,1,0,Slot__Patch;Slot__CPW_Feed_Pin;Patch__CPW_Feed_Pin,True,Slot__CPW_Feed_Pin,,Slot__CPW_Feed_Pin,,"{""Slot__CPW_Feed_Pin"": {""geometry_type"": ""MultiLineString"", ""relations"": ""overlaps"", ""wkt"": ""MULTILINESTRING ((0.5 20.8, 0 20.8), (0 20.8, -0.5 20.8))""}}",True,
868,43.427771357819438,2.385177981108427,8.8185421675443649,3.542644508555532,2.6954727787524462,8.8268806273117661,4.8977510631084442,0.76225778087973595,0.2617512671276927,0.6107355086132884,0.88667686004191637,0.63212474901229143,0.052161621861159801,0.55915593542158604,0.064507058821618557,0.79656347446143627,0.66989210713654757,0.72045609075576067,0.36642158217728138,0.036179482936859131,0.60694624576717615,0.89119536243379116,0.35875596757978201,True,,1,0,Slot__Patch;Slot__CPW_Feed_Pin;Patch__CPW_Feed_Pin,True,Slot__CPW_Feed_Pin,,Slot__CPW_Feed_Pin,,"{""Slot__CPW_Feed_Pin"": {""geometry_type"": ""MultiLineString"", ""relations"": ""overlaps"", ""wkt"": ""MULTILINESTRING ((0.5 23.98, 0 23.98), (0 23.98, -0.5 23.98))""}}",True,
869,21.221512807533145,1.2298391852527857,3.0362737476825714,2.4640545984730124,1.6159907355904579,16.293673859909177,2.4602064117789268,0.49811820220202208,0.73046084959059954,0.11253525875508785,0.44748267531394958,0.2674396513029933,0.59341039136052132,0.26070662029087543,0.56311400700360537,0.24618564639240503,0.15660210978239775,0.070441309362649918,0.62723811995238066,0.53625259641557932,0.2317229863256216,0.037073234096169472,0.99013779778033495,True,,1,0,Slot__Patch;Slot__CPW_Feed_Pin;Patch__CPW_Feed_Pin,True,Slot__CPW_Feed_Pin,,Slot__CPW_Feed_Pin,,"{""Slot__CPW_Feed_Pin"": {""geometry_type"": ""MultiLineString"", ""relations"": ""overlaps"", ""wkt"": ""MULTILINESTRING ((0.5 19.3, 0 19.3), (0 19.3, -0.5 19.3))""}}",True,
870,32.061193962581456,2.837831100448966,7.2389307282865047,2.6340067649260166,1.2367375791072845,22.239794572815299,5.9903945550322533,0.049390852451324463,0.75345679558813572,0.46424057986587286,0.11562151368707418,0.17452684603631496,0.36464152950793505,0.79317567218095064,0.9508185600861907,0.53993820305913687,0.41783552058041096,0.7588332612067461,0.9810112826526165,0.25287294294685125,0.99435070808976889,0.30139750055968761,0.044538266025483608,True,,1,0,Slot__Patch;Slot__CPW_Feed_Pin;Patch__CPW_Feed_Pin,True,Slot__CPW_Feed_Pin,,Slot__CPW_Feed_Pin,,"{""Slot__CPW_Feed_Pin"": {""geometry_type"": ""MultiLineString"", ""relations"": ""overlaps"", ""wkt"": ""MULTILINESTRING ((0.5 24.07, 0 24.07), (0 24.07, -0.5 24.07))""}}",True,
871,55.047503267414868,1.5554448813199997,4.8063034527003765,1.7578261889517308,2.074734041467309,14.721274045296013,3.4278780519962311,0.68754761572927237,0.22314176335930824,0.96213231422007084,0.55435417033731937,0.7853056862950325,0.78092844225466251,0.02571029681712389,0.45220076013356447,0.49543686956167221,0.91257257387042046,0.40682005416601896,0.025343735702335835,0.75281628035008907,0.37010397017002106,0.62671865709125996,0.67883455473929644,True,,1,0,Slot__Patch;Slot__CPW_Feed_Pin;Patch__CPW_Feed_Pin,True,Slot__CPW_Feed_Pin,,Slot__CPW_Feed_Pin,,"{""Slot__CPW_Feed_Pin"": {""geometry_type"": ""MultiLineString"", ""relations"": ""overlaps"", ""wkt"": ""MULTILINESTRING ((0.5 21.06, 0 21.06), (0 21.06, -0.5 21.06))""}}",True,
872,58.244742262177169,2.0581125300377607,7.0070580560714006,2.4043723117560152,1.4799997415393591,11.740920399315655,4.6282619088888168,0.8623394500464201,0.32983753643929958,0.25527219381183386,0.57728760968893766,0.97837217804044485,0.51290478184819221,0.82038113195449114,0.72108453698456287,0.85631405375897884,0.01681935042142868,0.57841768674552441,0.27129056770354509,0.37557285092771053,0.55781123135238886,0.12360772956162691,0.081796127371490002,True,,1,0,Slot__Patch;Slot__CPW_Feed_Pin;Patch__CPW_Feed_Pin,True,Slot__CPW_Feed_Pin,,Slot__CPW_Feed_Pin,,"{""Slot__CPW_Feed_Pin"": {""geometry_type"": ""MultiLineString"", ""relations"": ""overlaps"", ""wkt"": ""MULTILINESTRING ((0.5 22.17, 0 22.17), (0 22.17, -0.5 22.17))""}}",True,
873,35.544404718093574,1.3385895416140556,4.9506259728223085,3.2799080489203338,2.3334095440804958,19.266760004684329,2.1907777860760689,0.37655215803533792,0.6779385432600975,0.75707539357244968,0.014562984928488731,0.12430720869451761,0.1015388248488307,0.12348960805684328,0.21953263878822327,0.18693479243665934,0.52794421277940273,0.24396610911935568,0.71942419186234474,0.87550905253738165,0.18356808088719845,0.94915778283029795,0.69675175193697214,True,,1,0,Slot__Patch;Slot__CPW_Feed_Pin;Patch__CPW_Feed_Pin,True,Slot__CPW_Feed_Pin,,Slot__CPW_Feed_Pin,,"{""Slot__CPW_Feed_Pin"": {""geometry_type"": ""MultiLineString"", ""relations"": ""overlaps"", ""wkt"": ""MULTILINESTRING ((0.5 19.86, 0 19.86), (0 19.86, -0.5 19.86))""}}",True,
874,24.616049230098724,2.7266755737364292,8.4003582503646612,1.8200970130041243,2.9548506624996662,17.185080209746957,5.720897264778614,0.075286226347088814,0.84204968716949224,0.67127736192196608,0.42451481614261866,0.46499244496226311,0.82542283274233341,0.58662647195160389,0.35723397321999073,0.6050655534490943,0.77256856765598059,0.93063381407409906,0.88911511283367872,0.1634942376986146,0.91848226543515921,0.71352782566100359,0.26661902945488691,True,,1,0,Slot__Patch;Slot__CPW_Feed_Pin;Patch__CPW_Feed_Pin,True,Slot__CPW_Feed_Pin,,Slot__CPW_Feed_Pin,,"{""Slot__CPW_Feed_Pin"": {""geometry_type"": ""MultiLineString"", ""relations"": ""overlaps"", ""wkt"": ""MULTILINESTRING ((0.5 25.4, 0 25.4), (0 25.4, -0.5 25.4))""}}",True,
875,46.712160184979439,1.8839541990309954,3.7419075127691031,2.8993122354149823,1.8585514705628157,9.725616336800158,3.1584423035383224,0.68704286683350801,0.18136283848434687,0.16917232237756252,0.98776962980628014,0.57296365685760975,0.28901873249560595,0.35822079516947269,0.85876619815826416,0.42980979382991791,0.27609361801296473,0.2669941708445549,0.12015433050692081,0.6635449230670929,0.29326257109642029,0.35914628300815821,0.88647275511175394,True,,1,0,Slot__Patch;Slot__CPW_Feed_Pin;Patch__CPW_Feed_Pin,True,Slot__CPW_Feed_Pin,,Slot__CPW_Feed_Pin,,"{""Slot__CPW_Feed_Pin"": {""geometry_type"": ""MultiLineString"", ""relations"": ""overlaps"", ""wkt"": ""MULTILINESTRING ((0.5 20.9, 0 20.9), (0 20.9, -0.5 20.9))""}}",True,
876,40.642158323898911,2.9183437097817659,5.7095093317329884,3.1906353091821078,1.6258033290505409,13.977935928851366,5.3521877154707909,0.19962581805884838,0.87618023715913296,0.89268005825579166,0.29706929437816143,0.69704919401556253,0.88245223462581635,0.14231473300606012,0.88554644212126732,0.31039058137685061,0.45071402937173843,0.48800840321928263,0.86093443818390369,0.31520227435976267,0.66954040434211493,0.13630783092230558,0.41276269033551216,True,,1,0,Slot__Patch;Slot__CPW_Feed_Pin;Patch__CPW_Feed_Pin,True,Slot__CPW_Feed_Pin,,Slot__CPW_Feed_Pin,,"{""Slot__CPW_Feed_Pin"": {""geometry_type"": ""MultiLineString"", ""relations"": ""overlaps"", ""wkt"": ""MULTILINESTRING ((0.5 23.9, 0 23.9), (0 23.9, -0.5 23.9))""}}",True,
877,18.381269881501794,1.7005182094871998,6.2423267997801304,1.5073506865650417,2.560786547139287,21.459867800585926,3.7897327244281769,0.56148258689790964,0.1003420278429985,0.39087843801826239,0.86132449191063643,0.34310635086148977,0.48186751361936331,0.91393671277910471,0.38318815641105175,0.73279293812811375,0.9376355018466711,0.83803749084472656,0.12978079449385405,0.81527411937713623,0.044251985847949982,0.81149013992398977,0.80865604989230633,True,,1,0,Slot__Patch;Slot__CPW_Feed_Pin;Patch__CPW_Feed_Pin,True,Slot__CPW_Feed_Pin,,Slot__CPW_Feed_Pin,,"{""Slot__CPW_Feed_Pin"": {""geometry_type"": ""MultiLineString"", ""relations"": ""overlaps"", ""wkt"": ""MULTILINESTRING ((0.5 22.05, 0 22.05), (0 22.05, -0.5 22.05))""}}",True,
878,29.298542314209044,2.3749931827187538,4.477158822119236,3.6327233307063587,2.1822043154388666,15.213453113101423,4.25954470038414,0.98677247948944569,0.38937306310981512,0.054809560999274254,0.70081553235650063,0.24632209725677967,0.69499496929347515,0.3760970514267683,0.0052563808858394623,0.057239022105932236,0.69886344578117132,0.026416098698973656,0.47864456102252007,0.098851224407553673,0.80682272557169199,0.54650986474007368,0.22307411208748817,True,,1,0,Slot__Patch;Slot__CPW_Feed_Pin;Patch__CPW_Feed_Pin,True,Slot__CPW_Feed_Pin,,Slot__CPW_Feed_Pin,,"{""Slot__CPW_Feed_Pin"": {""geometry_type"": ""MultiLineString"", ""relations"": ""overlaps"", ""wkt"": ""MULTILINESTRING ((0.5 22.82, 0 22.82), (0 22.82, -0.5 22.82))""}}",True,
879,52.185672917403281,1.0300630461424589,7.6592361554503441,2.0707586029544474,1.0043927133083344,7.6807094737887383,2.8220606073737144,0.25089841056615114,0.60279327724128962,0.55691206734627485,0.13714391831308603,0.85417119786143303,0.16932631377130747,0.67917787097394466,0.50762647204101086,0.9777016518637538,0.19338470790535212,0.6743857255205512,0.53062536288052797,0.5987934460863471,0.4325109701603651,0.40113560762256384,0.62386557273566723,True,,1,0,Slot__Patch;Slot__CPW_Feed_Pin;Patch__CPW_Feed_Pin,True,Slot__CPW_Feed_Pin,,Slot__CPW_Feed_Pin,,"{""Slot__CPW_Feed_Pin"": {""geometry_type"": ""MultiLineString"", ""relations"": ""overlaps"", ""wkt"": ""MULTILINESTRING ((0.5 18.86, 0 18.86), (0 18.86, -0.5 18.86))""}}",True,
880,54.29018213879317,2.2515582293272018,5.184199433773756,2.7271075570955876,2.8565470594912767,20.816633580252528,3.6840715184807777,0.96437947452068329,0.63841662090271711,0.072207496501505375,0.1747670341283083,0.66131300199776888,0.78385136276483536,0.52862462494522333,0.19305205624550581,0.31481073703616858,0.071694587357342243,0.89856913033872843,0.42646961938589811,0.21061722934246063,0.13453202228993177,0.25785810314118862,0.57035493291914463,True,,1,0,Slot__Patch;Slot__CPW_Feed_Pin;Patch__CPW_Feed_Pin,True,Slot__CPW_Feed_Pin,,Slot__CPW_Feed_Pin,,"{""Slot__CPW_Feed_Pin"": {""geometry_type"": ""MultiLineString"", ""relations"": ""overlaps"", ""wkt"": ""MULTILINESTRING ((0.5 22.8, 0 22.8), (0 22.8, -0.5 22.8))""}}",True,
881,31.408222834579647,1.0944159831851721,6.8668683730065823,1.653515336662531,1.9569966569542885,13.35671239066869,5.246526375412941,0.29013711865991354,0.3537921579554677,0.57388335838913918,0.73753267433494329,0.30053416918963194,0.32070465292781591,0.2921531880274415,0.69434222672134638,0.64250177145004272,0.56719281803816557,0.29857051372528076,0.56424710340797901,0.71069076005369425,0.50882470980286598,0.68497071601450443,0.20574963092803955,True,,1,0,Slot__Patch;Slot__CPW_Feed_Pin;Patch__CPW_Feed_Pin,True,Slot__CPW_Feed_Pin,,Slot__CPW_Feed_Pin,,"{""Slot__CPW_Feed_Pin"": {""geometry_type"": ""MultiLineString"", ""relations"": ""overlaps"", ""wkt"": ""MULTILINESTRING ((0.5 22.3, 0 22.3), (0 22.3, -0.5 22.3))""}}",True,
882,20.484674535691738,2.9550934825092554,3.4142625331878662,3.44339457936585,1.3353118598461151,8.3458019653335214,2.7159149199724197,0.2242145948112011,0.12719627656042576,0.97261626739054918,0.8275388702750206,0.14143234305083752,0.59633116982877254,0.76359045319259167,0.82227400224655867,0.067468231543898582,0.82745145447552204,0.60994783602654934,0.79594974685460329,0.484684600494802,0.27974892128258944,0.91821282915771008,0.76055083610117435,True,,1,0,Slot__Patch;Slot__CPW_Feed_Pin;Patch__CPW_Feed_Pin,True,Slot__CPW_Feed_Pin,,Slot__CPW_Feed_Pin,,"{""Slot__CPW_Feed_Pin"": {""geometry_type"": ""MultiLineString"", ""relations"": ""overlaps"", ""wkt"": ""MULTILINESTRING ((0.5 21.01, 0 21.01), (0 21.01, -0.5 21.01))""}}",True,
883,42.762407250702381,1.6749988906085491,8.4463870078325272,2.5723722537979485,2.4782399628311396,15.871183359995484,4.1533989086747169,0.52248951327055693,0.84940657392144203,0.47038774937391281,0.264326979406178,0.75611741840839386,0.008222595788538456,0.0581639613956213,0.32097202632576227,0.89709530118852854,0.31534982845187187,0.21194773819297552,0.21332166716456413,0.9846284743398428,0.90501825697720051,0.024768726900219917,0.39107801020145416,True,,1,0,Slot__Patch;Slot__CPW_Feed_Pin;Patch__CPW_Feed_Pin,True,Slot__CPW_Feed_Pin,,Slot__CPW_Feed_Pin,,"{""Slot__CPW_Feed_Pin"": {""geometry_type"": ""MultiLineString"", ""relations"": ""overlaps"", ""wkt"": ""MULTILINESTRING ((0.5 22.31, 0 22.31), (0 22.31, -0.5 22.31))""}}",True,
884,47.415054934099317,2.6469570659101009,6.1023198757320642,2.2150434732437136,2.0061539374291897,19.082128177396953,2.3354865908622742,0.098533183336257935,0.091097298078238964,0.71733250096440315,0.95105249341577291,0.88007394503802061,0.66430104896426201,0.4422790976241231,0.41894584614783525,0.76888726279139519,0.39631896186619997,0.058434514328837395,0.95398542657494545,0.021477743051946163,0.030684989877045155,0.49711879342794418,0.93494417984038591,True,,1,0,Slot__Patch;Slot__CPW_Feed_Pin;Patch__CPW_Feed_Pin,True,Slot__CPW_Feed_Pin,,Slot__CPW_Feed_Pin,,"{""Slot__CPW_Feed_Pin"": {""geometry_type"": ""MultiLineString"", ""relations"": ""overlaps"", ""wkt"": ""MULTILINESTRING ((0.5 20.99, 0 20.99), (0 20.99, -0.5 20.99))""}}",True,
885,25.324115278199315,1.9915047828108072,5.9429000560194254,3.7815216125920417,1.1803034152835608,11.548927221447229,4.7729706093668938,0.64695020671933889,0.93236529547721148,0.21565529797226191,0.38689170219004154,0.019173090346157551,0.1903750104829669,0.73682113457471132,0.92156585957854986,0.18835991900414228,0.89886803459376097,0.64285553153604269,0.036727962084114552,0.52141225896775723,0.6558856014162302,0.57073866203427315,0.28891406115144491,True,,1,0,Slot__Patch;Slot__CPW_Feed_Pin;Patch__CPW_Feed_Pin,True,Slot__CPW_Feed_Pin,,Slot__CPW_Feed_Pin,,"{""Slot__CPW_Feed_Pin"": {""geometry_type"": ""MultiLineString"", ""relations"": ""overlaps"", ""wkt"": ""MULTILINESTRING ((0.5 21.95, 0 21.95), (0 21.95, -0.5 21.95))""}}",True,
886,36.236580521799624,2.0682662185281515,7.7050814609974623,1.356569348089397,1.5586410444229841,9.8732836917042732,3.3036355897784233,0.83884876593947411,0.58084952272474766,0.36380455642938614,0.047305298037827015,0.42266280949115753,0.97675998695194721,0.2072817999869585,0.5338645251467824,0.51964170206338167,0.64447596855461597,0.45643201563507318,0.32358000613749027,0.29884101450443268,0.38366558682173491,0.83713045716285706,0.74965204019099474,True,,1,0,Slot__Patch;Slot__CPW_Feed_Pin;Patch__CPW_Feed_Pin,True,Slot__CPW_Feed_Pin,,Slot__CPW_Feed_Pin,,"{""Slot__CPW_Feed_Pin"": {""geometry_type"": ""MultiLineString"", ""relations"": ""overlaps"", ""wkt"": ""MULTILINESTRING ((0.5 20.93, 0 20.93), (0 20.93, -0.5 20.93))""}}",True,
887,58.953762338496745,1.2859553396701813,4.1496973168104887,3.0454769726842645,2.6278082020580769,17.354757352732122,5.8660904169082642,0.41444713901728392,0.42699951305985451,0.86603536922484636,0.61107322573661804,0.53746992163360119,0.37791787553578615,0.97084183432161808,0.031264184974133968,0.44498715735971928,0.15462490543723106,0.87010221928358078,0.68568806629627943,0.79889004770666361,0.75788966938853264,0.23081864044070244,0.098754397593438625,True,,1,0,Slot__Patch;Slot__CPW_Feed_Pin;Patch__CPW_Feed_Pin,True,Slot__CPW_Feed_Pin,,Slot__CPW_Feed_Pin,,"{""Slot__CPW_Feed_Pin"": {""geometry_type"": ""MultiLineString"", ""relations"": ""overlaps"", ""wkt"": ""MULTILINESTRING ((0.5 23.78, 0 23.78), (0 23.78, -0.5 23.78))""}}",True,
888,57.163170478306711,2.7886587511748075,8.0371993705630302,3.6811721734702596,1.7869958654046059,16.607423624955118,2.0659898072481155,0.026739882305264473,0.00049192272126674652,0.41656061261892319,0.50897900853306055,0.73011699412018061,0.140997807495296,0.17226573266088963,0.76311487704515457,0.82826584950089455,0.7901211753487587,0.13490971643477678,0.92393314372748137,0.42225774470716715,0.072122302837669849,0.51859366428107023,0.62694510165601969,True,,1,0,Slot__Patch;Slot__CPW_Feed_Pin;Patch__CPW_Feed_Pin,True,Slot__CPW_Feed_Pin,,Slot__CPW_Feed_Pin,,"{""Slot__CPW_Feed_Pin"": {""geometry_type"": ""MultiLineString"", ""relations"": ""overlaps"", ""wkt"": ""MULTILINESTRING ((0.5 20.64, 0 20.64), (0 20.64, -0.5 20.64))""}}",True,
889,34.160746461711824,1.568972684442997,4.1050807312130928,1.9928898612037302,2.9014224428683519,9.1332860291004181,4.5035343542695045,0.72850913275033236,0.97603463381528854,0.91487900633364916,0.071274425834417343,0.37226791586726904,0.74480665847659111,0.88087319023907185,0.26539293862879276,0.1284892363473773,0.28583516739308834,0.5348939336836338,0.069725187495350838,0.92232917249202728,0.69635758735239506,0.41251071449369192,0.026637825183570385,True,,1,0,Slot__Patch;Slot__CPW_Feed_Pin;Patch__CPW_Feed_Pin,True,Slot__CPW_Feed_Pin,,Slot__CPW_Feed_Pin,,"{""Slot__CPW_Feed_Pin"": {""geometry_type"": ""MultiLineString"", ""relations"": ""overlaps"", ""wkt"": ""MULTILINESTRING ((0.5 22.97, 0 22.97), (0 22.97, -0.5 22.97))""}}",True,
890,23.33538880571723,2.488320667296648,6.6201968528330326,3.1483356034383183,2.2808968517929316,14.429840203374624,3.0341459289193153,0.78661911003291607,0.51465749647468328,0.50053254142403603,0.48889809381216764,0.2171605471521616,0.45354067254811525,0.40699404943734407,0.12768838554620743,0.58538518566638231,0.046084045432507992,0.3462578970938921,0.29065905977040529,0.14804635010659695,0.46721718739718199,0.17894828598946333,0.94065541867166758,True,,1,0,Slot__Patch;Slot__CPW_Feed_Pin;Patch__CPW_Feed_Pin,True,Slot__CPW_Feed_Pin,,Slot__CPW_Feed_Pin,,"{""Slot__CPW_Feed_Pin"": {""geometry_type"": ""MultiLineString"", ""relations"": ""overlaps"", ""wkt"": ""MULTILINESTRING ((0.5 21.8, 0 21.8), (0 21.8, -0.5 21.8))""}}",True,
891,45.535832326859236,1.1457394827157259,5.3375244028866291,1.5812126252800227,1.4075286090373993,21.970353531651199,5.5966622978448868,0.46081741992384195,0.47750550601631403,0.0027591744437813759,0.92717101238667965,0.82110338285565376,0.93226559646427631,0.64712141174823046,0.62542117573320866,0.37973576970398426,0.53377091977745295,0.94830166827887297,0.71569458767771721,0.6479880353435874,0.84242900833487511,0.75230877008289099,0.33740322571247816,True,,1,0,Slot__Patch;Slot__CPW_Feed_Pin;Patch__CPW_Feed_Pin,True,Slot__CPW_Feed_Pin,,Slot__CPW_Feed_Pin,,"{""Slot__CPW_Feed_Pin"": {""geometry_type"": ""MultiLineString"", ""relations"": ""overlaps"", ""wkt"": ""MULTILINESTRING ((0.5 22.15, 0 22.15), (0 22.15, -0.5 22.15))""}}",True,
892,38.949639340862632,2.1723240930587053,3.3639639671891928,1.9188741223886612,1.0768647994846106,18.603663565590978,3.9144521877169609,0.91016426868736744,0.703573202714324,0.81049525458365679,0.3653845526278019,0.94897051062434912,0.27633233275264502,0.85332257114350796,0.59937547706067562,0.25115389283746481,0.73991172760725021,0.79083641804754734,0.4592837430536747,0.36153454147279263,0.21821326296776533,0.72466072905808687,0.8638495784252882,True,,1,0,Slot__Patch;Slot__CPW_Feed_Pin;Patch__CPW_Feed_Pin,True,Slot__CPW_Feed_Pin,,Slot__CPW_Feed_Pin,,"{""Slot__CPW_Feed_Pin"": {""geometry_type"": ""MultiLineString"", ""relations"": ""overlaps"", ""wkt"": ""MULTILINESTRING ((0.5 21.17, 0 21.17), (0 21.17, -0.5 21.17))""}}",True,
893,16.914018904790282,1.4543584026396275,8.7724681701511145,2.7892506793141369,2.2347179614007473,11.085600354708731,5.47696852684021,0.33458669949322939,0.30419953912496567,0.31217432767152786,0.80460638646036386,0.090999276377260685,0.85959623008966446,0.093416554853320122,0.10099973157048225,0.70565889030694962,0.2422450240701437,0.37530511897057295,0.53437792975455523,0.86147032584995031,0.59347854927182198,0.33147604111582041,0.48260468617081642,True,,1,0,Slot__Patch;Slot__CPW_Feed_Pin;Patch__CPW_Feed_Pin,True,Slot__CPW_Feed_Pin,,Slot__CPW_Feed_Pin,,"{""Slot__CPW_Feed_Pin"": {""geometry_type"": ""MultiLineString"", ""relations"": ""overlaps"", ""wkt"": ""MULTILINESTRING ((0.5 23.17, 0 23.17), (0 23.17, -0.5 23.17))""}}",True,
894,27.750266161747277,2.5975714847445488,4.5727755893021822,2.309522969648242,2.6142157204449177,12.22657669801265,2.94630366563797,0.15050059370696545,0.21871885564178228,0.14840388391166925,0.63644085638225079,0.49830036237835884,0.088850275613367558,0.61856087390333414,0.47894259355962276,0.0062471460551023483,0.48784749116748571,0.68886444438248873,0.82613936997950077,0.083783143199980259,0.32107185292989016,0.064672377891838551,0.55304793827235699,True,,1,0,Slot__Patch;Slot__CPW_Feed_Pin;Patch__CPW_Feed_Pin,True,Slot__CPW_Feed_Pin,,Slot__CPW_Feed_Pin,,"{""Slot__CPW_Feed_Pin"": {""geometry_type"": ""MultiLineString"", ""relations"": ""overlaps"", ""wkt"": ""MULTILINESTRING ((0.5 22.16, 0 22.16), (0 22.16, -0.5 22.16))""}}",True,
895,50.565937352366745,1.7528044264763594,7.37907481379807,3.38374081235379,1.6973598878830671,19.693828141316772,4.3838482424616814,0.60206288937479258,0.80469796154648066,0.64617883041501045,0.19773394148796797,0.60236533917486668,0.54707603715360165,0.32720171008259058,0.97729961946606636,0.95881611201912165,0.9982078829780221,0.10252129659056664,0.18021761160343885,0.58383329212665558,0.94536048360168934,0.99155609402805567,0.1688581295311451,True,,1,0,Slot__Patch;Slot__CPW_Feed_Pin;Patch__CPW_Feed_Pin,True,Slot__CPW_Feed_Pin,,Slot__CPW_Feed_Pin,,"{""Slot__CPW_Feed_Pin"": {""geometry_type"": ""MultiLineString"", ""relations"": ""overlaps"", ""wkt"": ""MULTILINESTRING ((0.5 21.84, 0 21.84), (0 21.84, -0.5 21.84))""}}",True,
896,50.758109749294817,2.3409544937312603,3.2189705427736044,2.5923931084573271,2.724573478102684,7.5808229902759194,3.0218200124800205,0.71316706109791994,0.58431655913591385,0.81622702535241842,0.064479640685021877,0.69357154052704573,0.66311737522482872,0.65590859856456518,0.3961107088252902,0.015711197629570961,0.54964808374643326,0.34091799706220627,0.97233395557850599,0.86351800244301558,0.51396113727241755,0.57744061201810837,0.50573270302265882,True,,1,0,Slot__Patch;Slot__CPW_Feed_Pin;Patch__CPW_Feed_Pin,True,Slot__CPW_Feed_Pin,,Slot__CPW_Feed_Pin,,"{""Slot__CPW_Feed_Pin"": {""geometry_type"": ""MultiLineString"", ""relations"": ""overlaps"", ""wkt"": ""MULTILINESTRING ((0.5 22.09, 0 22.09), (0 22.09, -0.5 22.09))""}}",True,
897,27.953419522382319,1.0586767587810755,8.6391412820667028,3.4231877872720364,1.5889695528894663,15.106202596798539,5.5843340717256069,0.039884688332676888,0.42347144149243832,0.31400232203304768,0.50370433367788792,0.32876433152705431,0.20095490943640471,0.415784633718431,0.89764734450727701,0.94104329217225313,0.06196041963994503,0.98879769537597895,0.02230093814432621,0.36345402337610722,0.13916133902966976,0.49432213976979256,0.15566200856119394,True,,1,0,Slot__Patch;Slot__CPW_Feed_Pin;Patch__CPW_Feed_Pin,True,Slot__CPW_Feed_Pin,,Slot__CPW_Feed_Pin,,"{""Slot__CPW_Feed_Pin"": {""geometry_type"": ""MultiLineString"", ""relations"": ""overlaps"", ""wkt"": ""MULTILINESTRING ((0.5 22.23, 0 22.23), (0 22.23, -0.5 22.23))""}}",True,
898,17.084223674610257,2.8894016947597265,4.6356969941407442,1.632978773675859,1.2184744644910097,21.345292059704661,2.1164019070565701,0.47298715356737375,0.087729440070688725,0.22834878694266081,0.93709772545844316,0.23807909339666367,0.97560668177902699,0.88966323435306549,0.52558627258986235,0.27281669061630964,0.3017113795503974,0.17741847690194845,0.36725812871009111,0.58179932460188866,0.90038906689733267,0.22995221614837646,0.81942752283066511,True,,1,0,Slot__Patch;Slot__CPW_Feed_Pin;Patch__CPW_Feed_Pin,True,Slot__CPW_Feed_Pin,,Slot__CPW_Feed_Pin,,"{""Slot__CPW_Feed_Pin"": {""geometry_type"": ""MultiLineString"", ""relations"": ""overlaps"", ""wkt"": ""MULTILINESTRING ((0.5 20.22, 0 20.22), (0 20.22, -0.5 20.22))""}}",True,
899,39.086890490725636,1.7339238971471786,7.4069737214595079,2.7474334064871075,2.0950757190585136,13.885372658260167,4.5539487637579441,0.77225211076438427,0.93567211832851171,0.73002846352756023,0.49839557707309723,0.84898005984723568,0.38846710789948702,0.18105345219373703,0.024038785137236118,0.69230271503329277,0.80599850509315729,0.52754130773246288,0.63811895623803139,0.081849713809788227,0.27461260557174683,0.84190217778086662,0.46644242946058512,True,,1,0,Slot__Patch;Slot__CPW_Feed_Pin;Patch__CPW_Feed_Pin,True,Slot__CPW_Feed_Pin,,Slot__CPW_Feed_Pin,,"{""Slot__CPW_Feed_Pin"": {""geometry_type"": ""MultiLineString"", ""relations"": ""overlaps"", ""wkt"": ""MULTILINESTRING ((0.5 22.39, 0 22.39), (0 22.39, -0.5 22.39))""}}",True,
900,45.332662872970104,2.6980008780956268,7.8804407045245171,3.0250990914180882,2.389286233112216,9.8179537430405617,2.9976923279464245,0.34880015719681978,0.13147971779108047,0.457693787291646,0.80963286943733692,0.97477234620600939,0.79455321282148361,0.31841101031750441,0.24725854862481356,0.56358350161463022,0.98281907290220261,0.74895232822746038,0.38280675932765007,0.92814769968390465,0.64930328633636236,0.68192992173135281,0.98507626727223396,True,,1,0,Slot__Patch;Slot__CPW_Feed_Pin;Patch__CPW_Feed_Pin,True,Slot__CPW_Feed_Pin,,Slot__CPW_Feed_Pin,,"{""Slot__CPW_Feed_Pin"": {""geometry_type"": ""MultiLineString"", ""relations"": ""overlaps"", ""wkt"": ""MULTILINESTRING ((0.5 22.09, 0 22.09), (0 22.09, -0.5 22.09))""}}",True,
901,23.143211044371128,1.9179318007081747,3.983519084751606,1.3770538792014122,1.2971698977053165,17.299422039650381,4.4352392144501209,0.89814807660877705,0.84506209753453732,0.9599207853898406,0.37193877901881933,0.1100873677060008,0.31964293029159307,0.60977357160300016,0.74963209684938192,0.39322773180902004,0.47245932184159756,0.085402047261595726,0.61183147598057985,0.42821889091283083,0.023595549166202545,0.26480419375002384,0.35356430523097515,True,,1,0,Slot__Patch;Slot__CPW_Feed_Pin;Patch__CPW_Feed_Pin,True,Slot__CPW_Feed_Pin,,Slot__CPW_Feed_Pin,,"{""Slot__CPW_Feed_Pin"": {""geometry_type"": ""MultiLineString"", ""relations"": ""overlaps"", ""wkt"": ""MULTILINESTRING ((0.5 21.65, 0 21.65), (0 21.65, -0.5 21.65))""}}",True,
902,34.023511405102909,2.024767929688096,6.671538982540369,3.801701168343425,1.9266371540725231,19.373778621666133,3.9031028337776661,0.58906971756368876,0.63391192350536585,0.62369122914969921,0.18798873573541641,0.45687161944806576,0.60700259171426296,0.084628712385892868,0.86192360986024141,0.81869438290596008,0.22685716953128576,0.77182745933532715,0.77761647291481495,0.642156514339149,0.7649792218580842,0.029784588143229485,0.67425960674881935,True,,1,0,Slot__Patch;Slot__CPW_Feed_Pin;Patch__CPW_Feed_Pin,True,Slot__CPW_Feed_Pin,,Slot__CPW_Feed_Pin,,"{""Slot__CPW_Feed_Pin"": {""geometry_type"": ""MultiLineString"", ""relations"": ""overlaps"", ""wkt"": ""MULTILINESTRING ((0.5 21.85, 0 21.85), (0 21.85, -0.5 21.85))""}}",True,
903,56.992971072904766,1.3675925396382809,5.3770025856792927,2.1949953822419048,2.7598118241876364,11.840583030134439,5.4656168632209301,0.16569103114306927,0.35823582019656897,0.12201021146029234,0.62627405393868685,0.56765034049749374,0.0071914801374077797,0.84453240409493446,0.35956878121942282,0.14636827912181616,0.7245226064696908,0.43728270474821329,0.22776394616812468,0.1420979592949152,0.39024802856147289,0.9171022642403841,0.039833245798945427,True,,1,0,Slot__Patch;Slot__CPW_Feed_Pin;Patch__CPW_Feed_Pin,True,Slot__CPW_Feed_Pin,,Slot__CPW_Feed_Pin,,"{""Slot__CPW_Feed_Pin"": {""geometry_type"": ""MultiLineString"", ""relations"": ""overlaps"", ""wkt"": ""MULTILINESTRING ((0.5 23.59, 0 23.59), (0 23.59, -0.5 23.59))""}}",True,
904,59.157092389650643,2.8702907431870699,6.0598125848919153,1.5611899012699724,1.6689988020807505,14.606935288757086,2.7282413206994534,0.27606033440679312,0.21427522320300341,0.65691797249019146,0.74390067532658577,0.63352740462869406,0.27124181296676397,0.049374271184206009,0.59117327630519867,0.50237956736236811,0.33072367776185274,0.57726621255278587,0.47364984732121229,0.51949427463114262,0.70149032678455114,0.33232623804360628,0.6993720680475235,True,,1,0,Slot__Patch;Slot__CPW_Feed_Pin;Patch__CPW_Feed_Pin,True,Slot__CPW_Feed_Pin,,Slot__CPW_Feed_Pin,,"{""Slot__CPW_Feed_Pin"": {""geometry_type"": ""MultiLineString"", ""relations"": ""overlaps"", ""wkt"": ""MULTILINESTRING ((0.5 21.27, 0 21.27), (0 21.27, -0.5 21.27))""}}",True,
905,36.428918880410492,1.5254957862198353,5.8887276593595743,3.1685392864048483,2.519417867064476,22.14745398145169,4.1657266654074192,0.97674727439880371,0.80920262914150953,0.15914842020720243,0.17973702494055033,0.27946255449205637,0.87408178299665451,0.75480213388800621,0.093697803094983101,0.45493139140307903,0.84282406698912382,0.22509822715073824,0.51609031297266483,0.019428553991019726,0.076755069196224213,0.71990332845598459,0.084545711055397987,True,,1,0,Slot__Patch;Slot__CPW_Feed_Pin;Patch__CPW_Feed_Pin,True,Slot__CPW_Feed_Pin,,Slot__CPW_Feed_Pin,,"{""Slot__CPW_Feed_Pin"": {""geometry_type"": ""MultiLineString"", ""relations"": ""overlaps"", ""wkt"": ""MULTILINESTRING ((0.5 22.21, 0 22.21), (0 22.21, -0.5 22.21))""}}",True,
906,25.46153306029737,2.4147377386689186,7.829659340903163,2.0134282935410739,2.1477636024355888,16.194008043967187,3.6336589492857456,0.53583250474184752,0.70791764929890633,0.26041551120579243,0.25421669892966747,0.18484484776854515,0.083790362812578678,0.28336445521563292,0.45600040256977081,0.7550203874707222,0.58256571181118488,0.91373616736382246,0.87376963812857866,0.80082484055310488,0.8377961153164506,0.98483794648200274,0.88958346843719482,True,,1,0,Slot__Patch;Slot__CPW_Feed_Pin;Patch__CPW_Feed_Pin,True,Slot__CPW_Feed_Pin,,Slot__CPW_Feed_Pin,,"{""Slot__CPW_Feed_Pin"": {""geometry_type"": ""MultiLineString"", ""relations"": ""overlaps"", ""wkt"": ""MULTILINESTRING ((0.5 22.2, 0 22.2), (0 22.2, -0.5 22.2))""}}",True,
907,47.585437064990401,1.1968075763434172,4.309299124404788,3.660849433206022,1.0406611729413271,8.719865083694458,5.1961124502122402,0.20916261896491051,0.29991612769663334,0.75873771961778402,0.81797986011952162,0.79281594045460224,0.56153116188943386,0.51983535569161177,0.95348768122494221,0.20954254921525717,0.08706815168261528,0.26387234963476658,0.13647833839058876,0.30087363347411156,0.46208433620631695,0.067483321763575077,0.2698590699583292,True,,1,0,Slot__Patch;Slot__CPW_Feed_Pin;Patch__CPW_Feed_Pin,True,Slot__CPW_Feed_Pin,,Slot__CPW_Feed_Pin,,"{""Slot__CPW_Feed_Pin"": {""geometry_type"": ""MultiLineString"", ""relations"": ""overlaps"", ""wkt"": ""MULTILINESTRING ((0.5 21.44, 0 21.44), (0 21.44, -0.5 21.44))""}}",True,
908,42.570052798837423,2.2312581222504377,5.1534588150680065,3.4041205435991291,1.4437012411653996,13.104165536351502,3.2522464580833912,0.66191158350557089,0.51135058421641588,0.054518471471965313,0.38168162200599909,0.91469691041857004,0.1556055499240756,0.97963003069162369,0.80268795602023602,0.081441314890980721,0.13876282144337893,0.48136186134070158,0.87628762051463127,0.70472728181630373,0.58689253125339746,0.40750917326658964,0.80591272469609976,True,,1,0,Slot__Patch;Slot__CPW_Feed_Pin;Patch__CPW_Feed_Pin,True,Slot__CPW_Feed_Pin,,Slot__CPW_Feed_Pin,,"{""Slot__CPW_Feed_Pin"": {""geometry_type"": ""MultiLineString"", ""relations"": ""overlaps"", ""wkt"": ""MULTILINESTRING ((0.5 20.93, 0 20.93), (0 20.93, -0.5 20.93))""}}",True,
909,20.28133912011981,1.3886414095759392,6.8009293042123318,2.2890415282920005,2.3678812514990568,20.571418767794967,5.8146999292075634,0.08528079092502594,0.48087345343083143,0.55228960327804089,0.94443676993250847,0.060753948055207729,0.73983832821249962,0.21607136726379395,0.30406574532389641,0.875805270858109,0.62861503195017576,0.81782874651253223,0.11344920564442873,0.2048010490834713,0.21112728677690029,0.51968800183385611,0.41013420838862658,True,,1,0,Slot__Patch;Slot__CPW_Feed_Pin;Patch__CPW_Feed_Pin,True,Slot__CPW_Feed_Pin,,Slot__CPW_Feed_Pin,,"{""Slot__CPW_Feed_Pin"": {""geometry_type"": ""MultiLineString"", ""relations"": ""overlaps"", ""wkt"": ""MULTILINESTRING ((0.5 23.57, 0 23.57), (0 23.57, -0.5 23.57))""}}",True,
910,31.237856796942651,2.5618383921682835,3.5504211187362671,2.7690692735835913,2.996188348159194,17.962395222857594,2.3468364290893078,0.4021718455478549,0.0040200836956501007,0.90414034482091665,0.62039167713373899,0.40366675145924091,0.46811774838715792,0.74561028834432364,0.18200145475566387,0.33220864366739988,0.88300690241158009,0.004267517477273941,0.2762776929885149,0.99057442881166935,0.95244634803384542,0.75536385457962751,0.62063560541719198,True,,1,0,Slot__Patch;Slot__CPW_Feed_Pin;Patch__CPW_Feed_Pin,True,Slot__CPW_Feed_Pin,,Slot__CPW_Feed_Pin,,"{""Slot__CPW_Feed_Pin"": {""geometry_type"": ""MultiLineString"", ""relations"": ""overlaps"", ""wkt"": ""MULTILINESTRING ((0.5 21.9, 0 21.9), (0 21.9, -0.5 21.9))""}}",True,
911,54.152769721113145,1.8421802241355181,8.5944081097841263,1.9389191236346961,1.8153860382735729,10.444330223836005,4.784321803599596,0.85283304378390312,0.97256750799715519,0.4058156032115221,0.057167386636137962,0.51151597127318382,0.92732763476669788,0.45106771495193243,0.6806039921939373,0.6324186660349369,0.3804570697247982,0.6696788938716054,0.7339669419452548,0.4905185429379344,0.32765774428844452,0.1719859978184104,0.21995904762297869,True,,1,0,Slot__Patch;Slot__CPW_Feed_Pin;Patch__CPW_Feed_Pin,True,Slot__CPW_Feed_Pin,,Slot__CPW_Feed_Pin,,"{""Slot__CPW_Feed_Pin"": {""geometry_type"": ""MultiLineString"", ""relations"": ""overlaps"", ""wkt"": ""MULTILINESTRING ((0.5 22.44, 0 22.44), (0 22.44, -0.5 22.44))""}}",True,
912,52.037435104139149,2.5636782310903072,5.7491319961845875,3.8343230228871112,2.0425477754324675,19.830139162950218,5.7095422483980656,0.42395342234522104,0.75692389160394669,0.98068921267986298,0.0039797397330403328,0.94170453120023012,0.057004663161933422,0.35138345509767532,0.11969010625034571,0.043883852660655975,0.26072078198194504,0.8822666360065341,0.31688388157635927,0.81718609854578972,0.12171709258109331,0.034018134698271751,0.21082096640020609,True,,1,0,Slot__Patch;Slot__CPW_Feed_Pin;Patch__CPW_Feed_Pin,True,Slot__CPW_Feed_Pin,,Slot__CPW_Feed_Pin,,"{""Slot__CPW_Feed_Pin"": {""geometry_type"": ""MultiLineString"", ""relations"": ""overlaps"", ""wkt"": ""MULTILINESTRING ((0.5 24.31, 0 24.31), (0 24.31, -0.5 24.31))""}}",True,
913,29.139323537237942,1.7812583986669779,6.2935244478285313,2.191436371020973,1.145988080650568,12.355538886040449,3.147088672965765,0.81322920136153698,0.21961363218724728,0.48279232252389193,0.56823207437992096,0.080925817601382732,0.57867545261979103,0.57979157567024231,0.61742730718106031,0.99936535116285086,0.75719494186341763,0.29583022184669971,0.67285431548953056,0.31725770700722933,0.7464942429214716,0.89815766550600529,0.57554012816399336,True,,1,0,Slot__Patch;Slot__CPW_Feed_Pin;Patch__CPW_Feed_Pin,True,Slot__CPW_Feed_Pin,,Slot__CPW_Feed_Pin,,"{""Slot__CPW_Feed_Pin"": {""geometry_type"": ""MultiLineString"", ""relations"": ""overlaps"", ""wkt"": ""MULTILINESTRING ((0.5 20.07, 0 20.07), (0 20.07, -0.5 20.07))""}}",True,
914,18.167130528017879,2.1432213839143515,4.3555556908249855,2.9860104070976381,1.5173986963927746,11.207239106297493,4.679656233638525,0.63695551920682192,0.25838334951549768,0.068590354174375534,0.99366467352956533,0.48603318445384502,0.3694539638236165,0.11665513273328543,0.98949159774929285,0.29261864814907312,0.51257042493671179,0.60914725437760353,0.96852191817015409,0.59686775784939528,0.47958047222346067,0.63172021321952343,0.3956593656912446,True,,1,0,Slot__Patch;Slot__CPW_Feed_Pin;Patch__CPW_Feed_Pin,True,Slot__CPW_Feed_Pin,,Slot__CPW_Feed_Pin,,"{""Slot__CPW_Feed_Pin"": {""geometry_type"": ""MultiLineString"", ""relations"": ""overlaps"", ""wkt"": ""MULTILINESTRING ((0.5 22.34, 0 22.34), (0 22.34, -0.5 22.34))""}}",True,
915,40.460972590371966,1.4879085719585419,7.5025189742445946,1.3843026205897333,2.6711300071328878,18.747299588285387,2.242170725017786,0.12366458959877491,0.73376773204654455,0.56678908411413431,0.42998828925192356,0.60071814060211182,0.76622393168509007,0.81354337837547064,0.49177407007664442,0.74225801043212414,0.0014466801658272743,0.19370540697127581,0.041724087670445442,0.096809739246964455,0.85533427819609642,0.30030314810574055,0.76524611096829176,True,,1,0,Slot__Patch;Slot__CPW_Feed_Pin;Patch__CPW_Feed_Pin,True,Slot__CPW_Feed_Pin,,Slot__CPW_Feed_Pin,,"{""Slot__CPW_Feed_Pin"": {""geometry_type"": ""MultiLineString"", ""relations"": ""overlaps"", ""wkt"": ""MULTILINESTRING ((0.5 20.4, 0 20.4), (0 20.4, -0.5 20.4))""}}",True,
916,46.871373597532511,2.4598057121038437,7.0348239261657,1.7781309669837357,2.813256248831749,21.826492538675666,4.3099624626338482,0.51295258942991495,0.46082503348588943,0.3703818516805768,0.87013945728540421,0.72297322284430265,0.42263806518167257,0.68601264432072639,0.26781977619975805,0.62294560205191374,0.20924589782953262,0.035660382360219955,0.78140557743608952,0.88146268110722303,0.22855481784790754,0.21076547354459763,0.28372356109321117,True,,1,0,Slot__Patch;Slot__CPW_Feed_Pin;Patch__CPW_Feed_Pin,True,Slot__CPW_Feed_Pin,,Slot__CPW_Feed_Pin,,"{""Slot__CPW_Feed_Pin"": {""geometry_type"": ""MultiLineString"", ""relations"": ""overlaps"", ""wkt"": ""MULTILINESTRING ((0.5 23.58, 0 23.58), (0 23.58, -0.5 23.58))""}}",True,
917,24.764270950108767,1.1795716490596533,5.0136804152280092,2.6139227155596023,1.9982089642435312,14.307970223017037,2.8724769838154316,0.24986479990184307,0.54696630500257015,0.86827740073204041,0.30740434397011995,0.36207224894315004,0.96291795372962952,0.38293426856398582,0.76618025917559862,0.42023922875523567,0.71472527645528316,0.63779780734330416,0.20833309274166822,0.3813991192728281,0.60425515845417976,0.84638174250721931,0.92988387122750282,True,,1,0,Slot__Patch;Slot__CPW_Feed_Pin;Patch__CPW_Feed_Pin,True,Slot__CPW_Feed_Pin,,Slot__CPW_Feed_Pin,,"{""Slot__CPW_Feed_Pin"": {""geometry_type"": ""MultiLineString"", ""relations"": ""overlaps"", ""wkt"": ""MULTILINESTRING ((0.5 20.05, 0 20.05), (0 20.05, -0.5 20.05))""}}",True,
918,35.725595816038549,2.7551696691662073,8.2670842912048101,2.4436308406293392,1.3696572352200747,9.0040910476818681,5.3398561365902424,0.30016220081597567,0.96130441222339869,0.70434627775102854,0.131430359557271,0.20477116107940674,0.23512753192335367,0.92077435087412596,0.65387765970081091,0.86980690248310566,0.95349764730781317,0.44940394442528486,0.43317330256104469,0.65760428830981255,0.37279518414288759,0.61318552494049072,0.094050003215670586,True,,1,0,Slot__Patch;Slot__CPW_Feed_Pin;Patch__CPW_Feed_Pin,True,Slot__CPW_Feed_Pin,,Slot__CPW_Feed_Pin,,"{""Slot__CPW_Feed_Pin"": {""geometry_type"": ""MultiLineString"", ""relations"": ""overlaps"", ""wkt"": ""MULTILINESTRING ((0.5 23.47, 0 23.47), (0 23.47, -0.5 23.47))""}}",True,
919,58.458897708915174,1.5981363765895367,3.5968611594289541,3.5632443437352785,2.4418151304125786,16.470886068418622,3.7774025313556194,0.93921767361462116,0.062092854641377926,0.20614984259009361,0.69467277731746435,0.81957839243113995,0.65043031983077526,0.14914909284561872,0.15550537128001451,0.16513412911444902,0.46657490823417902,0.84929832257330418,0.57707318384200335,0.15765521395951509,0.9975189883261919,0.44387022778391838,0.74507789686322212,True,,1,0,Slot__Patch;Slot__CPW_Feed_Pin;Patch__CPW_Feed_Pin,True,Slot__CPW_Feed_Pin,,Slot__CPW_Feed_Pin,,"{""Slot__CPW_Feed_Pin"": {""geometry_type"": ""MultiLineString"", ""relations"": ""overlaps"", ""wkt"": ""MULTILINESTRING ((0.5 21.82, 0 21.82), (0 21.82, -0.5 21.82))""}}",True,
920,54.88810779992491,2.1008093077689409,8.9664187878370285,2.9198965443298226,1.0970810391008854,17.47661710716784,4.0405190847814083,0.6120877368375659,0.38492937106639147,0.51492246333509684,0.6873346846550703,0.8855086425319314,0.88338938355445862,0.94821445923298597,0.92414295114576817,0.56112171988934278,0.60402553249150515,0.14596420433372259,0.81525709200650454,0.53419566620141268,0.18431009631603956,0.8064742935821414,0.029386663809418678,True,,1,0,Slot__Patch;Slot__CPW_Feed_Pin;Patch__CPW_Feed_Pin,True,Slot__CPW_Feed_Pin,,Slot__CPW_Feed_Pin,,"{""Slot__CPW_Feed_Pin"": {""geometry_type"": ""MultiLineString"", ""relations"": ""overlaps"", ""wkt"": ""MULTILINESTRING ((0.5 21.24, 0 21.24), (0 21.24, -0.5 21.24))""}}",True,
921,31.912790187634528,1.2559065856039524,3.1725768148899078,1.7996589686721565,2.2163294088095427,10.017155022360384,2.6029720641672611,0.12533902749419212,0.60729800444096327,0.012813609093427658,0.24814336281269789,0.027659445069730282,0.47103918250650167,0.2466937555000186,0.4228375181555748,0.481571014970541,0.10071499180048704,0.55948392115533352,0.179379653185606,0.034269016236066818,0.55902222171425819,0.13741838093847036,0.62956473231315613,True,,1,0,Slot__Patch;Slot__CPW_Feed_Pin;Patch__CPW_Feed_Pin,True,Slot__CPW_Feed_Pin,,Slot__CPW_Feed_Pin,,"{""Slot__CPW_Feed_Pin"": {""geometry_type"": ""MultiLineString"", ""relations"": ""overlaps"", ""wkt"": ""MULTILINESTRING ((0.5 20.08, 0 20.08), (0 20.08, -0.5 20.08))""}}",True,
922,21.04016044177115,2.6764181181788445,7.1730331443250179,3.2597601026296621,2.5870681460946798,11.685475115664303,5.0704046227037907,0.32505001779645681,0.88052474334836006,0.41138676274567842,0.31471564248204231,0.43676126934587955,0.69590174965560436,0.71324865147471428,0.060546005144715309,0.80650871433317661,0.3560811597853899,0.37281429767608643,0.46232512127608061,0.75485640205442905,0.292051468975842,0.40417638700455427,0.34064198471605778,True,,1,0,Slot__Patch;Slot__CPW_Feed_Pin;Patch__CPW_Feed_Pin,True,Slot__CPW_Feed_Pin,,Slot__CPW_Feed_Pin,,"{""Slot__CPW_Feed_Pin"": {""geometry_type"": ""MultiLineString"", ""relations"": ""overlaps"", ""wkt"": ""MULTILINESTRING ((0.5 24.34, 0 24.34), (0 24.34, -0.5 24.34))""}}",True,
923,43.213454643264413,1.9585575740784407,4.7755213491618633,2.4246119530871511,1.7263341955840588,19.211312932893634,3.5078904889523983,0.93581423163414001,0.0960585568100214,0.91318614780902863,0.75345306936651468,0.54070422425866127,0.15852864924818277,0.48068297281861305,0.56183271855115891,0.2289244132116437,0.84474548324942589,0.95738961640745401,0.54305380769073963,0.25479997973889112,0.91774012334644794,0.53956378903239965,0.94376502931118011,True,,1,0,Slot__Patch;Slot__CPW_Feed_Pin;Patch__CPW_Feed_Pin,True,Slot__CPW_Feed_Pin,,Slot__CPW_Feed_Pin,,"{""Slot__CPW_Feed_Pin"": {""geometry_type"": ""MultiLineString"", ""relations"": ""overlaps"", ""wkt"": ""MULTILINESTRING ((0.5 21.19, 0 21.19), (0 21.19, -0.5 21.19))""}}",True,
924,38.385014981031418,2.9852032195776701,3.9373081158846617,2.0504519749432806,1.758051598444581,15.742225139401853,5.9399763233959675,0.45082297455519438,0.83874283451586962,0.14866447076201439,0.4382409555837512,0.66686966922134161,0.50195449963212013,0.018873973749577999,0.71385890617966652,0.1089940220117569,0.92796048987656832,0.80323558300733566,0.28762526251375675,0.72005643881857395,0.041087758727371693,0.95002419222146273,0.47997510153800249,True,,1,0,Slot__Patch;Slot__CPW_Feed_Pin;Patch__CPW_Feed_Pin,True,Slot__CPW_Feed_Pin,,Slot__CPW_Feed_Pin,,"{""Slot__CPW_Feed_Pin"": {""geometry_type"": ""MultiLineString"", ""relations"": ""overlaps"", ""wkt"": ""MULTILINESTRING ((0.5 24.68, 0 24.68), (0 24.68, -0.5 24.68))""}}",True,
925,16.376490220427513,1.6425168886780739,8.2075354736298323,3.6528042903169995,2.9285390228033066,8.2094868645071983,3.3774621598422527,0.81175027415156364,0.18473072629421949,0.65077079180628061,0.87603709660470486,0.30889855418354273,0.10235402267426252,0.78633976634591818,0.21125415526330471,0.93375545646995306,0.43322458397597075,0.40538635943084955,0.70701100211590528,0.21999030094593763,0.66684513725340366,0.11883602384477854,0.86110497172921896,True,,1,0,Slot__Patch;Slot__CPW_Feed_Pin;Patch__CPW_Feed_Pin,True,Slot__CPW_Feed_Pin,,Slot__CPW_Feed_Pin,,"{""Slot__CPW_Feed_Pin"": {""geometry_type"": ""MultiLineString"", ""relations"": ""overlaps"", ""wkt"": ""MULTILINESTRING ((0.5 21.95, 0 21.95), (0 21.95, -0.5 21.95))""}}",True,
926,27.26022447925061,2.2844443507492542,5.516643488779664,1.527776294387877,2.2993163987994194,13.213072288781404,4.9100831262767315,0.73801518138498068,0.33336563780903816,0.79906547069549561,0.55988413188606501,0.1554088331758976,0.81450297869741917,0.25387124717235565,0.33331522718071938,0.3523864084854722,0.17199097760021687,0.71700967010110617,0.93480772152543068,0.94401303399354219,0.43520611058920622,0.35244434792548418,0.16574237961322069,True,,1,0,Slot__Patch;Slot__CPW_Feed_Pin;Patch__CPW_Feed_Pin,True,Slot__CPW_Feed_Pin,,Slot__CPW_Feed_Pin,,"{""Slot__CPW_Feed_Pin"": {""geometry_type"": ""MultiLineString"", ""relations"": ""overlaps"", ""wkt"": ""MULTILINESTRING ((0.5 23.49, 0 23.49), (0 23.49, -0.5 23.49))""}}",True,
927,50.048757079057395,1.0648939479142427,6.4377818796783686,3.1700385637581352,1.3872823286801577,20.694998796097934,2.4725361354649067,0.0011205524206161499,0.67447147704660892,0.29726766515523195,0.12170277163386345,0.75947369076311588,0.28980332333594561,0.55231907218694687,0.8359308298677206,0.68298997543752193,0.6852802149951458,0.11685636453330517,0.070570734329521656,0.4440612904727459,0.80998684093356133,0.71632446441799402,0.54981722589582205,True,,1,0,Slot__Patch;Slot__CPW_Feed_Pin;Patch__CPW_Feed_Pin,True,Slot__CPW_Feed_Pin,,Slot__CPW_Feed_Pin,,"{""Slot__CPW_Feed_Pin"": {""geometry_type"": ""MultiLineString"", ""relations"": ""overlaps"", ""wkt"": ""MULTILINESTRING ((0.5 18.92, 0 18.92), (0 18.92, -0.5 18.92))""}}",True,
928,49.127291422337294,2.923796784132719,7.7118584699928761,3.5180937401950363,2.7924302369356155,18.927011573687196,4.7044329643249512,0.15574500430375338,0.24792301282286644,0.85388166271150112,0.34580576233565807,0.036210573278367519,0.85643917042762041,0.015049968846142292,0.63206843752413988,0.12260943464934826,0.687516656704247,0.35003310907632113,0.58349133003503084,0.34842684492468834,0.95512637309730053,0.32147131860256195,0.95876072254031897,True,,1,0,Slot__Patch;Slot__CPW_Feed_Pin;Patch__CPW_Feed_Pin,True,Slot__CPW_Feed_Pin,,Slot__CPW_Feed_Pin,,"{""Slot__CPW_Feed_Pin"": {""geometry_type"": ""MultiLineString"", ""relations"": ""overlaps"", ""wkt"": ""MULTILINESTRING ((0.5 24.42, 0 24.42), (0 24.42, -0.5 24.42))""}}",True,
929,26.421117391437292,1.7038618121296167,4.143289390951395,2.4797409156337382,1.8961127940565348,11.467093960382044,2.1419476196169853,0.60731651075184345,0.77555436082184315,0.35158972721546888,0.78499992471188307,0.92530972603708506,0.25604727305471897,0.80571247357875109,0.13044030871242285,0.92014719638973475,0.20080617349594831,0.95307132229208946,0.4062626026570797,0.84848539996892214,0.33083818200975657,0.74638661369681358,0.32763018179684877,True,,1,0,Slot__Patch;Slot__CPW_Feed_Pin;Patch__CPW_Feed_Pin,True,Slot__CPW_Feed_Pin,,Slot__CPW_Feed_Pin,,"{""Slot__CPW_Feed_Pin"": {""geometry_type"": ""MultiLineString"", ""relations"": ""overlaps"", ""wkt"": ""MULTILINESTRING ((0.5 19.74, 0 19.74), (0 19.74, -0.5 19.74))""}}",True,
930,15.4522500699386,2.3461140003055334,6.131068266928196,2.6601744150742892,1.2667981255799532,10.206184317357838,5.6720698401331902,0.90761315170675516,0.73668355215340853,0.18784599937498569,0.65580223873257637,0.51651379093527794,0.54389640968292952,0.28105216659605503,0.25836826581507921,0.36989798303693533,0.44348711706697941,0.13951014913618565,0.20193387102335691,0.06564000528305769,0.56808815151453018,0.98155129700899124,0.64747464563697577,True,,1,0,Slot__Patch;Slot__CPW_Feed_Pin;Patch__CPW_Feed_Pin,True,Slot__CPW_Feed_Pin,,Slot__CPW_Feed_Pin,,"{""Slot__CPW_Feed_Pin"": {""geometry_type"": ""MultiLineString"", ""relations"": ""overlaps"", ""wkt"": ""MULTILINESTRING ((0.5 23.28, 0 23.28), (0 23.28, -0.5 23.28))""}}",True,
931,37.554197511635721,1.0032858103513718,5.9145207032561302,1.7431414756923915,2.4217520579695702,17.731562135741115,3.2346163392066956,0.33201087825000286,0.27114974986761808,0.68946225848048925,0.21706958953291178,0.3813208807259798,0.068588439375162125,0.54068686254322529,0.76000748481601477,0.66546934098005295,0.94874959066510201,0.53835019748657942,0.80832787044346333,0.56556881405413151,0.19282337930053473,0.086398277431726456,0.013399128802120686,True,,1,0,Slot__Patch;Slot__CPW_Feed_Pin;Patch__CPW_Feed_Pin,True,Slot__CPW_Feed_Pin,,Slot__CPW_Feed_Pin,,"{""Slot__CPW_Feed_Pin"": {""geometry_type"": ""MultiLineString"", ""relations"": ""overlaps"", ""wkt"": ""MULTILINESTRING ((0.5 20.66, 0 20.66), (0 20.66, -0.5 20.66))""}}",True,
932,44.14044548291713,2.0371870100498199,3.3844172079116106,1.4319820003584027,2.0626423191279173,20.971803828142583,5.3072588816285133,0.78134237695485353,0.54410573467612267,0.49720523040741682,0.52836779784411192,0.25491816643625498,0.72501000110059977,0.95972555223852396,0.98396159987896681,0.54348665196448565,0.77805591840296984,0.69297725148499012,0.048016512766480446,0.41269028466194868,0.81703764200210571,0.43374834768474102,0.5319070890545845,True,,1,0,Slot__Patch;Slot__CPW_Feed_Pin;Patch__CPW_Feed_Pin,True,Slot__CPW_Feed_Pin,,Slot__CPW_Feed_Pin,,"{""Slot__CPW_Feed_Pin"": {""geometry_type"": ""MultiLineString"", ""relations"": ""overlaps"", ""wkt"": ""MULTILINESTRING ((0.5 23.41, 0 23.41), (0 23.41, -0.5 23.41))""}}",True,
933,21.873720553703606,1.3194683250039816,8.4766014385968447,2.9524495258927352,1.2488138116896152,13.438606448471546,3.8698054105043411,0.45559609122574329,0.4481178242713213,0.99949469231069088,0.090582137927412987,0.64413932617753744,0.13735258392989635,0.21938981208950281,0.48167978320270777,0.49921228177845478,0.2667190907523036,0.10548850428313017,0.94173693936318159,0.91263989545404911,0.44182633515447378,0.50907713361084461,0.18172966130077839,True,,1,0,Slot__Patch;Slot__CPW_Feed_Pin;Patch__CPW_Feed_Pin,True,Slot__CPW_Feed_Pin,,Slot__CPW_Feed_Pin,,"{""Slot__CPW_Feed_Pin"": {""geometry_type"": ""MultiLineString"", ""relations"": ""overlaps"", ""wkt"": ""MULTILINESTRING ((0.5 20.44, 0 20.44), (0 20.44, -0.5 20.44))""}}",True,
934,32.831505155190825,2.7397772017866373,5.1792576815932989,2.1477142225950958,1.6195225231349468,8.0129621364176273,4.339629665017128,0.029323556460440159,0.033846472389996052,0.58510628249496222,0.46934524271637201,0.79781286604702473,0.91249192412942648,0.69375292025506496,0.093989896588027477,0.79277076199650764,0.025999331846833229,0.79412650782614946,0.66657348349690437,0.12636345252394676,0.70612250827252865,0.7735463585704565,0.8461095318198204,True,,1,0,Slot__Patch;Slot__CPW_Feed_Pin;Patch__CPW_Feed_Pin,True,Slot__CPW_Feed_Pin,,Slot__CPW_Feed_Pin,,"{""Slot__CPW_Feed_Pin"": {""geometry_type"": ""MultiLineString"", ""relations"": ""overlaps"", ""wkt"": ""MULTILINESTRING ((0.5 22.7, 0 22.7), (0 22.7, -0.5 22.7))""}}",True,
935,55.724472245201468,1.8952590487897396,6.8721791859716177,3.8718612430617219,2.6919264551252127,15.49443222116679,2.7771442905068398,0.73105242662131786,0.94274064432829618,0.083491543307900429,0.90753902122378349,0.16249796375632286,0.44987264275550842,0.48438586108386517,0.59625323209911585,0.24265425931662321,0.52268955484032631,0.3795834518969059,0.34368778485804796,0.62642743159085512,0.081887663342058659,0.16943185962736607,0.4929871279746294,True,,1,0,Slot__Patch;Slot__CPW_Feed_Pin;Patch__CPW_Feed_Pin,True,Slot__CPW_Feed_Pin,,Slot__CPW_Feed_Pin,,"{""Slot__CPW_Feed_Pin"": {""geometry_type"": ""MultiLineString"", ""relations"": ""overlaps"", ""wkt"": ""MULTILINESTRING ((0.5 21.37, 0 21.37), (0 21.37, -0.5 21.37))""}}",True,
936,57.625281102955341,2.3984131086617708,4.5659984797239304,3.2151785517111424,1.8472071830183268,18.467747974209487,5.0456277653574944,0.84337005671113729,0.610238634981215,0.6339184483513236,0.96275731641799212,0.10507422965019941,0.21700370125472546,0.65845075063407421,0.32811925373971462,0.60932924319058657,0.40672142803668976,0.61367917153984308,0.081852738745510578,0.0029387371614575386,0.76765458285808563,0.580253672786057,0.77754075452685356,True,,1,0,Slot__Patch;Slot__CPW_Feed_Pin;Patch__CPW_Feed_Pin,True,Slot__CPW_Feed_Pin,,Slot__CPW_Feed_Pin,,"{""Slot__CPW_Feed_Pin"": {""geometry_type"": ""MultiLineString"", ""relations"": ""overlaps"", ""wkt"": ""MULTILINESTRING ((0.5 23.29, 0 23.29), (0 23.29, -0.5 23.29))""}}",True,
937,34.798645041882992,1.2410257644951344,7.3854828178882599,1.4916766799986363,2.9662094861268997,10.993606802076101,3.608113706111908,0.41895903646945953,0.39754889067262411,0.1362046841531992,0.39850209653377533,0.99710301775485277,0.67673143092542887,0.39467280171811581,0.82550299540162086,0.43384652771055698,0.91979948990046978,0.21676125377416611,0.91276827082037926,0.50299462303519249,0.39343095477670431,0.47587975952774286,0.38138084672391415,True,,1,0,Slot__Patch;Slot__CPW_Feed_Pin;Patch__CPW_Feed_Pin,True,Slot__CPW_Feed_Pin,,Slot__CPW_Feed_Pin,,"{""Slot__CPW_Feed_Pin"": {""geometry_type"": ""MultiLineString"", ""relations"": ""overlaps"", ""wkt"": ""MULTILINESTRING ((0.5 21.81, 0 21.81), (0 21.81, -0.5 21.81))""}}",True,
938,23.927968363277614,2.8167949691414833,3.3352158330380917,3.6065433699637657,2.3376887664198875,12.54016175866127,4.0779913663864136,0.095225091092288494,0.12439271807670593,0.28431959729641676,0.035451731644570827,0.59217851608991623,0.40452376008033752,0.92470371816307306,0.68781751953065395,0.85229438170790672,0.66247064527124166,0.9031867366284132,0.6957100136205554,0.28613085485994816,0.6304942425340414,0.24033372569829226,0.59273311123251915,True,,1,0,Slot__Patch;Slot__CPW_Feed_Pin;Patch__CPW_Feed_Pin,True,Slot__CPW_Feed_Pin,,Slot__CPW_Feed_Pin,,"{""Slot__CPW_Feed_Pin"": {""geometry_type"": ""MultiLineString"", ""relations"": ""overlaps"", ""wkt"": ""MULTILINESTRING ((0.5 23.23, 0 23.23), (0 23.23, -0.5 23.23))""}}",True,
939,45.952623928897083,1.5364495646208525,8.8008472435176373,2.0854508420452476,1.4757360089570284,20.080678663216531,2.5154445096850395,0.64366651698946953,0.89900836162269115,0.7827014084905386,0.59912335313856602,0.44624348543584347,0.98921335395425558,0.12939635757356882,0.19042173400521278,0.18265380244702101,0.16794889513403177,0.30200961884111166,0.30965317972004414,0.78605708759278059,0.0052941301837563515,0.81589140836149454,0.19170561991631985,True,,1,0,Slot__Patch;Slot__CPW_Feed_Pin;Patch__CPW_Feed_Pin,True,Slot__CPW_Feed_Pin,,Slot__CPW_Feed_Pin,,"{""Slot__CPW_Feed_Pin"": {""geometry_type"": ""MultiLineString"", ""relations"": ""overlaps"", ""wkt"": ""MULTILINESTRING ((0.5 19.53, 0 19.53), (0 19.53, -0.5 19.53))""}}",True,
940,41.300028548575938,2.500099329277873,6.6500424575060606,2.3769231975078586,1.0086588300764561,16.74328557215631,4.9426802545785904,0.21972583886235952,0.15634130779653788,0.029652604833245277,0.16288603097200394,0.3237522067502141,0.33264663256704807,0.37101698108017445,0.038395605981349945,0.061517974361777306,0.12184703350067139,0.46055818162858486,0.55421748198568821,0.18878207542002201,0.87962786667048931,0.66324337106198072,0.72788516711443663,True,,1,0,Slot__Patch;Slot__CPW_Feed_Pin;Patch__CPW_Feed_Pin,True,Slot__CPW_Feed_Pin,,Slot__CPW_Feed_Pin,,"{""Slot__CPW_Feed_Pin"": {""geometry_type"": ""MultiLineString"", ""relations"": ""overlaps"", ""wkt"": ""MULTILINESTRING ((0.5 22.45, 0 22.45), (0 22.45, -0.5 22.45))""}}",True,
941,19.088620156981051,1.8448978587985039,5.307309715077281,3.2933302046731119,2.1779236625880003,9.2252187849953771,2.380133368074894,0.5179450511932373,0.82020003255456686,0.52736508753150702,0.72561064828187227,0.71590310614556074,0.81096821743994951,0.57573727704584599,0.53710930980741978,0.98172312323004007,0.61072170548141003,0.87305608298629522,0.44040400069206953,0.68873328249901533,0.25435903016477823,0.26786148454993963,0.11316557321697474,True,,1,0,Slot__Patch;Slot__CPW_Feed_Pin;Patch__CPW_Feed_Pin,True,Slot__CPW_Feed_Pin,,Slot__CPW_Feed_Pin,,"{""Slot__CPW_Feed_Pin"": {""geometry_type"": ""MultiLineString"", ""relations"": ""overlaps"", ""wkt"": ""MULTILINESTRING ((0.5 20.4, 0 20.4), (0 20.4, -0.5 20.4))""}}",True,
942,29.970186771824956,2.2065675891935825,8.0421410445123911,1.8433706564828753,2.5494253393262625,14.116194345988333,5.9103089943528175,0.96765528153628111,0.67146784067153931,0.9261170532554388,0.83921766467392445,0.8735091295093298,0.020187798887491226,0.10479166824370623,0.91502546519041061,0.30635565426200628,0.86999644991010427,0.061676912941038609,0.16820444539189339,0.47527011204510927,0.51859059184789658,0.0030414266511797905,0.91758900415152311,True,,1,0,Slot__Patch;Slot__CPW_Feed_Pin;Patch__CPW_Feed_Pin,True,Slot__CPW_Feed_Pin,,Slot__CPW_Feed_Pin,,"{""Slot__CPW_Feed_Pin"": {""geometry_type"": ""MultiLineString"", ""relations"": ""overlaps"", ""wkt"": ""MULTILINESTRING ((0.5 24.66, 0 24.66), (0 24.66, -0.5 24.66))""}}",True,
943,52.961645917966962,1.424501808360219,4.0997700188308954,2.8823689397424461,1.6371490471065044,21.583449365571141,3.4727949649095535,0.29345312342047691,0.32067942433059216,0.42773747723549604,0.27596287336200476,0.22745197266340256,0.62342545669525862,0.84098606277257204,0.41633119620382786,0.72852720320224762,0.36647091154009104,0.64718154072761536,0.83715922851115465,0.97533583268523216,0.14429835882037878,0.92821610625833273,0.29800182674080133,True,,1,0,Slot__Patch;Slot__CPW_Feed_Pin;Patch__CPW_Feed_Pin,True,Slot__CPW_Feed_Pin,,Slot__CPW_Feed_Pin,,"{""Slot__CPW_Feed_Pin"": {""geometry_type"": ""MultiLineString"", ""relations"": ""overlaps"", ""wkt"": ""MULTILINESTRING ((0.5 20.53, 0 20.53), (0 20.53, -0.5 20.53))""}}",True,
944,53.667973056435585,2.1698006652295589,7.2442399319261312,2.24125203602016,2.4737163614481688,8.4400872699916363,2.0171628296375275,0.99128415528684855,0.4185776375234127,0.94308178219944239,0.28521477058529854,0.28850479517132044,0.48599696345627308,0.99132850952446461,0.85175684746354818,0.063919674605131149,0.49234313983470201,0.93361819349229336,0.2369707552716136,0.33224676828831434,0.40712008066475391,0.78585420362651348,0.25779304374009371,True,,1,0,Slot__Patch;Slot__CPW_Feed_Pin;Patch__CPW_Feed_Pin,True,Slot__CPW_Feed_Pin,,Slot__CPW_Feed_Pin,,"{""Slot__CPW_Feed_Pin"": {""geometry_type"": ""MultiLineString"", ""relations"": ""overlaps"", ""wkt"": ""MULTILINESTRING ((0.5 20.66, 0 20.66), (0 20.66, -0.5 20.66))""}}",True,
945,30.670698881149292,1.4500383082777262,4.8013575877994299,3.7667166410014037,1.3398194946348667,15.980145963840187,4.5797098502516747,0.25541995279490948,0.57365021295845509,0.44525117054581642,0.84937556926161051,0.6738197198137641,0.90175655949860811,0.18894625641405582,0.35411125887185335,0.89331975858658552,0.98979454021900892,0.27108982112258673,0.75765221752226353,0.83219584263861179,0.78143139649182558,0.14241773076355457,0.90357187297195196,True,,1,0,Slot__Patch;Slot__CPW_Feed_Pin;Patch__CPW_Feed_Pin,True,Slot__CPW_Feed_Pin,,Slot__CPW_Feed_Pin,,"{""Slot__CPW_Feed_Pin"": {""geometry_type"": ""MultiLineString"", ""relations"": ""overlaps"", ""wkt"": ""MULTILINESTRING ((0.5 21.37, 0 21.37), (0 21.37, -0.5 21.37))""}}",True,
946,19.799336227588356,2.6235209163278341,8.8487524855881929,1.3318983213976026,1.9680965654551983,22.331845290027559,3.1103165373206139,0.19634235370904207,0.90929112304002047,0.10907931346446276,0.71252131275832653,0.76813248731195927,0.17347904667258263,0.72630196530371904,0.22619510348886251,0.31860331166535616,0.74810000695288181,0.58271318022161722,0.60260568279772997,0.11305756494402885,0.054017383605241776,0.37549962662160397,0.067612399347126484,True,,1,0,Slot__Patch;Slot__CPW_Feed_Pin;Patch__CPW_Feed_Pin,True,Slot__CPW_Feed_Pin,,Slot__CPW_Feed_Pin,,"{""Slot__CPW_Feed_Pin"": {""geometry_type"": ""MultiLineString"", ""relations"": ""overlaps"", ""wkt"": ""MULTILINESTRING ((0.5 21.7, 0 21.7), (0 21.7, -0.5 21.7))""}}",True,
947,41.994629907421768,1.7805582582950592,3.0064268130809069,3.061204202473164,2.8454321380704641,14.857246801257133,5.5478306710720062,0.55817423947155476,0.067292655818164349,0.60734050720930099,0.14875336270779371,0.12891132012009621,0.71427678596228361,0.45494939852505922,0.72382125724107027,0.64603305794298649,0.23795155063271523,0.24723902344703674,0.40275948122143745,0.61312112677842379,0.67930528800934553,0.55261986888945103,0.71828927006572485,True,,1,0,Slot__Patch;Slot__CPW_Feed_Pin;Patch__CPW_Feed_Pin,True,Slot__CPW_Feed_Pin,,Slot__CPW_Feed_Pin,,"{""Slot__CPW_Feed_Pin"": {""geometry_type"": ""MultiLineString"", ""relations"": ""overlaps"", ""wkt"": ""MULTILINESTRING ((0.5 24.17, 0 24.17), (0 24.17, -0.5 24.17))""}}",True,
948,48.0646867537871,2.806654617190361,5.542485348880291,2.7037063037976625,2.6389255076646805,10.71649816352874,3.9945366457104683,0.070742019452154636,0.8714984618127346,0.33085467293858528,0.58896544668823481,0.0072666993364691734,0.12035498581826687,0.045615611597895622,0.50060131493955851,0.51610840763896704,0.035728958435356617,0.031199098564684391,0.64745157584547997,0.39688954874873161,0.30302893742918968,0.9547794908285141,0.2368925828486681,True,,1,0,Slot__Patch;Slot__CPW_Feed_Pin;Patch__CPW_Feed_Pin,True,Slot__CPW_Feed_Pin,,Slot__CPW_Feed_Pin,,"{""Slot__CPW_Feed_Pin"": {""geometry_type"": ""MultiLineString"", ""relations"": ""overlaps"", ""wkt"": ""MULTILINESTRING ((0.5 23.44, 0 23.44), (0 23.44, -0.5 23.44))""}}",True,
949,26.034216159023345,1.5890704002231359,6.5089830234646797,1.6705120299011469,1.5475397054105997,18.183294972404838,5.432050809264183,0.68255388550460339,0.15197557397186756,0.82868680451065302,0.026199828833341599,0.89245958719402552,0.51752263400703669,0.7742315735667944,0.0021494580432772636,0.44119635224342346,0.5402312008664012,0.6781475767493248,0.34716806281358004,0.89694756735116243,0.92824811767786741,0.098460044711828232,0.60171865671873093,True,,1,0,Slot__Patch;Slot__CPW_Feed_Pin;Patch__CPW_Feed_Pin,True,Slot__CPW_Feed_Pin,,Slot__CPW_Feed_Pin,,"{""Slot__CPW_Feed_Pin"": {""geometry_type"": ""MultiLineString"", ""relations"": ""overlaps"", ""wkt"": ""MULTILINESTRING ((0.5 22.56, 0 22.56), (0 22.56, -0.5 22.56))""}}",True,
950,36.916468748822808,2.4781487975269556,3.7711637355387211,3.4708721213042741,1.1757933963090181,20.37941669113934,2.901375338435173,0.86565520334988832,0.36319250334054232,0.74297652393579483,0.412634770385921,0.54936391487717628,0.30781214684247971,0.31061068270355463,0.38983493391424417,0.77266458235681057,0.78388596512377262,0.49147802405059338,0.012956785038113594,0.17342789750546217,0.15817815996706486,0.36476791650056839,0.42219998128712177,True,,1,0,Slot__Patch;Slot__CPW_Feed_Pin;Patch__CPW_Feed_Pin,True,Slot__CPW_Feed_Pin,,Slot__CPW_Feed_Pin,,"{""Slot__CPW_Feed_Pin"": {""geometry_type"": ""MultiLineString"", ""relations"": ""overlaps"", ""wkt"": ""MULTILINESTRING ((0.5 20.56, 0 20.56), (0 20.56, -0.5 20.56))""}}",True,
951,59.726990098133683,1.1334580294787884,8.0898635275661945,2.5588371912017465,2.0106789693236351,12.860892587341368,4.4639223292469978,0.3798281867057085,0.64464509021490812,0.24471285659819841,0.97584665380418301,0.41026476956903934,0.83006372954696417,0.50825990084558725,0.88829883467406034,0.19190646056085825,0.29598807170987129,0.84262458141893148,0.99240503739565611,0.67335628904402256,0.53242087084800005,0.6883801557123661,0.79192409664392471,True,,1,0,Slot__Patch;Slot__CPW_Feed_Pin;Patch__CPW_Feed_Pin,True,Slot__CPW_Feed_Pin,,Slot__CPW_Feed_Pin,,"{""Slot__CPW_Feed_Pin"": {""geometry_type"": ""MultiLineString"", ""relations"": ""overlaps"", ""wkt"": ""MULTILINESTRING ((0.5 21.61, 0 21.61), (0 21.61, -0.5 21.61))""}}",True,
952,56.420328039675951,2.6366516668349504,4.4718493614345789,1.8926532490178944,1.4198511280119419,13.601302863098681,3.7328979000449181,0.054644729010760784,0.78284644428640604,0.53787668794393539,0.90603919979184866,0.35339825320988894,0.56580120418220758,0.338102244772017,0.15716741606593132,0.5811061030253768,0.64876943826675415,0.1699263472110033,0.7383098928257823,0.050720715895295143,0.34471405670046806,0.062222319655120373,0.45121807418763638,True,,1,0,Slot__Patch;Slot__CPW_Feed_Pin;Patch__CPW_Feed_Pin,True,Slot__CPW_Feed_Pin,,Slot__CPW_Feed_Pin,,"{""Slot__CPW_Feed_Pin"": {""geometry_type"": ""MultiLineString"", ""relations"": ""overlaps"", ""wkt"": ""MULTILINESTRING ((0.5 21.79, 0 21.79), (0 21.79, -0.5 21.79))""}}",True,
953,33.544205222278833,1.9793415702879429,7.6641822997480631,2.8040631767362361,2.2685593198984861,21.127138892188668,5.1703514754772186,0.69279180094599724,0.19369155820459127,0.035712999291718006,0.46681737340986729,0.74945541750639677,0.040703868493437767,0.60578362736850977,0.65856422297656536,0.37571419030427933,0.14643662981688976,0.50744565855711699,0.2514421883970499,0.55067245941609144,0.96896034013479948,0.88557517435401678,0.8327295146882534,True,,1,0,Slot__Patch;Slot__CPW_Feed_Pin;Patch__CPW_Feed_Pin,True,Slot__CPW_Feed_Pin,,Slot__CPW_Feed_Pin,,"{""Slot__CPW_Feed_Pin"": {""geometry_type"": ""MultiLineString"", ""relations"": ""overlaps"", ""wkt"": ""MULTILINESTRING ((0.5 23.42, 0 23.42), (0 23.42, -0.5 23.42))""}}",True,
954,22.573278634808958,2.0863727256655693,5.6792991142719984,2.334186470508576,2.8981176372617483,15.295458091422915,2.6397446691989899,0.75968170817941427,0.2950471043586731,0.3874984122812748,0.096041765995323658,0.83995683304965496,0.75334229972213507,0.07282293401658535,0.79625410959124565,0.83230067603290081,0.40473230835050344,0.31905185896903276,0.10912517923861742,0.26958087552338839,0.2414893452078104,0.65186778735369444,0.13749249838292599,True,,1,0,Slot__Patch;Slot__CPW_Feed_Pin;Patch__CPW_Feed_Pin,True,Slot__CPW_Feed_Pin,,Slot__CPW_Feed_Pin,,"{""Slot__CPW_Feed_Pin"": {""geometry_type"": ""MultiLineString"", ""relations"": ""overlaps"", ""wkt"": ""MULTILINESTRING ((0.5 21.62, 0 21.62), (0 21.62, -0.5 21.62))""}}",True,
955,44.845174863003194,1.3059271853417158,6.2721736561506987,3.3680258931592109,1.7902847044169903,7.8359977947548032,4.2022301778197289,0.49556730687618256,0.69710445217788219,0.88923914823681116,0.53474865853786469,0.19780591130256653,0.3531610295176506,0.87203948013484478,0.29487578384578228,0.13275483343750238,0.89437238220125437,0.9835643507540226,0.90113471820950508,0.7696470133960247,0.61671210546046495,0.29577720817178488,0.52191833779215813,True,,1,0,Slot__Patch;Slot__CPW_Feed_Pin;Patch__CPW_Feed_Pin,True,Slot__CPW_Feed_Pin,,Slot__CPW_Feed_Pin,,"{""Slot__CPW_Feed_Pin"": {""geometry_type"": ""MultiLineString"", ""relations"": ""overlaps"", ""wkt"": ""MULTILINESTRING ((0.5 21.3, 0 21.3), (0 21.3, -0.5 21.3))""}}",True,
956,39.654072378762066,2.2773970495909452,8.4287417940795422,3.7045660752803089,1.6940724793821573,12.117614261806011,2.2554024904966354,0.88338996004313231,0.48568710032850504,0.17354416567832232,0.21959746070206165,0.072250808589160442,0.94722751248627901,0.62852645386010408,0.44567556865513325,0.0019833184778690338,0.81729854643344879,0.76363343466073275,0.14093970879912376,0.23597109783440828,0.49056090600788593,0.19793875236064196,0.058002502657473087,False,ValueError: producer reported invalid exported polygon(s): Patch,,0,Slot__Patch;Slot__CPW_Feed_Pin;Patch__CPW_Feed_Pin,True,Slot__CPW_Feed_Pin,,Slot__CPW_Feed_Pin,,"{""Slot__CPW_Feed_Pin"": {""geometry_type"": ""MultiLineString"", ""relations"": ""overlaps"", ""wkt"": ""MULTILINESTRING ((0.5 20.23, 0 20.23), (0 20.23, -0.5 20.23))""}}",True,
957,17.568969209678471,1.1222957149147987,3.7131606303155422,1.9759056529030206,2.6175181418657303,19.599542557261884,4.817887969315052,0.36917352303862572,0.5221047168597579,0.67571008950471878,0.65730206575244665,0.96818583179265261,0.40939760394394398,0.4277096213772893,0.94818870723247528,0.95477927755564451,0.32158504240214825,0.41056474670767784,0.84881571400910616,0.73602752014994621,0.86583713162690401,0.87483009789139032,0.65807374846190214,True,,1,0,Slot__Patch;Slot__CPW_Feed_Pin;Patch__CPW_Feed_Pin,True,Slot__CPW_Feed_Pin,,Slot__CPW_Feed_Pin,,"{""Slot__CPW_Feed_Pin"": {""geometry_type"": ""MultiLineString"", ""relations"": ""overlaps"", ""wkt"": ""MULTILINESTRING ((0.5 22.56, 0 22.56), (0 22.56, -0.5 22.56))""}}",True,
958,28.528813077136874,2.9527035541832447,7.0134673118591309,3.1208455765619876,2.2470540627837181,17.103128875605762,3.3485633209347725,0.17825951334089041,0.99886080622673035,0.77704155538231134,0.77861905843019485,0.6210956871509552,0.63474773894995451,0.89377238787710667,0.57026075012981892,0.25517345685511827,0.065234309993684292,0.72388183511793613,0.51164053566753864,0.45934789814054966,0.095588121563196182,0.60792725253850222,0.3687888840213418,True,,1,0,Slot__Patch;Slot__CPW_Feed_Pin;Patch__CPW_Feed_Pin,True,Slot__CPW_Feed_Pin,,Slot__CPW_Feed_Pin,,"{""Slot__CPW_Feed_Pin"": {""geometry_type"": ""MultiLineString"", ""relations"": ""overlaps"", ""wkt"": ""MULTILINESTRING ((0.5 22.55, 0 22.55), (0 22.55, -0.5 22.55))""}}",True,
959,51.240158407017589,1.6705605257302523,4.9438533335924149,1.5947550393640997,1.064544664695859,9.570388812571764,5.7860169261693954,0.56649145483970642,0.024536935612559319,0.27529953792691231,0.34034613240510225,0.47906692139804363,0.22187968716025352,0.16148714907467365,0.067736521363258362,0.7099397499114275,0.57754790131002665,0.07507226150482893,0.49862269591540098,0.95927454810589552,0.71988775115460157,0.464750193990767,0.97177452873438597,True,,1,0,Slot__Patch;Slot__CPW_Feed_Pin;Patch__CPW_Feed_Pin,True,Slot__Patch;Slot__CPW_Feed_Pin,Slot__Patch,Slot__CPW_Feed_Pin,,"{""Slot__CPW_Feed_Pin"": {""geometry_type"": ""MultiLineString"", ""relations"": ""overlaps"", ""wkt"": ""MULTILINESTRING ((0.5 22.53, 0 22.53), (0 22.53, -0.5 22.53))""}, ""Slot__Patch"": {""geometry_type"": ""MultiPoint"", ""relations"": ""crosses"", ""wkt"": ""MULTIPOINT ((-21.29 3.47), (-19.32 3.47), (19.32 3.47), (21.29 3.47))""}}",True,
960,50.906249075196683,2.7258553076535463,6.793523920699954,2.8429021840915087,1.8877820745110512,12.910339278168976,5.3736839182674885,0.55232909694314003,0.27482610661536455,0.79190065898001194,0.82252963073551655,0.53511387854814529,0.76013786345720291,0.43047998752444983,0.54523774981498718,0.94704174902290106,0.4841749994084239,0.23033550754189491,0.71228369604796171,0.21555817499756813,0.090181657113134861,0.077362528070807457,0.54366513714194298,True,,1,0,Slot__Patch;Slot__CPW_Feed_Pin;Patch__CPW_Feed_Pin,True,Slot__CPW_Feed_Pin,,Slot__CPW_Feed_Pin,,"{""Slot__CPW_Feed_Pin"": {""geometry_type"": ""MultiLineString"", ""relations"": ""overlaps"", ""wkt"": ""MULTILINESTRING ((0.5 23.98, 0 23.98), (0 23.98, -0.5 23.98))""}}",True,
961,28.81534697022289,1.8812883384525776,5.0645765047520399,1.8855524841696025,2.8007621187716722,20.443551605567336,3.8111978881061077,0.1943749962374568,0.74863207619637251,0.2897370895370841,0.2612642040476203,0.42714265547692776,0.34441648330539465,0.639321512542665,0.043930413201451302,0.025829508900642395,0.97113010007888079,0.5647122235968709,0.29308092780411243,0.71548489946871996,0.71540474705398083,0.99448820389807224,0.17778626643121243,True,,1,0,Slot__Patch;Slot__CPW_Feed_Pin;Patch__CPW_Feed_Pin,True,Slot__CPW_Feed_Pin,,Slot__CPW_Feed_Pin,,"{""Slot__CPW_Feed_Pin"": {""geometry_type"": ""MultiLineString"", ""relations"": ""overlaps"", ""wkt"": ""MULTILINESTRING ((0.5 22.49, 0 22.49), (0 22.49, -0.5 22.49))""}}",True,
962,17.276639062911272,2.0516161993145943,8.5611848775297403,3.3352170430123813,2.4290463421493769,17.899530502036214,4.2810174934566021,0.2612726017832756,0.77239478006958961,0.12590513192117214,0.17952462285757065,0.021516728214919567,0.57268085144460201,0.16447018086910248,0.40820139646530151,0.70171578787267208,0.72844963148236275,0.25333299767225981,0.065284331329166889,0.49538582097738981,0.4491456737741828,0.72953821532428265,0.85785014554858208,True,,1,0,Slot__Patch;Slot__CPW_Feed_Pin;Patch__CPW_Feed_Pin,True,Slot__CPW_Feed_Pin,,Slot__CPW_Feed_Pin,,"{""Slot__CPW_Feed_Pin"": {""geometry_type"": ""MultiLineString"", ""relations"": ""overlaps"", ""wkt"": ""MULTILINESTRING ((0.5 22.77, 0 22.77), (0 22.77, -0.5 22.77))""}}",True,
963,39.993783328682184,1.3339083027094603,3.4814973268657923,2.3377962181344634,1.2595050036907196,10.418045469559729,2.8435644395649433,0.99324400629848242,0.23545747436583042,0.62764574866741896,0.7403285400941968,0.8755817087367177,0.031875536777079105,0.9043547734618187,0.90949002094566822,0.27853714767843485,0.22294158674776554,0.91695881076157093,0.92933810874819756,0.99544216878712177,0.8233921006321907,0.34222057648003101,0.48905687592923641,True,,1,0,Slot__Patch;Slot__CPW_Feed_Pin;Patch__CPW_Feed_Pin,True,Slot__CPW_Feed_Pin,,Slot__CPW_Feed_Pin,,"{""Slot__CPW_Feed_Pin"": {""geometry_type"": ""MultiLineString"", ""relations"": ""overlaps"", ""wkt"": ""MULTILINESTRING ((0.5 19.44, 0 19.44), (0 19.44, -0.5 19.44))""}}",True,
964,45.173869980499148,2.3600046616047621,5.8293195515871048,1.9646789114922287,1.2248578872531652,14.690658655017614,4.6458208225667477,0.38570563867688179,0.94687476474791765,0.43513744976371527,0.052076823078095913,0.75382140837609768,0.62594203278422356,0.5951107619330287,0.8193268459290266,0.3992304764688015,0.050252902321517467,0.82047203462570906,0.18477285280823708,0.03018572460860014,0.19818767067044973,0.18188235908746719,0.96276694070547819,True,,1,0,Slot__Patch;Slot__CPW_Feed_Pin;Patch__CPW_Feed_Pin,True,Slot__CPW_Feed_Pin,,Slot__CPW_Feed_Pin,,"{""Slot__CPW_Feed_Pin"": {""geometry_type"": ""MultiLineString"", ""relations"": ""overlaps"", ""wkt"": ""MULTILINESTRING ((0.5 22.23, 0 22.23), (0 22.23, -0.5 22.23))""}}",True,
965,22.291958956047893,1.0171656832098961,6.0346516370773315,3.7297576216980817,2.086598988622427,22.150591271929443,2.2083677388727665,0.86759025137871504,0.045337232761085033,0.93730349279940128,0.61388496495783329,0.14597231894731522,0.22873617243021727,0.33496579062193632,0.31672399863600731,0.57370610814541578,0.5613441588357091,0.47042530216276646,0.82058939058333635,0.53025190718472004,0.57248756289482117,0.76500076428055763,0.31581312511116266,True,,1,0,Slot__Patch;Slot__CPW_Feed_Pin;Patch__CPW_Feed_Pin,True,Slot__CPW_Feed_Pin,,Slot__CPW_Feed_Pin,,"{""Slot__CPW_Feed_Pin"": {""geometry_type"": ""MultiLineString"", ""relations"": ""overlaps"", ""wkt"": ""MULTILINESTRING ((0.5 19.31, 0 19.31), (0 19.31, -0.5 19.31))""}}",True,
966,33.819734011776745,2.909398827701807,4.2226083241403103,1.6145513104274869,2.7148455269634724,16.38116633053869,5.7384948469698429,0.676668681204319,0.44346288219094276,0.5230175880715251,0.94605959672480822,0.30281588155776262,0.93846033699810505,0.861090999096632,0.19659757427871227,0.15577705670148134,0.80206439271569252,0.65685072168707848,0.5376437995582819,0.30574086681008339,0.34108719322830439,0.52934004366397858,0.65146390628069639,True,,1,0,Slot__Patch;Slot__CPW_Feed_Pin;Patch__CPW_Feed_Pin,True,Slot__CPW_Feed_Pin,,Slot__CPW_Feed_Pin,,"{""Slot__CPW_Feed_Pin"": {""geometry_type"": ""MultiLineString"", ""relations"": ""overlaps"", ""wkt"": ""MULTILINESTRING ((0.5 25.36, 0 25.36), (0 25.36, -0.5 25.36))""}}",True,
967,56.09741844702512,1.6895126719027758,7.825921755284071,3.0947017654776579,1.5966041963547468,8.8557735085487366,3.1760088466107845,0.068814723752439022,0.53313555754721165,0.02127545140683651,0.38384333252906799,0.65675871353596449,0.41621633339673281,0.069962088018655777,0.69921126589179039,0.82441055215895176,0.30561878718435764,0.0088024185970425606,0.45697625260800123,0.80569256562739611,0.96636362932622433,0.41739016398787498,0.0015956917777657509,True,,1,0,Slot__Patch;Slot__CPW_Feed_Pin;Patch__CPW_Feed_Pin,True,Slot__CPW_Feed_Pin,,Slot__CPW_Feed_Pin,,"{""Slot__CPW_Feed_Pin"": {""geometry_type"": ""MultiLineString"", ""relations"": ""overlaps"", ""wkt"": ""MULTILINESTRING ((0.5 20.46, 0 20.46), (0 20.46, -0.5 20.46))""}}",True,
968,59.316560360603034,2.1887543015182018,3.9845165032893419,3.7488248217850932,2.9432913679629564,9.6381143108010292,4.8762553445994854,0.48969355784356594,0.89484360069036484,0.69686173181980848,0.48585079703480005,0.60690335556864738,0.18033505510538816,0.77138550952076912,0.47515968512743711,0.46458478644490242,0.64033643715083599,0.99399694800376892,0.21856334339827299,0.43305621761828661,0.15258876141160727,0.83225197624415159,0.72387874033302069,True,,1,0,Slot__Patch;Slot__CPW_Feed_Pin;Patch__CPW_Feed_Pin,True,Slot__CPW_Feed_Pin,,Slot__CPW_Feed_Pin,,"{""Slot__CPW_Feed_Pin"": {""geometry_type"": ""MultiLineString"", ""relations"": ""overlaps"", ""wkt"": ""MULTILINESTRING ((0.5 24, 0 24), (0 24, -0.5 24))""}}",True,
969,37.280891644768417,1.4067311380058527,7.9640122521668673,2.2680304577574137,1.8701264634728432,17.156194760464132,2.4387407787144184,0.75774295721203089,0.1129323597997427,0.19903100095689297,0.9221772812306881,0.49600249715149403,0.70547060295939445,0.034682866185903549,0.97289497498422861,0.50785207282751799,0.12701471149921417,0.32838701549917459,0.79169696755707264,0.93298453465104103,0.52787639200687408,0.22007319983094931,0.12498236168175936,True,,1,0,Slot__Patch;Slot__CPW_Feed_Pin;Patch__CPW_Feed_Pin,True,Slot__CPW_Feed_Pin,,Slot__CPW_Feed_Pin,,"{""Slot__CPW_Feed_Pin"": {""geometry_type"": ""MultiLineString"", ""relations"": ""overlaps"", ""wkt"": ""MULTILINESTRING ((0.5 19.71, 0 19.71), (0 19.71, -0.5 19.71))""}}",True,
970,25.664592459797859,2.5183895137161016,5.4049164857715368,3.0730658644810322,1.4996928870677948,19.297384838573635,5.9689212925732136,0.69865780510008335,0.40217319224029779,0.34724177327007055,0.51178991328924894,0.086443147622048855,0.49281521607190371,0.50514013599604368,0.60277176927775145,0.21578895766288042,0.38434403482824564,0.51702496316283941,0.56685664225369692,0.15288622863590717,0.26167477760463953,0.48442773800343275,0.9135999521240592,True,,1,0,Slot__Patch;Slot__CPW_Feed_Pin;Patch__CPW_Feed_Pin,True,Slot__CPW_Feed_Pin,,Slot__CPW_Feed_Pin,,"{""Slot__CPW_Feed_Pin"": {""geometry_type"": ""MultiLineString"", ""relations"": ""overlaps"", ""wkt"": ""MULTILINESTRING ((0.5 23.99, 0 23.99), (0 23.99, -0.5 23.99))""}}",True,
971,48.480311930179596,1.8631681948900223,6.7340533789247274,1.3086109168827533,2.3137330505996943,11.830116156488657,3.406374704092741,0.056591224856674671,0.62123921420425177,0.84550308622419834,0.076047023758292198,0.95125024858862162,0.89298890717327595,0.29995164554566145,0.10505614522844553,0.76489837653934956,0.87910849507898092,0.18060309253633022,0.42289585992693901,0.65294432174414396,0.88598588667809963,0.56780555751174688,0.30980553198605776,True,,1,0,Slot__Patch;Slot__CPW_Feed_Pin;Patch__CPW_Feed_Pin,True,Slot__CPW_Feed_Pin,,Slot__CPW_Feed_Pin,,"{""Slot__CPW_Feed_Pin"": {""geometry_type"": ""MultiLineString"", ""relations"": ""overlaps"", ""wkt"": ""MULTILINESTRING ((0.5 21.58, 0 21.58), (0 21.58, -0.5 21.58))""}}",True,
972,42.421217272058129,2.8346380591392517,8.7053235657513142,1.7014164282009006,2.17063033208251,7.6510101417079568,5.104240033775568,0.57233267091214657,0.31703346222639084,0.092692216858267784,0.63923755660653114,0.82558137364685535,0.29906712379306555,0.19951290637254715,0.13891245890408754,0.8854620074853301,0.83109557442367077,0.088068342767655849,0.6832081712782383,0.36829136498272419,0.01065486017614603,0.90746541786938906,0.76578297466039658,True,,1,0,Slot__Patch;Slot__CPW_Feed_Pin;Patch__CPW_Feed_Pin,True,Slot__CPW_Feed_Pin,,Slot__CPW_Feed_Pin,,"{""Slot__CPW_Feed_Pin"": {""geometry_type"": ""MultiLineString"", ""relations"": ""overlaps"", ""wkt"": ""MULTILINESTRING ((0.5 24.11, 0 24.11), (0 24.11, -0.5 24.11))""}}",True,
973,19.418755704537034,1.5543125029653311,3.2490760423243046,2.6994619455188515,1.0159529056400061,15.125164920464158,3.5416934750974178,0.18023079726845026,0.65948868356645107,0.59052422922104597,0.20249045733362436,0.21480254456400871,0.83685881644487381,0.99429675936698914,0.63727485295385122,0.086917154490947723,0.34246361255645752,0.73797774128615856,0.32705452758818865,0.86835488211363554,0.63489724509418011,0.019888394512236118,0.38532445020973682,True,,1,0,Slot__Patch;Slot__CPW_Feed_Pin;Patch__CPW_Feed_Pin,True,Slot__CPW_Feed_Pin,,Slot__CPW_Feed_Pin,,"{""Slot__CPW_Feed_Pin"": {""geometry_type"": ""MultiLineString"", ""relations"": ""overlaps"", ""wkt"": ""MULTILINESTRING ((0.5 20.11, 0 20.11), (0 20.11, -0.5 20.11))""}}",True,
974,31.046094694174826,2.3800931219011545,7.4986076429486275,2.5193632632493976,1.6454807203263044,21.54644432477653,4.011566486209631,0.36333982087671757,0.82339000795036554,0.98919657804071903,0.36232070438563824,0.36777370516210794,0.11152617726475,0.46573062893003225,0.75153474975377321,0.63866174034774303,0.083189346827566624,0.42441650480031967,0.031387040391564369,0.092637968249619007,0.4036764046177268,0.25492314714938402,0.58099222928285599,True,,1,0,Slot__Patch;Slot__CPW_Feed_Pin;Patch__CPW_Feed_Pin,True,Slot__CPW_Feed_Pin,,Slot__CPW_Feed_Pin,,"{""Slot__CPW_Feed_Pin"": {""geometry_type"": ""MultiLineString"", ""relations"": ""overlaps"", ""wkt"": ""MULTILINESTRING ((0.5 22.04, 0 22.04), (0 22.04, -0.5 22.04))""}}",True,
975,53.246575766243041,1.2226631604135036,4.6462101861834526,3.4760687442496421,2.5410944111645222,14.005913813598454,2.5740518905222416,0.88141116220504045,0.16877621319144964,0.49093302991241217,0.79959798138588667,0.73245879169553518,0.52440180443227291,0.72905564215034246,0.2531605577096343,0.34208329115062952,0.58647122140973806,0.77638536784797907,0.95836784224957228,0.59258708730340004,0.77889543026685715,0.67227768991142511,0.19563566334545612,True,,1,0,Slot__Patch;Slot__CPW_Feed_Pin;Patch__CPW_Feed_Pin,True,Slot__CPW_Feed_Pin,,Slot__CPW_Feed_Pin,,"{""Slot__CPW_Feed_Pin"": {""geometry_type"": ""MultiLineString"", ""relations"": ""overlaps"", ""wkt"": ""MULTILINESTRING ((0.5 20.34, 0 20.34), (0 20.34, -0.5 20.34))""}}",True,
976,52.548122922889888,2.4954277891665697,8.1979070417582989,1.4740216242149473,1.3158628549426794,15.899061947129667,3.93592544272542,0.34178706258535385,0.070480731315910816,0.8798858942463994,0.76202591508626938,0.78276556544005871,0.39766990300267935,0.56320259720087051,0.93883059360086918,0.98948748130351305,0.71084218006581068,0.54853985365480185,0.12374239880591631,0.23074803780764341,0.54559384752064943,0.53381798416376114,0.24857028387486935,True,,1,0,Slot__Patch;Slot__CPW_Feed_Pin;Patch__CPW_Feed_Pin,True,Slot__CPW_Feed_Pin,,Slot__CPW_Feed_Pin,,"{""Slot__CPW_Feed_Pin"": {""geometry_type"": ""MultiLineString"", ""relations"": ""overlaps"", ""wkt"": ""MULTILINESTRING ((0.5 21.75, 0 21.75), (0 21.75, -0.5 21.75))""}}",True,
977,30.341826821677387,1.1507854796946049,3.8447379134595394,3.2442595049738889,2.4976723156869411,8.4322505816817284,5.4984718970954418,0.92127446737140417,0.92172792833298445,0.38217201083898544,0.32579575944691896,0.17882271111011505,0.99802358448505402,0.36608070135116577,0.4413532093167305,0.037637563422322273,0.21314806956797838,0.14859998039901257,0.88651988282799721,0.73081368394196033,0.17039388604462147,0.39820164814591408,0.59784750267863274,True,,1,0,Slot__Patch;Slot__CPW_Feed_Pin;Patch__CPW_Feed_Pin,True,Slot__CPW_Feed_Pin,,Slot__CPW_Feed_Pin,,"{""Slot__CPW_Feed_Pin"": {""geometry_type"": ""MultiLineString"", ""relations"": ""overlaps"", ""wkt"": ""MULTILINESTRING ((0.5 23.15, 0 23.15), (0 23.15, -0.5 23.15))""}}",True,
978,18.72209507972002,2.789844773709774,6.4067300856113434,2.0989798050373794,2.8683504946529865,13.268294502049685,2.9677994064986706,0.59754807129502296,0.57000235095620155,0.045919553376734257,0.23608775623142719,0.26996547449380159,0.2101880693808198,0.82823680993169546,0.07709331251680851,0.73678562417626381,0.45484212413430214,0.96191700547933578,0.72369127254933119,0.44892914965748787,0.93068081419914961,0.13142825663089752,0.43389887176454067,True,,1,0,Slot__Patch;Slot__CPW_Feed_Pin;Patch__CPW_Feed_Pin,True,Slot__CPW_Feed_Pin,,Slot__CPW_Feed_Pin,,"{""Slot__CPW_Feed_Pin"": {""geometry_type"": ""MultiLineString"", ""relations"": ""overlaps"", ""wkt"": ""MULTILINESTRING ((0.5 22.62, 0 22.62), (0 22.62, -0.5 22.62))""}}",True,
979,41.708441935479641,1.5722503643482924,5.45135597884655,3.5841276494786145,1.945177523419261,20.786833162419498,4.4053138680756092,0.14207594376057386,0.40660038031637669,0.54430148378014565,0.67192506697028875,0.62781457137316465,0.68550361506640911,0.10006996896117926,0.57458249479532242,0.28296537231653929,0.96523424424231052,0.35997861716896296,0.26606319285929203,0.94888043124228716,0.3064575083553791,0.80074363574385643,0.78804367408156395,True,,1,0,Slot__Patch;Slot__CPW_Feed_Pin;Patch__CPW_Feed_Pin,True,Slot__CPW_Feed_Pin,,Slot__CPW_Feed_Pin,,"{""Slot__CPW_Feed_Pin"": {""geometry_type"": ""MultiLineString"", ""relations"": ""overlaps"", ""wkt"": ""MULTILINESTRING ((0.5 21.93, 0 21.93), (0 21.93, -0.5 21.93))""}}",True,
980,46.372004868462682,2.6061515640467405,3.1094809267669916,3.3284414313733581,1.5392077937722206,17.444081017747521,2.0835869275033474,0.72130877524614334,0.64926749188452959,0.26805264502763748,0.11257196683436632,0.50152750313282013,0.028936880640685558,0.39948712661862373,0.66596837714314461,0.41036470048129559,0.76108524482697248,0.39282485842704773,0.52625915594398975,0.045026767998933792,0.67978296708315611,0.71059583686292171,0.26159732136875391,True,,1,0,Slot__Patch;Slot__CPW_Feed_Pin;Patch__CPW_Feed_Pin,True,Slot__CPW_Feed_Pin,,Slot__CPW_Feed_Pin,,"{""Slot__CPW_Feed_Pin"": {""geometry_type"": ""MultiLineString"", ""relations"": ""overlaps"", ""wkt"": ""MULTILINESTRING ((0.5 20.23, 0 20.23), (0 20.23, -0.5 20.23))""}}",True,
981,23.550470368936658,1.7631990984082222,8.939034903421998,2.3760894307866698,2.6472561974078417,9.9040078232064843,4.5211013592779636,0.015629707835614681,0.3741949824616313,0.76576500851660967,0.54936197400093079,0.39746254496276379,0.61663250997662544,0.67135175690054893,0.16734807752072811,0.61670264694839716,0.2568266661837697,0.80846535507589579,0.48400169145315886,0.54495295602828264,0.055490937083959579,0.346456253901124,0.89194960426539183,True,,1,0,Slot__Patch;Slot__CPW_Feed_Pin;Patch__CPW_Feed_Pin,True,Slot__CPW_Feed_Pin,,Slot__CPW_Feed_Pin,,"{""Slot__CPW_Feed_Pin"": {""geometry_type"": ""MultiLineString"", ""relations"": ""overlaps"", ""wkt"": ""MULTILINESTRING ((0.5 22.93, 0 22.93), (0 22.93, -0.5 22.93))""}}",True,
982,35.181241915561259,2.1867008693516254,4.6924669425934553,2.8456709926947954,2.0179720614105463,11.520142857916653,3.0517053045332432,0.46533222869038582,0.14780891314148903,0.68014960363507271,0.88948977645486593,0.051196853630244732,0.34147996921092272,0.13448439072817564,0.28747128322720528,0.15965840872377157,0.013171423226594925,0.12007149960845709,0.12632248923182487,0.2596678240224719,0.79655942041426897,0.1128630768507719,0.071437389589846134,True,,1,0,Slot__Patch;Slot__CPW_Feed_Pin;Patch__CPW_Feed_Pin,True,Slot__CPW_Feed_Pin,,Slot__CPW_Feed_Pin,,"{""Slot__CPW_Feed_Pin"": {""geometry_type"": ""MultiLineString"", ""relations"": ""overlaps"", ""wkt"": ""MULTILINESTRING ((0.5 21.25, 0 21.25), (0 21.25, -0.5 21.25))""}}",True,
983,57.200795919634402,1.4668900538235903,7.1714671086519957,1.8534084085375073,1.168499082326889,18.994755847379565,5.6142517887055874,0.79504373949021101,0.86004000343382359,0.1817701468244195,0.45225349999964237,0.90916806925088167,0.80409167148172855,0.93733102362602949,0.78607191704213619,0.8601502850651741,0.50082660652697086,0.70646280609071255,0.86343054939061403,0.75972375459969044,0.42129085399210453,0.94428017921745777,0.70665725599974394,True,,1,0,Slot__Patch;Slot__CPW_Feed_Pin;Patch__CPW_Feed_Pin,True,Slot__CPW_Feed_Pin,,Slot__CPW_Feed_Pin,,"{""Slot__CPW_Feed_Pin"": {""geometry_type"": ""MultiLineString"", ""relations"": ""overlaps"", ""wkt"": ""MULTILINESTRING ((0.5 22.25, 0 22.25), (0 22.25, -0.5 22.25))""}}",True,
984,55.388150936923921,2.9661836586892605,5.018365703523159,2.5170737832784655,2.2612652741372585,21.999147227033973,2.3140138201415539,0.65342172421514988,0.69245140999555588,0.60009313002228737,0.42928862106055021,0.85840507782995701,0.53710393980145454,0.23200042825192213,0.0093927690759301186,0.47585067711770535,0.4292938094586134,0.28486314695328474,0.61728536803275347,0.38623583503067493,0.73306479584425688,0.30627795029431581,0.054198493249714375,True,,1,0,Slot__Patch;Slot__CPW_Feed_Pin;Patch__CPW_Feed_Pin,True,Slot__CPW_Feed_Pin,,Slot__CPW_Feed_Pin,,"{""Slot__CPW_Feed_Pin"": {""geometry_type"": ""MultiLineString"", ""relations"": ""overlaps"", ""wkt"": ""MULTILINESTRING ((0.5 21.54, 0 21.54), (0 21.54, -0.5 21.54))""}}",True,
985,33.127310774289072,1.6839974168688059,7.120618499815464,3.5099601300433285,1.4271444883197546,14.517204877920449,4.7514667697250843,0.10890738386660814,0.28407502733170986,0.097801313735544682,0.99057980440557003,0.24371998384594917,0.07733799796551466,0.96479975711554289,0.51092750113457441,0.55170876625925303,0.93187218904495239,0.88494043983519077,0.38807741180062294,0.88629988860338926,0.10779980942606926,0.63746618572622538,0.66969622578471899,True,,1,0,Slot__Patch;Slot__CPW_Feed_Pin;Patch__CPW_Feed_Pin,True,Slot__CPW_Feed_Pin,,Slot__CPW_Feed_Pin,,"{""Slot__CPW_Feed_Pin"": {""geometry_type"": ""MultiLineString"", ""relations"": ""overlaps"", ""wkt"": ""MULTILINESTRING ((0.5 21.86, 0 21.86), (0 21.86, -0.5 21.86))""}}",True,
986,21.583797018975019,2.2644167300313711,3.6211387552320957,1.7099347008392216,1.798615662381053,9.0439531439915299,3.2821393795311451,0.40919632278382778,0.19782757852226496,0.44969021528959274,0.57229267153888941,0.33885625097900629,0.84956310130655766,0.49727208539843559,0.88105392549186945,0.21880622114986181,0.67357603553682566,0.19827082380652428,0.2222925303503871,0.16844290215522051,0.86827389616519213,0.90388826746493578,0.36496362555772066,True,,1,0,Slot__Patch;Slot__CPW_Feed_Pin;Patch__CPW_Feed_Pin,True,Slot__CPW_Feed_Pin,,Slot__CPW_Feed_Pin,,"{""Slot__CPW_Feed_Pin"": {""geometry_type"": ""MultiLineString"", ""relations"": ""overlaps"", ""wkt"": ""MULTILINESTRING ((0.5 21.34, 0 21.34), (0 21.34, -0.5 21.34))""}}",True,
987,44.470879342406988,1.1093356013298035,8.327427227050066,2.6616427924484016,2.8897859938442707,16.576707260683179,5.8446252755820751,0.82969527039676905,0.79433530475944281,0.95130635518580675,0.011516418308019638,0.69963510241359472,0.26488108653575182,0.69855150952935219,0.37950834911316633,0.80051037669181824,0.18369134422391653,0.59628856647759676,0.77232805825769901,0.66839243844151497,0.49398543871939182,0.040008069016039371,0.98340633418411016,True,,1,0,Slot__Patch;Slot__CPW_Feed_Pin;Patch__CPW_Feed_Pin,True,Slot__CPW_Feed_Pin,,Slot__CPW_Feed_Pin,,"{""Slot__CPW_Feed_Pin"": {""geometry_type"": ""MultiLineString"", ""relations"": ""overlaps"", ""wkt"": ""MULTILINESTRING ((0.5 23.84, 0 23.84), (0 23.84, -0.5 23.84))""}}",True,
988,37.873631631955504,2.072985365986824,6.3619296904653311,2.9382856423035268,2.5945988316088915,19.782235804013908,3.6664739288389683,0.283665606752038,0.021379254758358002,0.23536101076751947,0.69580833427608013,0.57725756242871284,0.92130263149738312,0.80100460257381201,0.34491374995559454,0.92803940642625093,0.10463772527873516,0.62527433410286903,0.027635009959340096,0.32209446746855974,0.61719382274895906,0.44985837768763304,0.43954016454517841,True,,1,0,Slot__Patch;Slot__CPW_Feed_Pin;Patch__CPW_Feed_Pin,True,Slot__CPW_Feed_Pin,,Slot__CPW_Feed_Pin,,"{""Slot__CPW_Feed_Pin"": {""geometry_type"": ""MultiLineString"", ""relations"": ""overlaps"", ""wkt"": ""MULTILINESTRING ((0.5 22.34, 0 22.34), (0 22.34, -0.5 22.34))""}}",True,
989,15.173331638798118,1.2925196196883917,5.7829252984374762,1.4524935789406301,1.7169905677437782,12.256385665386915,5.2289598546922207,0.95400529820472002,0.98639336787164211,0.73765059188008308,0.13407933991402388,0.46245046891272068,0.44301926251500845,0.0023174053058028221,0.84728920180350542,0.099585363641381264,0.6001066118478775,0.040867147035896778,0.97772919666022062,0.82202332094311714,0.24295883066952229,0.61891434248536825,0.8366004005074501,True,,1,0,Slot__Patch;Slot__CPW_Feed_Pin;Patch__CPW_Feed_Pin,True,Slot__CPW_Feed_Pin,,Slot__CPW_Feed_Pin,,"{""Slot__CPW_Feed_Pin"": {""geometry_type"": ""MultiLineString"", ""relations"": ""overlaps"", ""wkt"": ""MULTILINESTRING ((0.5 22.24, 0 22.24), (0 22.24, -0.5 22.24))""}}",True,
990,26.705912542529404,2.6495392415672541,7.5919813681393862,3.8876118469983343,1.0885003507137299,11.057731881737709,2.6983560286462307,0.52774032019078732,0.52578297350555658,0.83889481145888567,0.30182460322976112,0.11999519076198339,0.73378266207873821,0.53576631844043732,0.73301821853965521,0.67286748811602592,0.8564568692818284,0.8524904502555728,0.63277189061045647,0.10759738273918629,0.9840924022719264,0.8521256921812892,0.1257938165217638,True,,1,0,Slot__Patch;Slot__CPW_Feed_Pin;Patch__CPW_Feed_Pin,True,Slot__CPW_Feed_Pin,,Slot__CPW_Feed_Pin,,"{""Slot__CPW_Feed_Pin"": {""geometry_type"": ""MultiLineString"", ""relations"": ""overlaps"", ""wkt"": ""MULTILINESTRING ((0.5 20.43, 0 20.43), (0 20.43, -0.5 20.43))""}}",True,
991,48.80198594648391,1.9922723583877087,4.362432511523366,2.1179986586794257,2.2230971548706293,18.517206287942827,4.1358089484274387,0.23336806986480951,0.49763372447341681,0.33727995306253433,0.86412192229181528,0.98089602682739496,0.1305374288931489,0.26853226870298386,0.2306614788249135,0.3463837830349803,0.34438884910196066,0.43889510817825794,0.36185013223439455,0.6076558930799365,0.35888076201081276,0.21673825290054083,0.52579902857542038,True,,1,0,Slot__Patch;Slot__CPW_Feed_Pin;Patch__CPW_Feed_Pin,True,Slot__CPW_Feed_Pin,,Slot__CPW_Feed_Pin,,"{""Slot__CPW_Feed_Pin"": {""geometry_type"": ""MultiLineString"", ""relations"": ""overlaps"", ""wkt"": ""MULTILINESTRING ((0.5 22.36, 0 22.36), (0 22.36, -0.5 22.36))""}}",True,
992,49.638342345133424,2.0113009382039309,5.2857815735042095,1.8160446142777802,1.5659903958439827,16.769339656457305,2.9313044995069504,0.11000888422131538,0.92470003012567759,0.75332238804548979,0.60385563503950834,0.18832052871584892,0.6890556002035737,0.78906435240060091,0.30951010249555111,0.91051680874079466,0.2784165944904089,0.20377966109663248,0.85909138340502977,0.69952144753187895,0.37512167356908321,0.82163739018142223,0.99675405025482178,True,,1,0,Slot__Patch;Slot__CPW_Feed_Pin;Patch__CPW_Feed_Pin,True,Slot__CPW_Feed_Pin,,Slot__CPW_Feed_Pin,,"{""Slot__CPW_Feed_Pin"": {""geometry_type"": ""MultiLineString"", ""relations"": ""overlaps"", ""wkt"": ""MULTILINESTRING ((0.5 20.51, 0 20.51), (0 20.51, -0.5 20.51))""}}",True,
993,27.624630192294717,1.3541434891521931,6.5693776868283749,2.8895461712032562,2.7475537974387407,9.2878564121201634,4.4938190653920174,0.62717372458428144,0.083076409064233303,0.25121365301311016,0.042559674009680748,0.83425566740334034,0.16733135096728802,0.029684287495911121,0.81090881302952766,0.11709890142083168,0.76634696871042252,0.61836773157119751,0.15115420892834663,0.19956974871456623,0.7508105942979455,0.24630852229893208,0.3496935311704874,True,,1,0,Slot__Patch;Slot__CPW_Feed_Pin;Patch__CPW_Feed_Pin,True,Slot__CPW_Feed_Pin,,Slot__CPW_Feed_Pin,,"{""Slot__CPW_Feed_Pin"": {""geometry_type"": ""MultiLineString"", ""relations"": ""overlaps"", ""wkt"": ""MULTILINESTRING ((0.5 22.6, 0 22.6), (0 22.6, -0.5 22.6))""}}",True,
994,16.006894432939589,2.7109909728169441,4.0571847259998322,2.4098134152591228,2.1189715657383204,14.24383441451937,3.9616777971386909,0.82687715440988541,0.43496029078960419,0.16541943605989218,0.39822901878505945,0.73942386265844107,0.87656604405492544,0.55531736649572849,0.67516120336949825,0.6592611987143755,0.5265964874997735,0.30480656586587429,0.4883295027539134,0.9801730252802372,0.023115724325180054,0.48186970315873623,0.68595816195011139,True,,1,0,Slot__Patch;Slot__CPW_Feed_Pin;Patch__CPW_Feed_Pin,True,Slot__CPW_Feed_Pin,,Slot__CPW_Feed_Pin,,"{""Slot__CPW_Feed_Pin"": {""geometry_type"": ""MultiLineString"", ""relations"": ""overlaps"", ""wkt"": ""MULTILINESTRING ((0.5 22.8, 0 22.8), (0 22.8, -0.5 22.8))""}}",True,
995,38.800614424981177,1.9308811854571104,7.9883927553892136,3.2809062579646708,1.1945797801017761,21.777044953778386,5.3992243856191635,0.43374296929687262,0.58845259062945843,0.66721870191395283,0.95900243148207664,0.34739496652036905,0.47981889545917511,0.26440786011517048,0.17378096655011177,0.35999722499400377,0.02206569816917181,0.89209675695747137,0.50140827335417271,0.4801068427041173,0.64782806392759085,0.58598426915705204,0.035952666774392128,True,,1,0,Slot__Patch;Slot__CPW_Feed_Pin;Patch__CPW_Feed_Pin,True,Slot__CPW_Feed_Pin,,Slot__CPW_Feed_Pin,,"{""Slot__CPW_Feed_Pin"": {""geometry_type"": ""MultiLineString"", ""relations"": ""overlaps"", ""wkt"": ""MULTILINESTRING ((0.5 22.53, 0 22.53), (0 22.53, -0.5 22.53))""}}",True,
996,43.640069919638336,2.9027783256024122,7.3339261505752802,3.6189627062529333,1.2898155357688665,18.331612455658615,3.0803950056433678,0.95290187373757362,0.34576837066560984,0.39463180117309093,0.27081186883151531,0.46952149458229542,0.82324476260691881,0.23600562755018473,0.082395143806934357,0.48957855254411697,0.18911672197282314,0.86266848258674145,0.26159803755581379,0.51378274336457253,0.27218157798051834,0.93394491076469421,0.50953683909028769,True,,1,0,Slot__Patch;Slot__CPW_Feed_Pin;Patch__CPW_Feed_Pin,True,Slot__CPW_Feed_Pin,,Slot__CPW_Feed_Pin,,"{""Slot__CPW_Feed_Pin"": {""geometry_type"": ""MultiLineString"", ""relations"": ""overlaps"", ""wkt"": ""MULTILINESTRING ((0.5 21.27, 0 21.27), (0 21.27, -0.5 21.27))""}}",True,
997,20.659554186277092,1.7473412379622459,4.5270810965448618,2.0525553939864043,2.3966413401067257,10.806217845529318,5.5179415643215179,0.3099155006930232,0.63075425382703543,0.89673824142664671,0.83252844493836164,0.615578543394804,0.28301833011209965,0.94512377772480249,0.58490637876093388,0.53797278460115194,0.6992328092455864,0.46362931188195944,0.74864898156374693,0.013726395554840565,0.89696264173835516,0.0090295784175395966,0.14403941947966814,True,,1,0,Slot__Patch;Slot__CPW_Feed_Pin;Patch__CPW_Feed_Pin,True,Slot__CPW_Feed_Pin,,Slot__CPW_Feed_Pin,,"{""Slot__CPW_Feed_Pin"": {""geometry_type"": ""MultiLineString"", ""relations"": ""overlaps"", ""wkt"": ""MULTILINESTRING ((0.5 23.66, 0 23.66), (0 23.66, -0.5 23.66))""}}",True,
998,32.288201004266739,2.3280547596514225,8.7296982686966658,3.2080060081556443,2.7680824585258961,12.536793798208237,2.0500140488147736,0.23618810623884201,0.85700871050357819,0.56066554971039295,0.72741622105240822,0.95821621362119913,0.51079513411968946,0.46978027187287807,0.96479091793298721,0.23644945118576288,0.94483544025570154,0.65226730797439814,0.89096587523818016,0.79089432489126921,0.12598621658980846,0.27383425086736679,0.8232529079541564,True,,1,0,Slot__Patch;Slot__CPW_Feed_Pin;Patch__CPW_Feed_Pin,True,Slot__CPW_Feed_Pin,,Slot__CPW_Feed_Pin,,"{""Slot__CPW_Feed_Pin"": {""geometry_type"": ""MultiLineString"", ""relations"": ""overlaps"", ""wkt"": ""MULTILINESTRING ((0.5 21.14, 0 21.14), (0 21.14, -0.5 21.14))""}}",True,
999,54.466693326830864,1.0457590837031603,3.3217500876635313,1.519008029997349,1.9183672647923231,19.996728203259408,4.6125286445021629,0.50319178309291601,0.13515798561275005,0.058867624960839748,0.16510842088609934,0.066065422259271145,0.095469523221254349,0.7103725504130125,0.46226860024034977,0.78287334553897381,0.4474127134308219,0.04927467554807663,0.098773335106670856,0.29096760042011738,0.50174374226480722,0.66898732259869576,0.45481051225215197,True,,1,0,Slot__Patch;Slot__CPW_Feed_Pin;Patch__CPW_Feed_Pin,True,Slot__CPW_Feed_Pin,,Slot__CPW_Feed_Pin,,"{""Slot__CPW_Feed_Pin"": {""geometry_type"": ""MultiLineString"", ""relations"": ""overlaps"", ""wkt"": ""MULTILINESTRING ((0.5 21.57, 0 21.57), (0 21.57, -0.5 21.57))""}}",True,
1000,58.1250040512532,2.5445410422980785,8.492818795144558,2.1553730685263872,2.5111481864005327,20.98249779548496,3.3186341598629951,0.92212610505521297,0.31235293671488762,0.71884511597454548,0.2047073170542717,0.13902256637811661,0.36266944743692875,0.38004243187606335,0.73847478348761797,0.42788633704185486,0.62246307265013456,0.94011249858886003,0.35263947863131762,0.91750727780163288,0.31252782791852951,0.080423536710441113,0.80210832040756941,True,,1,0,Slot__Patch;Slot__CPW_Feed_Pin;Patch__CPW_Feed_Pin,True,Slot__CPW_Feed_Pin,,Slot__CPW_Feed_Pin,,"{""Slot__CPW_Feed_Pin"": {""geometry_type"": ""MultiLineString"", ""relations"": ""overlaps"", ""wkt"": ""MULTILINESTRING ((0.5 22.37, 0 22.37), (0 22.37, -0.5 22.37))""}}",True,
1001,36.012113196775317,1.824870178475976,3.4586739912629128,3.8437262078747159,1.6772696450352669,13.515230901539326,5.7561201900243759,0.31530064437538385,0.7111057210713625,0.22094810660928488,0.6409422354772687,0.7742153462022543,0.77496619243174791,0.67509516142308712,0.24083110596984625,0.59918816294521093,0.11011711228638887,0.35468340292572975,0.6527399905025959,0.41755815874785185,0.93828131165355444,0.97580550517886877,0.42175658885389566,True,,1,0,Slot__Patch;Slot__CPW_Feed_Pin;Patch__CPW_Feed_Pin,True,Slot__CPW_Feed_Pin,,Slot__CPW_Feed_Pin,,"{""Slot__CPW_Feed_Pin"": {""geometry_type"": ""MultiLineString"", ""relations"": ""overlaps"", ""wkt"": ""MULTILINESTRING ((0.5 23.26, 0 23.26), (0 23.26, -0.5 23.26))""}}",True,
1002,24.471968044526875,2.2480481769889593,6.9083550609648228,1.4187788153067231,1.0480164885520935,8.1564200855791569,2.2882613390684128,0.13903466798365116,0.79722537565976381,0.32237876765429974,0.7930248249322176,0.683255928568542,0.05012064054608345,0.14604458305984735,0.37072744686156511,0.173263737000525,0.37037594243884087,0.54110887832939625,0.98695114534348249,0.6371846916154027,0.21064390055835247,0.74065595399588346,0.61681048851460218,True,,1,0,Slot__Patch;Slot__CPW_Feed_Pin;Patch__CPW_Feed_Pin,True,Slot__CPW_Feed_Pin,,Slot__CPW_Feed_Pin,,"{""Slot__CPW_Feed_Pin"": {""geometry_type"": ""MultiLineString"", ""relations"": ""overlaps"", ""wkt"": ""MULTILINESTRING ((0.5 19.58, 0 19.58), (0 19.58, -0.5 19.58))""}}",True,
1003,47.211058144457638,1.4054821878671646,5.2276966162025928,2.9858114399015907,2.1404094491153955,15.674498747102916,4.8507143929600716,0.62182959634810686,0.21062735747545958,0.82057761680334806,0.3571903994306922,0.29415690619498491,0.58751656394451857,0.91006953362375498,0.86835169699043036,0.84653589688241482,0.86611812002956867,0.12844293843954802,0.0076861325651407242,0.13712117448449135,0.58542090002447367,0.31548120733350515,0.23159117344766855,True,,1,0,Slot__Patch;Slot__CPW_Feed_Pin;Patch__CPW_Feed_Pin,True,Slot__CPW_Feed_Pin,,Slot__CPW_Feed_Pin,,"{""Slot__CPW_Feed_Pin"": {""geometry_type"": ""MultiLineString"", ""relations"": ""overlaps"", ""wkt"": ""MULTILINESTRING ((0.5 22.39, 0 22.39), (0 22.39, -0.5 22.39))""}}",True,
1004,40.789694949053228,2.432127833366394,4.1997906323522329,2.6268171114847068,2.3439863584935665,18.806701088324189,2.669666200876236,0.014779960736632347,0.98356999084353447,0.1165934419259429,0.92044208664447069,0.42019188962876797,0.24393071047961712,0.59034297056496143,0.90294611733406782,0.97575864475220442,0.90805090498179197,0.095062637701630592,0.76299928314983845,0.85335276741534472,0.45964971743524075,0.16344377119094133,0.6876944936811924,True,,1,0,Slot__Patch;Slot__CPW_Feed_Pin;Patch__CPW_Feed_Pin,True,Slot__CPW_Feed_Pin,,Slot__CPW_Feed_Pin,,"{""Slot__CPW_Feed_Pin"": {""geometry_type"": ""MultiLineString"", ""relations"": ""overlaps"", ""wkt"": ""MULTILINESTRING ((0.5 21.45, 0 21.45), (0 21.45, -0.5 21.45))""}}",True,
1005,17.885784446261823,1.2141469474881887,7.7575500514358282,1.7563498910516502,1.4675968792289495,11.26616878900677,4.2321192845702171,0.74779327306896448,0.0086424816399812698,0.61448887176811695,0.48366445302963257,0.55550692230463028,0.64358464721590281,0.35439748503267765,0.40449234936386347,0.051372598856687546,0.41844331193715334,0.6960711507126689,0.24237875174731016,0.35329467430710793,0.83437325153499842,0.76781772170215845,0.088416753336787224,True,,1,0,Slot__Patch;Slot__CPW_Feed_Pin;Patch__CPW_Feed_Pin,True,Slot__CPW_Feed_Pin,,Slot__CPW_Feed_Pin,,"{""Slot__CPW_Feed_Pin"": {""geometry_type"": ""MultiLineString"", ""relations"": ""overlaps"", ""wkt"": ""MULTILINESTRING ((0.5 20.92, 0 20.92), (0 20.92, -0.5 20.92))""}}",True,
1006,29.414868000894785,2.8534079436212778,5.9924453068524599,3.5462240874767312,1.8383661489933729,10.187449087388813,3.700046680867672,0.79808312095701694,0.46941499877721071,0.96619037818163633,0.081146812997758389,0.90207802969962358,0.43141825497150421,0.82437038142234087,0.018740328960120678,0.71914143301546574,0.16405191645026207,0.38469198811799288,0.39742540940642357,0.57632608897984028,0.063576355576515198,0.5033331261947751,0.87788470461964607,True,,1,0,Slot__Patch;Slot__CPW_Feed_Pin;Patch__CPW_Feed_Pin,True,Slot__CPW_Feed_Pin,,Slot__CPW_Feed_Pin,,"{""Slot__CPW_Feed_Pin"": {""geometry_type"": ""MultiLineString"", ""relations"": ""overlaps"", ""wkt"": ""MULTILINESTRING ((0.5 22.4, 0 22.4), (0 22.4, -0.5 22.4))""}}",True,
1007,51.714508999139071,1.5086256824433804,6.1494771558791399,2.4720767619088297,2.9732089824974537,17.661605654284358,5.1375326812267303,0.44105262774974108,0.50718391966074705,0.46799406222999096,0.51839358545839787,0.012856739573180676,0.95609509106725454,0.11939354706555605,0.51720613334327936,0.30060145724564791,0.66635617800056934,0.78168600425124168,0.59721044171601534,0.076397771947085857,0.68927649315446615,0.42777539137750864,0.27373938076198101,True,,1,0,Slot__Patch;Slot__CPW_Feed_Pin;Patch__CPW_Feed_Pin,True,Slot__CPW_Feed_Pin,,Slot__CPW_Feed_Pin,,"{""Slot__CPW_Feed_Pin"": {""geometry_type"": ""MultiLineString"", ""relations"": ""overlaps"", ""wkt"": ""MULTILINESTRING ((0.5 23.62, 0 23.62), (0 23.62, -0.5 23.62))""}}",True,
1008,53.816476156935096,2.7729703206568956,3.693849815055728,3.1284307138994341,1.1386330034583807,12.025552801787853,4.3685383945703506,0.77422530204057693,0.72230736259371042,0.91851137205958366,0.54326082859188318,0.44011961854994297,0.090578457340598106,0.20358246751129627,0.20702445134520531,0.89907836262136698,0.53633756004273891,0.51050903834402561,0.4456904036924243,0.74681531265377998,0.98727164603769779,0.28589817881584167,0.29548121429979801,True,,1,0,Slot__Patch;Slot__CPW_Feed_Pin;Patch__CPW_Feed_Pin,True,Slot__CPW_Feed_Pin,,Slot__CPW_Feed_Pin,,"{""Slot__CPW_Feed_Pin"": {""geometry_type"": ""MultiLineString"", ""relations"": ""overlaps"", ""wkt"": ""MULTILINESTRING ((0.5 22.28, 0 22.28), (0 22.28, -0.5 22.28))""}}",True,
1009,31.533636515960097,1.6159187294542789,8.3517591934651136,1.5670210912823679,2.0499021671712399,19.544089674018323,2.8060854449868202,0.47882646229118109,0.25421859975904226,0.42074170056730509,0.10693913325667381,0.58227040246129036,0.5527943829074502,0.97467849589884281,0.70441010408103466,0.07330985926091671,0.039618782699108124,0.15953100007027388,0.55968709476292133,0.24675938207656145,0.36156007368117571,0.64221758767962456,0.9259403795003891,True,,1,0,Slot__Patch;Slot__CPW_Feed_Pin;Patch__CPW_Feed_Pin,True,Slot__CPW_Feed_Pin,,Slot__CPW_Feed_Pin,,"{""Slot__CPW_Feed_Pin"": {""geometry_type"": ""MultiLineString"", ""relations"": ""overlaps"", ""wkt"": ""MULTILINESTRING ((0.5 20.47, 0 20.47), (0 20.47, -0.5 20.47))""}}",True,
1010,19.991430756635964,2.4415052756667137,4.8990908805280924,3.6923888634890325,2.6793999262154102,16.880134488455951,5.2734673395752907,0.037903983145952225,0.23061420023441315,0.0063914209604263306,0.45494427811354399,0.99152433965355158,0.27812892943620682,0.43830319959670305,0.84016212448477745,0.65617425739765167,0.28424282465130091,0.97115436661988497,0.83188653457909822,0.9641113979741931,0.59888872131705284,0.87594010680913925,0.1057907585054636,True,,1,0,Slot__Patch;Slot__CPW_Feed_Pin;Patch__CPW_Feed_Pin,True,Slot__CPW_Feed_Pin,,Slot__CPW_Feed_Pin,,"{""Slot__CPW_Feed_Pin"": {""geometry_type"": ""MultiLineString"", ""relations"": ""overlaps"", ""wkt"": ""MULTILINESTRING ((0.5 24.39, 0 24.39), (0 24.39, -0.5 24.39))""}}",True,
1011,42.900469643063843,1.1613125186413527,6.9560770187526941,2.0085491357371215,1.5091280918568373,9.413324911147356,3.8359814435243607,0.7073352662846446,0.76154820434749126,0.50471374858170748,0.89069001935422421,0.095467313192784786,0.86524568405002356,0.74093436170369387,0.34276443533599377,0.32456362154334784,0.79561214055866003,0.32412987574934959,0.1627487801015377,0.46418520994484425,0.22415373753756285,0.052327919751405716,0.7411479651927948,True,,1,0,Slot__Patch;Slot__CPW_Feed_Pin;Patch__CPW_Feed_Pin,True,Slot__CPW_Feed_Pin,,Slot__CPW_Feed_Pin,,"{""Slot__CPW_Feed_Pin"": {""geometry_type"": ""MultiLineString"", ""relations"": ""overlaps"", ""wkt"": ""MULTILINESTRING ((0.5 20.51, 0 20.51), (0 20.51, -0.5 20.51))""}}",True,
1012,47.904886356554925,2.1253894995898008,7.6163076907396317,2.301537757366896,1.9752286151051521,13.817629278637469,5.6431534811854362,0.16374655812978745,0.050113686360418797,0.30854255799204111,0.33139807358384132,0.22138812020421028,0.45932005532085896,0.75963172130286694,0.43292766995728016,0.44695066846907139,0.99369527958333492,0.41524555999785662,0.91817827895283699,0.56146023701876402,0.84801660850644112,0.45485400967299938,0.21482751984149218,True,,1,0,Slot__Patch;Slot__CPW_Feed_Pin;Patch__CPW_Feed_Pin,True,Slot__CPW_Feed_Pin,,Slot__CPW_Feed_Pin,,"{""Slot__CPW_Feed_Pin"": {""geometry_type"": ""MultiLineString"", ""relations"": ""overlaps"", ""wkt"": ""MULTILINESTRING ((0.5 23.74, 0 23.74), (0 23.74, -0.5 23.74))""}}",True,
1013,25.182597613893449,1.4700353816151619,4.4351491928100586,3.3801984945312151,2.8362353760749102,21.292244056239724,3.2056675553321838,0.58320169057697058,0.95765846129506826,0.80631357058882713,0.76815757993608713,0.86341702379286289,0.93417688179761171,0.062229504808783531,0.93163946270942688,0.52549429703503847,0.48846147209405899,0.75064409151673317,0.087201607413589954,0.061508955433964729,0.4732281593605876,0.59829040057957172,0.56372322794049978,True,,1,0,Slot__Patch;Slot__CPW_Feed_Pin;Patch__CPW_Feed_Pin,True,Slot__CPW_Feed_Pin,,Slot__CPW_Feed_Pin,,"{""Slot__CPW_Feed_Pin"": {""geometry_type"": ""MultiLineString"", ""relations"": ""overlaps"", ""wkt"": ""MULTILINESTRING ((0.5 21.52, 0 21.52), (0 21.52, -0.5 21.52))""}}",True,
1014,36.713741775602102,2.5820099003612995,6.197382565587759,1.9203925048932435,2.4657097849994898,15.408378196880221,4.7382321357727051,0.90010029450058937,0.55940119922161102,0.64254694152623415,0.67069430463016033,0.71026252117007971,0.14683036133646965,0.52487760875374079,0.55174312181770802,0.20205195527523756,0.24968862626701593,0.06397453136742115,0.30425998009741306,0.77448387816548347,0.73819810338318348,0.86517787538468838,0.39964854437857866,True,,1,0,Slot__Patch;Slot__CPW_Feed_Pin;Patch__CPW_Feed_Pin,True,Slot__CPW_Feed_Pin,,Slot__CPW_Feed_Pin,,"{""Slot__CPW_Feed_Pin"": {""geometry_type"": ""MultiLineString"", ""relations"": ""overlaps"", ""wkt"": ""MULTILINESTRING ((0.5 23.78, 0 23.78), (0 23.78, -0.5 23.78))""}}",True,
1015,58.831761013716459,1.7996083665639162,5.6636560969054699,2.7964827273041015,1.3457613587379456,7.868303214199841,2.175779215991497,0.35466043930500746,0.46401502005755901,0.14422231912612915,0.23342749755829573,0.3143273601308465,0.74666429590433836,0.29600701574236155,0.053050756454467773,0.77862918004393578,0.73636674787849188,0.72667103540152311,0.69037771504372358,0.27441823203116655,0.11243318486958742,0.18805770017206669,0.75344229396432638,True,,1,0,Slot__Patch;Slot__CPW_Feed_Pin;Patch__CPW_Feed_Pin,True,Slot__CPW_Feed_Pin,,Slot__CPW_Feed_Pin,,"{""Slot__CPW_Feed_Pin"": {""geometry_type"": ""MultiLineString"", ""relations"": ""overlaps"", ""wkt"": ""MULTILINESTRING ((0.5 19.32, 0 19.32), (0 19.32, -0.5 19.32))""}}",True,
1016,56.579475151374936,2.2983850799500942,6.5215182323008776,3.4423490166664132,2.192433800548315,10.610907641239464,5.8814002647995949,0.21109575964510441,0.10800708457827568,0.57806444633752108,0.14799301512539387,0.38684943132102489,0.98245545197278261,0.62242996040731668,0.77659886237233877,0.38561506755650043,0.31766660045832396,0.27419146709144115,0.95195348095148802,0.90181532222777605,0.79974353685975075,0.56227013189345598,0.47596875671297312,True,,1,0,Slot__Patch;Slot__CPW_Feed_Pin;Patch__CPW_Feed_Pin,True,Slot__CPW_Feed_Pin,,Slot__CPW_Feed_Pin,,"{""Slot__CPW_Feed_Pin"": {""geometry_type"": ""MultiLineString"", ""relations"": ""overlaps"", ""wkt"": ""MULTILINESTRING ((0.5 24.37, 0 24.37), (0 24.37, -0.5 24.37))""}}",True,
1017,34.395124884322286,1.0788467768579721,5.6145248282700777,2.5668841065838937,1.1209759619086981,18.14365996979177,3.4438538104295731,0.54171186406165361,0.88420109637081623,0.07583986222743988,0.70925369765609503,0.52607069909572601,0.37966893799602985,0.32346995268017054,0.27497263718396425,0.5873143645003438,0.82122080493718386,0.92320007737725973,0.058293955400586128,0.40175681188702583,0.42396693211048841,0.3853788236156106,0.87292214017361403,True,,1,0,Slot__Patch;Slot__CPW_Feed_Pin;Patch__CPW_Feed_Pin,True,Slot__CPW_Feed_Pin,,Slot__CPW_Feed_Pin,,"{""Slot__CPW_Feed_Pin"": {""geometry_type"": ""MultiLineString"", ""relations"": ""overlaps"", ""wkt"": ""MULTILINESTRING ((0.5 19.64, 0 19.64), (0 19.64, -0.5 19.64))""}}",True,
1018,22.776701808907092,2.970793342217803,8.1296814288944006,2.7368413193151357,1.7493135910481215,20.170409129932523,4.976471796631813,0.97482188604772091,0.59483246970921755,0.47456895653158426,0.85361867398023605,0.93151423800736666,0.66994286607950926,0.85740337334573269,0.14508809801191092,0.13826548587530851,0.56585415825247765,0.23480627033859491,0.3334575342014432,0.6841138917952776,0.66148273833096027,0.15231207478791475,0.16175299230962992,True,,1,0,Slot__Patch;Slot__CPW_Feed_Pin;Patch__CPW_Feed_Pin,True,Slot__CPW_Feed_Pin,,Slot__CPW_Feed_Pin,,"{""Slot__CPW_Feed_Pin"": {""geometry_type"": ""MultiLineString"", ""relations"": ""overlaps"", ""wkt"": ""MULTILINESTRING ((0.5 23.7, 0 23.7), (0 23.7, -0.5 23.7))""}}",True,
1019,45.741059915162623,1.6280566453933716,3.821779852733016,1.65753574334085,2.5640880651772022,12.688468568958342,2.4139573350548744,0.27017322275787592,0.38176978658884764,0.97624851390719414,0.29281189013272524,0.046199212782084942,0.19217924401164055,0.08947308175265789,0.64672540593892336,0.84193118289113045,0.076947124674916267,0.58782946318387985,0.65628209337592125,0.1841850383207202,0.036682610400021076,0.79548908118158579,0.56162077467888594,True,,1,0,Slot__Patch;Slot__CPW_Feed_Pin;Patch__CPW_Feed_Pin,True,Slot__CPW_Feed_Pin,,Slot__CPW_Feed_Pin,,"{""Slot__CPW_Feed_Pin"": {""geometry_type"": ""MultiLineString"", ""relations"": ""overlaps"", ""wkt"": ""MULTILINESTRING ((0.5 20.6, 0 20.6), (0 20.6, -0.5 20.6))""}}",True,
1020,39.50628727208823,2.6625071913003922,4.8556415922939777,1.3448798382654787,2.9202681500464678,8.6704076640307903,4.1069077253341675,0.85087140835821629,0.6859622411429882,0.21147361397743225,0.97716496046632528,0.16821061074733734,0.5982653358951211,0.41109201777726412,0.61286891344934702,0.9646768132224679,0.15034690033644438,0.68280562106519938,0.41659964993596077,0.83706355281174183,0.91042652167379856,0.69801706355065107,0.017628742381930351,True,,1,0,Slot__Patch;Slot__CPW_Feed_Pin;Patch__CPW_Feed_Pin,True,Slot__CPW_Feed_Pin,,Slot__CPW_Feed_Pin,,"{""Slot__CPW_Feed_Pin"": {""geometry_type"": ""MultiLineString"", ""relations"": ""overlaps"", ""wkt"": ""MULTILINESTRING ((0.5 23.69, 0 23.69), (0 23.69, -0.5 23.69))""}}",True,
1021,16.706709335558116,1.9446970131248236,7.2862494327127934,3.0280737973749643,1.7663212493062019,16.129883858375251,2.5443932935595512,0.39632098097354174,0.33749975450336933,0.7137007312849164,0.41534442640841007,0.80730965547263622,0.013979097828269005,0.64313025493174791,0.11058519314974546,0.0081882458180189133,0.64484009612351656,0.018248021602630615,0.59364540595561266,0.33711401652544737,0.28569511789828539,0.37466429080814123,0.63350801542401314,True,,1,0,Slot__Patch;Slot__CPW_Feed_Pin;Patch__CPW_Feed_Pin,True,Slot__CPW_Feed_Pin,,Slot__CPW_Feed_Pin,,"{""Slot__CPW_Feed_Pin"": {""geometry_type"": ""MultiLineString"", ""relations"": ""overlaps"", ""wkt"": ""MULTILINESTRING ((0.5 20.25, 0 20.25), (0 20.25, -0.5 20.25))""}}",True,
1022,28.33604346960783,2.1151893828064203,3.0865286663174629,2.2331998128443957,1.3946364521980286,22.431229180656374,5.0118285939097404,0.087234919890761375,0.17376055289059877,0.86185380443930626,0.020559650845825672,0.65016163419932127,0.78571663703769445,0.17608713544905186,0.49633280280977488,0.71545373648405075,0.90607322379946709,0.83156511746346951,0.79797401465475559,0.6238787742331624,0.550730150192976,0.10834103357046843,0.32890149764716625,True,,1,0,Slot__Patch;Slot__CPW_Feed_Pin;Patch__CPW_Feed_Pin,True,Slot__CPW_Feed_Pin,,Slot__CPW_Feed_Pin,,"{""Slot__CPW_Feed_Pin"": {""geometry_type"": ""MultiLineString"", ""relations"": ""overlaps"", ""wkt"": ""MULTILINESTRING ((0.5 22.52, 0 22.52), (0 22.52, -0.5 22.52))""}}",True,
1023,50.333597995340824,1.2702745608985424,8.8708034679293633,3.7952350577339535,2.2919610533863306,14.905377253890038,3.5742821097373962,0.66776995453983545,0.83408788871020079,0.36017266754060984,0.58276540040969849,0.26496884692460299,0.32652956992387772,0.87715859897434711,0.99859804939478636,0.26480730529874563,0.39302765019237995,0.49424445535987616,0.19176322501152754,0.12381472066044807,0.17502215038985014,0.96443154569715261,0.94769516959786415,True,,1,0,Slot__Patch;Slot__CPW_Feed_Pin;Patch__CPW_Feed_Pin,True,Slot__CPW_Feed_Pin,,Slot__CPW_Feed_Pin,,"{""Slot__CPW_Feed_Pin"": {""geometry_type"": ""MultiLineString"", ""relations"": ""overlaps"", ""wkt"": ""MULTILINESTRING ((0.5 21.14, 0 21.14), (0 21.14, -0.5 21.14))""}}",True,
