sample_id,SLOT_MAIN_LENGTH,SLOT_MAIN_HEIGHT,PATCH_BRICK_1_SIDE_MARGIN,PATCH_BRICK_1_TOP_MARGIN,PATCH_BRICK_3_BOTTOM_MARGIN,PATCH_BRICK_2_HEIGHT_MARGIN,PATCH_BRICK_4_MARGIN,UPPER_CORNER_NOTCH_1_K1,UPPER_CORNER_NOTCH_1_K2,UPPER_CORNER_EAR_1_K1,UPPER_CORNER_EAR_1_K2,LOWER_CORNER_NOTCH_1_K1,LOWER_CORNER_NOTCH_1_K2,LOWER_CORNER_EAR_1_K1,LOWER_CORNER_EAR_1_K2,LOWER_CORNER_EAR_2_K1,LOWER_CORNER_EAR_2_K2,BRANCH_UP_1_K,BRANCH_UP_1_K2,BRANCH_UP_1_K3,BRANCH_DOWN_1_K,BRANCH_DOWN_1_K2,BRANCH_DOWN_1_K3,geometry_valid,geometry_error,final_conductor_components,allowed_bottom_y_mm,bottom_contact_pairs,non_bottom_intersection,non_bottom_intersection_pairs,non_bottom_crossing_pairs,non_bottom_overlapping_pairs,non_bottom_touching_pairs,non_bottom_intersection_details,intersection_check_completed,intersection_check_error,doe_rejection_reason,doe_eligible,doe_source
0,51.100439195651695,2,5.8699227444640352,2.786438998341509,2,14.376272973304193,4,0.63339474847268329,0.81126175636035625,0.55076564702372122,0.24497418429294765,0.77454545454545454,0.70588235294117652,0.23474178403755869,0.66666666666666663,0.24539877300613497,0.25,0.93711781934032745,0.53398218451768475,0.80339958578353088,0.5,0.5,0,True,,1,0,Slot__Patch;Slot__CPW_Feed_Pin;Patch__CPW_Feed_Pin,True,Slot__CPW_Feed_Pin,,Slot__CPW_Feed_Pin,,"{""Slot__CPW_Feed_Pin"": {""geometry_type"": ""MultiLineString"", ""relations"": ""overlaps"", ""wkt"": ""MULTILINESTRING ((0.5 22, 0 22), (0 22, -0.5 22))""}}",True,,,True,latin
1,50.305677340393906,2,5.5887102455265385,2.7975855922488564,2,15.951399446140002,4,0.55240916428510767,0.93985042437179533,0.34920464863198802,0.19290471649507196,0.77454545454545454,0.70588235294117652,0.23474178403755869,0.66666666666666663,0.24539877300613497,0.25,0.27412216770342612,0.79154036198862943,0.55216381913779078,0.5,0.5,0,True,,1,0,Slot__Patch;Slot__CPW_Feed_Pin;Patch__CPW_Feed_Pin,True,Slot__CPW_Feed_Pin,,Slot__CPW_Feed_Pin,,"{""Slot__CPW_Feed_Pin"": {""geometry_type"": ""MultiLineString"", ""relations"": ""overlaps"", ""wkt"": ""MULTILINESTRING ((0.5 22, 0 22), (0 22, -0.5 22))""}}",True,,,True,latin
2,56.140485580057614,2,6.1081608792805095,2.3872270466863581,2,15.035704713282723,4,0.71210740519552851,0.83585337275109328,0.53789027720109261,0.22917673981534686,0.77454545454545454,0.70588235294117652,0.23474178403755869,0.66666666666666663,0.24539877300613497,0.25,0.8469452061627224,0.36452906137168545,0.54888759629701844,0.5,0.5,0,True,,1,0,Slot__Patch;Slot__CPW_Feed_Pin;Patch__CPW_Feed_Pin,True,Slot__CPW_Feed_Pin,,Slot__CPW_Feed_Pin,,"{""Slot__CPW_Feed_Pin"": {""geometry_type"": ""MultiLineString"", ""relations"": ""overlaps"", ""wkt"": ""MULTILINESTRING ((0.5 22, 0 22), (0 22, -0.5 22))""}}",True,,,True,latin
3,48.917425899418681,2,6.2445671109598102,2.593221148748468,2,13.562317714035302,4,0.61335467447026337,0.70485781878096931,0.30045043184679365,0.072110784641689199,0.77454545454545454,0.70588235294117652,0.23474178403755869,0.66666666666666663,0.24539877300613497,0.25,0.87894150135809401,0.77360153355862393,0.21101560612597964,0.5,0.5,0,True,,1,0,Slot__Patch;Slot__CPW_Feed_Pin;Patch__CPW_Feed_Pin,True,Slot__CPW_Feed_Pin,,Slot__CPW_Feed_Pin,,"{""Slot__CPW_Feed_Pin"": {""geometry_type"": ""MultiLineString"", ""relations"": ""overlaps"", ""wkt"": ""MULTILINESTRING ((0.5 22, 0 22), (0 22, -0.5 22))""}}",True,,,True,latin
4,47.815649805437218,2,5.6584070804123687,2.4182272723692493,2,14.383007371112676,4,0.58934060065868876,0.83100531108548958,0.36768008164622584,0.29858685903617382,0.77454545454545454,0.70588235294117652,0.23474178403755869,0.66666666666666663,0.24539877300613497,0.25,0.73757096364419339,0.35691244249249582,0.86215825583452887,0.5,0.5,0,True,,1,0,Slot__Patch;Slot__CPW_Feed_Pin;Patch__CPW_Feed_Pin,True,Slot__CPW_Feed_Pin,,Slot__CPW_Feed_Pin,,"{""Slot__CPW_Feed_Pin"": {""geometry_type"": ""MultiLineString"", ""relations"": ""overlaps"", ""wkt"": ""MULTILINESTRING ((0.5 22, 0 22), (0 22, -0.5 22))""}}",True,,,True,latin
5,57.666031316880307,2,6.0479034557984113,2.56151098010838,2,15.076821098671243,4,0.56989072838107613,0.83611798018721906,0.53094404810058293,0.27785672560648267,0.77454545454545454,0.70588235294117652,0.23474178403755869,0.66666666666666663,0.24539877300613497,0.25,0.65681302042116163,0.62564602453462448,0.56946510109396775,0.5,0.5,0,True,,1,0,Slot__Patch;Slot__CPW_Feed_Pin;Patch__CPW_Feed_Pin,True,Slot__CPW_Feed_Pin,,Slot__CPW_Feed_Pin,,"{""Slot__CPW_Feed_Pin"": {""geometry_type"": ""MultiLineString"", ""relations"": ""overlaps"", ""wkt"": ""MULTILINESTRING ((0.5 22, 0 22), (0 22, -0.5 22))""}}",True,,,True,latin
6,50.753081529155907,2,6.5194880318180335,2.7557198017203013,2,16.303012115874715,4,0.64493628144677118,0.79513648945586468,0.4526087323789324,0.2768739064208009,0.77454545454545454,0.70588235294117652,0.23474178403755869,0.66666666666666663,0.24539877300613497,0.25,0.39255390213595626,0.18930972316248945,0.40932656792373318,0.5,0.5,0,True,,1,0,Slot__Patch;Slot__CPW_Feed_Pin;Patch__CPW_Feed_Pin,True,Slot__CPW_Feed_Pin,,Slot__CPW_Feed_Pin,,"{""Slot__CPW_Feed_Pin"": {""geometry_type"": ""MultiLineString"", ""relations"": ""overlaps"", ""wkt"": ""MULTILINESTRING ((0.5 22, 0 22), (0 22, -0.5 22))""}}",True,,,True,latin
7,57.011906061524044,2,5.8805607478765074,2.7579302385851512,2,14.516982398730296,4,0.73873303295343007,0.90970944865235726,0.42221582224762461,0.21301963054354622,0.77454545454545454,0.70588235294117652,0.23474178403755869,0.66666666666666663,0.24539877300613497,0.25,0.38695133617145788,0.65844377741524596,0.24426966962206098,0.5,0.5,0,True,,1,0,Slot__Patch;Slot__CPW_Feed_Pin;Patch__CPW_Feed_Pin,True,Slot__CPW_Feed_Pin,,Slot__CPW_Feed_Pin,,"{""Slot__CPW_Feed_Pin"": {""geometry_type"": ""MultiLineString"", ""relations"": ""overlaps"", ""wkt"": ""MULTILINESTRING ((0.5 22, 0 22), (0 22, -0.5 22))""}}",True,,,True,latin
8,49.161383758452942,2,6.0735229312829153,2.7820205494818651,2,13.533825936545945,4,0.60380440798524848,0.95580865852157637,0.35767077386752616,0.061131308852697672,0.77454545454545454,0.70588235294117652,0.23474178403755869,0.66666666666666663,0.24539877300613497,0.25,0.38284413027999276,0.64080195341120905,0.72130358956365359,0.5,0.5,0,True,,1,0,Slot__Patch;Slot__CPW_Feed_Pin;Patch__CPW_Feed_Pin,True,Slot__CPW_Feed_Pin,,Slot__CPW_Feed_Pin,,"{""Slot__CPW_Feed_Pin"": {""geometry_type"": ""MultiLineString"", ""relations"": ""overlaps"", ""wkt"": ""MULTILINESTRING ((0.5 22, 0 22), (0 22, -0.5 22))""}}",True,,,True,latin
9,51.845766791118599,2,6.2097027527610607,2.4964560337016777,2,15.012371926721308,4,0.56335448436302915,0.85398394347974882,0.46809566448387691,0.15533976263930005,0.77454545454545454,0.70588235294117652,0.23474178403755869,0.66666666666666663,0.24539877300613497,0.25,0.37891246182186633,0.24711140202185633,0.18702822433211624,0.5,0.5,0,True,,1,0,Slot__Patch;Slot__CPW_Feed_Pin;Patch__CPW_Feed_Pin,True,Slot__CPW_Feed_Pin,,Slot__CPW_Feed_Pin,,"{""Slot__CPW_Feed_Pin"": {""geometry_type"": ""MultiLineString"", ""relations"": ""overlaps"", ""wkt"": ""MULTILINESTRING ((0.5 22, 0 22), (0 22, -0.5 22))""}}",True,,,True,latin
10,50.074129674681636,2,6.2484856507601227,2.6914765791170847,2,14.698366938967093,4,0.71002205681069586,0.8866219055604857,0.40519516579415688,0.29691215016900696,0.77454545454545454,0.70588235294117652,0.23474178403755869,0.66666666666666663,0.24539877300613497,0.25,0.074700091458766854,0.16476561010698129,0.96686314056888967,0.5,0.5,0,True,,1,0,Slot__Patch;Slot__CPW_Feed_Pin;Patch__CPW_Feed_Pin,True,Slot__CPW_Feed_Pin,,Slot__CPW_Feed_Pin,,"{""Slot__CPW_Feed_Pin"": {""geometry_type"": ""MultiLineString"", ""relations"": ""overlaps"", ""wkt"": ""MULTILINESTRING ((0.5 22, 0 22), (0 22, -0.5 22))""}}",True,,,True,latin
11,55.23479092180812,2,6.4872170479845801,2.823242193921891,2,13.650275395442431,4,0.73971397194759492,0.80902277436341941,0.49085455330645222,0.00031718975980523311,0.77454545454545454,0.70588235294117652,0.23474178403755869,0.66666666666666663,0.24539877300613497,0.25,0.97255492382828801,0.52192399374669773,0.7908877710514467,0.5,0.5,0,True,,1,0,Slot__Patch;Slot__CPW_Feed_Pin;Patch__CPW_Feed_Pin,True,Slot__CPW_Feed_Pin,,Slot__CPW_Feed_Pin,,"{""Slot__CPW_Feed_Pin"": {""geometry_type"": ""MultiLineString"", ""relations"": ""overlaps"", ""wkt"": ""MULTILINESTRING ((0.5 22, 0 22), (0 22, -0.5 22))""}}",True,,,True,latin
12,56.703246563647667,2,6.0049494507776826,2.6184207685038432,2,16.202724219553016,4,0.47531973526057514,0.87170990303090723,0.48898080153648232,0.20083350580813034,0.77454545454545454,0.70588235294117652,0.23474178403755869,0.66666666666666663,0.24539877300613497,0.25,0.37135731852814768,0.91901357981149434,0.6979901913235893,0.5,0.5,0,True,,1,0,Slot__Patch;Slot__CPW_Feed_Pin;Patch__CPW_Feed_Pin,True,Slot__CPW_Feed_Pin,,Slot__CPW_Feed_Pin,,"{""Slot__CPW_Feed_Pin"": {""geometry_type"": ""MultiLineString"", ""relations"": ""overlaps"", ""wkt"": ""MULTILINESTRING ((0.5 22, 0 22), (0 22, -0.5 22))""}}",True,,,True,latin
13,50.896175166044166,2,6.3427670178644115,2.5598499273314861,2,14.73592682219741,4,0.52168656591735785,0.97280639473398089,0.49288611397713167,0.17840472021015694,0.77454545454545454,0.70588235294117652,0.23474178403755869,0.66666666666666663,0.24539877300613497,0.25,0.32729141045818205,0.39978004895012448,0.27623651449121256,0.5,0.5,0,True,,1,0,Slot__Patch;Slot__CPW_Feed_Pin;Patch__CPW_Feed_Pin,True,Slot__CPW_Feed_Pin,,Slot__CPW_Feed_Pin,,"{""Slot__CPW_Feed_Pin"": {""geometry_type"": ""MultiLineString"", ""relations"": ""overlaps"", ""wkt"": ""MULTILINESTRING ((0.5 22, 0 22), (0 22, -0.5 22))""}}",True,,,True,latin
14,54.421867003889709,2,5.571844866741225,2.8559821258365994,2,14.866955822856088,4,0.58283119932317673,0.94922629745357956,0.45129840019424439,0.0051257038183798349,0.77454545454545454,0.70588235294117652,0.23474178403755869,0.66666666666666663,0.24539877300613497,0.25,0.084849278329050801,0.92742681343061584,0.53108597148761039,0.5,0.5,0,True,,1,0,Slot__Patch;Slot__CPW_Feed_Pin;Patch__CPW_Feed_Pin,True,Slot__CPW_Feed_Pin,,Slot__CPW_Feed_Pin,,"{""Slot__CPW_Feed_Pin"": {""geometry_type"": ""MultiLineString"", ""relations"": ""overlaps"", ""wkt"": ""MULTILINESTRING ((0.5 22, 0 22), (0 22, -0.5 22))""}}",True,,,True,latin
15,48.531934856042618,2,6.1311978971224024,2.6426136897246999,2,14.019628274520967,4,0.47451441815804724,0.90675431058947176,0.38679197409573335,0.11068774458556406,0.77454545454545454,0.70588235294117652,0.23474178403755869,0.66666666666666663,0.24539877300613497,0.25,0.91643971306125283,0.6310183159573296,0.13553748501675122,0.5,0.5,0,True,,1,0,Slot__Patch;Slot__CPW_Feed_Pin;Patch__CPW_Feed_Pin,True,Slot__CPW_Feed_Pin,,Slot__CPW_Feed_Pin,,"{""Slot__CPW_Feed_Pin"": {""geometry_type"": ""MultiLineString"", ""relations"": ""overlaps"", ""wkt"": ""MULTILINESTRING ((0.5 22, 0 22), (0 22, -0.5 22))""}}",True,,,True,latin
16,52.572819139581284,2,5.5240817565756233,2.6160830708385432,2,16.078636785206122,4,0.74426526473106291,0.96613477968157691,0.40435330530759017,0.099700003709193005,0.77454545454545454,0.70588235294117652,0.23474178403755869,0.66666666666666663,0.24539877300613497,0.25,0.25998480037728722,0.83712900544680424,0.7178987829569633,0.5,0.5,0,True,,1,0,Slot__Patch;Slot__CPW_Feed_Pin;Patch__CPW_Feed_Pin,True,Slot__CPW_Feed_Pin,,Slot__CPW_Feed_Pin,,"{""Slot__CPW_Feed_Pin"": {""geometry_type"": ""MultiLineString"", ""relations"": ""overlaps"", ""wkt"": ""MULTILINESTRING ((0.5 22, 0 22), (0 22, -0.5 22))""}}",True,,,True,latin
17,54.110444683324417,2,6.0927076771067705,2.8217909148228166,2,15.828405938571629,4,0.60064206347717453,0.7704888316052112,0.54484018568538772,0.008036185679279214,0.77454545454545454,0.70588235294117652,0.23474178403755869,0.66666666666666663,0.24539877300613497,0.25,0.10171352649845872,0.72185184501422983,0.28044146584079988,0.5,0.5,0,True,,1,0,Slot__Patch;Slot__CPW_Feed_Pin;Patch__CPW_Feed_Pin,True,Slot__CPW_Feed_Pin,,Slot__CPW_Feed_Pin,,"{""Slot__CPW_Feed_Pin"": {""geometry_type"": ""MultiLineString"", ""relations"": ""overlaps"", ""wkt"": ""MULTILINESTRING ((0.5 22, 0 22), (0 22, -0.5 22))""}}",True,,,True,latin
18,55.091905959684794,2,5.4308551239427594,2.5722689365276565,2,14.114198906749994,4,0.73217741316751161,0.94640198761515915,0.30977102134687662,0.24369135684599716,0.77454545454545454,0.70588235294117652,0.23474178403755869,0.66666666666666663,0.24539877300613497,0.25,0.23579421048420207,0.29467144618841912,0.27083973819315221,0.5,0.5,0,True,,1,0,Slot__Patch;Slot__CPW_Feed_Pin;Patch__CPW_Feed_Pin,True,Slot__CPW_Feed_Pin,,Slot__CPW_Feed_Pin,,"{""Slot__CPW_Feed_Pin"": {""geometry_type"": ""MultiLineString"", ""relations"": ""overlaps"", ""wkt"": ""MULTILINESTRING ((0.5 22, 0 22), (0 22, -0.5 22))""}}",True,,,True,latin
19,56.114233603114116,2,5.5679586053003067,2.5988235183313209,2,15.882428884633921,4,0.60031797972672463,0.78130237823263526,0.37788127121657855,0.21262819862751514,0.77454545454545454,0.70588235294117652,0.23474178403755869,0.66666666666666663,0.24539877300613497,0.25,0.9282468611512481,0.29764049994816161,0.33879545157206886,0.5,0.5,0,True,,1,0,Slot__Patch;Slot__CPW_Feed_Pin;Patch__CPW_Feed_Pin,True,Slot__CPW_Feed_Pin,,Slot__CPW_Feed_Pin,,"{""Slot__CPW_Feed_Pin"": {""geometry_type"": ""MultiLineString"", ""relations"": ""overlaps"", ""wkt"": ""MULTILINESTRING ((0.5 22, 0 22), (0 22, -0.5 22))""}}",True,,,True,latin
20,55.667960497290018,2,5.8487033877139103,2.7321801141470701,2,16.130039287211478,4,0.66470477929901206,0.74196887912885823,0.52175399727753247,0.19064031729951372,0.77454545454545454,0.70588235294117652,0.23474178403755869,0.66666666666666663,0.24539877300613497,0.25,0.9554591025485778,0.17199115900302192,0.5302923630080737,0.5,0.5,0,True,,1,0,Slot__Patch;Slot__CPW_Feed_Pin;Patch__CPW_Feed_Pin,True,Slot__CPW_Feed_Pin,,Slot__CPW_Feed_Pin,,"{""Slot__CPW_Feed_Pin"": {""geometry_type"": ""MultiLineString"", ""relations"": ""overlaps"", ""wkt"": ""MULTILINESTRING ((0.5 22, 0 22), (0 22, -0.5 22))""}}",True,,,True,latin
21,53.32601214356751,2,6.4473538069554364,2.4630794069108881,2,15.060057861043598,4,0.62121366024697056,0.86432591719179253,0.32632482661838402,0.044548392405007471,0.77454545454545454,0.70588235294117652,0.23474178403755869,0.66666666666666663,0.24539877300613497,0.25,0.86543622359210359,0.33411965793509907,0.61295906411580148,0.5,0.5,0,True,,1,0,Slot__Patch;Slot__CPW_Feed_Pin;Patch__CPW_Feed_Pin,True,Slot__CPW_Feed_Pin,,Slot__CPW_Feed_Pin,,"{""Slot__CPW_Feed_Pin"": {""geometry_type"": ""MultiLineString"", ""relations"": ""overlaps"", ""wkt"": ""MULTILINESTRING ((0.5 22, 0 22), (0 22, -0.5 22))""}}",True,,,True,latin
22,57.070855369096932,2,5.6488248865934851,2.6854535164540954,2,16.482021023344451,4,0.61268665230496699,0.86474193823709411,0.37040604728711246,0.26749291957284188,0.77454545454545454,0.70588235294117652,0.23474178403755869,0.66666666666666663,0.24539877300613497,0.25,0.40835800268917799,0.64748716184761002,0.72870798290637617,0.5,0.5,0,True,,1,0,Slot__Patch;Slot__CPW_Feed_Pin;Patch__CPW_Feed_Pin,True,Slot__CPW_Feed_Pin,,Slot__CPW_Feed_Pin,,"{""Slot__CPW_Feed_Pin"": {""geometry_type"": ""MultiLineString"", ""relations"": ""overlaps"", ""wkt"": ""MULTILINESTRING ((0.5 22, 0 22), (0 22, -0.5 22))""}}",True,,,True,latin
23,52.227440954858487,2,5.879492157768742,2.5552690964912994,2,15.520564006725991,4,0.59887261760710442,0.72256850748692447,0.53833169226055033,0.2956290202120474,0.77454545454545454,0.70588235294117652,0.23474178403755869,0.66666666666666663,0.24539877300613497,0.25,0.26328333144773169,0.45501723900728219,0.38825330350171716,0.5,0.5,0,True,,1,0,Slot__Patch;Slot__CPW_Feed_Pin;Patch__CPW_Feed_Pin,True,Slot__CPW_Feed_Pin,,Slot__CPW_Feed_Pin,,"{""Slot__CPW_Feed_Pin"": {""geometry_type"": ""MultiLineString"", ""relations"": ""overlaps"", ""wkt"": ""MULTILINESTRING ((0.5 22, 0 22), (0 22, -0.5 22))""}}",True,,,True,latin
24,53.98441403785602,2,6.354803518108036,2.4040485389690116,2,14.506051394524713,4,0.53056056636836502,0.92800208090183811,0.49181207762318352,0.23439347573577124,0.77454545454545454,0.70588235294117652,0.23474178403755869,0.66666666666666663,0.24539877300613497,0.25,0.98872163755172338,0.078855059286564819,0.8490998422831092,0.5,0.5,0,True,,1,0,Slot__Patch;Slot__CPW_Feed_Pin;Patch__CPW_Feed_Pin,True,Slot__CPW_Feed_Pin,,Slot__CPW_Feed_Pin,,"{""Slot__CPW_Feed_Pin"": {""geometry_type"": ""MultiLineString"", ""relations"": ""overlaps"", ""wkt"": ""MULTILINESTRING ((0.5 22, 0 22), (0 22, -0.5 22))""}}",True,,,True,latin
25,54.436584481744056,2,6.5109408729469243,2.6430750599742927,2,14.653025516995339,4,0.57982523867235591,0.95140889332412837,0.4650912284366247,0.087332849178922284,0.77454545454545454,0.70588235294117652,0.23474178403755869,0.66666666666666663,0.24539877300613497,0.25,0.82132256284675054,0.28505237325717181,0.38135934378677716,0.5,0.5,0,True,,1,0,Slot__Patch;Slot__CPW_Feed_Pin;Patch__CPW_Feed_Pin,True,Slot__CPW_Feed_Pin,,Slot__CPW_Feed_Pin,,"{""Slot__CPW_Feed_Pin"": {""geometry_type"": ""MultiLineString"", ""relations"": ""overlaps"", ""wkt"": ""MULTILINESTRING ((0.5 22, 0 22), (0 22, -0.5 22))""}}",True,,,True,latin
26,54.133821515953592,2,5.7742193218681095,2.3903120379429859,2,16.02725245401988,4,0.75843117689673689,0.70244224197694782,0.34278174299810876,0.047161027918399274,0.77454545454545454,0.70588235294117652,0.23474178403755869,0.66666666666666663,0.24539877300613497,0.25,0.80950409879994434,0.065412877455159502,0.29185422082084356,0.5,0.5,0,True,,1,0,Slot__Patch;Slot__CPW_Feed_Pin;Patch__CPW_Feed_Pin,True,Slot__CPW_Feed_Pin,,Slot__CPW_Feed_Pin,,"{""Slot__CPW_Feed_Pin"": {""geometry_type"": ""MultiLineString"", ""relations"": ""overlaps"", ""wkt"": ""MULTILINESTRING ((0.5 22, 0 22), (0 22, -0.5 22))""}}",True,,,True,latin
27,49.295052663164732,2,5.6798756563248709,2.3681028015232486,2,14.159240708669847,4,0.66262452417886708,0.99211754892071768,0.39528668442813125,0.14976846600197921,0.77454545454545454,0.70588235294117652,0.23474178403755869,0.66666666666666663,0.24539877300613497,0.25,0.75937079459368328,0.52781935298125349,0.98773399594129119,0.5,0.5,0,True,,1,0,Slot__Patch;Slot__CPW_Feed_Pin;Patch__CPW_Feed_Pin,True,Slot__CPW_Feed_Pin,,Slot__CPW_Feed_Pin,,"{""Slot__CPW_Feed_Pin"": {""geometry_type"": ""MultiLineString"", ""relations"": ""overlaps"", ""wkt"": ""MULTILINESTRING ((0.5 22, 0 22), (0 22, -0.5 22))""}}",True,,,True,latin
28,57.751551601255166,2,5.5354045236391327,2.5939938427942515,2,15.401644488113252,4,0.71798928173790122,0.82377511870081865,0.42462669845524981,0.040719670239073379,0.77454545454545454,0.70588235294117652,0.23474178403755869,0.66666666666666663,0.24539877300613497,0.25,0.43775588710678004,0.2485839891497395,0.52671268167722773,0.5,0.5,0,True,,1,0,Slot__Patch;Slot__CPW_Feed_Pin;Patch__CPW_Feed_Pin,True,Slot__CPW_Feed_Pin,,Slot__CPW_Feed_Pin,,"{""Slot__CPW_Feed_Pin"": {""geometry_type"": ""MultiLineString"", ""relations"": ""overlaps"", ""wkt"": ""MULTILINESTRING ((0.5 22, 0 22), (0 22, -0.5 22))""}}",True,,,True,latin
29,53.84002254165879,2,5.8420995126636628,2.4606816610779694,2,13.888019420939569,4,0.51760983991156995,0.92391338306156168,0.30156085021430334,0.013404061917056785,0.77454545454545454,0.70588235294117652,0.23474178403755869,0.66666666666666663,0.24539877300613497,0.25,0.20623876652013656,0.96558562236852263,0.17189402192955694,0.5,0.5,0,True,,1,0,Slot__Patch;Slot__CPW_Feed_Pin;Patch__CPW_Feed_Pin,True,Slot__CPW_Feed_Pin,,Slot__CPW_Feed_Pin,,"{""Slot__CPW_Feed_Pin"": {""geometry_type"": ""MultiLineString"", ""relations"": ""overlaps"", ""wkt"": ""MULTILINESTRING ((0.5 22, 0 22), (0 22, -0.5 22))""}}",True,,,True,latin
30,48.594089049085753,2,5.5108682483581708,2.5129923908035505,2,15.028855480620599,4,0.4702638278782531,0.74823166823749465,0.44514767202687833,0.20517386101353197,0.77454545454545454,0.70588235294117652,0.23474178403755869,0.66666666666666663,0.24539877300613497,0.25,0.71312879974692422,0.89850679799223887,0.3912657301276336,0.5,0.5,0,True,,1,0,Slot__Patch;Slot__CPW_Feed_Pin;Patch__CPW_Feed_Pin,True,Slot__CPW_Feed_Pin,,Slot__CPW_Feed_Pin,,"{""Slot__CPW_Feed_Pin"": {""geometry_type"": ""MultiLineString"", ""relations"": ""overlaps"", ""wkt"": ""MULTILINESTRING ((0.5 22, 0 22), (0 22, -0.5 22))""}}",True,,,True,latin
31,49.275050905903861,2,5.9578051915520769,2.4746596776538614,2,15.263954995265243,4,0.69400792471145023,0.94211784133817089,0.52489258659789439,0.25906289306820868,0.77454545454545454,0.70588235294117652,0.23474178403755869,0.66666666666666663,0.24539877300613497,0.25,0.18708293441934104,0.54804396937846411,0.24056398898598558,0.5,0.5,0,True,,1,0,Slot__Patch;Slot__CPW_Feed_Pin;Patch__CPW_Feed_Pin,True,Slot__CPW_Feed_Pin,,Slot__CPW_Feed_Pin,,"{""Slot__CPW_Feed_Pin"": {""geometry_type"": ""MultiLineString"", ""relations"": ""overlaps"", ""wkt"": ""MULTILINESTRING ((0.5 22, 0 22), (0 22, -0.5 22))""}}",True,,,True,latin
32,52.099186685373105,2,5.7610280431598566,2.4616685951174895,2,16.049114068629851,4,0.6822339606465786,0.97098901465186693,0.38926216000646141,0.23854221576493895,0.77454545454545454,0.70588235294117652,0.23474178403755869,0.66666666666666663,0.24539877300613497,0.25,0.82524558799822456,0.28752621450940075,0.35762693411958923,0.5,0.5,0,True,,1,0,Slot__Patch;Slot__CPW_Feed_Pin;Patch__CPW_Feed_Pin,True,Slot__CPW_Feed_Pin,,Slot__CPW_Feed_Pin,,"{""Slot__CPW_Feed_Pin"": {""geometry_type"": ""MultiLineString"", ""relations"": ""overlaps"", ""wkt"": ""MULTILINESTRING ((0.5 22, 0 22), (0 22, -0.5 22))""}}",True,,,True,latin
33,55.76292615995483,2,5.875747573758864,2.8253059296930325,2,14.643008579655168,4,0.76671700920846142,0.72737693240901302,0.55147863093915261,0.055149129199423934,0.77454545454545454,0.70588235294117652,0.23474178403755869,0.66666666666666663,0.24539877300613497,0.25,0.54698578368939377,0.58963822577501557,0.11259699405366774,0.5,0.5,0,True,,1,0,Slot__Patch;Slot__CPW_Feed_Pin;Patch__CPW_Feed_Pin,True,Slot__CPW_Feed_Pin,,Slot__CPW_Feed_Pin,,"{""Slot__CPW_Feed_Pin"": {""geometry_type"": ""MultiLineString"", ""relations"": ""overlaps"", ""wkt"": ""MULTILINESTRING ((0.5 22, 0 22), (0 22, -0.5 22))""}}",True,,,True,latin
34,53.962802227961951,2,5.5742416345101669,2.5852872356139724,2,15.327957063477747,4,0.55334644994404603,0.9808926846082926,0.33662610842566432,0.23346343233047692,0.77454545454545454,0.70588235294117652,0.23474178403755869,0.66666666666666663,0.24539877300613497,0.25,0.72626572886378726,0.92089776632531739,0.66851171411039589,0.5,0.5,0,True,,1,0,Slot__Patch;Slot__CPW_Feed_Pin;Patch__CPW_Feed_Pin,True,Slot__CPW_Feed_Pin,,Slot__CPW_Feed_Pin,,"{""Slot__CPW_Feed_Pin"": {""geometry_type"": ""MultiLineString"", ""relations"": ""overlaps"", ""wkt"": ""MULTILINESTRING ((0.5 22, 0 22), (0 22, -0.5 22))""}}",True,,,True,latin
35,51.448247285915315,2,6.4711526596897473,2.6772593922811505,2,14.009235753613858,4,0.60320367498012695,0.80462743902060685,0.34758614165312351,0.16042743710424073,0.77454545454545454,0.70588235294117652,0.23474178403755869,0.66666666666666663,0.24539877300613497,0.25,0.61994612004252703,0.27607237125025463,0.58411689500206976,0.5,0.5,0,True,,1,0,Slot__Patch;Slot__CPW_Feed_Pin;Patch__CPW_Feed_Pin,True,Slot__CPW_Feed_Pin,,Slot__CPW_Feed_Pin,,"{""Slot__CPW_Feed_Pin"": {""geometry_type"": ""MultiLineString"", ""relations"": ""overlaps"", ""wkt"": ""MULTILINESTRING ((0.5 22, 0 22), (0 22, -0.5 22))""}}",True,,,True,latin
36,50.031436695797751,2,6.5274669563571095,2.4235889061794444,2,15.561228542108877,4,0.64406575411759637,0.78886804001557109,0.35962334200802248,0.28253753607263438,0.77454545454545454,0.70588235294117652,0.23474178403755869,0.66666666666666663,0.24539877300613497,0.25,0.83746024701797028,0.81418533367459489,0.065795232826684466,0.5,0.5,0,True,,1,0,Slot__Patch;Slot__CPW_Feed_Pin;Patch__CPW_Feed_Pin,True,Slot__CPW_Feed_Pin,,Slot__CPW_Feed_Pin,,"{""Slot__CPW_Feed_Pin"": {""geometry_type"": ""MultiLineString"", ""relations"": ""overlaps"", ""wkt"": ""MULTILINESTRING ((0.5 22, 0 22), (0 22, -0.5 22))""}}",True,,,True,latin
37,57.816318004496637,2,5.4893932779981176,2.4222103160241693,2,16.118551732674337,4,0.75261455428959101,0.83049109966592671,0.3119557679738556,0.061797070492484923,0.77454545454545454,0.70588235294117652,0.23474178403755869,0.66666666666666663,0.24539877300613497,0.25,0.62490075271828316,0.46140943157188419,0.32128397215038484,0.5,0.5,0,True,,1,0,Slot__Patch;Slot__CPW_Feed_Pin;Patch__CPW_Feed_Pin,True,Slot__CPW_Feed_Pin,,Slot__CPW_Feed_Pin,,"{""Slot__CPW_Feed_Pin"": {""geometry_type"": ""MultiLineString"", ""relations"": ""overlaps"", ""wkt"": ""MULTILINESTRING ((0.5 22, 0 22), (0 22, -0.5 22))""}}",True,,,True,latin
38,53.714832642330364,2,6.330438679424284,2.7521988481385287,2,13.727025275461356,4,0.57673767741802917,0.73520850922319425,0.32486717809541149,0.0030389317623310398,0.77454545454545454,0.70588235294117652,0.23474178403755869,0.66666666666666663,0.24539877300613497,0.25,0.71661895015079469,0.16565126527349133,0.19037399743264716,0.5,0.5,0,True,,1,0,Slot__Patch;Slot__CPW_Feed_Pin;Patch__CPW_Feed_Pin,True,Slot__CPW_Feed_Pin,,Slot__CPW_Feed_Pin,,"{""Slot__CPW_Feed_Pin"": {""geometry_type"": ""MultiLineString"", ""relations"": ""overlaps"", ""wkt"": ""MULTILINESTRING ((0.5 22, 0 22), (0 22, -0.5 22))""}}",True,,,True,latin
39,48.203359482192539,2,5.9550403864701931,2.5117047185276031,2,13.715395350074226,4,0.58414776135613811,0.83901964153546171,0.34721515741387948,0.11839301641127795,0.77454545454545454,0.70588235294117652,0.23474178403755869,0.66666666666666663,0.24539877300613497,0.25,0.20154490225741212,0.56571313953975577,0.52187158244362486,0.5,0.5,0,True,,1,0,Slot__Patch;Slot__CPW_Feed_Pin;Patch__CPW_Feed_Pin,True,Slot__CPW_Feed_Pin,,Slot__CPW_Feed_Pin,,"{""Slot__CPW_Feed_Pin"": {""geometry_type"": ""MultiLineString"", ""relations"": ""overlaps"", ""wkt"": ""MULTILINESTRING ((0.5 22, 0 22), (0 22, -0.5 22))""}}",True,,,True,latin
40,55.606728748863347,2,6.348771833033136,2.7368281289578631,2,15.540320741867374,4,0.58205956658423674,0.88347695347781685,0.52064750312780483,0.0039789017659048282,0.77454545454545454,0.70588235294117652,0.23474178403755869,0.66666666666666663,0.24539877300613497,0.25,0.06322753671637496,0.53479694378909726,0.20925087783283691,0.5,0.5,0,True,,1,0,Slot__Patch;Slot__CPW_Feed_Pin;Patch__CPW_Feed_Pin,True,Slot__CPW_Feed_Pin,,Slot__CPW_Feed_Pin,,"{""Slot__CPW_Feed_Pin"": {""geometry_type"": ""MultiLineString"", ""relations"": ""overlaps"", ""wkt"": ""MULTILINESTRING ((0.5 22, 0 22), (0 22, -0.5 22))""}}",True,,,True,latin
41,58.127548073250281,2,5.4407036243028584,2.7243103320084661,2,15.095185720641172,4,0.64300707058531215,0.85606724499734654,0.51951645817804781,0.034157366938487643,0.77454545454545454,0.70588235294117652,0.23474178403755869,0.66666666666666663,0.24539877300613497,0.25,0.53202255425456313,0.81991712254803972,0.67293919603636898,0.5,0.5,0,True,,1,0,Slot__Patch;Slot__CPW_Feed_Pin;Patch__CPW_Feed_Pin,True,Slot__CPW_Feed_Pin,,Slot__CPW_Feed_Pin,,"{""Slot__CPW_Feed_Pin"": {""geometry_type"": ""MultiLineString"", ""relations"": ""overlaps"", ""wkt"": ""MULTILINESTRING ((0.5 22, 0 22), (0 22, -0.5 22))""}}",True,,,True,latin
42,55.208754535726619,2,6.2520268119911595,2.7469031879554717,2,15.102226911868984,4,0.69143347040347025,0.83150389231209165,0.41849963066431201,0.088236394719697436,0.77454545454545454,0.70588235294117652,0.23474178403755869,0.66666666666666663,0.24539877300613497,0.25,0.90495297058316415,0.15363912442112931,0.77176542352471023,0.5,0.5,0,True,,1,0,Slot__Patch;Slot__CPW_Feed_Pin;Patch__CPW_Feed_Pin,True,Slot__CPW_Feed_Pin,,Slot__CPW_Feed_Pin,,"{""Slot__CPW_Feed_Pin"": {""geometry_type"": ""MultiLineString"", ""relations"": ""overlaps"", ""wkt"": ""MULTILINESTRING ((0.5 22, 0 22), (0 22, -0.5 22))""}}",True,,,True,latin
43,53.901401077113036,2,5.4283101521126484,2.7085884754133338,2,14.359870839730265,4,0.67140108127289855,0.71374737838372038,0.4628269300794593,0.15466944955070311,0.77454545454545454,0.70588235294117652,0.23474178403755869,0.66666666666666663,0.24539877300613497,0.25,0.82655774452446318,0.53943064677099994,0.46639091907583696,0.5,0.5,0,True,,1,0,Slot__Patch;Slot__CPW_Feed_Pin;Patch__CPW_Feed_Pin,True,Slot__CPW_Feed_Pin,,Slot__CPW_Feed_Pin,,"{""Slot__CPW_Feed_Pin"": {""geometry_type"": ""MultiLineString"", ""relations"": ""overlaps"", ""wkt"": ""MULTILINESTRING ((0.5 22, 0 22), (0 22, -0.5 22))""}}",True,,,True,latin
44,56.543132050678885,2,6.0977910717406587,2.4122837231295997,2,14.19812465999831,4,0.56246875777409189,0.76487466002579974,0.55212560716282832,0.14033831874804806,0.77454545454545454,0.70588235294117652,0.23474178403755869,0.66666666666666663,0.24539877300613497,0.25,0.61541597367706558,0.36656351691070499,0.69671711634435229,0.5,0.5,0,True,,1,0,Slot__Patch;Slot__CPW_Feed_Pin;Patch__CPW_Feed_Pin,True,Slot__CPW_Feed_Pin,,Slot__CPW_Feed_Pin,,"{""Slot__CPW_Feed_Pin"": {""geometry_type"": ""MultiLineString"", ""relations"": ""overlaps"", ""wkt"": ""MULTILINESTRING ((0.5 22, 0 22), (0 22, -0.5 22))""}}",True,,,True,latin
45,48.376257606284554,2,5.9263079684760562,2.3862033809278986,2,14.049221311925034,4,0.6761311966249085,0.86209013108179788,0.4626791860184849,0.22883393518914727,0.77454545454545454,0.70588235294117652,0.23474178403755869,0.66666666666666663,0.24539877300613497,0.25,0.4396035387129219,0.42946276384792981,0.83061507903043852,0.5,0.5,0,True,,1,0,Slot__Patch;Slot__CPW_Feed_Pin;Patch__CPW_Feed_Pin,True,Slot__CPW_Feed_Pin,,Slot__CPW_Feed_Pin,,"{""Slot__CPW_Feed_Pin"": {""geometry_type"": ""MultiLineString"", ""relations"": ""overlaps"", ""wkt"": ""MULTILINESTRING ((0.5 22, 0 22), (0 22, -0.5 22))""}}",True,,,True,latin
46,54.73789446345306,2,5.7912647285800016,2.7918144645866803,2,16.428556944841588,4,0.5932237740966223,0.96992395185871905,0.38086917032069745,0.14094653027570189,0.77454545454545454,0.70588235294117652,0.23474178403755869,0.66666666666666663,0.24539877300613497,0.25,0.85027729570687982,0.68385766619989241,0.59406873934074911,0.5,0.5,0,True,,1,0,Slot__Patch;Slot__CPW_Feed_Pin;Patch__CPW_Feed_Pin,True,Slot__CPW_Feed_Pin,,Slot__CPW_Feed_Pin,,"{""Slot__CPW_Feed_Pin"": {""geometry_type"": ""MultiLineString"", ""relations"": ""overlaps"", ""wkt"": ""MULTILINESTRING ((0.5 22, 0 22), (0 22, -0.5 22))""}}",True,,,True,latin
47,56.229990850922114,2,6.4270101038982359,2.3955988045963421,2,15.814786377578601,4,0.76533507575143633,0.71884869906490179,0.36502727645238381,0.26688309138634336,0.77454545454545454,0.70588235294117652,0.23474178403755869,0.66666666666666663,0.24539877300613497,0.25,0.44618073795723473,0.33689040724396629,0.60327237772128151,0.5,0.5,0,True,,1,0,Slot__Patch;Slot__CPW_Feed_Pin;Patch__CPW_Feed_Pin,True,Slot__CPW_Feed_Pin,,Slot__CPW_Feed_Pin,,"{""Slot__CPW_Feed_Pin"": {""geometry_type"": ""MultiLineString"", ""relations"": ""overlaps"", ""wkt"": ""MULTILINESTRING ((0.5 22, 0 22), (0 22, -0.5 22))""}}",True,,,True,latin
48,57.464077332289158,2,5.4560887291061295,2.4814749270360701,2,14.618941744541088,4,0.62463638650313436,0.9755671888663805,0.32067371758088403,0.15390289193185028,0.77454545454545454,0.70588235294117652,0.23474178403755869,0.66666666666666663,0.24539877300613497,0.25,0.57011267373007224,0.20782035803798071,0.63250845142159673,0.5,0.5,0,True,,1,0,Slot__Patch;Slot__CPW_Feed_Pin;Patch__CPW_Feed_Pin,True,Slot__CPW_Feed_Pin,,Slot__CPW_Feed_Pin,,"{""Slot__CPW_Feed_Pin"": {""geometry_type"": ""MultiLineString"", ""relations"": ""overlaps"", ""wkt"": ""MULTILINESTRING ((0.5 22, 0 22), (0 22, -0.5 22))""}}",True,,,True,latin
49,57.65619237975254,2,5.859647013089428,2.3440301733520545,2,14.561425397029323,4,0.71659156555167458,0.97473501365570536,0.5247121943796621,0.10271138024823703,0.77454545454545454,0.70588235294117652,0.23474178403755869,0.66666666666666663,0.24539877300613497,0.25,0.64156105920605733,0.84489026742705176,0.14427122752789193,0.5,0.5,0,True,,1,0,Slot__Patch;Slot__CPW_Feed_Pin;Patch__CPW_Feed_Pin,True,Slot__CPW_Feed_Pin,,Slot__CPW_Feed_Pin,,"{""Slot__CPW_Feed_Pin"": {""geometry_type"": ""MultiLineString"", ""relations"": ""overlaps"", ""wkt"": ""MULTILINESTRING ((0.5 22, 0 22), (0 22, -0.5 22))""}}",True,,,True,latin
50,52.996121447466081,2,5.9472404287498524,2.6133686292516081,2,14.993846354683175,4,0.74213311330000054,0.90735395151799281,0.35713615991292269,0.28964477207303263,0.77454545454545454,0.70588235294117652,0.23474178403755869,0.66666666666666663,0.24539877300613497,0.25,0.34903084572709731,0.62756412550738139,0.53391200409598916,0.5,0.5,0,True,,1,0,Slot__Patch;Slot__CPW_Feed_Pin;Patch__CPW_Feed_Pin,True,Slot__CPW_Feed_Pin,,Slot__CPW_Feed_Pin,,"{""Slot__CPW_Feed_Pin"": {""geometry_type"": ""MultiLineString"", ""relations"": ""overlaps"", ""wkt"": ""MULTILINESTRING ((0.5 22, 0 22), (0 22, -0.5 22))""}}",True,,,True,latin
51,54.878281632076387,2,6.1861913903612473,2.5572931441695097,2,14.493903048649356,4,0.58551204246647315,0.8272027980376041,0.38859271312955573,0.090766967207153298,0.77454545454545454,0.70588235294117652,0.23474178403755869,0.66666666666666663,0.24539877300613497,0.25,0.82252839953955226,0.94567781921421801,0.061644373110095588,0.5,0.5,0,True,,1,0,Slot__Patch;Slot__CPW_Feed_Pin;Patch__CPW_Feed_Pin,True,Slot__CPW_Feed_Pin,,Slot__CPW_Feed_Pin,,"{""Slot__CPW_Feed_Pin"": {""geometry_type"": ""MultiLineString"", ""relations"": ""overlaps"", ""wkt"": ""MULTILINESTRING ((0.5 22, 0 22), (0 22, -0.5 22))""}}",True,,,True,latin
52,50.334854414960837,2,6.3337746927798753,2.5797320859069024,2,15.416935482716957,4,0.65195547598814974,0.85491050599579499,0.40834017417571983,0.23625022279771957,0.77454545454545454,0.70588235294117652,0.23474178403755869,0.66666666666666663,0.24539877300613497,0.25,0.1128008105038522,0.60255031067483311,0.21817749162448968,0.5,0.5,0,True,,1,0,Slot__Patch;Slot__CPW_Feed_Pin;Patch__CPW_Feed_Pin,True,Slot__CPW_Feed_Pin,,Slot__CPW_Feed_Pin,,"{""Slot__CPW_Feed_Pin"": {""geometry_type"": ""MultiLineString"", ""relations"": ""overlaps"", ""wkt"": ""MULTILINESTRING ((0.5 22, 0 22), (0 22, -0.5 22))""}}",True,,,True,latin
53,47.731707076915754,2,5.8991212399729651,2.3722004178192457,2,14.544221165794621,4,0.58636435161929701,0.91952833036465509,0.39688976363890971,0.035601608512656591,0.77454545454545454,0.70588235294117652,0.23474178403755869,0.66666666666666663,0.24539877300613497,0.25,0.97794480084229629,0.97326540089037683,0.36828347340108181,0.5,0.5,0,True,,1,0,Slot__Patch;Slot__CPW_Feed_Pin;Patch__CPW_Feed_Pin,True,Slot__CPW_Feed_Pin,,Slot__CPW_Feed_Pin,,"{""Slot__CPW_Feed_Pin"": {""geometry_type"": ""MultiLineString"", ""relations"": ""overlaps"", ""wkt"": ""MULTILINESTRING ((0.5 22, 0 22), (0 22, -0.5 22))""}}",True,,,True,latin
54,58.065459254218666,2,6.3658914210407271,2.5699352837289053,2,14.482290493413881,4,0.53327465142032449,0.99531855529419866,0.4024808302660457,0.092086666029375139,0.77454545454545454,0.70588235294117652,0.23474178403755869,0.66666666666666663,0.24539877300613497,0.25,0.89515344577334544,0.24666892065081714,0.15690626583572931,0.5,0.5,0,True,,1,0,Slot__Patch;Slot__CPW_Feed_Pin;Patch__CPW_Feed_Pin,True,Slot__CPW_Feed_Pin,,Slot__CPW_Feed_Pin,,"{""Slot__CPW_Feed_Pin"": {""geometry_type"": ""MultiLineString"", ""relations"": ""overlaps"", ""wkt"": ""MULTILINESTRING ((0.5 22, 0 22), (0 22, -0.5 22))""}}",True,,,True,latin
55,55.830282981699064,2,5.6557342544023932,2.6041181471840549,2,15.725231530629763,4,0.5179950010849167,0.75672238754986876,0.43316306154587408,0.048179989390685914,0.77454545454545454,0.70588235294117652,0.23474178403755869,0.66666666666666663,0.24539877300613497,0.25,0.36582314446335429,0.94112322662750791,0.082516507171852049,0.5,0.5,0,True,,1,0,Slot__Patch;Slot__CPW_Feed_Pin;Patch__CPW_Feed_Pin,True,Slot__CPW_Feed_Pin,,Slot__CPW_Feed_Pin,,"{""Slot__CPW_Feed_Pin"": {""geometry_type"": ""MultiLineString"", ""relations"": ""overlaps"", ""wkt"": ""MULTILINESTRING ((0.5 22, 0 22), (0 22, -0.5 22))""}}",True,,,True,latin
56,53.012967812047549,2,5.5863528866052752,2.6355874378336699,2,15.274592751093422,4,0.6344138695353192,0.98004779388675822,0.36662378203188539,0.1126077329240214,0.77454545454545454,0.70588235294117652,0.23474178403755869,0.66666666666666663,0.24539877300613497,0.25,0.20893488717323794,0.43655175637972304,0.33599612999169332,0.5,0.5,0,True,,1,0,Slot__Patch;Slot__CPW_Feed_Pin;Patch__CPW_Feed_Pin,True,Slot__CPW_Feed_Pin,,Slot__CPW_Feed_Pin,,"{""Slot__CPW_Feed_Pin"": {""geometry_type"": ""MultiLineString"", ""relations"": ""overlaps"", ""wkt"": ""MULTILINESTRING ((0.5 22, 0 22), (0 22, -0.5 22))""}}",True,,,True,latin
57,48.239724497143499,2,6.3707197570964578,2.3771793934622645,2,14.595956257852045,4,0.48127609581809966,0.93187411928482944,0.54039706807325816,0.28848127217352759,0.77454545454545454,0.70588235294117652,0.23474178403755869,0.66666666666666663,0.24539877300613497,0.25,0.13830134792891002,0.97534601362136297,0.45346479060700923,0.5,0.5,0,True,,1,0,Slot__Patch;Slot__CPW_Feed_Pin;Patch__CPW_Feed_Pin,True,Slot__CPW_Feed_Pin,,Slot__CPW_Feed_Pin,,"{""Slot__CPW_Feed_Pin"": {""geometry_type"": ""MultiLineString"", ""relations"": ""overlaps"", ""wkt"": ""MULTILINESTRING ((0.5 22, 0 22), (0 22, -0.5 22))""}}",True,,,True,latin
58,57.575755813943211,2,6.4087042502147167,2.5675554449422142,2,16.358907294576007,4,0.56069511601110078,0.76045303284265175,0.29236936723477724,0.29468719862044024,0.77454545454545454,0.70588235294117652,0.23474178403755869,0.66666666666666663,0.24539877300613497,0.25,0.65507473821916895,0.053686129398204691,0.67817790388163424,0.5,0.5,0,True,,1,0,Slot__Patch;Slot__CPW_Feed_Pin;Patch__CPW_Feed_Pin,True,Slot__CPW_Feed_Pin,,Slot__CPW_Feed_Pin,,"{""Slot__CPW_Feed_Pin"": {""geometry_type"": ""MultiLineString"", ""relations"": ""overlaps"", ""wkt"": ""MULTILINESTRING ((0.5 22, 0 22), (0 22, -0.5 22))""}}",True,,,True,latin
59,50.581658549752966,2,5.8128502785606244,2.3827912856307654,2,14.497316032421796,4,0.47742506737964568,0.7397989071278257,0.36234812578830444,0.15805345232274889,0.77454545454545454,0.70588235294117652,0.23474178403755869,0.66666666666666663,0.24539877300613497,0.25,0.2860099551206583,0.11676890707687214,0.98447609694217875,0.5,0.5,0,True,,1,0,Slot__Patch;Slot__CPW_Feed_Pin;Patch__CPW_Feed_Pin,True,Slot__CPW_Feed_Pin,,Slot__CPW_Feed_Pin,,"{""Slot__CPW_Feed_Pin"": {""geometry_type"": ""MultiLineString"", ""relations"": ""overlaps"", ""wkt"": ""MULTILINESTRING ((0.5 22, 0 22), (0 22, -0.5 22))""}}",True,,,True,latin
60,51.787971772019432,2,5.5174406962627573,2.7001081279169554,2,15.715973521715121,4,0.66055203429481713,0.7455622764772396,0.40972712225591534,0.12652332638625791,0.77454545454545454,0.70588235294117652,0.23474178403755869,0.66666666666666663,0.24539877300613497,0.25,0.73122288407659031,0.70720873331763212,0.17247141953596784,0.5,0.5,0,True,,1,0,Slot__Patch;Slot__CPW_Feed_Pin;Patch__CPW_Feed_Pin,True,Slot__CPW_Feed_Pin,,Slot__CPW_Feed_Pin,,"{""Slot__CPW_Feed_Pin"": {""geometry_type"": ""MultiLineString"", ""relations"": ""overlaps"", ""wkt"": ""MULTILINESTRING ((0.5 22, 0 22), (0 22, -0.5 22))""}}",True,,,True,latin
61,51.800189604208946,2,5.9081376805407553,2.838489626269463,2,16.447857306674084,4,0.76242534972846232,0.96780767176551064,0.34521103611226744,0.014319150456559654,0.77454545454545454,0.70588235294117652,0.23474178403755869,0.66666666666666663,0.24539877300613497,0.25,0.80003439456473335,0.87126285681181137,0.93759830280234746,0.5,0.5,0,True,,1,0,Slot__Patch;Slot__CPW_Feed_Pin;Patch__CPW_Feed_Pin,True,Slot__CPW_Feed_Pin,,Slot__CPW_Feed_Pin,,"{""Slot__CPW_Feed_Pin"": {""geometry_type"": ""MultiLineString"", ""relations"": ""overlaps"", ""wkt"": ""MULTILINESTRING ((0.5 22, 0 22), (0 22, -0.5 22))""}}",True,,,True,latin
62,53.519958544061183,2,6.3940593468838749,2.643988271114035,2,16.018071936936629,4,0.60124451353724251,0.8738300502946531,0.49027871681625412,0.07071875535716815,0.77454545454545454,0.70588235294117652,0.23474178403755869,0.66666666666666663,0.24539877300613497,0.25,0.98103586132767151,0.20290628048291481,0.13436940266193692,0.5,0.5,0,True,,1,0,Slot__Patch;Slot__CPW_Feed_Pin;Patch__CPW_Feed_Pin,True,Slot__CPW_Feed_Pin,,Slot__CPW_Feed_Pin,,"{""Slot__CPW_Feed_Pin"": {""geometry_type"": ""MultiLineString"", ""relations"": ""overlaps"", ""wkt"": ""MULTILINESTRING ((0.5 22, 0 22), (0 22, -0.5 22))""}}",True,,,True,latin
63,58.145759892960271,2,6.3211315874441603,2.3566630534828743,2,13.794362369084501,4,0.70280415959181319,0.87227369825497147,0.51114482514692761,0.27496547426973905,0.77454545454545454,0.70588235294117652,0.23474178403755869,0.66666666666666663,0.24539877300613497,0.25,0.89125465225922496,0.91109606999038328,0.54969717931546114,0.5,0.5,0,True,,1,0,Slot__Patch;Slot__CPW_Feed_Pin;Patch__CPW_Feed_Pin,True,Slot__CPW_Feed_Pin,,Slot__CPW_Feed_Pin,,"{""Slot__CPW_Feed_Pin"": {""geometry_type"": ""MultiLineString"", ""relations"": ""overlaps"", ""wkt"": ""MULTILINESTRING ((0.5 22, 0 22), (0 22, -0.5 22))""}}",True,,,True,latin
64,54.550284879147384,2,6.3994267191868097,2.8133776461182407,2,14.315363393757663,4,0.6467397787256397,0.70744107032186532,0.38615958572981524,0.071250469364774069,0.77454545454545454,0.70588235294117652,0.23474178403755869,0.66666666666666663,0.24539877300613497,0.25,0.43978964423579014,0.72713913189280566,0.27422421265121411,0.5,0.5,0,True,,1,0,Slot__Patch;Slot__CPW_Feed_Pin;Patch__CPW_Feed_Pin,True,Slot__CPW_Feed_Pin,,Slot__CPW_Feed_Pin,,"{""Slot__CPW_Feed_Pin"": {""geometry_type"": ""MultiLineString"", ""relations"": ""overlaps"", ""wkt"": ""MULTILINESTRING ((0.5 22, 0 22), (0 22, -0.5 22))""}}",True,,,True,latin
65,52.974249444550907,2,6.3780294108778364,2.4101841259870049,2,13.61410877276767,4,0.56718303681784266,0.96169695588367943,0.51417514934719244,0.23999044976619002,0.77454545454545454,0.70588235294117652,0.23474178403755869,0.66666666666666663,0.24539877300613497,0.25,0.91807123972526627,0.80317301843281086,0.64307497602737673,0.5,0.5,0,True,,1,0,Slot__Patch;Slot__CPW_Feed_Pin;Patch__CPW_Feed_Pin,True,Slot__CPW_Feed_Pin,,Slot__CPW_Feed_Pin,,"{""Slot__CPW_Feed_Pin"": {""geometry_type"": ""MultiLineString"", ""relations"": ""overlaps"", ""wkt"": ""MULTILINESTRING ((0.5 22, 0 22), (0 22, -0.5 22))""}}",True,,,True,latin
66,53.042479692641976,2,6.5478706429316258,2.578980596134167,2,14.093183794137957,4,0.70875933901464305,0.80751755569865491,0.2765942268903967,0.031840185515576713,0.77454545454545454,0.70588235294117652,0.23474178403755869,0.66666666666666663,0.24539877300613497,0.25,0.45570545697445897,0.52596726328426058,0.32822450244358398,0.5,0.5,0,True,,1,0,Slot__Patch;Slot__CPW_Feed_Pin;Patch__CPW_Feed_Pin,True,Slot__CPW_Feed_Pin,,Slot__CPW_Feed_Pin,,"{""Slot__CPW_Feed_Pin"": {""geometry_type"": ""MultiLineString"", ""relations"": ""overlaps"", ""wkt"": ""MULTILINESTRING ((0.5 22, 0 22), (0 22, -0.5 22))""}}",True,,,True,latin
67,54.490832653439242,2,5.8884282559871144,2.432779974794296,2,14.454463581153369,4,0.57454465000206856,0.78980982338634509,0.31674172258078737,0.27278684257851971,0.77454545454545454,0.70588235294117652,0.23474178403755869,0.66666666666666663,0.24539877300613497,0.25,0.41561324822296047,0.48026887542482333,0.75059072983982378,0.5,0.5,0,True,,1,0,Slot__Patch;Slot__CPW_Feed_Pin;Patch__CPW_Feed_Pin,True,Slot__CPW_Feed_Pin,,Slot__CPW_Feed_Pin,,"{""Slot__CPW_Feed_Pin"": {""geometry_type"": ""MultiLineString"", ""relations"": ""overlaps"", ""wkt"": ""MULTILINESTRING ((0.5 22, 0 22), (0 22, -0.5 22))""}}",True,,,True,latin
68,55.906170449553386,2,5.8033019986300118,2.4918281597015595,2,14.675088233616512,4,0.51467587500400758,0.7849306539068811,0.4009646936466732,0.299094759390163,0.77454545454545454,0.70588235294117652,0.23474178403755869,0.66666666666666663,0.24539877300613497,0.25,0.26357270162614377,0.44820433944032073,0.8737155476427465,0.5,0.5,0,True,,1,0,Slot__Patch;Slot__CPW_Feed_Pin;Patch__CPW_Feed_Pin,True,Slot__CPW_Feed_Pin,,Slot__CPW_Feed_Pin,,"{""Slot__CPW_Feed_Pin"": {""geometry_type"": ""MultiLineString"", ""relations"": ""overlaps"", ""wkt"": ""MULTILINESTRING ((0.5 22, 0 22), (0 22, -0.5 22))""}}",True,,,True,latin
69,53.685016470802111,2,6.1706316835713562,2.475360668882101,2,13.626832571962606,4,0.74032173844732996,0.91672924694806401,0.39465093985526323,0.15916089909888256,0.77454545454545454,0.70588235294117652,0.23474178403755869,0.66666666666666663,0.24539877300613497,0.25,0.076623138393754231,0.26457984679005458,0.65999064925490214,0.5,0.5,0,True,,1,0,Slot__Patch;Slot__CPW_Feed_Pin;Patch__CPW_Feed_Pin,True,Slot__CPW_Feed_Pin,,Slot__CPW_Feed_Pin,,"{""Slot__CPW_Feed_Pin"": {""geometry_type"": ""MultiLineString"", ""relations"": ""overlaps"", ""wkt"": ""MULTILINESTRING ((0.5 22, 0 22), (0 22, -0.5 22))""}}",True,,,True,latin
70,47.931737792480924,2,6.1898840491381328,2.7275403979375663,2,15.595067535615897,4,0.47925060019870075,0.72975774121886794,0.5587156774734805,0.25896726967346217,0.77454545454545454,0.70588235294117652,0.23474178403755869,0.66666666666666663,0.24539877300613497,0.25,0.40241592278970595,0.51969835576944945,0.26481731169721312,0.5,0.5,0,True,,1,0,Slot__Patch;Slot__CPW_Feed_Pin;Patch__CPW_Feed_Pin,True,Slot__CPW_Feed_Pin,,Slot__CPW_Feed_Pin,,"{""Slot__CPW_Feed_Pin"": {""geometry_type"": ""MultiLineString"", ""relations"": ""overlaps"", ""wkt"": ""MULTILINESTRING ((0.5 22, 0 22), (0 22, -0.5 22))""}}",True,,,True,latin
71,49.863512554372043,2,5.4219176007246954,2.7411319609370954,2,16.482534776185069,4,0.68003721589621213,0.72323671834013015,0.41914311008055943,0.23611715020899252,0.77454545454545454,0.70588235294117652,0.23474178403755869,0.66666666666666663,0.24539877300613497,0.25,0.32551884651592045,0.41687481941597154,0.47519629972278216,0.5,0.5,0,True,,1,0,Slot__Patch;Slot__CPW_Feed_Pin;Patch__CPW_Feed_Pin,True,Slot__CPW_Feed_Pin,,Slot__CPW_Feed_Pin,,"{""Slot__CPW_Feed_Pin"": {""geometry_type"": ""MultiLineString"", ""relations"": ""overlaps"", ""wkt"": ""MULTILINESTRING ((0.5 22, 0 22), (0 22, -0.5 22))""}}",True,,,True,latin
72,51.480462794686737,2,5.6035450021668609,2.7128551502102281,2,13.826639783861749,4,0.69298818652126193,0.82459313808999735,0.49458740956389097,0.022032525351142276,0.77454545454545454,0.70588235294117652,0.23474178403755869,0.66666666666666663,0.24539877300613497,0.25,0.19674420706401619,0.32192271667347933,0.88035445108753008,0.5,0.5,0,True,,1,0,Slot__Patch;Slot__CPW_Feed_Pin;Patch__CPW_Feed_Pin,True,Slot__CPW_Feed_Pin,,Slot__CPW_Feed_Pin,,"{""Slot__CPW_Feed_Pin"": {""geometry_type"": ""MultiLineString"", ""relations"": ""overlaps"", ""wkt"": ""MULTILINESTRING ((0.5 22, 0 22), (0 22, -0.5 22))""}}",True,,,True,latin
73,48.232212991482619,2,5.4836242030286693,2.5831505896837825,2,16.444996717751348,4,0.62561835299480428,0.83762787786654436,0.45030186812374084,0.049653156698908268,0.77454545454545454,0.70588235294117652,0.23474178403755869,0.66666666666666663,0.24539877300613497,0.25,0.70251614087317082,0.59329660156606323,0.99012755751208059,0.5,0.5,0,True,,1,0,Slot__Patch;Slot__CPW_Feed_Pin;Patch__CPW_Feed_Pin,True,Slot__CPW_Feed_Pin,,Slot__CPW_Feed_Pin,,"{""Slot__CPW_Feed_Pin"": {""geometry_type"": ""MultiLineString"", ""relations"": ""overlaps"", ""wkt"": ""MULTILINESTRING ((0.5 22, 0 22), (0 22, -0.5 22))""}}",True,,,True,latin
74,49.198773919811664,2,5.4944205303774973,2.831338617657881,2,16.158877760150212,4,0.76196323580696967,0.71982838827163154,0.40817823057231351,0.11675875236825038,0.77454545454545454,0.70588235294117652,0.23474178403755869,0.66666666666666663,0.24539877300613497,0.25,0.088143969372138559,0.83621704298156108,0.77539522395367477,0.5,0.5,0,True,,1,0,Slot__Patch;Slot__CPW_Feed_Pin;Patch__CPW_Feed_Pin,True,Slot__CPW_Feed_Pin,,Slot__CPW_Feed_Pin,,"{""Slot__CPW_Feed_Pin"": {""geometry_type"": ""MultiLineString"", ""relations"": ""overlaps"", ""wkt"": ""MULTILINESTRING ((0.5 22, 0 22), (0 22, -0.5 22))""}}",True,,,True,latin
75,50.275463471168294,2,6.3634645869282833,2.8304793634606562,2,16.229458479182682,4,0.53469467319451969,0.78084374575797244,0.50185564962914531,0.21930427958176987,0.77454545454545454,0.70588235294117652,0.23474178403755869,0.66666666666666663,0.24539877300613497,0.25,0.74831389229358636,0.49798846487127185,0.24737952183710799,0.5,0.5,0,True,,1,0,Slot__Patch;Slot__CPW_Feed_Pin;Patch__CPW_Feed_Pin,True,Slot__CPW_Feed_Pin,,Slot__CPW_Feed_Pin,,"{""Slot__CPW_Feed_Pin"": {""geometry_type"": ""MultiLineString"", ""relations"": ""overlaps"", ""wkt"": ""MULTILINESTRING ((0.5 22, 0 22), (0 22, -0.5 22))""}}",True,,,True,latin
76,51.628480228941768,2,5.5004847962074361,2.3747026982993575,2,13.739380562590551,4,0.46913109448790297,0.90594316605776382,0.30378101600165852,0.19155931746187552,0.77454545454545454,0.70588235294117652,0.23474178403755869,0.66666666666666663,0.24539877300613497,0.25,0.46599731362673474,0.58308543671399593,0.85932807496966923,0.5,0.5,0,True,,1,0,Slot__Patch;Slot__CPW_Feed_Pin;Patch__CPW_Feed_Pin,True,Slot__CPW_Feed_Pin,,Slot__CPW_Feed_Pin,,"{""Slot__CPW_Feed_Pin"": {""geometry_type"": ""MultiLineString"", ""relations"": ""overlaps"", ""wkt"": ""MULTILINESTRING ((0.5 22, 0 22), (0 22, -0.5 22))""}}",True,,,True,latin
77,52.867699252892216,2,6.3369775416168039,2.7449330562275827,2,15.513012630939556,4,0.51258254495873401,0.70396693694957035,0.50759567392308091,0.038310798987845535,0.77454545454545454,0.70588235294117652,0.23474178403755869,0.66666666666666663,0.24539877300613497,0.25,0.16820744728145737,0.19555308390770959,0.6944735622314524,0.5,0.5,0,True,,1,0,Slot__Patch;Slot__CPW_Feed_Pin;Patch__CPW_Feed_Pin,True,Slot__CPW_Feed_Pin,,Slot__CPW_Feed_Pin,,"{""Slot__CPW_Feed_Pin"": {""geometry_type"": ""MultiLineString"", ""relations"": ""overlaps"", ""wkt"": ""MULTILINESTRING ((0.5 22, 0 22), (0 22, -0.5 22))""}}",True,,,True,latin
78,51.82223836428313,2,6.2872332810767304,2.5415195243100199,2,15.462997881691175,4,0.67262238336078251,0.98436733376121899,0.26453252062466892,0.041051572049119328,0.77454545454545454,0.70588235294117652,0.23474178403755869,0.66666666666666663,0.24539877300613497,0.25,0.47947652027738724,0.38401376411917404,0.18412335549967851,0.5,0.5,0,True,,1,0,Slot__Patch;Slot__CPW_Feed_Pin;Patch__CPW_Feed_Pin,True,Slot__CPW_Feed_Pin,,Slot__CPW_Feed_Pin,,"{""Slot__CPW_Feed_Pin"": {""geometry_type"": ""MultiLineString"", ""relations"": ""overlaps"", ""wkt"": ""MULTILINESTRING ((0.5 22, 0 22), (0 22, -0.5 22))""}}",True,,,True,latin
79,57.715133222975282,2,5.9162180730640035,2.7638533402028949,2,16.142855207026965,4,0.52010905640030214,0.94836332201758888,0.27379664737351317,0.20338032695266747,0.77454545454545454,0.70588235294117652,0.23474178403755869,0.66666666666666663,0.24539877300613497,0.25,0.082402860484593027,0.91516888705771282,0.75847271856789544,0.5,0.5,0,True,,1,0,Slot__Patch;Slot__CPW_Feed_Pin;Patch__CPW_Feed_Pin,True,Slot__CPW_Feed_Pin,,Slot__CPW_Feed_Pin,,"{""Slot__CPW_Feed_Pin"": {""geometry_type"": ""MultiLineString"", ""relations"": ""overlaps"", ""wkt"": ""MULTILINESTRING ((0.5 22, 0 22), (0 22, -0.5 22))""}}",True,,,True,latin
80,49.646537274983331,2,5.661223085622014,2.4717117203473005,2,15.903787685287501,4,0.70763070891724189,0.8661345036002871,0.44095407597431291,0.0063437625533770154,0.77454545454545454,0.70588235294117652,0.23474178403755869,0.66666666666666663,0.24539877300613497,0.25,0.51869931208284747,0.31686308143952407,0.1962913458574303,0.5,0.5,0,True,,1,0,Slot__Patch;Slot__CPW_Feed_Pin;Patch__CPW_Feed_Pin,True,Slot__CPW_Feed_Pin,,Slot__CPW_Feed_Pin,,"{""Slot__CPW_Feed_Pin"": {""geometry_type"": ""MultiLineString"", ""relations"": ""overlaps"", ""wkt"": ""MULTILINESTRING ((0.5 22, 0 22), (0 22, -0.5 22))""}}",True,,,True,latin
81,48.712456816215756,2,6.2819784914676724,2.6545820347223681,2,14.979334662360834,4,0.53854914718986768,0.77146691049283933,0.42628295780682729,0.089548346598119791,0.77454545454545454,0.70588235294117652,0.23474178403755869,0.66666666666666663,0.24539877300613497,0.25,0.7146989150729024,0.2622732022377765,0.25734522282111416,0.5,0.5,0,True,,1,0,Slot__Patch;Slot__CPW_Feed_Pin;Patch__CPW_Feed_Pin,True,Slot__CPW_Feed_Pin,,Slot__CPW_Feed_Pin,,"{""Slot__CPW_Feed_Pin"": {""geometry_type"": ""MultiLineString"", ""relations"": ""overlaps"", ""wkt"": ""MULTILINESTRING ((0.5 22, 0 22), (0 22, -0.5 22))""}}",True,,,True,latin
82,48.4807162757767,2,5.7429844563714889,2.4945832069899652,2,15.63153884551809,4,0.76013666500587007,0.93717165580346762,0.39753630140871249,0.18793675361972381,0.77454545454545454,0.70588235294117652,0.23474178403755869,0.66666666666666663,0.24539877300613497,0.25,0.52526777426529514,0.33099852926735374,0.44767204612255534,0.5,0.5,0,True,,1,0,Slot__Patch;Slot__CPW_Feed_Pin;Patch__CPW_Feed_Pin,True,Slot__CPW_Feed_Pin,,Slot__CPW_Feed_Pin,,"{""Slot__CPW_Feed_Pin"": {""geometry_type"": ""MultiLineString"", ""relations"": ""overlaps"", ""wkt"": ""MULTILINESTRING ((0.5 22, 0 22), (0 22, -0.5 22))""}}",True,,,True,latin
83,55.316391872677215,2,5.6659631578127296,2.3584233172022038,2,15.648493692862157,4,0.49228078107291606,0.81036439733274401,0.48200894453768928,0.025143030914099702,0.77454545454545454,0.70588235294117652,0.23474178403755869,0.66666666666666663,0.24539877300613497,0.25,0.50964326195792076,0.70496152584475491,0.94462627062402404,0.5,0.5,0,True,,1,0,Slot__Patch;Slot__CPW_Feed_Pin;Patch__CPW_Feed_Pin,True,Slot__CPW_Feed_Pin,,Slot__CPW_Feed_Pin,,"{""Slot__CPW_Feed_Pin"": {""geometry_type"": ""MultiLineString"", ""relations"": ""overlaps"", ""wkt"": ""MULTILINESTRING ((0.5 22, 0 22), (0 22, -0.5 22))""}}",True,,,True,latin
84,49.182898914983014,2,5.5481213869127934,2.8190783147821659,2,13.83980640821383,4,0.67764393594624328,0.92880527281604053,0.41069222740042322,0.20098293451614335,0.77454545454545454,0.70588235294117652,0.23474178403755869,0.66666666666666663,0.24539877300613497,0.25,0.92125184437436158,0.9818134396426027,0.83467878612327318,0.5,0.5,0,True,,1,0,Slot__Patch;Slot__CPW_Feed_Pin;Patch__CPW_Feed_Pin,True,Slot__CPW_Feed_Pin,,Slot__CPW_Feed_Pin,,"{""Slot__CPW_Feed_Pin"": {""geometry_type"": ""MultiLineString"", ""relations"": ""overlaps"", ""wkt"": ""MULTILINESTRING ((0.5 22, 0 22), (0 22, -0.5 22))""}}",True,,,True,latin
85,56.169234757955955,2,5.6860737997212327,2.8425354206785705,2,13.642694070456903,4,0.76590149609257741,0.91339915191154175,0.53623355935479267,0.29812829823815368,0.77454545454545454,0.70588235294117652,0.23474178403755869,0.66666666666666663,0.24539877300613497,0.25,0.24184782468468841,0.26005585944821735,0.25001249445420282,0.5,0.5,0,True,,1,0,Slot__Patch;Slot__CPW_Feed_Pin;Patch__CPW_Feed_Pin,True,Slot__CPW_Feed_Pin,,Slot__CPW_Feed_Pin,,"{""Slot__CPW_Feed_Pin"": {""geometry_type"": ""MultiLineString"", ""relations"": ""overlaps"", ""wkt"": ""MULTILINESTRING ((0.5 22, 0 22), (0 22, -0.5 22))""}}",True,,,True,latin
86,56.675601313986142,2,6.4022795146180274,2.3684527049641257,2,13.874783309196152,4,0.72122408187243969,0.92493923571518533,0.4788717191207047,0.14764447574445791,0.77454545454545454,0.70588235294117652,0.23474178403755869,0.66666666666666663,0.24539877300613497,0.25,0.69462804958368418,0.62898126331476811,0.70419170494613248,0.5,0.5,0,True,,1,0,Slot__Patch;Slot__CPW_Feed_Pin;Patch__CPW_Feed_Pin,True,Slot__CPW_Feed_Pin,,Slot__CPW_Feed_Pin,,"{""Slot__CPW_Feed_Pin"": {""geometry_type"": ""MultiLineString"", ""relations"": ""overlaps"", ""wkt"": ""MULTILINESTRING ((0.5 22, 0 22), (0 22, -0.5 22))""}}",True,,,True,latin
87,48.165798440419849,2,5.7778552257141431,2.6526983076439477,2,16.241583329118853,4,0.55426049490020068,0.79767791359730644,0.46189341189960298,0.22810248061280164,0.77454545454545454,0.70588235294117652,0.23474178403755869,0.66666666666666663,0.24539877300613497,0.25,0.65117108081998887,0.76828678924083504,0.71520212069564082,0.5,0.5,0,True,,1,0,Slot__Patch;Slot__CPW_Feed_Pin;Patch__CPW_Feed_Pin,True,Slot__CPW_Feed_Pin,,Slot__CPW_Feed_Pin,,"{""Slot__CPW_Feed_Pin"": {""geometry_type"": ""MultiLineString"", ""relations"": ""overlaps"", ""wkt"": ""MULTILINESTRING ((0.5 22, 0 22), (0 22, -0.5 22))""}}",True,,,True,latin
88,55.146945944117654,2,6.5712659439147565,2.6250950468354137,2,15.483257389510147,4,0.61842496445627582,0.72544264392476154,0.46612746074959732,0.21189579239300099,0.77454545454545454,0.70588235294117652,0.23474178403755869,0.66666666666666663,0.24539877300613497,0.25,0.82930666816794041,0.86813876450140293,0.82879143254565646,0.5,0.5,0,True,,1,0,Slot__Patch;Slot__CPW_Feed_Pin;Patch__CPW_Feed_Pin,True,Slot__CPW_Feed_Pin,,Slot__CPW_Feed_Pin,,"{""Slot__CPW_Feed_Pin"": {""geometry_type"": ""MultiLineString"", ""relations"": ""overlaps"", ""wkt"": ""MULTILINESTRING ((0.5 22, 0 22), (0 22, -0.5 22))""}}",True,,,True,latin
89,48.562774834158773,2,6.1380586302224671,2.3477802284045461,2,14.82966537786789,4,0.76292835699533412,0.92517056040469603,0.28752011407494604,0.26193550082646344,0.77454545454545454,0.70588235294117652,0.23474178403755869,0.66666666666666663,0.24539877300613497,0.25,0.79188878757622516,0.64419573479401393,0.83859892941188396,0.5,0.5,0,True,,1,0,Slot__Patch;Slot__CPW_Feed_Pin;Patch__CPW_Feed_Pin,True,Slot__CPW_Feed_Pin,,Slot__CPW_Feed_Pin,,"{""Slot__CPW_Feed_Pin"": {""geometry_type"": ""MultiLineString"", ""relations"": ""overlaps"", ""wkt"": ""MULTILINESTRING ((0.5 22, 0 22), (0 22, -0.5 22))""}}",True,,,True,latin
90,49.402896389332469,2,6.330542879792719,2.68773709660862,2,15.73881894902075,4,0.68105767187844424,0.99047581010476016,0.32211117003248946,0.15755264337090549,0.77454545454545454,0.70588235294117652,0.23474178403755869,0.66666666666666663,0.24539877300613497,0.25,0.33093066018528067,0.51724250286205209,0.1019133150351352,0.5,0.5,0,True,,1,0,Slot__Patch;Slot__CPW_Feed_Pin;Patch__CPW_Feed_Pin,True,Slot__CPW_Feed_Pin,,Slot__CPW_Feed_Pin,,"{""Slot__CPW_Feed_Pin"": {""geometry_type"": ""MultiLineString"", ""relations"": ""overlaps"", ""wkt"": ""MULTILINESTRING ((0.5 22, 0 22), (0 22, -0.5 22))""}}",True,,,True,latin
91,57.682430758971691,2,6.2388774772915285,2.731231528507728,2,14.413530903997122,4,0.50643582339632898,0.82891281623850366,0.43735949086860593,0.23715753755328928,0.77454545454545454,0.70588235294117652,0.23474178403755869,0.66666666666666663,0.24539877300613497,0.25,0.4912046019506664,0.77389345749304284,0.36612420611578245,0.5,0.5,0,True,,1,0,Slot__Patch;Slot__CPW_Feed_Pin;Patch__CPW_Feed_Pin,True,Slot__CPW_Feed_Pin,,Slot__CPW_Feed_Pin,,"{""Slot__CPW_Feed_Pin"": {""geometry_type"": ""MultiLineString"", ""relations"": ""overlaps"", ""wkt"": ""MULTILINESTRING ((0.5 22, 0 22), (0 22, -0.5 22))""}}",True,,,True,latin
92,49.027367373916242,2,6.521474521710954,2.3499295165304543,2,15.928651046373819,4,0.5677573975875696,0.88842943148516873,0.29437408205057641,0.24062303189628684,0.77454545454545454,0.70588235294117652,0.23474178403755869,0.66666666666666663,0.24539877300613497,0.25,0.93336936825586414,0.62214566183525066,0.099526561121578733,0.5,0.5,0,True,,1,0,Slot__Patch;Slot__CPW_Feed_Pin;Patch__CPW_Feed_Pin,True,Slot__CPW_Feed_Pin,,Slot__CPW_Feed_Pin,,"{""Slot__CPW_Feed_Pin"": {""geometry_type"": ""MultiLineString"", ""relations"": ""overlaps"", ""wkt"": ""MULTILINESTRING ((0.5 22, 0 22), (0 22, -0.5 22))""}}",True,,,True,latin
93,53.377057413185469,2,6.5600124623410858,2.6698337221093751,2,14.682438425710403,4,0.52762683479827033,0.85327737602896969,0.3423130159669493,0.28330926583722071,0.77454545454545454,0.70588235294117652,0.23474178403755869,0.66666666666666663,0.24539877300613497,0.25,0.55049497352532906,0.67365580161118677,0.57363472310725738,0.5,0.5,0,True,,1,0,Slot__Patch;Slot__CPW_Feed_Pin;Patch__CPW_Feed_Pin,True,Slot__CPW_Feed_Pin,,Slot__CPW_Feed_Pin,,"{""Slot__CPW_Feed_Pin"": {""geometry_type"": ""MultiLineString"", ""relations"": ""overlaps"", ""wkt"": ""MULTILINESTRING ((0.5 22, 0 22), (0 22, -0.5 22))""}}",True,,,True,latin
94,56.797209088776718,2,5.9181972587740868,2.3653991693550118,2,14.944031430805566,4,0.5927827096092454,0.85728695235009023,0.46421777562266031,0.01849232917739262,0.77454545454545454,0.70588235294117652,0.23474178403755869,0.66666666666666663,0.24539877300613497,0.25,0.46832827275013356,0.12355617900116384,0.6906560413519387,0.5,0.5,0,True,,1,0,Slot__Patch;Slot__CPW_Feed_Pin;Patch__CPW_Feed_Pin,True,Slot__CPW_Feed_Pin,,Slot__CPW_Feed_Pin,,"{""Slot__CPW_Feed_Pin"": {""geometry_type"": ""MultiLineString"", ""relations"": ""overlaps"", ""wkt"": ""MULTILINESTRING ((0.5 22, 0 22), (0 22, -0.5 22))""}}",True,,,True,latin
95,54.086529641893513,2,6.1970647252824396,2.4453778045769687,2,15.164079032207702,4,0.61780280528393328,0.7343802701138975,0.50607239771579149,0.18432410089449447,0.77454545454545454,0.70588235294117652,0.23474178403755869,0.66666666666666663,0.24539877300613497,0.25,0.15678146489432793,0.77944933682086026,0.83846383910083389,0.5,0.5,0,True,,1,0,Slot__Patch;Slot__CPW_Feed_Pin;Patch__CPW_Feed_Pin,True,Slot__CPW_Feed_Pin,,Slot__CPW_Feed_Pin,,"{""Slot__CPW_Feed_Pin"": {""geometry_type"": ""MultiLineString"", ""relations"": ""overlaps"", ""wkt"": ""MULTILINESTRING ((0.5 22, 0 22), (0 22, -0.5 22))""}}",True,,,True,latin
96,51.41402231004006,2,5.5265751288330414,2.4873462340247583,2,16.181230368718328,4,0.622913038511543,0.77445734559732382,0.44287383356835042,0.082146687447640657,0.77454545454545454,0.70588235294117652,0.23474178403755869,0.66666666666666663,0.24539877300613497,0.25,0.27533637764144858,0.66183119780827804,0.23622061622075757,0.5,0.5,0,True,,1,0,Slot__Patch;Slot__CPW_Feed_Pin;Patch__CPW_Feed_Pin,True,Slot__CPW_Feed_Pin,,Slot__CPW_Feed_Pin,,"{""Slot__CPW_Feed_Pin"": {""geometry_type"": ""MultiLineString"", ""relations"": ""overlaps"", ""wkt"": ""MULTILINESTRING ((0.5 22, 0 22), (0 22, -0.5 22))""}}",True,,,True,latin
97,53.618451720099408,2,5.693222025352588,2.5554386010613941,2,13.709337735253998,4,0.66543794831204539,0.74001321370317252,0.53518291100867277,0.260624159330202,0.77454545454545454,0.70588235294117652,0.23474178403755869,0.66666666666666663,0.24539877300613497,0.25,0.50286331188432842,0.98116040542327621,0.4520825345163238,0.5,0.5,0,True,,1,0,Slot__Patch;Slot__CPW_Feed_Pin;Patch__CPW_Feed_Pin,True,Slot__CPW_Feed_Pin,,Slot__CPW_Feed_Pin,,"{""Slot__CPW_Feed_Pin"": {""geometry_type"": ""MultiLineString"", ""relations"": ""overlaps"", ""wkt"": ""MULTILINESTRING ((0.5 22, 0 22), (0 22, -0.5 22))""}}",True,,,True,latin
98,56.868013845486388,2,5.7717959282813283,2.659554909016717,2,14.272409441638526,4,0.74810709057128455,0.86859616936849404,0.38011184520524949,0.042260647542859221,0.77454545454545454,0.70588235294117652,0.23474178403755869,0.66666666666666663,0.24539877300613497,0.25,0.68263049560013966,0.18895395235894441,0.90423078689227976,0.5,0.5,0,True,,1,0,Slot__Patch;Slot__CPW_Feed_Pin;Patch__CPW_Feed_Pin,True,Slot__CPW_Feed_Pin,,Slot__CPW_Feed_Pin,,"{""Slot__CPW_Feed_Pin"": {""geometry_type"": ""MultiLineString"", ""relations"": ""overlaps"", ""wkt"": ""MULTILINESTRING ((0.5 22, 0 22), (0 22, -0.5 22))""}}",True,,,True,latin
99,49.628622553327887,2,6.4129664231614898,2.5607972652118955,2,15.878236131202991,4,0.68869782607711427,0.8443070105410686,0.5393881444717219,0.11345661972833877,0.77454545454545454,0.70588235294117652,0.23474178403755869,0.66666666666666663,0.24539877300613497,0.25,0.31792078057566847,0.51807155573311758,0.59613826785131196,0.5,0.5,0,True,,1,0,Slot__Patch;Slot__CPW_Feed_Pin;Patch__CPW_Feed_Pin,True,Slot__CPW_Feed_Pin,,Slot__CPW_Feed_Pin,,"{""Slot__CPW_Feed_Pin"": {""geometry_type"": ""MultiLineString"", ""relations"": ""overlaps"", ""wkt"": ""MULTILINESTRING ((0.5 22, 0 22), (0 22, -0.5 22))""}}",True,,,True,latin
100,55.130377684606124,2,5.6364200838710135,2.753306680967023,2,13.757853459603981,4,0.71689752446647836,0.89449090365656003,0.26632563253289543,0.20181264169247973,0.77454545454545454,0.70588235294117652,0.23474178403755869,0.66666666666666663,0.24539877300613497,0.25,0.14357550382080314,0.85522515219896955,0.74036559577940408,0.5,0.5,0,True,,1,0,Slot__Patch;Slot__CPW_Feed_Pin;Patch__CPW_Feed_Pin,True,Slot__CPW_Feed_Pin,,Slot__CPW_Feed_Pin,,"{""Slot__CPW_Feed_Pin"": {""geometry_type"": ""MultiLineString"", ""relations"": ""overlaps"", ""wkt"": ""MULTILINESTRING ((0.5 22, 0 22), (0 22, -0.5 22))""}}",True,,,True,latin
101,50.35985910826308,2,6.0279794623634961,2.5862803499308082,2,14.894421631164844,4,0.48201263430636565,0.90022730290546349,0.31285564304180719,0.1832479916306182,0.77454545454545454,0.70588235294117652,0.23474178403755869,0.66666666666666663,0.24539877300613497,0.25,0.80474553543091265,0.24135171352482604,0.091706975795470033,0.5,0.5,0,True,,1,0,Slot__Patch;Slot__CPW_Feed_Pin;Patch__CPW_Feed_Pin,True,Slot__CPW_Feed_Pin,,Slot__CPW_Feed_Pin,,"{""Slot__CPW_Feed_Pin"": {""geometry_type"": ""MultiLineString"", ""relations"": ""overlaps"", ""wkt"": ""MULTILINESTRING ((0.5 22, 0 22), (0 22, -0.5 22))""}}",True,,,True,latin
102,52.699595061816595,2,5.6751329404165318,2.8177605272480895,2,13.691282285856975,4,0.75372677979853808,0.89332144981467565,0.29179388874274031,0.011733056836897222,0.77454545454545454,0.70588235294117652,0.23474178403755869,0.66666666666666663,0.24539877300613497,0.25,0.55479655438713238,0.067384161464734998,0.87925759721620955,0.5,0.5,0,True,,1,0,Slot__Patch;Slot__CPW_Feed_Pin;Patch__CPW_Feed_Pin,True,Slot__CPW_Feed_Pin,,Slot__CPW_Feed_Pin,,"{""Slot__CPW_Feed_Pin"": {""geometry_type"": ""MultiLineString"", ""relations"": ""overlaps"", ""wkt"": ""MULTILINESTRING ((0.5 22, 0 22), (0 22, -0.5 22))""}}",True,,,True,latin
103,48.518677247516258,2,6.5649559191423057,2.7431392484653907,2,14.288441287889789,4,0.63156545231471872,0.81480246622973518,0.46643084666815249,0.1637354436934475,0.77454545454545454,0.70588235294117652,0.23474178403755869,0.66666666666666663,0.24539877300613497,0.25,0.70715309590683517,0.8635623002547308,0.70641132449068289,0.5,0.5,0,True,,1,0,Slot__Patch;Slot__CPW_Feed_Pin;Patch__CPW_Feed_Pin,True,Slot__CPW_Feed_Pin,,Slot__CPW_Feed_Pin,,"{""Slot__CPW_Feed_Pin"": {""geometry_type"": ""MultiLineString"", ""relations"": ""overlaps"", ""wkt"": ""MULTILINESTRING ((0.5 22, 0 22), (0 22, -0.5 22))""}}",True,,,True,latin
104,55.469016393195282,2,6.4506077798960169,2.6305531256996031,2,15.669252801902633,4,0.65147959213583628,0.99437188024914724,0.37254923113987787,0.007402507460663346,0.77454545454545454,0.70588235294117652,0.23474178403755869,0.66666666666666663,0.24539877300613497,0.25,0.058265852984437816,0.12118652399121121,0.64878060555491002,0.5,0.5,0,True,,1,0,Slot__Patch;Slot__CPW_Feed_Pin;Patch__CPW_Feed_Pin,True,Slot__CPW_Feed_Pin,,Slot__CPW_Feed_Pin,,"{""Slot__CPW_Feed_Pin"": {""geometry_type"": ""MultiLineString"", ""relations"": ""overlaps"", ""wkt"": ""MULTILINESTRING ((0.5 22, 0 22), (0 22, -0.5 22))""}}",True,,,True,latin
105,50.686582745160003,2,5.9355052985563166,2.7570329367592508,2,14.591844563349355,4,0.53761790728338299,0.78011361171509064,0.27028220767328187,0.069525802850772367,0.77454545454545454,0.70588235294117652,0.23474178403755869,0.66666666666666663,0.24539877300613497,0.25,0.097443581800441159,0.34887419259789892,0.88934950600038964,0.5,0.5,0,True,,1,0,Slot__Patch;Slot__CPW_Feed_Pin;Patch__CPW_Feed_Pin,True,Slot__CPW_Feed_Pin,,Slot__CPW_Feed_Pin,,"{""Slot__CPW_Feed_Pin"": {""geometry_type"": ""MultiLineString"", ""relations"": ""overlaps"", ""wkt"": ""MULTILINESTRING ((0.5 22, 0 22), (0 22, -0.5 22))""}}",True,,,True,latin
106,48.948077814715859,2,5.6843821488373552,2.4304746121736627,2,16.381209329742859,4,0.51866963332012361,0.8921127099115187,0.46784084624697264,0.13834866773716287,0.77454545454545454,0.70588235294117652,0.23474178403755869,0.66666666666666663,0.24539877300613497,0.25,0.15244211721573053,0.74583947530970518,0.6100414347601536,0.5,0.5,0,True,,1,0,Slot__Patch;Slot__CPW_Feed_Pin;Patch__CPW_Feed_Pin,True,Slot__CPW_Feed_Pin,,Slot__CPW_Feed_Pin,,"{""Slot__CPW_Feed_Pin"": {""geometry_type"": ""MultiLineString"", ""relations"": ""overlaps"", ""wkt"": ""MULTILINESTRING ((0.5 22, 0 22), (0 22, -0.5 22))""}}",True,,,True,latin
107,49.715189729187898,2,6.1271368059762388,2.5875617703820817,2,15.771477185654128,4,0.76441978905944152,0.9497027800963862,0.4419435736076559,0.17958113873818712,0.77454545454545454,0.70588235294117652,0.23474178403755869,0.66666666666666663,0.24539877300613497,0.25,0.81491720556676839,0.70890545418033335,0.22881403585467058,0.5,0.5,0,True,,1,0,Slot__Patch;Slot__CPW_Feed_Pin;Patch__CPW_Feed_Pin,True,Slot__CPW_Feed_Pin,,Slot__CPW_Feed_Pin,,"{""Slot__CPW_Feed_Pin"": {""geometry_type"": ""MultiLineString"", ""relations"": ""overlaps"", ""wkt"": ""MULTILINESTRING ((0.5 22, 0 22), (0 22, -0.5 22))""}}",True,,,True,latin
108,50.392287036273721,2,5.7655917416559515,2.8033838107674756,2,15.811990230179532,4,0.72468274272643673,0.71155281959862704,0.52348451130081042,0.12272481759309931,0.77454545454545454,0.70588235294117652,0.23474178403755869,0.66666666666666663,0.24539877300613497,0.25,0.12311789017435633,0.057394978051809604,0.981587904659594,0.5,0.5,0,True,,1,0,Slot__Patch;Slot__CPW_Feed_Pin;Patch__CPW_Feed_Pin,True,Slot__CPW_Feed_Pin,,Slot__CPW_Feed_Pin,,"{""Slot__CPW_Feed_Pin"": {""geometry_type"": ""MultiLineString"", ""relations"": ""overlaps"", ""wkt"": ""MULTILINESTRING ((0.5 22, 0 22), (0 22, -0.5 22))""}}",True,,,True,latin
109,54.964457840010688,2,6.1060925219317808,2.6563204341733178,2,16.461547164230808,4,0.74632882796011946,0.91436308564178592,0.54135875777184361,0.029960187934048123,0.77454545454545454,0.70588235294117652,0.23474178403755869,0.66666666666666663,0.24539877300613497,0.25,0.28871518739102503,0.26919263487150324,0.14173503231797935,0.5,0.5,0,True,,1,0,Slot__Patch;Slot__CPW_Feed_Pin;Patch__CPW_Feed_Pin,True,Slot__CPW_Feed_Pin,,Slot__CPW_Feed_Pin,,"{""Slot__CPW_Feed_Pin"": {""geometry_type"": ""MultiLineString"", ""relations"": ""overlaps"", ""wkt"": ""MULTILINESTRING ((0.5 22, 0 22), (0 22, -0.5 22))""}}",True,,,True,latin
110,56.764181452045854,2,5.4082449498649572,2.4829927207756408,2,14.416721624670787,4,0.48428462819902046,0.77794180678381664,0.36922827384945339,0.090150646834129419,0.77454545454545454,0.70588235294117652,0.23474178403755869,0.66666666666666663,0.24539877300613497,0.25,0.58877503256076813,0.4459167714307542,0.65009539787204862,0.5,0.5,0,True,,1,0,Slot__Patch;Slot__CPW_Feed_Pin;Patch__CPW_Feed_Pin,True,Slot__CPW_Feed_Pin,,Slot__CPW_Feed_Pin,,"{""Slot__CPW_Feed_Pin"": {""geometry_type"": ""MultiLineString"", ""relations"": ""overlaps"", ""wkt"": ""MULTILINESTRING ((0.5 22, 0 22), (0 22, -0.5 22))""}}",True,,,True,latin
111,49.948461405769727,2,6.3121252495804541,2.7953535587696963,2,13.964771900840187,4,0.60251004109858097,0.96363171463666242,0.28959511149786454,0.16221876849648975,0.77454545454545454,0.70588235294117652,0.23474178403755869,0.66666666666666663,0.24539877300613497,0.25,0.8736744354377497,0.18729104990737611,0.32569399940453353,0.5,0.5,0,True,,1,0,Slot__Patch;Slot__CPW_Feed_Pin;Patch__CPW_Feed_Pin,True,Slot__CPW_Feed_Pin,,Slot__CPW_Feed_Pin,,"{""Slot__CPW_Feed_Pin"": {""geometry_type"": ""MultiLineString"", ""relations"": ""overlaps"", ""wkt"": ""MULTILINESTRING ((0.5 22, 0 22), (0 22, -0.5 22))""}}",True,,,True,latin
112,50.657611563540989,2,5.8155092590640161,2.6483273278419786,2,16.490099601628152,4,0.65088054373266435,0.78943842132387954,0.35620363505637809,0.096702817381373707,0.77454545454545454,0.70588235294117652,0.23474178403755869,0.66666666666666663,0.24539877300613497,0.25,0.48767907739851524,0.47774715497109865,0.56072435397179032,0.5,0.5,0,True,,1,0,Slot__Patch;Slot__CPW_Feed_Pin;Patch__CPW_Feed_Pin,True,Slot__CPW_Feed_Pin,,Slot__CPW_Feed_Pin,,"{""Slot__CPW_Feed_Pin"": {""geometry_type"": ""MultiLineString"", ""relations"": ""overlaps"", ""wkt"": ""MULTILINESTRING ((0.5 22, 0 22), (0 22, -0.5 22))""}}",True,,,True,latin
113,49.927894264617223,2,6.4434113046734005,2.771807928764054,2,16.325391779304141,4,0.47164388820843584,0.74103850190543219,0.41250771579476292,0.17687288863565853,0.77454545454545454,0.70588235294117652,0.23474178403755869,0.66666666666666663,0.24539877300613497,0.25,0.53287707420305863,0.85533231881090432,0.54413684145713292,0.5,0.5,0,True,,1,0,Slot__Patch;Slot__CPW_Feed_Pin;Patch__CPW_Feed_Pin,True,Slot__CPW_Feed_Pin,,Slot__CPW_Feed_Pin,,"{""Slot__CPW_Feed_Pin"": {""geometry_type"": ""MultiLineString"", ""relations"": ""overlaps"", ""wkt"": ""MULTILINESTRING ((0.5 22, 0 22), (0 22, -0.5 22))""}}",True,,,True,latin
114,58.080446066892534,2,6.0162051704323298,2.6149889481603363,2,15.798542543796916,4,0.76468916069982273,0.94715601453244114,0.42535194600602144,0.056423447821121769,0.77454545454545454,0.70588235294117652,0.23474178403755869,0.66666666666666663,0.24539877300613497,0.25,0.52864672956111602,0.12607489814465972,0.99509990693059691,0.5,0.5,0,True,,1,0,Slot__Patch;Slot__CPW_Feed_Pin;Patch__CPW_Feed_Pin,True,Slot__CPW_Feed_Pin,,Slot__CPW_Feed_Pin,,"{""Slot__CPW_Feed_Pin"": {""geometry_type"": ""MultiLineString"", ""relations"": ""overlaps"", ""wkt"": ""MULTILINESTRING ((0.5 22, 0 22), (0 22, -0.5 22))""}}",True,,,True,latin
115,54.070962899857491,2,5.6051963306485177,2.6030659148761854,2,13.590659403674071,4,0.58966019083032739,0.73224098824318395,0.50203056901647714,0.16057717919277709,0.77454545454545454,0.70588235294117652,0.23474178403755869,0.66666666666666663,0.24539877300613497,0.25,0.39055187284076831,0.39076679633878647,0.4832457473790141,0.5,0.5,0,True,,1,0,Slot__Patch;Slot__CPW_Feed_Pin;Patch__CPW_Feed_Pin,True,Slot__CPW_Feed_Pin,,Slot__CPW_Feed_Pin,,"{""Slot__CPW_Feed_Pin"": {""geometry_type"": ""MultiLineString"", ""relations"": ""overlaps"", ""wkt"": ""MULTILINESTRING ((0.5 22, 0 22), (0 22, -0.5 22))""}}",True,,,True,latin
116,52.254391464135658,2,6.0895551013769005,2.4867769913241689,2,15.74677219661422,4,0.68269845009510222,0.91616901711345566,0.30574578703242239,0.29515950249153444,0.77454545454545454,0.70588235294117652,0.23474178403755869,0.66666666666666663,0.24539877300613497,0.25,0.3940772538094155,0.25227056573832374,0.31428698128241295,0.5,0.5,0,True,,1,0,Slot__Patch;Slot__CPW_Feed_Pin;Patch__CPW_Feed_Pin,True,Slot__CPW_Feed_Pin,,Slot__CPW_Feed_Pin,,"{""Slot__CPW_Feed_Pin"": {""geometry_type"": ""MultiLineString"", ""relations"": ""overlaps"", ""wkt"": ""MULTILINESTRING ((0.5 22, 0 22), (0 22, -0.5 22))""}}",True,,,True,latin
117,48.442358453489085,2,6.34953941180681,2.7535978161043175,2,14.925573558370044,4,0.649296016112203,0.95095799845408902,0.54342029872545661,0.16692980231094648,0.77454545454545454,0.70588235294117652,0.23474178403755869,0.66666666666666663,0.24539877300613497,0.25,0.2579116717346901,0.10480258837839268,0.095446623387021534,0.5,0.5,0,True,,1,0,Slot__Patch;Slot__CPW_Feed_Pin;Patch__CPW_Feed_Pin,True,Slot__CPW_Feed_Pin,,Slot__CPW_Feed_Pin,,"{""Slot__CPW_Feed_Pin"": {""geometry_type"": ""MultiLineString"", ""relations"": ""overlaps"", ""wkt"": ""MULTILINESTRING ((0.5 22, 0 22), (0 22, -0.5 22))""}}",True,,,True,latin
118,56.442495333346322,2,5.9401468351527553,2.5226932476139661,2,15.728098232873329,4,0.63213904112845964,0.97528387036911579,0.3668637798037388,0.053040340310031721,0.77454545454545454,0.70588235294117652,0.23474178403755869,0.66666666666666663,0.24539877300613497,0.25,0.098585692609408609,0.68474440082648502,0.46467970102455186,0.5,0.5,0,True,,1,0,Slot__Patch;Slot__CPW_Feed_Pin;Patch__CPW_Feed_Pin,True,Slot__CPW_Feed_Pin,,Slot__CPW_Feed_Pin,,"{""Slot__CPW_Feed_Pin"": {""geometry_type"": ""MultiLineString"", ""relations"": ""overlaps"", ""wkt"": ""MULTILINESTRING ((0.5 22, 0 22), (0 22, -0.5 22))""}}",True,,,True,latin
119,57.502116595008218,2,5.9723165489409347,2.8279879868949926,2,15.377936486093123,4,0.58071130657346381,0.95713051036501717,0.34576206129735759,0.26329882085589706,0.77454545454545454,0.70588235294117652,0.23474178403755869,0.66666666666666663,0.24539877300613497,0.25,0.21827772958288771,0.11393323168928525,0.068992577588005366,0.5,0.5,0,True,,1,0,Slot__Patch;Slot__CPW_Feed_Pin;Patch__CPW_Feed_Pin,True,Slot__CPW_Feed_Pin,,Slot__CPW_Feed_Pin,,"{""Slot__CPW_Feed_Pin"": {""geometry_type"": ""MultiLineString"", ""relations"": ""overlaps"", ""wkt"": ""MULTILINESTRING ((0.5 22, 0 22), (0 22, -0.5 22))""}}",True,,,True,latin
120,53.02387128417957,2,5.7500241370704961,2.7903051643244683,2,13.961283395629804,4,0.68799646600570386,0.7461369442117658,0.34417069045267468,0.17337610778564952,0.77454545454545454,0.70588235294117652,0.23474178403755869,0.66666666666666663,0.24539877300613497,0.25,0.47107504636312431,0.89499683596859703,0.6748913876460787,0.5,0.5,0,True,,1,0,Slot__Patch;Slot__CPW_Feed_Pin;Patch__CPW_Feed_Pin,True,Slot__CPW_Feed_Pin,,Slot__CPW_Feed_Pin,,"{""Slot__CPW_Feed_Pin"": {""geometry_type"": ""MultiLineString"", ""relations"": ""overlaps"", ""wkt"": ""MULTILINESTRING ((0.5 22, 0 22), (0 22, -0.5 22))""}}",True,,,True,latin
121,56.830321587973543,2,6.5447631309965697,2.3912029879887977,2,14.881680086917216,4,0.5639507799966772,0.94434725320421764,0.31145215160429834,0.21109097092261286,0.77454545454545454,0.70588235294117652,0.23474178403755869,0.66666666666666663,0.24539877300613497,0.25,0.59017361693179027,0.67048731997592637,0.51140964211318796,0.5,0.5,0,True,,1,0,Slot__Patch;Slot__CPW_Feed_Pin;Patch__CPW_Feed_Pin,True,Slot__CPW_Feed_Pin,,Slot__CPW_Feed_Pin,,"{""Slot__CPW_Feed_Pin"": {""geometry_type"": ""MultiLineString"", ""relations"": ""overlaps"", ""wkt"": ""MULTILINESTRING ((0.5 22, 0 22), (0 22, -0.5 22))""}}",True,,,True,latin
122,48.968102906296735,2,6.0708671841253947,2.3978859292812382,2,15.833475255133276,4,0.6499693982971938,0.74946612388650791,0.28779097826853312,0.22386713744591066,0.77454545454545454,0.70588235294117652,0.23474178403755869,0.66666666666666663,0.24539877300613497,0.25,0.67314896265797175,0.57400979577847255,0.77875776848772771,0.5,0.5,0,True,,1,0,Slot__Patch;Slot__CPW_Feed_Pin;Patch__CPW_Feed_Pin,True,Slot__CPW_Feed_Pin,,Slot__CPW_Feed_Pin,,"{""Slot__CPW_Feed_Pin"": {""geometry_type"": ""MultiLineString"", ""relations"": ""overlaps"", ""wkt"": ""MULTILINESTRING ((0.5 22, 0 22), (0 22, -0.5 22))""}}",True,,,True,latin
123,55.064485661161271,2,5.5129991971533165,2.5276524741638613,2,14.573689285638444,4,0.56462150886882867,0.71993226318484149,0.36564604739369533,0.10086733530731118,0.77454545454545454,0.70588235294117652,0.23474178403755869,0.66666666666666663,0.24539877300613497,0.25,0.51061617579800123,0.42794297640992396,0.17499034606766517,0.5,0.5,0,True,,1,0,Slot__Patch;Slot__CPW_Feed_Pin;Patch__CPW_Feed_Pin,True,Slot__CPW_Feed_Pin,,Slot__CPW_Feed_Pin,,"{""Slot__CPW_Feed_Pin"": {""geometry_type"": ""MultiLineString"", ""relations"": ""overlaps"", ""wkt"": ""MULTILINESTRING ((0.5 22, 0 22), (0 22, -0.5 22))""}}",True,,,True,latin
124,55.458407511104468,2,6.469741349531934,2.5960909851934977,2,15.848687106647088,4,0.70496013665619683,0.77300142606962696,0.33560110332656412,0.15043945250644719,0.77454545454545454,0.70588235294117652,0.23474178403755869,0.66666666666666663,0.24539877300613497,0.25,0.94713389480341803,0.1287808494691485,0.76895771236002208,0.5,0.5,0,True,,1,0,Slot__Patch;Slot__CPW_Feed_Pin;Patch__CPW_Feed_Pin,True,Slot__CPW_Feed_Pin,,Slot__CPW_Feed_Pin,,"{""Slot__CPW_Feed_Pin"": {""geometry_type"": ""MultiLineString"", ""relations"": ""overlaps"", ""wkt"": ""MULTILINESTRING ((0.5 22, 0 22), (0 22, -0.5 22))""}}",True,,,True,latin
125,55.728920299757839,2,5.7178611902171612,2.5811526849690583,2,15.564178024154863,4,0.72211829533371974,0.88128151622028883,0.45807590682648958,0.26414212018160538,0.77454545454545454,0.70588235294117652,0.23474178403755869,0.66666666666666663,0.24539877300613497,0.25,0.81214796041912052,0.25186705738608067,0.92142216364530272,0.5,0.5,0,True,,1,0,Slot__Patch;Slot__CPW_Feed_Pin;Patch__CPW_Feed_Pin,True,Slot__CPW_Feed_Pin,,Slot__CPW_Feed_Pin,,"{""Slot__CPW_Feed_Pin"": {""geometry_type"": ""MultiLineString"", ""relations"": ""overlaps"", ""wkt"": ""MULTILINESTRING ((0.5 22, 0 22), (0 22, -0.5 22))""}}",True,,,True,latin
126,53.820007294158437,2,5.7306302597407361,2.7991304743882885,2,15.917470057919106,4,0.59803601529208694,0.82299210410734902,0.3896344438162766,0.032986165076924333,0.77454545454545454,0.70588235294117652,0.23474178403755869,0.66666666666666663,0.24539877300613497,0.25,0.61126800385391356,0.50875390565806,0.72515589783241829,0.5,0.5,0,True,,1,0,Slot__Patch;Slot__CPW_Feed_Pin;Patch__CPW_Feed_Pin,True,Slot__CPW_Feed_Pin,,Slot__CPW_Feed_Pin,,"{""Slot__CPW_Feed_Pin"": {""geometry_type"": ""MultiLineString"", ""relations"": ""overlaps"", ""wkt"": ""MULTILINESTRING ((0.5 22, 0 22), (0 22, -0.5 22))""}}",True,,,True,latin
127,53.624301449318217,2,5.9920955123451529,2.4496145313440549,2,14.778826408081423,4,0.68436278661687289,0.70660520129403137,0.51487556430221271,0.072946430251327299,0.77454545454545454,0.70588235294117652,0.23474178403755869,0.66666666666666663,0.24539877300613497,0.25,0.41960107300377131,0.54709308832720072,0.37572177789570815,0.5,0.5,0,True,,1,0,Slot__Patch;Slot__CPW_Feed_Pin;Patch__CPW_Feed_Pin,True,Slot__CPW_Feed_Pin,,Slot__CPW_Feed_Pin,,"{""Slot__CPW_Feed_Pin"": {""geometry_type"": ""MultiLineString"", ""relations"": ""overlaps"", ""wkt"": ""MULTILINESTRING ((0.5 22, 0 22), (0 22, -0.5 22))""}}",True,,,True,latin
128,53.082676315279826,2,5.6914034011519608,2.5732588777647525,2,15.330868387864212,4,0.54144531378062855,0.73825922377806696,0.55604033353336679,0.2206336687794776,0.77454545454545454,0.70588235294117652,0.23474178403755869,0.66666666666666663,0.24539877300613497,0.25,0.057003613091428221,0.95315060345088576,0.16923948671988553,0.5,0.5,0,True,,1,0,Slot__Patch;Slot__CPW_Feed_Pin;Patch__CPW_Feed_Pin,True,Slot__CPW_Feed_Pin,,Slot__CPW_Feed_Pin,,"{""Slot__CPW_Feed_Pin"": {""geometry_type"": ""MultiLineString"", ""relations"": ""overlaps"", ""wkt"": ""MULTILINESTRING ((0.5 22, 0 22), (0 22, -0.5 22))""}}",True,,,True,latin
129,57.126994639243421,2,6.269761623201207,2.5508238952517917,2,15.959984332825989,4,0.56871607122306189,0.74629954834888002,0.35289541980250044,0.27545770036261397,0.77454545454545454,0.70588235294117652,0.23474178403755869,0.66666666666666663,0.24539877300613497,0.25,0.43491180317966677,0.66374743215375775,0.71125859154561788,0.5,0.5,0,True,,1,0,Slot__Patch;Slot__CPW_Feed_Pin;Patch__CPW_Feed_Pin,True,Slot__CPW_Feed_Pin,,Slot__CPW_Feed_Pin,,"{""Slot__CPW_Feed_Pin"": {""geometry_type"": ""MultiLineString"", ""relations"": ""overlaps"", ""wkt"": ""MULTILINESTRING ((0.5 22, 0 22), (0 22, -0.5 22))""}}",True,,,True,latin
130,47.988358472011846,2,5.8194375451544786,2.4293338562510871,2,13.847217777887629,4,0.73411654317490593,0.81696253493514359,0.27826930735092237,0.174409245624952,0.77454545454545454,0.70588235294117652,0.23474178403755869,0.66666666666666663,0.24539877300613497,0.25,0.1335324161078687,0.34114438511087103,0.41737056587405097,0.5,0.5,0,True,,1,0,Slot__Patch;Slot__CPW_Feed_Pin;Patch__CPW_Feed_Pin,True,Slot__CPW_Feed_Pin,,Slot__CPW_Feed_Pin,,"{""Slot__CPW_Feed_Pin"": {""geometry_type"": ""MultiLineString"", ""relations"": ""overlaps"", ""wkt"": ""MULTILINESTRING ((0.5 22, 0 22), (0 22, -0.5 22))""}}",True,,,True,latin
131,57.261875398173906,2,6.5406268828117993,2.722505110727969,2,15.245689870343879,4,0.5026572928425147,0.9502018430147533,0.32365082799697359,0.1775017291503648,0.77454545454545454,0.70588235294117652,0.23474178403755869,0.66666666666666663,0.24539877300613497,0.25,0.1029263821911596,0.56982229674431784,0.44067916862820455,0.5,0.5,0,True,,1,0,Slot__Patch;Slot__CPW_Feed_Pin;Patch__CPW_Feed_Pin,True,Slot__CPW_Feed_Pin,,Slot__CPW_Feed_Pin,,"{""Slot__CPW_Feed_Pin"": {""geometry_type"": ""MultiLineString"", ""relations"": ""overlaps"", ""wkt"": ""MULTILINESTRING ((0.5 22, 0 22), (0 22, -0.5 22))""}}",True,,,True,latin
132,53.803388372208545,2,5.7052090482626916,2.779531922807787,2,16.110244500696229,4,0.59716602006407049,0.95939119735441114,0.34639873463988546,0.24642288911304253,0.77454545454545454,0.70588235294117652,0.23474178403755869,0.66666666666666663,0.24539877300613497,0.25,0.1466974113725924,0.15866358635031813,0.90158539175554742,0.5,0.5,0,True,,1,0,Slot__Patch;Slot__CPW_Feed_Pin;Patch__CPW_Feed_Pin,True,Slot__CPW_Feed_Pin,,Slot__CPW_Feed_Pin,,"{""Slot__CPW_Feed_Pin"": {""geometry_type"": ""MultiLineString"", ""relations"": ""overlaps"", ""wkt"": ""MULTILINESTRING ((0.5 22, 0 22), (0 22, -0.5 22))""}}",True,,,True,latin
133,53.498804174650544,2,5.4684758250726988,2.6654845214734459,2,14.74300555729215,4,0.75330312818600353,0.99993823375158919,0.42808990915367029,0.056117171966258241,0.77454545454545454,0.70588235294117652,0.23474178403755869,0.66666666666666663,0.24539877300613497,0.25,0.77614048587778361,0.15601004633169707,0.86867779617201357,0.5,0.5,0,True,,1,0,Slot__Patch;Slot__CPW_Feed_Pin;Patch__CPW_Feed_Pin,True,Slot__CPW_Feed_Pin,,Slot__CPW_Feed_Pin,,"{""Slot__CPW_Feed_Pin"": {""geometry_type"": ""MultiLineString"", ""relations"": ""overlaps"", ""wkt"": ""MULTILINESTRING ((0.5 22, 0 22), (0 22, -0.5 22))""}}",True,,,True,latin
134,53.574638653639852,2,5.6672537561419931,2.5501203674290194,2,16.199573836142179,4,0.48841017927320607,0.81338839189517376,0.37619411531808356,0.22788838376629564,0.77454545454545454,0.70588235294117652,0.23474178403755869,0.66666666666666663,0.24539877300613497,0.25,0.56765898031652096,0.75424333629225448,0.42933197352615265,0.5,0.5,0,True,,1,0,Slot__Patch;Slot__CPW_Feed_Pin;Patch__CPW_Feed_Pin,True,Slot__CPW_Feed_Pin,,Slot__CPW_Feed_Pin,,"{""Slot__CPW_Feed_Pin"": {""geometry_type"": ""MultiLineString"", ""relations"": ""overlaps"", ""wkt"": ""MULTILINESTRING ((0.5 22, 0 22), (0 22, -0.5 22))""}}",True,,,True,latin
135,55.878605229086418,2,6.0173282285808822,2.5756015651921844,2,16.035295154702226,4,0.63642764539648455,0.88492827248002981,0.52779611878743171,0.023225362844990254,0.77454545454545454,0.70588235294117652,0.23474178403755869,0.66666666666666663,0.24539877300613497,0.25,0.2436526762735331,0.14247214142699607,0.12221844468534282,0.5,0.5,0,True,,1,0,Slot__Patch;Slot__CPW_Feed_Pin;Patch__CPW_Feed_Pin,True,Slot__CPW_Feed_Pin,,Slot__CPW_Feed_Pin,,"{""Slot__CPW_Feed_Pin"": {""geometry_type"": ""MultiLineString"", ""relations"": ""overlaps"", ""wkt"": ""MULTILINESTRING ((0.5 22, 0 22), (0 22, -0.5 22))""}}",True,,,True,latin
136,57.027268007344006,2,5.4350862913802409,2.5706065483860332,2,15.322205824905325,4,0.63591375763065761,0.90362722118409511,0.31389559291217717,0.068018720367175281,0.77454545454545454,0.70588235294117652,0.23474178403755869,0.66666666666666663,0.24539877300613497,0.25,0.78123369898974049,0.27797722000384478,0.69313172991742356,0.5,0.5,0,True,,1,0,Slot__Patch;Slot__CPW_Feed_Pin;Patch__CPW_Feed_Pin,True,Slot__CPW_Feed_Pin,,Slot__CPW_Feed_Pin,,"{""Slot__CPW_Feed_Pin"": {""geometry_type"": ""MultiLineString"", ""relations"": ""overlaps"", ""wkt"": ""MULTILINESTRING ((0.5 22, 0 22), (0 22, -0.5 22))""}}",True,,,True,latin
137,56.93217307386503,2,5.7079420631685327,2.6933129070015474,2,15.921430693913614,4,0.55733596587300327,0.87602346198830872,0.42689052840033626,0.035844800807494123,0.77454545454545454,0.70588235294117652,0.23474178403755869,0.66666666666666663,0.24539877300613497,0.25,0.19098304921353848,0.60674392970249225,0.48040400485102869,0.5,0.5,0,True,,1,0,Slot__Patch;Slot__CPW_Feed_Pin;Patch__CPW_Feed_Pin,True,Slot__CPW_Feed_Pin,,Slot__CPW_Feed_Pin,,"{""Slot__CPW_Feed_Pin"": {""geometry_type"": ""MultiLineString"", ""relations"": ""overlaps"", ""wkt"": ""MULTILINESTRING ((0.5 22, 0 22), (0 22, -0.5 22))""}}",True,,,True,latin
138,55.17590335831391,2,6.4671440811049639,2.3527995992713469,2,15.946665281952967,4,0.50558775863858751,0.7163705376372248,0.32304126290570778,0.2571616539258938,0.77454545454545454,0.70588235294117652,0.23474178403755869,0.66666666666666663,0.24539877300613497,0.25,0.76200700164987545,0.50705938918040983,0.91258577188435208,0.5,0.5,0,True,,1,0,Slot__Patch;Slot__CPW_Feed_Pin;Patch__CPW_Feed_Pin,True,Slot__CPW_Feed_Pin,,Slot__CPW_Feed_Pin,,"{""Slot__CPW_Feed_Pin"": {""geometry_type"": ""MultiLineString"", ""relations"": ""overlaps"", ""wkt"": ""MULTILINESTRING ((0.5 22, 0 22), (0 22, -0.5 22))""}}",True,,,True,latin
139,57.283066443550098,2,6.0444575890104968,2.3445379913843301,2,15.396597207359029,4,0.54541960981290305,0.96515081211745235,0.41487985272955136,0.044497549729592877,0.77454545454545454,0.70588235294117652,0.23474178403755869,0.66666666666666663,0.24539877300613497,0.25,0.35309020097955729,0.98703491261841148,0.17737743794257876,0.5,0.5,0,True,,1,0,Slot__Patch;Slot__CPW_Feed_Pin;Patch__CPW_Feed_Pin,True,Slot__CPW_Feed_Pin,,Slot__CPW_Feed_Pin,,"{""Slot__CPW_Feed_Pin"": {""geometry_type"": ""MultiLineString"", ""relations"": ""overlaps"", ""wkt"": ""MULTILINESTRING ((0.5 22, 0 22), (0 22, -0.5 22))""}}",True,,,True,latin
140,54.212024937681662,2,6.2200199920255086,2.607388121301792,2,14.133859595351831,4,0.52405835122647482,0.92765854504760181,0.46991622912344155,0.12718028183499833,0.77454545454545454,0.70588235294117652,0.23474178403755869,0.66666666666666663,0.24539877300613497,0.25,0.49585461143015147,0.063899407264956784,0.93136415139594608,0.5,0.5,0,True,,1,0,Slot__Patch;Slot__CPW_Feed_Pin;Patch__CPW_Feed_Pin,True,Slot__CPW_Feed_Pin,,Slot__CPW_Feed_Pin,,"{""Slot__CPW_Feed_Pin"": {""geometry_type"": ""MultiLineString"", ""relations"": ""overlaps"", ""wkt"": ""MULTILINESTRING ((0.5 22, 0 22), (0 22, -0.5 22))""}}",True,,,True,latin
141,47.701744200015341,2,6.061573854972778,2.4405680033488042,2,13.654483524142258,4,0.7032372661552494,0.94598967845620219,0.44417874688867265,0.1532803927428413,0.77454545454545454,0.70588235294117652,0.23474178403755869,0.66666666666666663,0.24539877300613497,0.25,0.21533955516352238,0.1910309828804071,0.24520268029075065,0.5,0.5,0,True,,1,0,Slot__Patch;Slot__CPW_Feed_Pin;Patch__CPW_Feed_Pin,True,Slot__CPW_Feed_Pin,,Slot__CPW_Feed_Pin,,"{""Slot__CPW_Feed_Pin"": {""geometry_type"": ""MultiLineString"", ""relations"": ""overlaps"", ""wkt"": ""MULTILINESTRING ((0.5 22, 0 22), (0 22, -0.5 22))""}}",True,,,True,latin
142,53.177715747560889,2,5.6731799223306449,2.5629557461696635,2,13.909323443846704,4,0.71550630629745826,0.96070630083635811,0.4058751077202255,0.020425313333117784,0.77454545454545454,0.70588235294117652,0.23474178403755869,0.66666666666666663,0.24539877300613497,0.25,0.16660061582598981,0.87252143665322612,0.53638487100461996,0.5,0.5,0,True,,1,0,Slot__Patch;Slot__CPW_Feed_Pin;Patch__CPW_Feed_Pin,True,Slot__CPW_Feed_Pin,,Slot__CPW_Feed_Pin,,"{""Slot__CPW_Feed_Pin"": {""geometry_type"": ""MultiLineString"", ""relations"": ""overlaps"", ""wkt"": ""MULTILINESTRING ((0.5 22, 0 22), (0 22, -0.5 22))""}}",True,,,True,latin
143,57.114685262925065,2,5.8292673156758923,2.7491504396793109,2,13.741838995803308,4,0.60668615121020886,0.78331812395089007,0.4387009231785855,0.028467799285146679,0.77454545454545454,0.70588235294117652,0.23474178403755869,0.66666666666666663,0.24539877300613497,0.25,0.28008689092172512,0.58230760278212712,0.4806402272584962,0.5,0.5,0,True,,1,0,Slot__Patch;Slot__CPW_Feed_Pin;Patch__CPW_Feed_Pin,True,Slot__CPW_Feed_Pin,,Slot__CPW_Feed_Pin,,"{""Slot__CPW_Feed_Pin"": {""geometry_type"": ""MultiLineString"", ""relations"": ""overlaps"", ""wkt"": ""MULTILINESTRING ((0.5 22, 0 22), (0 22, -0.5 22))""}}",True,,,True,latin
144,57.475620522346901,2,6.2946986621930119,2.4232597855957696,2,14.336678696117609,4,0.63856414732674494,0.91831544779133956,0.42915484045996033,0.24601633502212852,0.77454545454545454,0.70588235294117652,0.23474178403755869,0.66666666666666663,0.24539877300613497,0.25,0.1808383642979558,0.80518362563495882,0.70074371369874566,0.5,0.5,0,True,,1,0,Slot__Patch;Slot__CPW_Feed_Pin;Patch__CPW_Feed_Pin,True,Slot__CPW_Feed_Pin,,Slot__CPW_Feed_Pin,,"{""Slot__CPW_Feed_Pin"": {""geometry_type"": ""MultiLineString"", ""relations"": ""overlaps"", ""wkt"": ""MULTILINESTRING ((0.5 22, 0 22), (0 22, -0.5 22))""}}",True,,,True,latin
145,48.357202244234699,2,5.5980658168926842,2.8152814539522524,2,15.22557744566927,4,0.5096713460766451,0.98914239894745748,0.40160716325197854,0.11449870530697488,0.77454545454545454,0.70588235294117652,0.23474178403755869,0.66666666666666663,0.24539877300613497,0.25,0.44519555502113395,0.69881991100244989,0.42742564485591578,0.5,0.5,0,True,,1,0,Slot__Patch;Slot__CPW_Feed_Pin;Patch__CPW_Feed_Pin,True,Slot__CPW_Feed_Pin,,Slot__CPW_Feed_Pin,,"{""Slot__CPW_Feed_Pin"": {""geometry_type"": ""MultiLineString"", ""relations"": ""overlaps"", ""wkt"": ""MULTILINESTRING ((0.5 22, 0 22), (0 22, -0.5 22))""}}",True,,,True,latin
146,52.668034198257253,2,5.9054310903179914,2.6707550011789403,2,13.525807883830659,4,0.72380990572338078,0.97805265428461552,0.50449118763659606,0.2085248830608786,0.77454545454545454,0.70588235294117652,0.23474178403755869,0.66666666666666663,0.24539877300613497,0.25,0.092747857568022646,0.19933748451691635,0.34501761514607909,0.5,0.5,0,True,,1,0,Slot__Patch;Slot__CPW_Feed_Pin;Patch__CPW_Feed_Pin,True,Slot__CPW_Feed_Pin,,Slot__CPW_Feed_Pin,,"{""Slot__CPW_Feed_Pin"": {""geometry_type"": ""MultiLineString"", ""relations"": ""overlaps"", ""wkt"": ""MULTILINESTRING ((0.5 22, 0 22), (0 22, -0.5 22))""}}",True,,,True,latin
147,49.121341328253727,2,5.9103121534798211,2.6003519668895381,2,15.90988546241168,4,0.56113790020707177,0.73016117730875596,0.27500991668794961,0.14679684596882475,0.77454545454545454,0.70588235294117652,0.23474178403755869,0.66666666666666663,0.24539877300613497,0.25,0.78758848565803596,0.93269836712849552,0.84261314000589227,0.5,0.5,0,True,,1,0,Slot__Patch;Slot__CPW_Feed_Pin;Patch__CPW_Feed_Pin,True,Slot__CPW_Feed_Pin,,Slot__CPW_Feed_Pin,,"{""Slot__CPW_Feed_Pin"": {""geometry_type"": ""MultiLineString"", ""relations"": ""overlaps"", ""wkt"": ""MULTILINESTRING ((0.5 22, 0 22), (0 22, -0.5 22))""}}",True,,,True,latin
148,57.771369452887484,2,5.6118771603568121,2.8090468840999194,2,13.521731273341212,4,0.47939782429042072,0.70172160629803837,0.54698089314191811,0.2167885585906747,0.77454545454545454,0.70588235294117652,0.23474178403755869,0.66666666666666663,0.24539877300613497,0.25,0.67386368325675705,0.77597438687893738,0.31328773376337399,0.5,0.5,0,True,,1,0,Slot__Patch;Slot__CPW_Feed_Pin;Patch__CPW_Feed_Pin,True,Slot__CPW_Feed_Pin,,Slot__CPW_Feed_Pin,,"{""Slot__CPW_Feed_Pin"": {""geometry_type"": ""MultiLineString"", ""relations"": ""overlaps"", ""wkt"": ""MULTILINESTRING ((0.5 22, 0 22), (0 22, -0.5 22))""}}",True,,,True,latin
149,57.530111770157554,2,5.4011476193003238,2.8018760196981587,2,14.761075926095002,4,0.70145752433704045,0.87797521190766115,0.31250914916181982,0.026328458011756355,0.77454545454545454,0.70588235294117652,0.23474178403755869,0.66666666666666663,0.24539877300613497,0.25,0.78496940515811797,0.79870404530692907,0.52002506364197443,0.5,0.5,0,True,,1,0,Slot__Patch;Slot__CPW_Feed_Pin;Patch__CPW_Feed_Pin,True,Slot__CPW_Feed_Pin,,Slot__CPW_Feed_Pin,,"{""Slot__CPW_Feed_Pin"": {""geometry_type"": ""MultiLineString"", ""relations"": ""overlaps"", ""wkt"": ""MULTILINESTRING ((0.5 22, 0 22), (0 22, -0.5 22))""}}",True,,,True,latin
150,56.420513494735744,2,5.4263518924569167,2.838799234872913,2,14.793828363456369,4,0.51628672110996576,0.96680532362245497,0.3853427469821844,0.28531653407457053,0.77454545454545454,0.70588235294117652,0.23474178403755869,0.66666666666666663,0.24539877300613497,0.25,0.34215320125214804,0.10057572318016433,0.78565950224568637,0.5,0.5,0,True,,1,0,Slot__Patch;Slot__CPW_Feed_Pin;Patch__CPW_Feed_Pin,True,Slot__CPW_Feed_Pin,,Slot__CPW_Feed_Pin,,"{""Slot__CPW_Feed_Pin"": {""geometry_type"": ""MultiLineString"", ""relations"": ""overlaps"", ""wkt"": ""MULTILINESTRING ((0.5 22, 0 22), (0 22, -0.5 22))""}}",True,,,True,latin
151,48.409262786460467,2,6.3387401913987187,2.3796413173382955,2,13.806669252838828,4,0.47815119455130367,0.99116090216697472,0.32095568013621101,0.29008805348012262,0.77454545454545454,0.70588235294117652,0.23474178403755869,0.66666666666666663,0.24539877300613497,0.25,0.76399633126807653,0.73016241113452773,0.90650249476442302,0.5,0.5,0,True,,1,0,Slot__Patch;Slot__CPW_Feed_Pin;Patch__CPW_Feed_Pin,True,Slot__CPW_Feed_Pin,,Slot__CPW_Feed_Pin,,"{""Slot__CPW_Feed_Pin"": {""geometry_type"": ""MultiLineString"", ""relations"": ""overlaps"", ""wkt"": ""MULTILINESTRING ((0.5 22, 0 22), (0 22, -0.5 22))""}}",True,,,True,latin
152,50.607756253690496,2,6.2635158219888316,2.4535443885111063,2,15.05293965118161,4,0.54376939027540649,0.7986902874759656,0.49144564876436736,0.27327771707386622,0.77454545454545454,0.70588235294117652,0.23474178403755869,0.66666666666666663,0.24539877300613497,0.25,0.19202895794228564,0.66877421365012346,0.50589294972150178,0.5,0.5,0,True,,1,0,Slot__Patch;Slot__CPW_Feed_Pin;Patch__CPW_Feed_Pin,True,Slot__CPW_Feed_Pin,,Slot__CPW_Feed_Pin,,"{""Slot__CPW_Feed_Pin"": {""geometry_type"": ""MultiLineString"", ""relations"": ""overlaps"", ""wkt"": ""MULTILINESTRING ((0.5 22, 0 22), (0 22, -0.5 22))""}}",True,,,True,latin
153,51.973408103224813,2,6.0796905912955941,2.8523655351504549,2,15.825214632931781,4,0.63061706494782876,0.79141967032659988,0.55920151491132097,0.21413043937591877,0.77454545454545454,0.70588235294117652,0.23474178403755869,0.66666666666666663,0.24539877300613497,0.25,0.68913436833529018,0.49675736945371024,0.74520712687287072,0.5,0.5,0,True,,1,0,Slot__Patch;Slot__CPW_Feed_Pin;Patch__CPW_Feed_Pin,True,Slot__CPW_Feed_Pin,,Slot__CPW_Feed_Pin,,"{""Slot__CPW_Feed_Pin"": {""geometry_type"": ""MultiLineString"", ""relations"": ""overlaps"", ""wkt"": ""MULTILINESTRING ((0.5 22, 0 22), (0 22, -0.5 22))""}}",True,,,True,latin
154,56.397102905652652,2,6.0647855369653483,2.513773816392292,2,15.261947453858442,4,0.76710492047314094,0.76941730361347827,0.51544047854963604,0.073842146519890545,0.77454545454545454,0.70588235294117652,0.23474178403755869,0.66666666666666663,0.24539877300613497,0.25,0.68803866010113024,0.14901837940447982,0.73171516195331487,0.5,0.5,0,True,,1,0,Slot__Patch;Slot__CPW_Feed_Pin;Patch__CPW_Feed_Pin,True,Slot__CPW_Feed_Pin,,Slot__CPW_Feed_Pin,,"{""Slot__CPW_Feed_Pin"": {""geometry_type"": ""MultiLineString"", ""relations"": ""overlaps"", ""wkt"": ""MULTILINESTRING ((0.5 22, 0 22), (0 22, -0.5 22))""}}",True,,,True,latin
155,49.062197001520644,2,6.4549751556890023,2.4116948285690221,2,14.254442163826232,4,0.75123068792795777,0.83251804262325391,0.45353646246803991,0.098551416358489782,0.77454545454545454,0.70588235294117652,0.23474178403755869,0.66666666666666663,0.24539877300613497,0.25,0.77924655631439377,0.34210889918770665,0.45641953306749988,0.5,0.5,0,True,,1,0,Slot__Patch;Slot__CPW_Feed_Pin;Patch__CPW_Feed_Pin,True,Slot__CPW_Feed_Pin,,Slot__CPW_Feed_Pin,,"{""Slot__CPW_Feed_Pin"": {""geometry_type"": ""MultiLineString"", ""relations"": ""overlaps"", ""wkt"": ""MULTILINESTRING ((0.5 22, 0 22), (0 22, -0.5 22))""}}",True,,,True,latin
156,51.248932130448914,2,5.8864582816526552,2.8117760496926563,2,13.996343605634795,4,0.52657052200783983,0.76868263013403837,0.52708281525299638,0.29157839884695186,0.77454545454545454,0.70588235294117652,0.23474178403755869,0.66666666666666663,0.24539877300613497,0.25,0.96278787266020383,0.2263705746606387,0.75938621134697104,0.5,0.5,0,True,,1,0,Slot__Patch;Slot__CPW_Feed_Pin;Patch__CPW_Feed_Pin,True,Slot__CPW_Feed_Pin,,Slot__CPW_Feed_Pin,,"{""Slot__CPW_Feed_Pin"": {""geometry_type"": ""MultiLineString"", ""relations"": ""overlaps"", ""wkt"": ""MULTILINESTRING ((0.5 22, 0 22), (0 22, -0.5 22))""}}",True,,,True,latin
157,49.741901686814437,2,5.6389605044531388,2.4655124857506201,2,16.263357176276823,4,0.67851211084482677,0.71663991059293142,0.44679937463625485,0.27771014230613744,0.77454545454545454,0.70588235294117652,0.23474178403755869,0.66666666666666663,0.24539877300613497,0.25,0.85364645853367593,0.63525875259968023,0.52428221945864517,0.5,0.5,0,True,,1,0,Slot__Patch;Slot__CPW_Feed_Pin;Patch__CPW_Feed_Pin,True,Slot__CPW_Feed_Pin,,Slot__CPW_Feed_Pin,,"{""Slot__CPW_Feed_Pin"": {""geometry_type"": ""MultiLineString"", ""relations"": ""overlaps"", ""wkt"": ""MULTILINESTRING ((0.5 22, 0 22), (0 22, -0.5 22))""}}",True,,,True,latin
158,51.06217008667663,2,5.7553540012324191,2.4706576229106263,2,16.040971897799604,4,0.69051141833936103,0.85873624072481403,0.40899743784341314,0.23163585317848973,0.77454545454545454,0.70588235294117652,0.23474178403755869,0.66666666666666663,0.24539877300613497,0.25,0.72322658986105481,0.25472818980366008,0.19945269579882702,0.5,0.5,0,True,,1,0,Slot__Patch;Slot__CPW_Feed_Pin;Patch__CPW_Feed_Pin,True,Slot__CPW_Feed_Pin,,Slot__CPW_Feed_Pin,,"{""Slot__CPW_Feed_Pin"": {""geometry_type"": ""MultiLineString"", ""relations"": ""overlaps"", ""wkt"": ""MULTILINESTRING ((0.5 22, 0 22), (0 22, -0.5 22))""}}",True,,,True,latin
159,52.796775071849062,2,5.9681924716814407,2.664575745572678,2,15.667697046800038,4,0.75094335271276258,0.82165763713637718,0.35942367650007329,0.20793501147075305,0.77454545454545454,0.70588235294117652,0.23474178403755869,0.66666666666666663,0.24539877300613497,0.25,0.87979227258670967,0.35522190156051719,0.084904302839197171,0.5,0.5,0,True,,1,0,Slot__Patch;Slot__CPW_Feed_Pin;Patch__CPW_Feed_Pin,True,Slot__CPW_Feed_Pin,,Slot__CPW_Feed_Pin,,"{""Slot__CPW_Feed_Pin"": {""geometry_type"": ""MultiLineString"", ""relations"": ""overlaps"", ""wkt"": ""MULTILINESTRING ((0.5 22, 0 22), (0 22, -0.5 22))""}}",True,,,True,latin
160,52.514565694625539,2,6.3738632145722764,2.4902866191430095,2,15.585821452144007,4,0.59515200725601558,0.90894060861193793,0.47176983624682556,0.25014678058529688,0.77454545454545454,0.70588235294117652,0.23474178403755869,0.66666666666666663,0.24539877300613497,0.25,0.79771999050919296,0.65101758474702742,0.35414753906923269,0.5,0.5,0,True,,1,0,Slot__Patch;Slot__CPW_Feed_Pin;Patch__CPW_Feed_Pin,True,Slot__CPW_Feed_Pin,,Slot__CPW_Feed_Pin,,"{""Slot__CPW_Feed_Pin"": {""geometry_type"": ""MultiLineString"", ""relations"": ""overlaps"", ""wkt"": ""MULTILINESTRING ((0.5 22, 0 22), (0 22, -0.5 22))""}}",True,,,True,latin
161,50.809885457004981,2,5.9636527453472228,2.7684534808278238,2,14.93183386307388,4,0.69613777160515156,0.73513215085675432,0.38314774362251203,0.20228939998369966,0.77454545454545454,0.70588235294117652,0.23474178403755869,0.66666666666666663,0.24539877300613497,0.25,0.79400960593319891,0.74830777027430828,0.77928183863173262,0.5,0.5,0,True,,1,0,Slot__Patch;Slot__CPW_Feed_Pin;Patch__CPW_Feed_Pin,True,Slot__CPW_Feed_Pin,,Slot__CPW_Feed_Pin,,"{""Slot__CPW_Feed_Pin"": {""geometry_type"": ""MultiLineString"", ""relations"": ""overlaps"", ""wkt"": ""MULTILINESTRING ((0.5 22, 0 22), (0 22, -0.5 22))""}}",True,,,True,latin
162,51.143258215221962,2,6.2071371068640557,2.5902085455432893,2,15.002543727213878,4,0.6137969706134051,0.98823440639002014,0.33950762063124096,0.12163671825301209,0.77454545454545454,0.70588235294117652,0.23474178403755869,0.66666666666666663,0.24539877300613497,0.25,0.89935318448662172,0.8205168025802797,0.42642505774798645,0.5,0.5,0,True,,1,0,Slot__Patch;Slot__CPW_Feed_Pin;Patch__CPW_Feed_Pin,True,Slot__CPW_Feed_Pin,,Slot__CPW_Feed_Pin,,"{""Slot__CPW_Feed_Pin"": {""geometry_type"": ""MultiLineString"", ""relations"": ""overlaps"", ""wkt"": ""MULTILINESTRING ((0.5 22, 0 22), (0 22, -0.5 22))""}}",True,,,True,latin
163,57.178724810483253,2,6.3526247538798426,2.7617594694371035,2,16.467702220207997,4,0.49366666877025889,0.79621806122667216,0.28012694602164934,0.14365202675381977,0.77454545454545454,0.70588235294117652,0.23474178403755869,0.66666666666666663,0.24539877300613497,0.25,0.54074602170195263,0.68003711496654584,0.10788749618215132,0.5,0.5,0,True,,1,0,Slot__Patch;Slot__CPW_Feed_Pin;Patch__CPW_Feed_Pin,True,Slot__CPW_Feed_Pin,,Slot__CPW_Feed_Pin,,"{""Slot__CPW_Feed_Pin"": {""geometry_type"": ""MultiLineString"", ""relations"": ""overlaps"", ""wkt"": ""MULTILINESTRING ((0.5 22, 0 22), (0 22, -0.5 22))""}}",True,,,True,latin
164,50.166948270288955,2,6.5929896736175255,2.7869031229653505,2,15.289470896176685,4,0.57369765664028893,0.74792804659483658,0.48245868422258559,0.16770457968063174,0.77454545454545454,0.70588235294117652,0.23474178403755869,0.66666666666666663,0.24539877300613497,0.25,0.80296923099447748,0.096838159059642367,0.49105158092332968,0.5,0.5,0,True,,1,0,Slot__Patch;Slot__CPW_Feed_Pin;Patch__CPW_Feed_Pin,True,Slot__CPW_Feed_Pin,,Slot__CPW_Feed_Pin,,"{""Slot__CPW_Feed_Pin"": {""geometry_type"": ""MultiLineString"", ""relations"": ""overlaps"", ""wkt"": ""MULTILINESTRING ((0.5 22, 0 22), (0 22, -0.5 22))""}}",True,,,True,latin
165,54.176973177593489,2,6.562945993293904,2.6745931509539513,2,15.358969917024767,4,0.72608819303384708,0.71012022981657641,0.40013551963526517,0.053906113744057342,0.77454545454545454,0.70588235294117652,0.23474178403755869,0.66666666666666663,0.24539877300613497,0.25,0.60953555273782667,0.4564672164330898,0.83136626293598859,0.5,0.5,0,True,,1,0,Slot__Patch;Slot__CPW_Feed_Pin;Patch__CPW_Feed_Pin,True,Slot__CPW_Feed_Pin,,Slot__CPW_Feed_Pin,,"{""Slot__CPW_Feed_Pin"": {""geometry_type"": ""MultiLineString"", ""relations"": ""overlaps"", ""wkt"": ""MULTILINESTRING ((0.5 22, 0 22), (0 22, -0.5 22))""}}",True,,,True,latin
166,53.456790887384884,2,6.0192381804333612,2.6290704651924726,2,15.050052827913671,4,0.48485086028645979,0.83403375516660705,0.2758224832958468,0.014026020986083063,0.77454545454545454,0.70588235294117652,0.23474178403755869,0.66666666666666663,0.24539877300613497,0.25,0.88949260035834488,0.15134424078639416,0.4605829020726554,0.5,0.5,0,True,,1,0,Slot__Patch;Slot__CPW_Feed_Pin;Patch__CPW_Feed_Pin,True,Slot__CPW_Feed_Pin,,Slot__CPW_Feed_Pin,,"{""Slot__CPW_Feed_Pin"": {""geometry_type"": ""MultiLineString"", ""relations"": ""overlaps"", ""wkt"": ""MULTILINESTRING ((0.5 22, 0 22), (0 22, -0.5 22))""}}",True,,,True,latin
167,56.033896753183512,2,6.5265222259614921,2.501207880920008,2,16.185671874441443,4,0.66186058697292249,0.86053602018535025,0.53412396215991742,0.22317893495578608,0.77454545454545454,0.70588235294117652,0.23474178403755869,0.66666666666666663,0.24539877300613497,0.25,0.96468757052668908,0.66513688602595733,0.83501839623553931,0.5,0.5,0,True,,1,0,Slot__Patch;Slot__CPW_Feed_Pin;Patch__CPW_Feed_Pin,True,Slot__CPW_Feed_Pin,,Slot__CPW_Feed_Pin,,"{""Slot__CPW_Feed_Pin"": {""geometry_type"": ""MultiLineString"", ""relations"": ""overlaps"", ""wkt"": ""MULTILINESTRING ((0.5 22, 0 22), (0 22, -0.5 22))""}}",True,,,True,latin
168,48.72595941302022,2,6.4997110098181654,2.8062631860976501,2,15.372115973917641,4,0.66112249373003118,0.94779640613126481,0.50392887941493703,0.26820367011623308,0.77454545454545454,0.70588235294117652,0.23474178403755869,0.66666666666666663,0.24539877300613497,0.25,0.43294174538459057,0.43113426846214098,0.12868430130093667,0.5,0.5,0,True,,1,0,Slot__Patch;Slot__CPW_Feed_Pin;Patch__CPW_Feed_Pin,True,Slot__CPW_Feed_Pin,,Slot__CPW_Feed_Pin,,"{""Slot__CPW_Feed_Pin"": {""geometry_type"": ""MultiLineString"", ""relations"": ""overlaps"", ""wkt"": ""MULTILINESTRING ((0.5 22, 0 22), (0 22, -0.5 22))""}}",True,,,True,latin
169,55.864646073374089,2,5.8368121577468042,2.4071983555658503,2,15.699692400945667,4,0.7343601563643618,0.71577822008757119,0.31725260122781035,0.076503380770652732,0.77454545454545454,0.70588235294117652,0.23474178403755869,0.66666666666666663,0.24539877300613497,0.25,0.40383024465396167,0.44008653003106118,0.47785580768882768,0.5,0.5,0,True,,1,0,Slot__Patch;Slot__CPW_Feed_Pin;Patch__CPW_Feed_Pin,True,Slot__CPW_Feed_Pin,,Slot__CPW_Feed_Pin,,"{""Slot__CPW_Feed_Pin"": {""geometry_type"": ""MultiLineString"", ""relations"": ""overlaps"", ""wkt"": ""MULTILINESTRING ((0.5 22, 0 22), (0 22, -0.5 22))""}}",True,,,True,latin
170,52.168941677936566,2,5.5904240056525953,2.6223121084529568,2,15.707680454583874,4,0.63348194387978718,0.88919962606487146,0.45176380990621867,0.16992254761383735,0.77454545454545454,0.70588235294117652,0.23474178403755869,0.66666666666666663,0.24539877300613497,0.25,0.87150269462220442,0.26601072081847243,0.89320857767312078,0.5,0.5,0,True,,1,0,Slot__Patch;Slot__CPW_Feed_Pin;Patch__CPW_Feed_Pin,True,Slot__CPW_Feed_Pin,,Slot__CPW_Feed_Pin,,"{""Slot__CPW_Feed_Pin"": {""geometry_type"": ""MultiLineString"", ""relations"": ""overlaps"", ""wkt"": ""MULTILINESTRING ((0.5 22, 0 22), (0 22, -0.5 22))""}}",True,,,True,latin
171,53.44818552155651,2,6.2008773334173926,2.7214866223845742,2,15.409987043741035,4,0.61450664340989403,0.75242725768074381,0.47288276746183133,0.29341218748686965,0.77454545454545454,0.70588235294117652,0.23474178403755869,0.66666666666666663,0.24539877300613497,0.25,0.73001399051366767,0.30730745294867667,0.9706384001214261,0.5,0.5,0,True,,1,0,Slot__Patch;Slot__CPW_Feed_Pin;Patch__CPW_Feed_Pin,True,Slot__CPW_Feed_Pin,,Slot__CPW_Feed_Pin,,"{""Slot__CPW_Feed_Pin"": {""geometry_type"": ""MultiLineString"", ""relations"": ""overlaps"", ""wkt"": ""MULTILINESTRING ((0.5 22, 0 22), (0 22, -0.5 22))""}}",True,,,True,latin
172,48.305162297286103,2,5.7400236473660806,2.3615013628130632,2,14.529359948121769,4,0.54890606336060344,0.88599936653262068,0.55793197914888959,0.10225737924572748,0.77454545454545454,0.70588235294117652,0.23474178403755869,0.66666666666666663,0.24539877300613497,0.25,0.59726433646302479,0.45889116788779166,0.91566162968702836,0.5,0.5,0,True,,1,0,Slot__Patch;Slot__CPW_Feed_Pin;Patch__CPW_Feed_Pin,True,Slot__CPW_Feed_Pin,,Slot__CPW_Feed_Pin,,"{""Slot__CPW_Feed_Pin"": {""geometry_type"": ""MultiLineString"", ""relations"": ""overlaps"", ""wkt"": ""MULTILINESTRING ((0.5 22, 0 22), (0 22, -0.5 22))""}}",True,,,True,latin
173,48.996332729172991,2,6.1719027014906791,2.5427559685096002,2,14.224029627129704,4,0.70119609866735144,0.84552651849885796,0.42049989454911763,0.12083551611567334,0.77454545454545454,0.70588235294117652,0.23474178403755869,0.66666666666666663,0.24539877300613497,0.25,0.31985612230990301,0.47491230237572657,0.34023161124779805,0.5,0.5,0,True,,1,0,Slot__Patch;Slot__CPW_Feed_Pin;Patch__CPW_Feed_Pin,True,Slot__CPW_Feed_Pin,,Slot__CPW_Feed_Pin,,"{""Slot__CPW_Feed_Pin"": {""geometry_type"": ""MultiLineString"", ""relations"": ""overlaps"", ""wkt"": ""MULTILINESTRING ((0.5 22, 0 22), (0 22, -0.5 22))""}}",True,,,True,latin
174,50.191438472907741,2,6.4120411624665596,2.7305914162717326,2,14.20881251144098,4,0.58837022617542412,0.76735056453704065,0.515898351604273,0.093529329907972844,0.77454545454545454,0.70588235294117652,0.23474178403755869,0.66666666666666663,0.24539877300613497,0.25,0.82897572742175041,0.37141144845448365,0.63893309970894852,0.5,0.5,0,True,,1,0,Slot__Patch;Slot__CPW_Feed_Pin;Patch__CPW_Feed_Pin,True,Slot__CPW_Feed_Pin,,Slot__CPW_Feed_Pin,,"{""Slot__CPW_Feed_Pin"": {""geometry_type"": ""MultiLineString"", ""relations"": ""overlaps"", ""wkt"": ""MULTILINESTRING ((0.5 22, 0 22), (0 22, -0.5 22))""}}",True,,,True,latin
175,56.960804668440446,2,5.479258072726779,2.38831303627228,2,16.398681404321188,4,0.7187600436092495,0.72643521174958736,0.38370078498820998,0.036867794712632712,0.77454545454545454,0.70588235294117652,0.23474178403755869,0.66666666666666663,0.24539877300613497,0.25,0.67672940995879027,0.16692802316498909,0.3795382814316049,0.5,0.5,0,True,,1,0,Slot__Patch;Slot__CPW_Feed_Pin;Patch__CPW_Feed_Pin,True,Slot__CPW_Feed_Pin,,Slot__CPW_Feed_Pin,,"{""Slot__CPW_Feed_Pin"": {""geometry_type"": ""MultiLineString"", ""relations"": ""overlaps"", ""wkt"": ""MULTILINESTRING ((0.5 22, 0 22), (0 22, -0.5 22))""}}",True,,,True,latin
176,51.576568848361497,2,5.6441405030519469,2.6533126209073847,2,13.818368126732757,4,0.58168998535303862,0.84774626833290867,0.33015378881483171,0.010713902788911801,0.77454545454545454,0.70588235294117652,0.23474178403755869,0.66666666666666663,0.24539877300613497,0.25,0.34364013899146423,0.75041360729422979,0.6656499848929659,0.5,0.5,0,True,,1,0,Slot__Patch;Slot__CPW_Feed_Pin;Patch__CPW_Feed_Pin,True,Slot__CPW_Feed_Pin,,Slot__CPW_Feed_Pin,,"{""Slot__CPW_Feed_Pin"": {""geometry_type"": ""MultiLineString"", ""relations"": ""overlaps"", ""wkt"": ""MULTILINESTRING ((0.5 22, 0 22), (0 22, -0.5 22))""}}",True,,,True,latin
177,57.908944717261889,2,6.1737896843516786,2.7438673456176148,2,15.23003784971519,4,0.53404386204590437,0.9596700280267858,0.37016001063754295,0.19785561867686094,0.77454545454545454,0.70588235294117652,0.23474178403755869,0.66666666666666663,0.24539877300613497,0.25,0.31648797981058224,0.37677145429504011,0.95360986956762528,0.5,0.5,0,True,,1,0,Slot__Patch;Slot__CPW_Feed_Pin;Patch__CPW_Feed_Pin,True,Slot__CPW_Feed_Pin,,Slot__CPW_Feed_Pin,,"{""Slot__CPW_Feed_Pin"": {""geometry_type"": ""MultiLineString"", ""relations"": ""overlaps"", ""wkt"": ""MULTILINESTRING ((0.5 22, 0 22), (0 22, -0.5 22))""}}",True,,,True,latin
178,50.742850727156885,2,6.441749551923297,2.6721619666388703,2,16.269419642812363,4,0.53025014411082483,0.70320739369179341,0.55408596585762959,0.12062467070655113,0.77454545454545454,0.70588235294117652,0.23474178403755869,0.66666666666666663,0.24539877300613497,0.25,0.068851228537747694,0.3269140145624807,0.54547840817517534,0.5,0.5,0,True,,1,0,Slot__Patch;Slot__CPW_Feed_Pin;Patch__CPW_Feed_Pin,True,Slot__CPW_Feed_Pin,,Slot__CPW_Feed_Pin,,"{""Slot__CPW_Feed_Pin"": {""geometry_type"": ""MultiLineString"", ""relations"": ""overlaps"", ""wkt"": ""MULTILINESTRING ((0.5 22, 0 22), (0 22, -0.5 22))""}}",True,,,True,latin
179,50.15437720098889,2,6.0412379082905092,2.3962095385814162,2,15.127878546068342,4,0.60219822915545584,0.95387103967965903,0.50973732213527301,0.23843682695776508,0.77454545454545454,0.70588235294117652,0.23474178403755869,0.66666666666666663,0.24539877300613497,0.25,0.86219912630922257,0.49913406883340272,0.57980697677745718,0.5,0.5,0,True,,1,0,Slot__Patch;Slot__CPW_Feed_Pin;Patch__CPW_Feed_Pin,True,Slot__CPW_Feed_Pin,,Slot__CPW_Feed_Pin,,"{""Slot__CPW_Feed_Pin"": {""geometry_type"": ""MultiLineString"", ""relations"": ""overlaps"", ""wkt"": ""MULTILINESTRING ((0.5 22, 0 22), (0 22, -0.5 22))""}}",True,,,True,latin
180,50.955759431690304,2,5.9033538582705134,2.485989933640639,2,16.275626125422555,4,0.72897471708658346,0.75842744062149492,0.48589439947400809,0.075526898961822325,0.77454545454545454,0.70588235294117652,0.23474178403755869,0.66666666666666663,0.24539877300613497,0.25,0.050541519163919461,0.57713295083260052,0.94241724104289382,0.5,0.5,0,True,,1,0,Slot__Patch;Slot__CPW_Feed_Pin;Patch__CPW_Feed_Pin,True,Slot__CPW_Feed_Pin,,Slot__CPW_Feed_Pin,,"{""Slot__CPW_Feed_Pin"": {""geometry_type"": ""MultiLineString"", ""relations"": ""overlaps"", ""wkt"": ""MULTILINESTRING ((0.5 22, 0 22), (0 22, -0.5 22))""}}",True,,,True,latin
181,48.623678699616093,2,6.2788878761513365,2.6672597140262253,2,14.795537120896702,4,0.66701268577446693,0.93344737828688151,0.4963385102642901,0.12403857338680688,0.77454545454545454,0.70588235294117652,0.23474178403755869,0.66666666666666663,0.24539877300613497,0.25,0.29596248702351702,0.16878926900040497,0.15113244480456919,0.5,0.5,0,True,,1,0,Slot__Patch;Slot__CPW_Feed_Pin;Patch__CPW_Feed_Pin,True,Slot__CPW_Feed_Pin,,Slot__CPW_Feed_Pin,,"{""Slot__CPW_Feed_Pin"": {""geometry_type"": ""MultiLineString"", ""relations"": ""overlaps"", ""wkt"": ""MULTILINESTRING ((0.5 22, 0 22), (0 22, -0.5 22))""}}",True,,,True,latin
182,56.815291499226994,2,6.0528943493568974,2.4923529079316196,2,14.910166460629423,4,0.75184752269233046,0.74334857216465366,0.50949781048896259,0.16570373764651786,0.77454545454545454,0.70588235294117652,0.23474178403755869,0.66666666666666663,0.24539877300613497,0.25,0.42796348382801663,0.89133671730453756,0.81722177608336866,0.5,0.5,0,True,,1,0,Slot__Patch;Slot__CPW_Feed_Pin;Patch__CPW_Feed_Pin,True,Slot__CPW_Feed_Pin,,Slot__CPW_Feed_Pin,,"{""Slot__CPW_Feed_Pin"": {""geometry_type"": ""MultiLineString"", ""relations"": ""overlaps"", ""wkt"": ""MULTILINESTRING ((0.5 22, 0 22), (0 22, -0.5 22))""}}",True,,,True,latin
183,48.683783487918255,2,5.6263088925787708,2.4736691392468559,2,13.622270236148822,4,0.65542400102624254,0.8699688536160729,0.32813189488849026,0.024022464476715674,0.77454545454545454,0.70588235294117652,0.23474178403755869,0.66666666666666663,0.24539877300613497,0.25,0.053003966421073578,0.46368370296465855,0.3283985547600819,0.5,0.5,0,True,,1,0,Slot__Patch;Slot__CPW_Feed_Pin;Patch__CPW_Feed_Pin,True,Slot__CPW_Feed_Pin,,Slot__CPW_Feed_Pin,,"{""Slot__CPW_Feed_Pin"": {""geometry_type"": ""MultiLineString"", ""relations"": ""overlaps"", ""wkt"": ""MULTILINESTRING ((0.5 22, 0 22), (0 22, -0.5 22))""}}",True,,,True,latin
184,52.016145678463054,2,5.4668647630624729,2.3647428221451574,2,14.086764957318769,4,0.49653857766873805,0.93891215144083928,0.47674209723315031,0.034961704522560803,0.77454545454545454,0.70588235294117652,0.23474178403755869,0.66666666666666663,0.24539877300613497,0.25,0.47325379262382661,0.47308866412369871,0.24124649146812344,0.5,0.5,0,True,,1,0,Slot__Patch;Slot__CPW_Feed_Pin;Patch__CPW_Feed_Pin,True,Slot__CPW_Feed_Pin,,Slot__CPW_Feed_Pin,,"{""Slot__CPW_Feed_Pin"": {""geometry_type"": ""MultiLineString"", ""relations"": ""overlaps"", ""wkt"": ""MULTILINESTRING ((0.5 22, 0 22), (0 22, -0.5 22))""}}",True,,,True,latin
185,51.20643131357572,2,6.0306751640358973,2.5977747955661235,2,14.508209949722662,4,0.71521790184508671,0.82849343328822656,0.50501511303970226,0.038081281057288065,0.77454545454545454,0.70588235294117652,0.23474178403755869,0.66666666666666663,0.24539877300613497,0.25,0.16317487472874415,0.083071916400691129,0.3043218940321446,0.5,0.5,0,True,,1,0,Slot__Patch;Slot__CPW_Feed_Pin;Patch__CPW_Feed_Pin,True,Slot__CPW_Feed_Pin,,Slot__CPW_Feed_Pin,,"{""Slot__CPW_Feed_Pin"": {""geometry_type"": ""MultiLineString"", ""relations"": ""overlaps"", ""wkt"": ""MULTILINESTRING ((0.5 22, 0 22), (0 22, -0.5 22))""}}",True,,,True,latin
186,47.888281967261165,2,6.2885305062438164,2.7892305348273569,2,15.299230127065439,4,0.48029026421644849,0.75921926884673452,0.42500799455005378,0.16948889941570985,0.77454545454545454,0.70588235294117652,0.23474178403755869,0.66666666666666663,0.24539877300613497,0.25,0.15204556569036543,0.68899518899192946,0.97374747422032126,0.5,0.5,0,True,,1,0,Slot__Patch;Slot__CPW_Feed_Pin;Patch__CPW_Feed_Pin,True,Slot__CPW_Feed_Pin,,Slot__CPW_Feed_Pin,,"{""Slot__CPW_Feed_Pin"": {""geometry_type"": ""MultiLineString"", ""relations"": ""overlaps"", ""wkt"": ""MULTILINESTRING ((0.5 22, 0 22), (0 22, -0.5 22))""}}",True,,,True,latin
187,49.51181703131568,2,6.3892972409962994,2.5000005099856693,2,16.312230507026893,4,0.74081789352265437,0.84044578231302192,0.35098742522064225,0.23522276422723307,0.77454545454545454,0.70588235294117652,0.23474178403755869,0.66666666666666663,0.24539877300613497,0.25,0.57450142587251951,0.07541023097245024,0.16084468275967623,0.5,0.5,0,True,,1,0,Slot__Patch;Slot__CPW_Feed_Pin;Patch__CPW_Feed_Pin,True,Slot__CPW_Feed_Pin,,Slot__CPW_Feed_Pin,,"{""Slot__CPW_Feed_Pin"": {""geometry_type"": ""MultiLineString"", ""relations"": ""overlaps"", ""wkt"": ""MULTILINESTRING ((0.5 22, 0 22), (0 22, -0.5 22))""}}",True,,,True,latin
188,55.414450855051001,2,5.7595788553410623,2.78345449531809,2,13.54204505995139,4,0.74691112820968697,0.88013547645951373,0.33168500042688465,0.20458589234232069,0.77454545454545454,0.70588235294117652,0.23474178403755869,0.66666666666666663,0.24539877300613497,0.25,0.71878906990953184,0.65359210215410768,0.96048049526269341,0.5,0.5,0,True,,1,0,Slot__Patch;Slot__CPW_Feed_Pin;Patch__CPW_Feed_Pin,True,Slot__CPW_Feed_Pin,,Slot__CPW_Feed_Pin,,"{""Slot__CPW_Feed_Pin"": {""geometry_type"": ""MultiLineString"", ""relations"": ""overlaps"", ""wkt"": ""MULTILINESTRING ((0.5 22, 0 22), (0 22, -0.5 22))""}}",True,,,True,latin
189,54.517056557021768,2,6.0286906616939087,2.4092625378640973,2,16.223894312660459,4,0.55475885486251031,0.70565217916006306,0.30203122120656967,0.14274741706002086,0.77454545454545454,0.70588235294117652,0.23474178403755869,0.66666666666666663,0.24539877300613497,0.25,0.65289385845369086,0.22214706991777622,0.51666841921850482,0.5,0.5,0,True,,1,0,Slot__Patch;Slot__CPW_Feed_Pin;Patch__CPW_Feed_Pin,True,Slot__CPW_Feed_Pin,,Slot__CPW_Feed_Pin,,"{""Slot__CPW_Feed_Pin"": {""geometry_type"": ""MultiLineString"", ""relations"": ""overlaps"", ""wkt"": ""MULTILINESTRING ((0.5 22, 0 22), (0 22, -0.5 22))""}}",True,,,True,latin
190,53.112273411199205,2,5.7942027673326724,2.438702682675137,2,15.574958912119222,4,0.69005248136057018,0.89092836005296272,0.29994320253118528,0.059801156873224258,0.77454545454545454,0.70588235294117652,0.23474178403755869,0.66666666666666663,0.24539877300613497,0.25,0.80748944953686752,0.7002568869924416,0.087646750799380599,0.5,0.5,0,True,,1,0,Slot__Patch;Slot__CPW_Feed_Pin;Patch__CPW_Feed_Pin,True,Slot__CPW_Feed_Pin,,Slot__CPW_Feed_Pin,,"{""Slot__CPW_Feed_Pin"": {""geometry_type"": ""MultiLineString"", ""relations"": ""overlaps"", ""wkt"": ""MULTILINESTRING ((0.5 22, 0 22), (0 22, -0.5 22))""}}",True,,,True,latin
191,56.891160006069654,2,5.9007331277296649,2.4163694427384623,2,14.588562285017197,4,0.57086836702052457,0.84179555176970355,0.28874217541080854,0.17062935080077149,0.77454545454545454,0.70588235294117652,0.23474178403755869,0.66666666666666663,0.24539877300613497,0.25,0.83858322537463781,0.37563279872307054,0.4553297345152853,0.5,0.5,0,True,,1,0,Slot__Patch;Slot__CPW_Feed_Pin;Patch__CPW_Feed_Pin,True,Slot__CPW_Feed_Pin,,Slot__CPW_Feed_Pin,,"{""Slot__CPW_Feed_Pin"": {""geometry_type"": ""MultiLineString"", ""relations"": ""overlaps"", ""wkt"": ""MULTILINESTRING ((0.5 22, 0 22), (0 22, -0.5 22))""}}",True,,,True,latin
192,58.281890312673909,2,5.4535166378155644,2.7989063076468859,2,14.164917670812837,4,0.68516166031403847,0.9005284186543967,0.29780446544706485,0.011509605692556133,0.77454545454545454,0.70588235294117652,0.23474178403755869,0.66666666666666663,0.24539877300613497,0.25,0.52164745539069757,0.71332847810889755,0.34150574741636952,0.5,0.5,0,True,,1,0,Slot__Patch;Slot__CPW_Feed_Pin;Patch__CPW_Feed_Pin,True,Slot__CPW_Feed_Pin,,Slot__CPW_Feed_Pin,,"{""Slot__CPW_Feed_Pin"": {""geometry_type"": ""MultiLineString"", ""relations"": ""overlaps"", ""wkt"": ""MULTILINESTRING ((0.5 22, 0 22), (0 22, -0.5 22))""}}",True,,,True,latin
193,48.670587889061494,2,6.1667665382224568,2.3458576950474939,2,14.854959874789969,4,0.5078747757147728,0.93463626519354259,0.56121399864497357,0.025411850428844706,0.77454545454545454,0.70588235294117652,0.23474178403755869,0.66666666666666663,0.24539877300613497,0.25,0.41525017215727056,0.88557812022337323,0.82686622538536858,0.5,0.5,0,True,,1,0,Slot__Patch;Slot__CPW_Feed_Pin;Patch__CPW_Feed_Pin,True,Slot__CPW_Feed_Pin,,Slot__CPW_Feed_Pin,,"{""Slot__CPW_Feed_Pin"": {""geometry_type"": ""MultiLineString"", ""relations"": ""overlaps"", ""wkt"": ""MULTILINESTRING ((0.5 22, 0 22), (0 22, -0.5 22))""}}",True,,,True,latin
194,50.878033160762214,2,5.5374520803240079,2.8465676089635608,2,14.176147336347485,4,0.72709361296430453,0.99382055432698302,0.46966383330667638,0.18391306967199203,0.77454545454545454,0.70588235294117652,0.23474178403755869,0.66666666666666663,0.24539877300613497,0.25,0.7248224438684896,0.69510157586510657,0.63721195811261011,0.5,0.5,0,True,,1,0,Slot__Patch;Slot__CPW_Feed_Pin;Patch__CPW_Feed_Pin,True,Slot__CPW_Feed_Pin,,Slot__CPW_Feed_Pin,,"{""Slot__CPW_Feed_Pin"": {""geometry_type"": ""MultiLineString"", ""relations"": ""overlaps"", ""wkt"": ""MULTILINESTRING ((0.5 22, 0 22), (0 22, -0.5 22))""}}",True,,,True,latin
195,52.339802605699909,2,5.6779437307000666,2.7030273719018432,2,14.708918274668802,4,0.68636308086363029,0.90301373583243605,0.32400196925857372,0.11501463341578411,0.77454545454545454,0.70588235294117652,0.23474178403755869,0.66666666666666663,0.24539877300613497,0.25,0.92574339393452632,0.65155833932673013,0.4636920298203035,0.5,0.5,0,True,,1,0,Slot__Patch;Slot__CPW_Feed_Pin;Patch__CPW_Feed_Pin,True,Slot__CPW_Feed_Pin,,Slot__CPW_Feed_Pin,,"{""Slot__CPW_Feed_Pin"": {""geometry_type"": ""MultiLineString"", ""relations"": ""overlaps"", ""wkt"": ""MULTILINESTRING ((0.5 22, 0 22), (0 22, -0.5 22))""}}",True,,,True,latin
196,54.047486789315869,2,5.7531730288718155,2.5201396799571514,2,14.569022603709858,4,0.66324778776662652,0.82506268621385304,0.46489495970247163,0.06572948138667338,0.77454545454545454,0.70588235294117652,0.23474178403755869,0.66666666666666663,0.24539877300613497,0.25,0.12000446656673128,0.63841998901079788,0.53469497734433957,0.5,0.5,0,True,,1,0,Slot__Patch;Slot__CPW_Feed_Pin;Patch__CPW_Feed_Pin,True,Slot__CPW_Feed_Pin,,Slot__CPW_Feed_Pin,,"{""Slot__CPW_Feed_Pin"": {""geometry_type"": ""MultiLineString"", ""relations"": ""overlaps"", ""wkt"": ""MULTILINESTRING ((0.5 22, 0 22), (0 22, -0.5 22))""}}",True,,,True,latin
197,53.261599175091376,2,6.2548031131316151,2.6720499114513458,2,16.498025876427153,4,0.69107627067605848,0.77236182620177618,0.53279907415433103,0.18972727641525602,0.77454545454545454,0.70588235294117652,0.23474178403755869,0.66666666666666663,0.24539877300613497,0.25,0.90154376831207905,0.85160024461989836,0.15508058192141067,0.5,0.5,0,True,,1,0,Slot__Patch;Slot__CPW_Feed_Pin;Patch__CPW_Feed_Pin,True,Slot__CPW_Feed_Pin,,Slot__CPW_Feed_Pin,,"{""Slot__CPW_Feed_Pin"": {""geometry_type"": ""MultiLineString"", ""relations"": ""overlaps"", ""wkt"": ""MULTILINESTRING ((0.5 22, 0 22), (0 22, -0.5 22))""}}",True,,,True,latin
198,51.304802381131239,2,5.6164445312793934,2.4884025323491796,2,14.292021562190191,4,0.59207280483632208,0.78522547786728414,0.36486539804098295,0.27645684953995786,0.77454545454545454,0.70588235294117652,0.23474178403755869,0.66666666666666663,0.24539877300613497,0.25,0.7940937073003097,0.74179302617437182,0.10606355649721394,0.5,0.5,0,True,,1,0,Slot__Patch;Slot__CPW_Feed_Pin;Patch__CPW_Feed_Pin,True,Slot__CPW_Feed_Pin,,Slot__CPW_Feed_Pin,,"{""Slot__CPW_Feed_Pin"": {""geometry_type"": ""MultiLineString"", ""relations"": ""overlaps"", ""wkt"": ""MULTILINESTRING ((0.5 22, 0 22), (0 22, -0.5 22))""}}",True,,,True,latin
199,58.203769976162235,2,6.298859999836985,2.7929763920026374,2,15.172299020340684,4,0.68187670104571563,0.86380722521315079,0.51246411255157764,0.10416514497723274,0.77454545454545454,0.70588235294117652,0.23474178403755869,0.66666666666666663,0.24539877300613497,0.25,0.42452286721649291,0.90410382823307411,0.77708316758372664,0.5,0.5,0,True,,1,0,Slot__Patch;Slot__CPW_Feed_Pin;Patch__CPW_Feed_Pin,True,Slot__CPW_Feed_Pin,,Slot__CPW_Feed_Pin,,"{""Slot__CPW_Feed_Pin"": {""geometry_type"": ""MultiLineString"", ""relations"": ""overlaps"", ""wkt"": ""MULTILINESTRING ((0.5 22, 0 22), (0 22, -0.5 22))""}}",True,,,True,latin
200,48.893392251085572,2,6.2228519977841676,2.4154412774201601,2,13.595162173444242,4,0.62679528369082205,0.99255333037906035,0.27085231042998131,0.12706954219422395,0.77454545454545454,0.70588235294117652,0.23474178403755869,0.66666666666666663,0.24539877300613497,0.25,0.62925847093270404,0.47280706444491821,0.19464156168192903,0.5,0.5,0,True,,1,0,Slot__Patch;Slot__CPW_Feed_Pin;Patch__CPW_Feed_Pin,True,Slot__CPW_Feed_Pin,,Slot__CPW_Feed_Pin,,"{""Slot__CPW_Feed_Pin"": {""geometry_type"": ""MultiLineString"", ""relations"": ""overlaps"", ""wkt"": ""MULTILINESTRING ((0.5 22, 0 22), (0 22, -0.5 22))""}}",True,,,True,latin
201,50.224408463231015,2,5.6888375803348081,2.5319009046369616,2,15.304860898253274,4,0.72068042772271279,0.82212262824488647,0.35212249330670009,0.029312611584957713,0.77454545454545454,0.70588235294117652,0.23474178403755869,0.66666666666666663,0.24539877300613497,0.25,0.5541871480187891,0.49211090038116867,0.39413191059577346,0.5,0.5,0,True,,1,0,Slot__Patch;Slot__CPW_Feed_Pin;Patch__CPW_Feed_Pin,True,Slot__CPW_Feed_Pin,,Slot__CPW_Feed_Pin,,"{""Slot__CPW_Feed_Pin"": {""geometry_type"": ""MultiLineString"", ""relations"": ""overlaps"", ""wkt"": ""MULTILINESTRING ((0.5 22, 0 22), (0 22, -0.5 22))""}}",True,,,True,latin
202,47.850103565406421,2,6.3408595986449026,2.399402543298383,2,16.347680516442132,4,0.46955221688964399,0.92662980378345239,0.42757636389875375,0.092817241175000773,0.77454545454545454,0.70588235294117652,0.23474178403755869,0.66666666666666663,0.24539877300613497,0.25,0.2337266433306826,0.93747666483985603,0.30694007189742289,0.5,0.5,0,True,,1,0,Slot__Patch;Slot__CPW_Feed_Pin;Patch__CPW_Feed_Pin,True,Slot__CPW_Feed_Pin,,Slot__CPW_Feed_Pin,,"{""Slot__CPW_Feed_Pin"": {""geometry_type"": ""MultiLineString"", ""relations"": ""overlaps"", ""wkt"": ""MULTILINESTRING ((0.5 22, 0 22), (0 22, -0.5 22))""}}",True,,,True,latin
203,58.164928125258221,2,6.2426630194962511,2.4382728084134295,2,14.10301233189635,4,0.5246186805010572,0.82349271042400674,0.54454372071156687,0.1817284264534276,0.77454545454545454,0.70588235294117652,0.23474178403755869,0.66666666666666663,0.24539877300613497,0.25,0.93667611810641693,0.5674014165432355,0.36917254853254466,0.5,0.5,0,True,,1,0,Slot__Patch;Slot__CPW_Feed_Pin;Patch__CPW_Feed_Pin,True,Slot__CPW_Feed_Pin,,Slot__CPW_Feed_Pin,,"{""Slot__CPW_Feed_Pin"": {""geometry_type"": ""MultiLineString"", ""relations"": ""overlaps"", ""wkt"": ""MULTILINESTRING ((0.5 22, 0 22), (0 22, -0.5 22))""}}",True,,,True,latin
204,55.810928814846392,2,6.5883929857653403,2.3895182910909636,2,16.006135498091464,4,0.58669487587736502,0.70113118783628881,0.30751101861110419,0.082898992533380164,0.77454545454545454,0.70588235294117652,0.23474178403755869,0.66666666666666663,0.24539877300613497,0.25,0.20394169015500541,0.83896503005055889,0.20746897657227154,0.5,0.5,0,True,,1,0,Slot__Patch;Slot__CPW_Feed_Pin;Patch__CPW_Feed_Pin,True,Slot__CPW_Feed_Pin,,Slot__CPW_Feed_Pin,,"{""Slot__CPW_Feed_Pin"": {""geometry_type"": ""MultiLineString"", ""relations"": ""overlaps"", ""wkt"": ""MULTILINESTRING ((0.5 22, 0 22), (0 22, -0.5 22))""}}",True,,,True,latin
205,56.081029945096191,2,5.593911957766923,2.794448938368574,2,13.828833122783339,4,0.50484759226585552,0.84720038236205364,0.32029920890683578,0.057309218462690652,0.77454545454545454,0.70588235294117652,0.23474178403755869,0.66666666666666663,0.24539877300613497,0.25,0.45956573465820305,0.80126944627170371,0.55649305382884906,0.5,0.5,0,True,,1,0,Slot__Patch;Slot__CPW_Feed_Pin;Patch__CPW_Feed_Pin,True,Slot__CPW_Feed_Pin,,Slot__CPW_Feed_Pin,,"{""Slot__CPW_Feed_Pin"": {""geometry_type"": ""MultiLineString"", ""relations"": ""overlaps"", ""wkt"": ""MULTILINESTRING ((0.5 22, 0 22), (0 22, -0.5 22))""}}",True,,,True,latin
206,49.088181140854388,2,5.7925888332489439,2.7757518467860676,2,16.076232699975375,4,0.54233174633762393,0.85810351885777414,0.3543846622768923,0.0011600315216843829,0.77454545454545454,0.70588235294117652,0.23474178403755869,0.66666666666666663,0.24539877300613497,0.25,0.33551784441405014,0.64279338338354897,0.81470190851996649,0.5,0.5,0,True,,1,0,Slot__Patch;Slot__CPW_Feed_Pin;Patch__CPW_Feed_Pin,True,Slot__CPW_Feed_Pin,,Slot__CPW_Feed_Pin,,"{""Slot__CPW_Feed_Pin"": {""geometry_type"": ""MultiLineString"", ""relations"": ""overlaps"", ""wkt"": ""MULTILINESTRING ((0.5 22, 0 22), (0 22, -0.5 22))""}}",True,,,True,latin
207,50.123054393065786,2,6.5093960340428083,2.4351531022514799,2,13.774192765453073,4,0.60619764470195492,0.85230330825433109,0.37173104919391131,0.15284333599394737,0.77454545454545454,0.70588235294117652,0.23474178403755869,0.66666666666666663,0.24539877300613497,0.25,0.4511783496892281,0.99570649702362424,0.05601567232233292,0.5,0.5,0,True,,1,0,Slot__Patch;Slot__CPW_Feed_Pin;Patch__CPW_Feed_Pin,True,Slot__CPW_Feed_Pin,,Slot__CPW_Feed_Pin,,"{""Slot__CPW_Feed_Pin"": {""geometry_type"": ""MultiLineString"", ""relations"": ""overlaps"", ""wkt"": ""MULTILINESTRING ((0.5 22, 0 22), (0 22, -0.5 22))""}}",True,,,True,latin
208,50.927946908579109,2,6.3814226921341399,2.8531347152587871,2,16.18956626627417,4,0.65594498157023695,0.9793560915796371,0.26497058485632241,0.1142441049406253,0.77454545454545454,0.70588235294117652,0.23474178403755869,0.66666666666666663,0.24539877300613497,0.25,0.88821323982603251,0.36825895230382399,0.23908033569911369,0.5,0.5,0,True,,1,0,Slot__Patch;Slot__CPW_Feed_Pin;Patch__CPW_Feed_Pin,True,Slot__CPW_Feed_Pin,,Slot__CPW_Feed_Pin,,"{""Slot__CPW_Feed_Pin"": {""geometry_type"": ""MultiLineString"", ""relations"": ""overlaps"", ""wkt"": ""MULTILINESTRING ((0.5 22, 0 22), (0 22, -0.5 22))""}}",True,,,True,latin
209,54.84635075658219,2,5.508638976810027,2.3554539224703777,2,14.971917204384372,4,0.74501930947268635,0.96265956285733012,0.26994638372905749,0.039603896004946973,0.77454545454545454,0.70588235294117652,0.23474178403755869,0.66666666666666663,0.24539877300613497,0.25,0.68497205742859613,0.69330825908513416,0.50435473898356309,0.5,0.5,0,True,,1,0,Slot__Patch;Slot__CPW_Feed_Pin;Patch__CPW_Feed_Pin,True,Slot__CPW_Feed_Pin,,Slot__CPW_Feed_Pin,,"{""Slot__CPW_Feed_Pin"": {""geometry_type"": ""MultiLineString"", ""relations"": ""overlaps"", ""wkt"": ""MULTILINESTRING ((0.5 22, 0 22), (0 22, -0.5 22))""}}",True,,,True,latin
210,53.776989082731646,2,6.0353685732467683,2.4175679842519786,2,15.894039916789433,4,0.51965257893308547,0.98866489079772779,0.32562511809595124,0.19247663678614271,0.77454545454545454,0.70588235294117652,0.23474178403755869,0.66666666666666663,0.24539877300613497,0.25,0.50491398710018953,0.78199239997297443,0.44298314865101496,0.5,0.5,0,True,,1,0,Slot__Patch;Slot__CPW_Feed_Pin;Patch__CPW_Feed_Pin,True,Slot__CPW_Feed_Pin,,Slot__CPW_Feed_Pin,,"{""Slot__CPW_Feed_Pin"": {""geometry_type"": ""MultiLineString"", ""relations"": ""overlaps"", ""wkt"": ""MULTILINESTRING ((0.5 22, 0 22), (0 22, -0.5 22))""}}",True,,,True,latin
211,55.33071538752661,2,6.3584960505274344,2.6229406243109104,2,16.369056858303995,4,0.58773816029781223,0.81844872326319718,0.39026664126076865,0.27023601339421532,0.77454545454545454,0.70588235294117652,0.23474178403755869,0.66666666666666663,0.24539877300613497,0.25,0.79824620010880376,0.3450503096173238,0.65789754261531797,0.5,0.5,0,True,,1,0,Slot__Patch;Slot__CPW_Feed_Pin;Patch__CPW_Feed_Pin,True,Slot__CPW_Feed_Pin,,Slot__CPW_Feed_Pin,,"{""Slot__CPW_Feed_Pin"": {""geometry_type"": ""MultiLineString"", ""relations"": ""overlaps"", ""wkt"": ""MULTILINESTRING ((0.5 22, 0 22), (0 22, -0.5 22))""}}",True,,,True,latin
212,51.158266896135132,2,6.2695088791470086,2.4621757291186861,2,15.490583760131504,4,0.76163026103720122,0.93740320048009207,0.37221737593758902,0.24814407691535076,0.77454545454545454,0.70588235294117652,0.23474178403755869,0.66666666666666663,0.24539877300613497,0.25,0.40684682406547912,0.94995183618598733,0.81220057144870672,0.5,0.5,0,True,,1,0,Slot__Patch;Slot__CPW_Feed_Pin;Patch__CPW_Feed_Pin,True,Slot__CPW_Feed_Pin,,Slot__CPW_Feed_Pin,,"{""Slot__CPW_Feed_Pin"": {""geometry_type"": ""MultiLineString"", ""relations"": ""overlaps"", ""wkt"": ""MULTILINESTRING ((0.5 22, 0 22), (0 22, -0.5 22))""}}",True,,,True,latin
213,55.03349155434239,2,6.1166023300873045,2.3824596028749916,2,14.326067795592884,4,0.55620706733357761,0.81575713878278777,0.28314812709141918,0.18642150584051478,0.77454545454545454,0.70588235294117652,0.23474178403755869,0.66666666666666663,0.24539877300613497,0.25,0.69194694365660125,0.90619096731708393,0.66045527185347797,0.5,0.5,0,True,,1,0,Slot__Patch;Slot__CPW_Feed_Pin;Patch__CPW_Feed_Pin,True,Slot__CPW_Feed_Pin,,Slot__CPW_Feed_Pin,,"{""Slot__CPW_Feed_Pin"": {""geometry_type"": ""MultiLineString"", ""relations"": ""overlaps"", ""wkt"": ""MULTILINESTRING ((0.5 22, 0 22), (0 22, -0.5 22))""}}",True,,,True,latin
214,53.221106915910276,2,6.0556957869334029,2.3580473167820886,2,15.382001969262943,4,0.6080547829099221,0.95512679151818491,0.42076957182282049,0.021362924631678274,0.77454545454545454,0.70588235294117652,0.23474178403755869,0.66666666666666663,0.24539877300613497,0.25,0.36428310446444412,0.84659319126729848,0.41506588980972364,0.5,0.5,0,True,,1,0,Slot__Patch;Slot__CPW_Feed_Pin;Patch__CPW_Feed_Pin,True,Slot__CPW_Feed_Pin,,Slot__CPW_Feed_Pin,,"{""Slot__CPW_Feed_Pin"": {""geometry_type"": ""MultiLineString"", ""relations"": ""overlaps"", ""wkt"": ""MULTILINESTRING ((0.5 22, 0 22), (0 22, -0.5 22))""}}",True,,,True,latin
215,54.355967876549684,2,5.7397424780735671,2.84164504959621,2,14.313981195325026,4,0.6452611755397315,0.72361951508086131,0.51649335715740596,0.078774810228742109,0.77454545454545454,0.70588235294117652,0.23474178403755869,0.66666666666666663,0.24539877300613497,0.25,0.48969949307424027,0.89758579357770274,0.73498909193528872,0.5,0.5,0,True,,1,0,Slot__Patch;Slot__CPW_Feed_Pin;Patch__CPW_Feed_Pin,True,Slot__CPW_Feed_Pin,,Slot__CPW_Feed_Pin,,"{""Slot__CPW_Feed_Pin"": {""geometry_type"": ""MultiLineString"", ""relations"": ""overlaps"", ""wkt"": ""MULTILINESTRING ((0.5 22, 0 22), (0 22, -0.5 22))""}}",True,,,True,latin
216,48.453396438183724,2,5.6971341452887003,2.4526215294553211,2,13.812777820408005,4,0.51352275258589686,0.82976482526013107,0.37115302944672901,0.010376030844579288,0.77454545454545454,0.70588235294117652,0.23474178403755869,0.66666666666666663,0.24539877300613497,0.25,0.70676663030554765,0.32385189586878804,0.16350139060511348,0.5,0.5,0,True,,1,0,Slot__Patch;Slot__CPW_Feed_Pin;Patch__CPW_Feed_Pin,True,Slot__CPW_Feed_Pin,,Slot__CPW_Feed_Pin,,"{""Slot__CPW_Feed_Pin"": {""geometry_type"": ""MultiLineString"", ""relations"": ""overlaps"", ""wkt"": ""MULTILINESTRING ((0.5 22, 0 22), (0 22, -0.5 22))""}}",True,,,True,latin
217,49.698242124521258,2,5.8109026348285271,2.680578850492644,2,16.215388831207701,4,0.67293900856654931,0.94189770394529815,0.47839302180245757,0.058473972541144309,0.77454545454545454,0.70588235294117652,0.23474178403755869,0.66666666666666663,0.24539877300613497,0.25,0.29806122971543042,0.55387915436637314,0.92906662752433866,0.5,0.5,0,True,,1,0,Slot__Patch;Slot__CPW_Feed_Pin;Patch__CPW_Feed_Pin,True,Slot__CPW_Feed_Pin,,Slot__CPW_Feed_Pin,,"{""Slot__CPW_Feed_Pin"": {""geometry_type"": ""MultiLineString"", ""relations"": ""overlaps"", ""wkt"": ""MULTILINESTRING ((0.5 22, 0 22), (0 22, -0.5 22))""}}",True,,,True,latin
218,57.363483150058258,2,5.5832460537245039,2.3794519034815713,2,15.602108081522836,4,0.51621077155560469,0.89352884122295628,0.47268305376645509,0.047983191553747424,0.77454545454545454,0.70588235294117652,0.23474178403755869,0.66666666666666663,0.24539877300613497,0.25,0.12775804724678291,0.59377781903054294,0.20535564454074862,0.5,0.5,0,True,,1,0,Slot__Patch;Slot__CPW_Feed_Pin;Patch__CPW_Feed_Pin,True,Slot__CPW_Feed_Pin,,Slot__CPW_Feed_Pin,,"{""Slot__CPW_Feed_Pin"": {""geometry_type"": ""MultiLineString"", ""relations"": ""overlaps"", ""wkt"": ""MULTILINESTRING ((0.5 22, 0 22), (0 22, -0.5 22))""}}",True,,,True,latin
219,49.982537213571923,2,5.463957338619732,2.7053104466012798,2,13.587886302420712,4,0.51526510570095008,0.86261715050619125,0.41547251686967934,0.24260865226647838,0.77454545454545454,0.70588235294117652,0.23474178403755869,0.66666666666666663,0.24539877300613497,0.25,0.90208504925753397,0.62110908371612439,0.58617969627132394,0.5,0.5,0,True,,1,0,Slot__Patch;Slot__CPW_Feed_Pin;Patch__CPW_Feed_Pin,True,Slot__CPW_Feed_Pin,,Slot__CPW_Feed_Pin,,"{""Slot__CPW_Feed_Pin"": {""geometry_type"": ""MultiLineString"", ""relations"": ""overlaps"", ""wkt"": ""MULTILINESTRING ((0.5 22, 0 22), (0 22, -0.5 22))""}}",True,,,True,latin
220,56.493870076552213,2,6.4314062205157647,2.8199108032115046,2,15.838901421919481,4,0.61528063594449245,0.93391881947042998,0.42146601220746827,0.20665124814968736,0.77454545454545454,0.70588235294117652,0.23474178403755869,0.66666666666666663,0.24539877300613497,0.25,0.22772160890592691,0.96350242796134711,0.49700910378314106,0.5,0.5,0,True,,1,0,Slot__Patch;Slot__CPW_Feed_Pin;Patch__CPW_Feed_Pin,True,Slot__CPW_Feed_Pin,,Slot__CPW_Feed_Pin,,"{""Slot__CPW_Feed_Pin"": {""geometry_type"": ""MultiLineString"", ""relations"": ""overlaps"", ""wkt"": ""MULTILINESTRING ((0.5 22, 0 22), (0 22, -0.5 22))""}}",True,,,True,latin
221,48.05356265243131,2,5.9948494735412989,2.6509435534126298,2,13.881553223946813,4,0.48698354404143329,0.7097148797926196,0.43007693358432897,0.22544294329316553,0.77454545454545454,0.70588235294117652,0.23474178403755869,0.66666666666666663,0.24539877300613497,0.25,0.9504331069795805,0.44409270729095018,0.43318429666639874,0.5,0.5,0,True,,1,0,Slot__Patch;Slot__CPW_Feed_Pin;Patch__CPW_Feed_Pin,True,Slot__CPW_Feed_Pin,,Slot__CPW_Feed_Pin,,"{""Slot__CPW_Feed_Pin"": {""geometry_type"": ""MultiLineString"", ""relations"": ""overlaps"", ""wkt"": ""MULTILINESTRING ((0.5 22, 0 22), (0 22, -0.5 22))""}}",True,,,True,latin
222,56.088224553007194,2,5.9152148781287393,2.7359956959704261,2,13.633576933589429,4,0.59654798563210965,0.71081961123737269,0.27592674111771098,0.040208816703566429,0.77454545454545454,0.70588235294117652,0.23474178403755869,0.66666666666666663,0.24539877300613497,0.25,0.47121504563545696,0.90309965280141224,0.75565528291073214,0.5,0.5,0,True,,1,0,Slot__Patch;Slot__CPW_Feed_Pin;Patch__CPW_Feed_Pin,True,Slot__CPW_Feed_Pin,,Slot__CPW_Feed_Pin,,"{""Slot__CPW_Feed_Pin"": {""geometry_type"": ""MultiLineString"", ""relations"": ""overlaps"", ""wkt"": ""MULTILINESTRING ((0.5 22, 0 22), (0 22, -0.5 22))""}}",True,,,True,latin
223,55.568872713825883,2,6.1846962196025475,2.8101395903587818,2,15.532686163033922,4,0.60824548483923091,0.98653057590318416,0.32593617973654576,0.12214469820165361,0.77454545454545454,0.70588235294117652,0.23474178403755869,0.66666666666666663,0.24539877300613497,0.25,0.60462242130714106,0.75546559912535016,0.87153267117342603,0.5,0.5,0,True,,1,0,Slot__Patch;Slot__CPW_Feed_Pin;Patch__CPW_Feed_Pin,True,Slot__CPW_Feed_Pin,,Slot__CPW_Feed_Pin,,"{""Slot__CPW_Feed_Pin"": {""geometry_type"": ""MultiLineString"", ""relations"": ""overlaps"", ""wkt"": ""MULTILINESTRING ((0.5 22, 0 22), (0 22, -0.5 22))""}}",True,,,True,latin
224,56.502217456732197,2,6.1265499225334725,2.804206294915121,2,14.390909587255944,4,0.64779727546527177,0.97038154983819225,0.38192567957563828,0.048977134807460597,0.77454545454545454,0.70588235294117652,0.23474178403755869,0.66666666666666663,0.24539877300613497,0.25,0.99680894507828954,0.99137944518572363,0.077054694381596706,0.5,0.5,0,True,,1,0,Slot__Patch;Slot__CPW_Feed_Pin;Patch__CPW_Feed_Pin,True,Slot__CPW_Feed_Pin,,Slot__CPW_Feed_Pin,,"{""Slot__CPW_Feed_Pin"": {""geometry_type"": ""MultiLineString"", ""relations"": ""overlaps"", ""wkt"": ""MULTILINESTRING ((0.5 22, 0 22), (0 22, -0.5 22))""}}",True,,,True,latin
225,55.630966929571628,2,5.9117664035144717,2.768792776654184,2,16.316643023538422,4,0.54123323608661689,0.77728102891721795,0.54928069707271165,0.13903224969307687,0.77454545454545454,0.70588235294117652,0.23474178403755869,0.66666666666666663,0.24539877300613497,0.25,0.60020143840337303,0.97787316538164004,0.7678112500711749,0.5,0.5,0,True,,1,0,Slot__Patch;Slot__CPW_Feed_Pin;Patch__CPW_Feed_Pin,True,Slot__CPW_Feed_Pin,,Slot__CPW_Feed_Pin,,"{""Slot__CPW_Feed_Pin"": {""geometry_type"": ""MultiLineString"", ""relations"": ""overlaps"", ""wkt"": ""MULTILINESTRING ((0.5 22, 0 22), (0 22, -0.5 22))""}}",True,,,True,latin
226,53.490972239229663,2,6.4173024442696276,2.7750680276448567,2,15.008730474659437,4,0.6168111697955766,0.83838468674936029,0.3080765782316342,0.051360623098607658,0.77454545454545454,0.70588235294117652,0.23474178403755869,0.66666666666666663,0.24539877300613497,0.25,0.37766327807762928,0.25621940703099794,0.78470453213803582,0.5,0.5,0,True,,1,0,Slot__Patch;Slot__CPW_Feed_Pin;Patch__CPW_Feed_Pin,True,Slot__CPW_Feed_Pin,,Slot__CPW_Feed_Pin,,"{""Slot__CPW_Feed_Pin"": {""geometry_type"": ""MultiLineString"", ""relations"": ""overlaps"", ""wkt"": ""MULTILINESTRING ((0.5 22, 0 22), (0 22, -0.5 22))""}}",True,,,True,latin
227,58.111863499949933,2,6.2723587506506195,2.4552219437376381,2,14.899401848201126,4,0.47803359673894541,0.95821891537585802,0.50014798488174805,0.019010377013954294,0.77454545454545454,0.70588235294117652,0.23474178403755869,0.66666666666666663,0.24539877300613497,0.25,0.24502299867013444,0.1615038543372592,0.11721902948013072,0.5,0.5,0,True,,1,0,Slot__Patch;Slot__CPW_Feed_Pin;Patch__CPW_Feed_Pin,True,Slot__CPW_Feed_Pin,,Slot__CPW_Feed_Pin,,"{""Slot__CPW_Feed_Pin"": {""geometry_type"": ""MultiLineString"", ""relations"": ""overlaps"", ""wkt"": ""MULTILINESTRING ((0.5 22, 0 22), (0 22, -0.5 22))""}}",True,,,True,latin
228,50.091882771617797,2,6.0349613366299577,2.5324546989458252,2,14.172562622480235,4,0.52958221547671924,0.96423873987696573,0.51973251791822128,0.077485243670872325,0.77454545454545454,0.70588235294117652,0.23474178403755869,0.66666666666666663,0.24539877300613497,0.25,0.63096941466491308,0.81061713711769712,0.37386644940865177,0.5,0.5,0,True,,1,0,Slot__Patch;Slot__CPW_Feed_Pin;Patch__CPW_Feed_Pin,True,Slot__CPW_Feed_Pin,,Slot__CPW_Feed_Pin,,"{""Slot__CPW_Feed_Pin"": {""geometry_type"": ""MultiLineString"", ""relations"": ""overlaps"", ""wkt"": ""MULTILINESTRING ((0.5 22, 0 22), (0 22, -0.5 22))""}}",True,,,True,latin
229,51.047221856051564,2,6.5352547317680862,2.3704213590225445,2,14.737698881211553,4,0.60535774111199125,0.72158201721304482,0.4615298476315397,0.10629145569835682,0.77454545454545454,0.70588235294117652,0.23474178403755869,0.66666666666666663,0.24539877300613497,0.25,0.13920867494808575,0.79286246009119821,0.31955230281162622,0.5,0.5,0,True,,1,0,Slot__Patch;Slot__CPW_Feed_Pin;Patch__CPW_Feed_Pin,True,Slot__CPW_Feed_Pin,,Slot__CPW_Feed_Pin,,"{""Slot__CPW_Feed_Pin"": {""geometry_type"": ""MultiLineString"", ""relations"": ""overlaps"", ""wkt"": ""MULTILINESTRING ((0.5 22, 0 22), (0 22, -0.5 22))""}}",True,,,True,latin
230,50.670600447531953,2,6.5425042109989153,2.7921574487820102,2,14.233678996313804,4,0.49964508025217585,0.94048255128938374,0.44925870573767201,0.25988154240267158,0.77454545454545454,0.70588235294117652,0.23474178403755869,0.66666666666666663,0.24539877300613497,0.25,0.51455260963097049,0.466420971332625,0.13271957266676321,0.5,0.5,0,True,,1,0,Slot__Patch;Slot__CPW_Feed_Pin;Patch__CPW_Feed_Pin,True,Slot__CPW_Feed_Pin,,Slot__CPW_Feed_Pin,,"{""Slot__CPW_Feed_Pin"": {""geometry_type"": ""MultiLineString"", ""relations"": ""overlaps"", ""wkt"": ""MULTILINESTRING ((0.5 22, 0 22), (0 22, -0.5 22))""}}",True,,,True,latin
231,55.347962414389734,2,5.8955478058499144,2.4459367026922672,2,14.691495942054162,4,0.56488516931499744,0.88403630655732224,0.34876200677670582,0.22020810914015085,0.77454545454545454,0.70588235294117652,0.23474178403755869,0.66666666666666663,0.24539877300613497,0.25,0.066423137462947618,0.19330657670481971,0.59783211065772379,0.5,0.5,0,True,,1,0,Slot__Patch;Slot__CPW_Feed_Pin;Patch__CPW_Feed_Pin,True,Slot__CPW_Feed_Pin,,Slot__CPW_Feed_Pin,,"{""Slot__CPW_Feed_Pin"": {""geometry_type"": ""MultiLineString"", ""relations"": ""overlaps"", ""wkt"": ""MULTILINESTRING ((0.5 22, 0 22), (0 22, -0.5 22))""}}",True,,,True,latin
232,54.653752565057076,2,6.5983781356631868,2.4644519051044664,2,13.677704981606857,4,0.64341174888229946,0.92256937666917105,0.29934721095175759,0.11638915948104996,0.77454545454545454,0.70588235294117652,0.23474178403755869,0.66666666666666663,0.24539877300613497,0.25,0.38843128662270787,0.17387404963799385,0.16744341744980826,0.5,0.5,0,True,,1,0,Slot__Patch;Slot__CPW_Feed_Pin;Patch__CPW_Feed_Pin,True,Slot__CPW_Feed_Pin,,Slot__CPW_Feed_Pin,,"{""Slot__CPW_Feed_Pin"": {""geometry_type"": ""MultiLineString"", ""relations"": ""overlaps"", ""wkt"": ""MULTILINESTRING ((0.5 22, 0 22), (0 22, -0.5 22))""}}",True,,,True,latin
233,50.485455190778204,2,5.6333990294656955,2.354664044974331,2,16.141361074304147,4,0.49482414210431352,0.91195052766625961,0.28587211241279531,0.21881908810677561,0.77454545454545454,0.70588235294117652,0.23474178403755869,0.66666666666666663,0.24539877300613497,0.25,0.64592845729204407,0.828164942302414,0.5663383031534126,0.5,0.5,0,True,,1,0,Slot__Patch;Slot__CPW_Feed_Pin;Patch__CPW_Feed_Pin,True,Slot__CPW_Feed_Pin,,Slot__CPW_Feed_Pin,,"{""Slot__CPW_Feed_Pin"": {""geometry_type"": ""MultiLineString"", ""relations"": ""overlaps"", ""wkt"": ""MULTILINESTRING ((0.5 22, 0 22), (0 22, -0.5 22))""}}",True,,,True,latin
234,57.046326846786492,2,6.1880280507816376,2.5661563026841838,2,13.97133639168749,4,0.50078941565791424,0.95336713889652569,0.55061933855909406,0.22149057024991622,0.77454545454545454,0.70588235294117652,0.23474178403755869,0.66666666666666663,0.24539877300613497,0.25,0.36058566170725648,0.2824187063763392,0.56971004189127705,0.5,0.5,0,True,,1,0,Slot__Patch;Slot__CPW_Feed_Pin;Patch__CPW_Feed_Pin,True,Slot__CPW_Feed_Pin,,Slot__CPW_Feed_Pin,,"{""Slot__CPW_Feed_Pin"": {""geometry_type"": ""MultiLineString"", ""relations"": ""overlaps"", ""wkt"": ""MULTILINESTRING ((0.5 22, 0 22), (0 22, -0.5 22))""}}",True,,,True,latin
235,57.975088892721921,2,6.490426094259556,2.8270548765462911,2,15.021779018395867,4,0.59148365718597273,0.7064116724928966,0.38816835897373336,0.050753306685513207,0.77454545454545454,0.70588235294117652,0.23474178403755869,0.66666666666666663,0.24539877300613497,0.25,0.27845529525806456,0.62486552119691252,0.19180939778521322,0.5,0.5,0,True,,1,0,Slot__Patch;Slot__CPW_Feed_Pin;Patch__CPW_Feed_Pin,True,Slot__CPW_Feed_Pin,,Slot__CPW_Feed_Pin,,"{""Slot__CPW_Feed_Pin"": {""geometry_type"": ""MultiLineString"", ""relations"": ""overlaps"", ""wkt"": ""MULTILINESTRING ((0.5 22, 0 22), (0 22, -0.5 22))""}}",True,,,True,latin
236,51.003108118172115,2,5.850862168034813,2.4206559600399631,2,14.428596571949893,4,0.47319446452621677,0.78611262633361123,0.43448337466611053,0.23939905475250572,0.77454545454545454,0.70588235294117652,0.23474178403755869,0.66666666666666663,0.24539877300613497,0.25,0.30831529573542665,0.93597645213008973,0.29614609599273434,0.5,0.5,0,True,,1,0,Slot__Patch;Slot__CPW_Feed_Pin;Patch__CPW_Feed_Pin,True,Slot__CPW_Feed_Pin,,Slot__CPW_Feed_Pin,,"{""Slot__CPW_Feed_Pin"": {""geometry_type"": ""MultiLineString"", ""relations"": ""overlaps"", ""wkt"": ""MULTILINESTRING ((0.5 22, 0 22), (0 22, -0.5 22))""}}",True,,,True,latin
237,48.265326728802059,2,6.5073095244717365,2.6124701728109687,2,15.072020718979452,4,0.69727167783331467,0.97733761858242185,0.31797375010384288,0.19161264867131259,0.77454545454545454,0.70588235294117652,0.23474178403755869,0.66666666666666663,0.24539877300613497,0.25,0.83160810137773222,0.71118010730475778,0.44481754333349505,0.5,0.5,0,True,,1,0,Slot__Patch;Slot__CPW_Feed_Pin;Patch__CPW_Feed_Pin,True,Slot__CPW_Feed_Pin,,Slot__CPW_Feed_Pin,,"{""Slot__CPW_Feed_Pin"": {""geometry_type"": ""MultiLineString"", ""relations"": ""overlaps"", ""wkt"": ""MULTILINESTRING ((0.5 22, 0 22), (0 22, -0.5 22))""}}",True,,,True,latin
238,50.380739313201609,2,5.9609293986271679,2.4144519017715211,2,15.43159682575409,4,0.69529409145525289,0.8959747576221222,0.27806781755573368,0.23430637015036265,0.77454545454545454,0.70588235294117652,0.23474178403755869,0.66666666666666663,0.24539877300613497,0.25,0.31520479103163573,0.11103298343038054,0.58172582537262385,0.5,0.5,0,True,,1,0,Slot__Patch;Slot__CPW_Feed_Pin;Patch__CPW_Feed_Pin,True,Slot__CPW_Feed_Pin,,Slot__CPW_Feed_Pin,,"{""Slot__CPW_Feed_Pin"": {""geometry_type"": ""MultiLineString"", ""relations"": ""overlaps"", ""wkt"": ""MULTILINESTRING ((0.5 22, 0 22), (0 22, -0.5 22))""}}",True,,,True,latin
239,56.717776613714953,2,5.7771386692081581,2.3502656015552339,2,15.62170500882139,4,0.60748303776733625,0.91012883344616502,0.27318468056029888,0.037172507284636287,0.77454545454545454,0.70588235294117652,0.23474178403755869,0.66666666666666663,0.24539877300613497,0.25,0.76521615209821314,0.15563676540521013,0.13006979942888069,0.5,0.5,0,True,,1,0,Slot__Patch;Slot__CPW_Feed_Pin;Patch__CPW_Feed_Pin,True,Slot__CPW_Feed_Pin,,Slot__CPW_Feed_Pin,,"{""Slot__CPW_Feed_Pin"": {""geometry_type"": ""MultiLineString"", ""relations"": ""overlaps"", ""wkt"": ""MULTILINESTRING ((0.5 22, 0 22), (0 22, -0.5 22))""}}",True,,,True,latin
240,54.968081547448008,2,6.492280318097837,2.7961915949749478,2,14.88488395797696,4,0.4953812490288596,0.73678687211398586,0.41383985376046528,0.12005086213335728,0.77454545454545454,0.70588235294117652,0.23474178403755869,0.66666666666666663,0.24539877300613497,0.25,0.85709277351083901,0.84328193712394783,0.5905669295503575,0.5,0.5,0,True,,1,0,Slot__Patch;Slot__CPW_Feed_Pin;Patch__CPW_Feed_Pin,True,Slot__CPW_Feed_Pin,,Slot__CPW_Feed_Pin,,"{""Slot__CPW_Feed_Pin"": {""geometry_type"": ""MultiLineString"", ""relations"": ""overlaps"", ""wkt"": ""MULTILINESTRING ((0.5 22, 0 22), (0 22, -0.5 22))""}}",True,,,True,latin
241,53.725692562667575,2,6.4247018143667081,2.6938585281222043,2,13.505297538019928,4,0.48615618986565401,0.84863019493105973,0.51351599208284271,0.18235216164613283,0.77454545454545454,0.70588235294117652,0.23474178403755869,0.66666666666666663,0.24539877300613497,0.25,0.096377254679419155,0.76561187942962949,0.11554826823113543,0.5,0.5,0,True,,1,0,Slot__Patch;Slot__CPW_Feed_Pin;Patch__CPW_Feed_Pin,True,Slot__CPW_Feed_Pin,,Slot__CPW_Feed_Pin,,"{""Slot__CPW_Feed_Pin"": {""geometry_type"": ""MultiLineString"", ""relations"": ""overlaps"", ""wkt"": ""MULTILINESTRING ((0.5 22, 0 22), (0 22, -0.5 22))""}}",True,,,True,latin
242,57.236235350560825,2,5.5029765571262956,2.3673496937686429,2,13.936593433419041,4,0.73169105024571568,0.90101678909681782,0.30559446346154612,0.2842240874701486,0.77454545454545454,0.70588235294117652,0.23474178403755869,0.66666666666666663,0.24539877300613497,0.25,0.30278981921998033,0.83306343874690414,0.053425286062826843,0.5,0.5,0,True,,1,0,Slot__Patch;Slot__CPW_Feed_Pin;Patch__CPW_Feed_Pin,True,Slot__CPW_Feed_Pin,,Slot__CPW_Feed_Pin,,"{""Slot__CPW_Feed_Pin"": {""geometry_type"": ""MultiLineString"", ""relations"": ""overlaps"", ""wkt"": ""MULTILINESTRING ((0.5 22, 0 22), (0 22, -0.5 22))""}}",True,,,True,latin
243,57.606910330992754,2,6.5908070305962223,2.6197928721007182,2,14.470591853452554,4,0.72781369612772484,0.78310100261877758,0.34009311678629961,0.11760506465795816,0.77454545454545454,0.70588235294117652,0.23474178403755869,0.66666666666666663,0.24539877300613497,0.25,0.63668821501569695,0.58585219815734446,0.94969576795178245,0.5,0.5,0,True,,1,0,Slot__Patch;Slot__CPW_Feed_Pin;Patch__CPW_Feed_Pin,True,Slot__CPW_Feed_Pin,,Slot__CPW_Feed_Pin,,"{""Slot__CPW_Feed_Pin"": {""geometry_type"": ""MultiLineString"", ""relations"": ""overlaps"", ""wkt"": ""MULTILINESTRING ((0.5 22, 0 22), (0 22, -0.5 22))""}}",True,,,True,latin
244,56.99316574150739,2,5.8063292456993318,2.3612677872457586,2,15.410212661037063,4,0.63956977703800466,0.99482277786289919,0.49577801785104914,0.13022964748062799,0.77454545454545454,0.70588235294117652,0.23474178403755869,0.66666666666666663,0.24539877300613497,0.25,0.94420931116368711,0.98606454898398166,0.67626978256233805,0.5,0.5,0,True,,1,0,Slot__Patch;Slot__CPW_Feed_Pin;Patch__CPW_Feed_Pin,True,Slot__CPW_Feed_Pin,,Slot__CPW_Feed_Pin,,"{""Slot__CPW_Feed_Pin"": {""geometry_type"": ""MultiLineString"", ""relations"": ""overlaps"", ""wkt"": ""MULTILINESTRING ((0.5 22, 0 22), (0 22, -0.5 22))""}}",True,,,True,latin
245,53.128546246637441,2,5.5775601074084404,2.7767234643794776,2,14.985193020958967,4,0.74906642664484846,0.75723015841135455,0.28382498282623647,0.079116755380860465,0.77454545454545454,0.70588235294117652,0.23474178403755869,0.66666666666666663,0.24539877300613497,0.25,0.071187824125402019,0.88421001349356509,0.7989665080056807,0.5,0.5,0,True,,1,0,Slot__Patch;Slot__CPW_Feed_Pin;Patch__CPW_Feed_Pin,True,Slot__CPW_Feed_Pin,,Slot__CPW_Feed_Pin,,"{""Slot__CPW_Feed_Pin"": {""geometry_type"": ""MultiLineString"", ""relations"": ""overlaps"", ""wkt"": ""MULTILINESTRING ((0.5 22, 0 22), (0 22, -0.5 22))""}}",True,,,True,latin
246,57.344889831485226,2,6.2484330131911845,2.7250058726474795,2,15.19000047400209,4,0.704289780457239,0.84635549928363352,0.56024710937639788,0.19947674106696334,0.77454545454545454,0.70588235294117652,0.23474178403755869,0.66666666666666663,0.24539877300613497,0.25,0.70007725969391144,0.41989172398162716,0.28599808515363889,0.5,0.5,0,True,,1,0,Slot__Patch;Slot__CPW_Feed_Pin;Patch__CPW_Feed_Pin,True,Slot__CPW_Feed_Pin,,Slot__CPW_Feed_Pin,,"{""Slot__CPW_Feed_Pin"": {""geometry_type"": ""MultiLineString"", ""relations"": ""overlaps"", ""wkt"": ""MULTILINESTRING ((0.5 22, 0 22), (0 22, -0.5 22))""}}",True,,,True,latin
247,49.232903442478829,2,6.0875749632498604,2.8500795788281597,2,14.60794429043697,4,0.58487117393707033,0.81913487504336091,0.55497088224629321,0.25395647832638968,0.77454545454545454,0.70588235294117652,0.23474178403755869,0.66666666666666663,0.24539877300613497,0.25,0.62844463300068731,0.29595952322275071,0.20202266884913533,0.5,0.5,0,True,,1,0,Slot__Patch;Slot__CPW_Feed_Pin;Patch__CPW_Feed_Pin,True,Slot__CPW_Feed_Pin,,Slot__CPW_Feed_Pin,,"{""Slot__CPW_Feed_Pin"": {""geometry_type"": ""MultiLineString"", ""relations"": ""overlaps"", ""wkt"": ""MULTILINESTRING ((0.5 22, 0 22), (0 22, -0.5 22))""}}",True,,,True,latin
248,52.749498947056196,2,6.2139019946609277,2.6022615617411793,2,16.34593786617129,4,0.69457521560041402,0.9895680206054619,0.43385410871095664,0.064064946404000248,0.77454545454545454,0.70588235294117652,0.23474178403755869,0.66666666666666663,0.24539877300613497,0.25,0.13583953208180469,0.71672831787352176,0.064567425761404632,0.5,0.5,0,True,,1,0,Slot__Patch;Slot__CPW_Feed_Pin;Patch__CPW_Feed_Pin,True,Slot__CPW_Feed_Pin,,Slot__CPW_Feed_Pin,,"{""Slot__CPW_Feed_Pin"": {""geometry_type"": ""MultiLineString"", ""relations"": ""overlaps"", ""wkt"": ""MULTILINESTRING ((0.5 22, 0 22), (0 22, -0.5 22))""}}",True,,,True,latin
249,52.932472320052092,2,5.8657829053996187,2.7699384843156931,2,14.155550675895865,4,0.73271202994321594,0.75136858613043989,0.29363739440778891,0.13083737745918098,0.77454545454545454,0.70588235294117652,0.23474178403755869,0.66666666666666663,0.24539877300613497,0.25,0.21904295793730866,0.21244567417144572,0.59190663378254316,0.5,0.5,0,True,,1,0,Slot__Patch;Slot__CPW_Feed_Pin;Patch__CPW_Feed_Pin,True,Slot__CPW_Feed_Pin,,Slot__CPW_Feed_Pin,,"{""Slot__CPW_Feed_Pin"": {""geometry_type"": ""MultiLineString"", ""relations"": ""overlaps"", ""wkt"": ""MULTILINESTRING ((0.5 22, 0 22), (0 22, -0.5 22))""}}",True,,,True,latin
250,52.891307240810981,2,5.6544119934327792,2.633371192595098,2,14.445937604286714,4,0.75934577818823124,0.8020170185780845,0.3329230778170939,0.097390325480830237,0.77454545454545454,0.70588235294117652,0.23474178403755869,0.66666666666666663,0.24539877300613497,0.25,0.63430523427191787,0.65966419451966596,0.74340230091881365,0.5,0.5,0,True,,1,0,Slot__Patch;Slot__CPW_Feed_Pin;Patch__CPW_Feed_Pin,True,Slot__CPW_Feed_Pin,,Slot__CPW_Feed_Pin,,"{""Slot__CPW_Feed_Pin"": {""geometry_type"": ""MultiLineString"", ""relations"": ""overlaps"", ""wkt"": ""MULTILINESTRING ((0.5 22, 0 22), (0 22, -0.5 22))""}}",True,,,True,latin
251,48.798596896164383,2,6.1488340824339307,2.4511613484384798,2,13.980865931485582,4,0.61072718164406248,0.70855810656306151,0.35056976508351795,0.25733832407335011,0.77454545454545454,0.70588235294117652,0.23474178403755869,0.66666666666666663,0.24539877300613497,0.25,0.21176162470291737,0.20733144703012146,0.15295078592607148,0.5,0.5,0,True,,1,0,Slot__Patch;Slot__CPW_Feed_Pin;Patch__CPW_Feed_Pin,True,Slot__CPW_Feed_Pin,,Slot__CPW_Feed_Pin,,"{""Slot__CPW_Feed_Pin"": {""geometry_type"": ""MultiLineString"", ""relations"": ""overlaps"", ""wkt"": ""MULTILINESTRING ((0.5 22, 0 22), (0 22, -0.5 22))""}}",True,,,True,latin
252,51.681081765540362,2,6.4646591837549812,2.3411221301420446,2,15.457679413536798,4,0.56787656841093292,0.79042112328266101,0.3481492370481149,0.13391727189832081,0.77454545454545454,0.70588235294117652,0.23474178403755869,0.66666666666666663,0.24539877300613497,0.25,0.13016814976638591,0.34770397197294772,0.49328451422777753,0.5,0.5,0,True,,1,0,Slot__Patch;Slot__CPW_Feed_Pin;Patch__CPW_Feed_Pin,True,Slot__CPW_Feed_Pin,,Slot__CPW_Feed_Pin,,"{""Slot__CPW_Feed_Pin"": {""geometry_type"": ""MultiLineString"", ""relations"": ""overlaps"", ""wkt"": ""MULTILINESTRING ((0.5 22, 0 22), (0 22, -0.5 22))""}}",True,,,True,latin
253,58.043265852074384,2,6.2057394360166844,2.4057786332783793,2,16.166731286535491,4,0.47489763131702789,0.77548810058178952,0.47472869750291946,0.27938979489341031,0.77454545454545454,0.70588235294117652,0.23474178403755869,0.66666666666666663,0.24539877300613497,0.25,0.1641459509454975,0.913066156915737,0.95173863408741277,0.5,0.5,0,True,,1,0,Slot__Patch;Slot__CPW_Feed_Pin;Patch__CPW_Feed_Pin,True,Slot__CPW_Feed_Pin,,Slot__CPW_Feed_Pin,,"{""Slot__CPW_Feed_Pin"": {""geometry_type"": ""MultiLineString"", ""relations"": ""overlaps"", ""wkt"": ""MULTILINESTRING ((0.5 22, 0 22), (0 22, -0.5 22))""}}",True,,,True,latin
254,57.56172154608484,2,5.9296538586057546,2.7847760458708115,2,14.620993045601812,4,0.74410690540164359,0.81277526007776069,0.49867130761747525,0.19006360668241698,0.77454545454545454,0.70588235294117652,0.23474178403755869,0.66666666666666663,0.24539877300613497,0.25,0.56204947981458042,0.31338934690645315,0.22224215639852352,0.5,0.5,0,True,,1,0,Slot__Patch;Slot__CPW_Feed_Pin;Patch__CPW_Feed_Pin,True,Slot__CPW_Feed_Pin,,Slot__CPW_Feed_Pin,,"{""Slot__CPW_Feed_Pin"": {""geometry_type"": ""MultiLineString"", ""relations"": ""overlaps"", ""wkt"": ""MULTILINESTRING ((0.5 22, 0 22), (0 22, -0.5 22))""}}",True,,,True,latin
255,51.232839631675489,2,6.3191365294291266,2.419732795546119,2,15.197727993435549,4,0.60467746545863221,0.80562433906694653,0.33442262510292592,0.15507780978363556,0.77454545454545454,0.70588235294117652,0.23474178403755869,0.66666666666666663,0.24539877300613497,0.25,0.27757694663420485,0.88154400477412498,0.18827096754182482,0.5,0.5,0,True,,1,0,Slot__Patch;Slot__CPW_Feed_Pin;Patch__CPW_Feed_Pin,True,Slot__CPW_Feed_Pin,,Slot__CPW_Feed_Pin,,"{""Slot__CPW_Feed_Pin"": {""geometry_type"": ""MultiLineString"", ""relations"": ""overlaps"", ""wkt"": ""MULTILINESTRING ((0.5 22, 0 22), (0 22, -0.5 22))""}}",True,,,True,latin
256,57.206523651396978,2,5.5543509742220056,2.6102936258607241,2,15.568740579799481,4,0.4761783444121801,0.80294462541403444,0.47090311401100676,0.0055411800649972399,0.77454545454545454,0.70588235294117652,0.23474178403755869,0.66666666666666663,0.24539877300613497,0.25,0.90814341441401025,0.56255127748474798,0.96426506391568767,0.5,0.5,0,True,,1,0,Slot__Patch;Slot__CPW_Feed_Pin;Patch__CPW_Feed_Pin,True,Slot__CPW_Feed_Pin,,Slot__CPW_Feed_Pin,,"{""Slot__CPW_Feed_Pin"": {""geometry_type"": ""MultiLineString"", ""relations"": ""overlaps"", ""wkt"": ""MULTILINESTRING ((0.5 22, 0 22), (0 22, -0.5 22))""}}",True,,,True,latin
257,52.597617751369633,2,6.0084193707154672,2.6343537805542456,2,14.366054503527796,4,0.57762083693401489,0.86697556583498492,0.54950335406449691,0.050100697854255818,0.77454545454545454,0.70588235294117652,0.23474178403755869,0.66666666666666663,0.24539877300613497,0.25,0.7355329515101936,0.78522524879394495,0.98557651039594774,0.5,0.5,0,True,,1,0,Slot__Patch;Slot__CPW_Feed_Pin;Patch__CPW_Feed_Pin,True,Slot__CPW_Feed_Pin,,Slot__CPW_Feed_Pin,,"{""Slot__CPW_Feed_Pin"": {""geometry_type"": ""MultiLineString"", ""relations"": ""overlaps"", ""wkt"": ""MULTILINESTRING ((0.5 22, 0 22), (0 22, -0.5 22))""}}",True,,,True,latin
258,58.237099453702044,2,5.5556645072355098,2.4587117053307099,2,15.524288365721285,4,0.49288552279045411,0.87082161961191518,0.54537309411249901,0.25214964805577234,0.77454545454545454,0.70588235294117652,0.23474178403755869,0.66666666666666663,0.24539877300613497,0.25,0.46412973895320347,0.58059189366716035,0.18304935509173875,0.5,0.5,0,True,,1,0,Slot__Patch;Slot__CPW_Feed_Pin;Patch__CPW_Feed_Pin,True,Slot__CPW_Feed_Pin,,Slot__CPW_Feed_Pin,,"{""Slot__CPW_Feed_Pin"": {""geometry_type"": ""MultiLineString"", ""relations"": ""overlaps"", ""wkt"": ""MULTILINESTRING ((0.5 22, 0 22), (0 22, -0.5 22))""}}",True,,,True,latin
259,48.081835452455387,2,5.7964561233527983,2.5441950959188113,2,15.04573741485552,4,0.55787187982476372,0.83509025241072155,0.48090638700742783,0.19434527311705249,0.77454545454545454,0.70588235294117652,0.23474178403755869,0.66666666666666663,0.24539877300613497,0.25,0.65316837385090654,0.95886230944245332,0.96599297710690646,0.5,0.5,0,True,,1,0,Slot__Patch;Slot__CPW_Feed_Pin;Patch__CPW_Feed_Pin,True,Slot__CPW_Feed_Pin,,Slot__CPW_Feed_Pin,,"{""Slot__CPW_Feed_Pin"": {""geometry_type"": ""MultiLineString"", ""relations"": ""overlaps"", ""wkt"": ""MULTILINESTRING ((0.5 22, 0 22), (0 22, -0.5 22))""}}",True,,,True,latin
260,54.608690042297887,2,6.1124868577096336,2.5148799488039097,2,14.875209697169099,4,0.67084873214393292,0.88799548623860025,0.54261230808486349,0.25192307857486701,0.77454545454545454,0.70588235294117652,0.23474178403755869,0.66666666666666663,0.24539877300613497,0.25,0.64882440168501698,0.96895880687243241,0.81272674315682969,0.5,0.5,0,True,,1,0,Slot__Patch;Slot__CPW_Feed_Pin;Patch__CPW_Feed_Pin,True,Slot__CPW_Feed_Pin,,Slot__CPW_Feed_Pin,,"{""Slot__CPW_Feed_Pin"": {""geometry_type"": ""MultiLineString"", ""relations"": ""overlaps"", ""wkt"": ""MULTILINESTRING ((0.5 22, 0 22), (0 22, -0.5 22))""}}",True,,,True,latin
261,56.606683633579223,2,6.0492351750237123,2.6058424204298571,2,14.820358364907362,4,0.5936294404829966,0.80002857652438819,0.36057554624991994,0.12853927625526645,0.77454545454545454,0.70588235294117652,0.23474178403755869,0.66666666666666663,0.24539877300613497,0.25,0.18872602214334178,0.22969914903890049,0.26198165549388364,0.5,0.5,0,True,,1,0,Slot__Patch;Slot__CPW_Feed_Pin;Patch__CPW_Feed_Pin,True,Slot__CPW_Feed_Pin,,Slot__CPW_Feed_Pin,,"{""Slot__CPW_Feed_Pin"": {""geometry_type"": ""MultiLineString"", ""relations"": ""overlaps"", ""wkt"": ""MULTILINESTRING ((0.5 22, 0 22), (0 22, -0.5 22))""}}",True,,,True,latin
262,52.669923098461055,2,5.9530050627150093,2.436835226931533,2,14.104000210534759,4,0.64210513587302331,0.92154328104151351,0.29537040070495263,0.28600057484391067,0.77454545454545454,0.70588235294117652,0.23474178403755869,0.66666666666666663,0.24539877300613497,0.25,0.3453523180804195,0.068673920626291032,0.23175406938235854,0.5,0.5,0,True,,1,0,Slot__Patch;Slot__CPW_Feed_Pin;Patch__CPW_Feed_Pin,True,Slot__CPW_Feed_Pin,,Slot__CPW_Feed_Pin,,"{""Slot__CPW_Feed_Pin"": {""geometry_type"": ""MultiLineString"", ""relations"": ""overlaps"", ""wkt"": ""MULTILINESTRING ((0.5 22, 0 22), (0 22, -0.5 22))""}}",True,,,True,latin
263,57.161266241129368,2,5.4462158279393824,2.7198613907240183,2,16.413313547142867,4,0.648103883065418,0.80410454540569987,0.45644446799002952,0.16714845995712102,0.77454545454545454,0.70588235294117652,0.23474178403755869,0.66666666666666663,0.24539877300613497,0.25,0.42144587243749337,0.56071909746245496,0.96988030237125122,0.5,0.5,0,True,,1,0,Slot__Patch;Slot__CPW_Feed_Pin;Patch__CPW_Feed_Pin,True,Slot__CPW_Feed_Pin,,Slot__CPW_Feed_Pin,,"{""Slot__CPW_Feed_Pin"": {""geometry_type"": ""MultiLineString"", ""relations"": ""overlaps"", ""wkt"": ""MULTILINESTRING ((0.5 22, 0 22), (0 22, -0.5 22))""}}",True,,,True,latin
264,53.27726673012836,2,6.1473359397408887,2.7802275736023039,2,14.129362435291553,4,0.59425751154600603,0.94289426321146597,0.45462393717616123,0.073551197679111766,0.77454545454545454,0.70588235294117652,0.23474178403755869,0.66666666666666663,0.24539877300613497,0.25,0.44256497629993186,0.73112209933783201,0.94359732892125192,0.5,0.5,0,True,,1,0,Slot__Patch;Slot__CPW_Feed_Pin;Patch__CPW_Feed_Pin,True,Slot__CPW_Feed_Pin,,Slot__CPW_Feed_Pin,,"{""Slot__CPW_Feed_Pin"": {""geometry_type"": ""MultiLineString"", ""relations"": ""overlaps"", ""wkt"": ""MULTILINESTRING ((0.5 22, 0 22), (0 22, -0.5 22))""}}",True,,,True,latin
265,51.926406174163198,2,6.3463620883865381,2.8081894107666487,2,15.132500533506512,4,0.67876022715211071,0.93814201892840721,0.46061695041230855,0.29742852197188296,0.77454545454545454,0.70588235294117652,0.23474178403755869,0.66666666666666663,0.24539877300613497,0.25,0.56283989684023739,0.95645401031246102,0.41303518697037667,0.5,0.5,0,True,,1,0,Slot__Patch;Slot__CPW_Feed_Pin;Patch__CPW_Feed_Pin,True,Slot__CPW_Feed_Pin,,Slot__CPW_Feed_Pin,,"{""Slot__CPW_Feed_Pin"": {""geometry_type"": ""MultiLineString"", ""relations"": ""overlaps"", ""wkt"": ""MULTILINESTRING ((0.5 22, 0 22), (0 22, -0.5 22))""}}",True,,,True,latin
266,48.879734670989649,2,6.1386913531067355,2.4546199369117829,2,16.330496424628073,4,0.66629439735860752,0.72105740011591235,0.26752503236642911,0.18145167189466976,0.77454545454545454,0.70588235294117652,0.23474178403755869,0.66666666666666663,0.24539877300613497,0.25,0.11563568127909025,0.71820516640988985,0.84769766746738251,0.5,0.5,0,True,,1,0,Slot__Patch;Slot__CPW_Feed_Pin;Patch__CPW_Feed_Pin,True,Slot__CPW_Feed_Pin,,Slot__CPW_Feed_Pin,,"{""Slot__CPW_Feed_Pin"": {""geometry_type"": ""MultiLineString"", ""relations"": ""overlaps"", ""wkt"": ""MULTILINESTRING ((0.5 22, 0 22), (0 22, -0.5 22))""}}",True,,,True,latin
267,49.539138725771096,2,5.4804708263382382,2.5165469884071521,2,14.555514143865226,4,0.52566601262552659,0.8657053292549286,0.5320696056309715,0.062393069272228319,0.77454545454545454,0.70588235294117652,0.23474178403755869,0.66666666666666663,0.24539877300613497,0.25,0.44715141408281045,0.41145128698850147,0.40622525371124335,0.5,0.5,0,True,,1,0,Slot__Patch;Slot__CPW_Feed_Pin;Patch__CPW_Feed_Pin,True,Slot__CPW_Feed_Pin,,Slot__CPW_Feed_Pin,,"{""Slot__CPW_Feed_Pin"": {""geometry_type"": ""MultiLineString"", ""relations"": ""overlaps"", ""wkt"": ""MULTILINESTRING ((0.5 22, 0 22), (0 22, -0.5 22))""}}",True,,,True,latin
268,54.013758038414949,2,6.2762223645624129,2.4272927832536024,2,13.878122106978289,4,0.71373918018323668,0.81006761253861148,0.47731609598755842,0.16427225009591159,0.77454545454545454,0.70588235294117652,0.23474178403755869,0.66666666666666663,0.24539877300613497,0.25,0.39725729204553339,0.084648484176944344,0.073151636981033441,0.5,0.5,0,True,,1,0,Slot__Patch;Slot__CPW_Feed_Pin;Patch__CPW_Feed_Pin,True,Slot__CPW_Feed_Pin,,Slot__CPW_Feed_Pin,,"{""Slot__CPW_Feed_Pin"": {""geometry_type"": ""MultiLineString"", ""relations"": ""overlaps"", ""wkt"": ""MULTILINESTRING ((0.5 22, 0 22), (0 22, -0.5 22))""}}",True,,,True,latin
269,51.896390689961599,2,6.1183454616995601,2.6769288126208792,2,16.394453669250726,4,0.50402969787503471,0.88211134759494481,0.51860268483797323,0.09818613839276763,0.77454545454545454,0.70588235294117652,0.23474178403755869,0.66666666666666663,0.24539877300613497,0.25,0.72090355971432418,0.18113870070839666,0.52786032099196611,0.5,0.5,0,True,,1,0,Slot__Patch;Slot__CPW_Feed_Pin;Patch__CPW_Feed_Pin,True,Slot__CPW_Feed_Pin,,Slot__CPW_Feed_Pin,,"{""Slot__CPW_Feed_Pin"": {""geometry_type"": ""MultiLineString"", ""relations"": ""overlaps"", ""wkt"": ""MULTILINESTRING ((0.5 22, 0 22), (0 22, -0.5 22))""}}",True,,,True,latin
270,57.886510889009998,2,6.1502507376886832,2.8443438968695793,2,15.547388149741433,4,0.67667404681143728,0.80143832184597086,0.39076550776801311,0.17535986585845226,0.77454545454545454,0.70588235294117652,0.23474178403755869,0.66666666666666663,0.24539877300613497,0.25,0.85869379331566442,0.48104812917260881,0.40723541940129321,0.5,0.5,0,True,,1,0,Slot__Patch;Slot__CPW_Feed_Pin;Patch__CPW_Feed_Pin,True,Slot__CPW_Feed_Pin,,Slot__CPW_Feed_Pin,,"{""Slot__CPW_Feed_Pin"": {""geometry_type"": ""MultiLineString"", ""relations"": ""overlaps"", ""wkt"": ""MULTILINESTRING ((0.5 22, 0 22), (0 22, -0.5 22))""}}",True,,,True,latin
271,49.800074448286253,2,6.3080144449777684,2.5295986298872051,2,16.011613737780479,4,0.53293488648823972,0.70909156846118138,0.43544089804685304,0.12961461390244738,0.77454545454545454,0.70588235294117652,0.23474178403755869,0.66666666666666663,0.24539877300613497,0.25,0.94464830987025561,0.49517302858312084,0.29011707508408252,0.5,0.5,0,True,,1,0,Slot__Patch;Slot__CPW_Feed_Pin;Patch__CPW_Feed_Pin,True,Slot__CPW_Feed_Pin,,Slot__CPW_Feed_Pin,,"{""Slot__CPW_Feed_Pin"": {""geometry_type"": ""MultiLineString"", ""relations"": ""overlaps"", ""wkt"": ""MULTILINESTRING ((0.5 22, 0 22), (0 22, -0.5 22))""}}",True,,,True,latin
272,49.013044000620539,2,6.3860871939461079,2.5826235251520107,2,15.45528375670537,4,0.62399038049809696,0.74507300078084671,0.28072770470138725,0.12570033919600609,0.77454545454545454,0.70588235294117652,0.23474178403755869,0.66666666666666663,0.24539877300613497,0.25,0.84077013803026912,0.13101874243063666,0.70215675240126207,0.5,0.5,0,True,,1,0,Slot__Patch;Slot__CPW_Feed_Pin;Patch__CPW_Feed_Pin,True,Slot__CPW_Feed_Pin,,Slot__CPW_Feed_Pin,,"{""Slot__CPW_Feed_Pin"": {""geometry_type"": ""MultiLineString"", ""relations"": ""overlaps"", ""wkt"": ""MULTILINESTRING ((0.5 22, 0 22), (0 22, -0.5 22))""}}",True,,,True,latin
273,57.294802058326347,2,5.5164661445694074,2.5212476814613187,2,16.420116381696364,4,0.50362209032255978,0.90764336373612198,0.49673652071481422,0.024095935570442661,0.77454545454545454,0.70588235294117652,0.23474178403755869,0.66666666666666663,0.24539877300613497,0.25,0.52108576111998739,0.65524155615758306,0.6339760495023542,0.5,0.5,0,True,,1,0,Slot__Patch;Slot__CPW_Feed_Pin;Patch__CPW_Feed_Pin,True,Slot__CPW_Feed_Pin,,Slot__CPW_Feed_Pin,,"{""Slot__CPW_Feed_Pin"": {""geometry_type"": ""MultiLineString"", ""relations"": ""overlaps"", ""wkt"": ""MULTILINESTRING ((0.5 22, 0 22), (0 22, -0.5 22))""}}",True,,,True,latin
274,48.176644036955793,2,5.4717618042025062,2.588476696562958,2,13.92968386462282,4,0.54280455893374158,0.92320206583513409,0.33375711217873072,0.026370301794471501,0.77454545454545454,0.70588235294117652,0.23474178403755869,0.66666666666666663,0.24539877300613497,0.25,0.9928121565619149,0.13767570790379297,0.40061630063272752,0.5,0.5,0,True,,1,0,Slot__Patch;Slot__CPW_Feed_Pin;Patch__CPW_Feed_Pin,True,Slot__CPW_Feed_Pin,,Slot__CPW_Feed_Pin,,"{""Slot__CPW_Feed_Pin"": {""geometry_type"": ""MultiLineString"", ""relations"": ""overlaps"", ""wkt"": ""MULTILINESTRING ((0.5 22, 0 22), (0 22, -0.5 22))""}}",True,,,True,latin
275,50.942931275320653,2,5.4119088237426825,2.661935887175459,2,16.319942006347645,4,0.49445265617157053,0.96863949295123797,0.34189641438504992,0.25828995095698071,0.77454545454545454,0.70588235294117652,0.23474178403755869,0.66666666666666663,0.24539877300613497,0.25,0.97617214175136335,0.73827933784510713,0.65157573149528414,0.5,0.5,0,True,,1,0,Slot__Patch;Slot__CPW_Feed_Pin;Patch__CPW_Feed_Pin,True,Slot__CPW_Feed_Pin,,Slot__CPW_Feed_Pin,,"{""Slot__CPW_Feed_Pin"": {""geometry_type"": ""MultiLineString"", ""relations"": ""overlaps"", ""wkt"": ""MULTILINESTRING ((0.5 22, 0 22), (0 22, -0.5 22))""}}",True,,,True,latin
276,50.828239024500348,2,5.9752892662476631,2.7043696802557275,2,15.777074019436338,4,0.47673592144977933,0.83220366142032964,0.43190906346000524,0.16602450320626208,0.77454545454545454,0.70588235294117652,0.23474178403755869,0.66666666666666663,0.24539877300613497,0.25,0.17260916982069652,0.68180541233011271,0.8512436677441062,0.5,0.5,0,True,,1,0,Slot__Patch;Slot__CPW_Feed_Pin;Patch__CPW_Feed_Pin,True,Slot__CPW_Feed_Pin,,Slot__CPW_Feed_Pin,,"{""Slot__CPW_Feed_Pin"": {""geometry_type"": ""MultiLineString"", ""relations"": ""overlaps"", ""wkt"": ""MULTILINESTRING ((0.5 22, 0 22), (0 22, -0.5 22))""}}",True,,,True,latin
277,50.526472856314854,2,5.5300676618915139,2.8590810610614459,2,13.939730333926331,4,0.52716643190749835,0.80816882855936067,0.47115727643594507,0.19821807291532562,0.77454545454545454,0.70588235294117652,0.23474178403755869,0.66666666666666663,0.24539877300613497,0.25,0.44930557742840022,0.81465218590983601,0.10397581662106442,0.5,0.5,0,True,,1,0,Slot__Patch;Slot__CPW_Feed_Pin;Patch__CPW_Feed_Pin,True,Slot__CPW_Feed_Pin,,Slot__CPW_Feed_Pin,,"{""Slot__CPW_Feed_Pin"": {""geometry_type"": ""MultiLineString"", ""relations"": ""overlaps"", ""wkt"": ""MULTILINESTRING ((0.5 22, 0 22), (0 22, -0.5 22))""}}",True,,,True,latin
278,52.83721131570244,2,5.5251451031467385,2.7732641660238446,2,14.340974080974911,4,0.57497552680747888,0.80335254506685227,0.47429240194592015,0.07985282603623306,0.77454545454545454,0.70588235294117652,0.23474178403755869,0.66666666666666663,0.24539877300613497,0.25,0.66428078307855765,0.29069131724967451,0.50010514975689679,0.5,0.5,0,True,,1,0,Slot__Patch;Slot__CPW_Feed_Pin;Patch__CPW_Feed_Pin,True,Slot__CPW_Feed_Pin,,Slot__CPW_Feed_Pin,,"{""Slot__CPW_Feed_Pin"": {""geometry_type"": ""MultiLineString"", ""relations"": ""overlaps"", ""wkt"": ""MULTILINESTRING ((0.5 22, 0 22), (0 22, -0.5 22))""}}",True,,,True,latin
279,57.373947577577425,2,6.4488349546968111,2.6991362899634872,2,13.792392943605448,4,0.50154768366609259,0.90208863800500461,0.5609979968978116,0.015138365177006062,0.77454545454545454,0.70588235294117652,0.23474178403755869,0.66666666666666663,0.24539877300613497,0.25,0.96535665918977653,0.22046417242486721,0.071447270136530863,0.5,0.5,0,True,,1,0,Slot__Patch;Slot__CPW_Feed_Pin;Patch__CPW_Feed_Pin,True,Slot__CPW_Feed_Pin,,Slot__CPW_Feed_Pin,,"{""Slot__CPW_Feed_Pin"": {""geometry_type"": ""MultiLineString"", ""relations"": ""overlaps"", ""wkt"": ""MULTILINESTRING ((0.5 22, 0 22), (0 22, -0.5 22))""}}",True,,,True,latin
280,54.923729587706745,2,6.3051663757741121,2.3930067087393878,2,15.505391005866642,4,0.49001723355969939,0.79567738973310753,0.36825565589228382,0.15233161346467794,0.77454545454545454,0.70588235294117652,0.23474178403755869,0.66666666666666663,0.24539877300613497,0.25,0.98592137852980843,0.96695030826041417,0.68376025581347377,0.5,0.5,0,True,,1,0,Slot__Patch;Slot__CPW_Feed_Pin;Patch__CPW_Feed_Pin,True,Slot__CPW_Feed_Pin,,Slot__CPW_Feed_Pin,,"{""Slot__CPW_Feed_Pin"": {""geometry_type"": ""MultiLineString"", ""relations"": ""overlaps"", ""wkt"": ""MULTILINESTRING ((0.5 22, 0 22), (0 22, -0.5 22))""}}",True,,,True,latin
281,57.391296925071821,2,6.3023691613931137,2.4398140411827143,2,16.247408314667371,4,0.60975157012465853,0.97866751348024517,0.26881412132561761,0.17361677546949353,0.77454545454545454,0.70588235294117652,0.23474178403755869,0.66666666666666663,0.24539877300613497,0.25,0.27064525367147879,0.86833231530657962,0.28261326023294253,0.5,0.5,0,True,,1,0,Slot__Patch;Slot__CPW_Feed_Pin;Patch__CPW_Feed_Pin,True,Slot__CPW_Feed_Pin,,Slot__CPW_Feed_Pin,,"{""Slot__CPW_Feed_Pin"": {""geometry_type"": ""MultiLineString"", ""relations"": ""overlaps"", ""wkt"": ""MULTILINESTRING ((0.5 22, 0 22), (0 22, -0.5 22))""}}",True,,,True,latin
282,51.521958994153067,2,5.698518929381291,2.5583730295210314,2,16.254016867831773,4,0.68913034654192817,0.93096320740706284,0.30282653493954387,0.20915511078371249,0.77454545454545454,0.70588235294117652,0.23474178403755869,0.66666666666666663,0.24539877300613497,0.25,0.35227543517692206,0.22364219738534208,0.65459391616348894,0.5,0.5,0,True,,1,0,Slot__Patch;Slot__CPW_Feed_Pin;Patch__CPW_Feed_Pin,True,Slot__CPW_Feed_Pin,,Slot__CPW_Feed_Pin,,"{""Slot__CPW_Feed_Pin"": {""geometry_type"": ""MultiLineString"", ""relations"": ""overlaps"", ""wkt"": ""MULTILINESTRING ((0.5 22, 0 22), (0 22, -0.5 22))""}}",True,,,True,latin
283,56.3227728061078,2,6.078257906836054,2.6457007137299198,2,16.337720625358315,4,0.75570771973508433,0.83798568395732109,0.52424578294134472,0.1294529961745606,0.77454545454545454,0.70588235294117652,0.23474178403755869,0.66666666666666663,0.24539877300613497,0.25,0.37618736582966694,0.76763253664411035,0.91885176646526556,0.5,0.5,0,True,,1,0,Slot__Patch;Slot__CPW_Feed_Pin;Patch__CPW_Feed_Pin,True,Slot__CPW_Feed_Pin,,Slot__CPW_Feed_Pin,,"{""Slot__CPW_Feed_Pin"": {""geometry_type"": ""MultiLineString"", ""relations"": ""overlaps"", ""wkt"": ""MULTILINESTRING ((0.5 22, 0 22), (0 22, -0.5 22))""}}",True,,,True,latin
284,48.117177621493681,2,6.4524769922810989,2.6835389119623612,2,14.041549735976041,4,0.69823607367370344,0.97334754477953522,0.35856631366988428,0.19346971357329512,0.77454545454545454,0.70588235294117652,0.23474178403755869,0.66666666666666663,0.24539877300613497,0.25,0.38193438613408354,0.38181313438510095,0.87552088896684643,0.5,0.5,0,True,,1,0,Slot__Patch;Slot__CPW_Feed_Pin;Patch__CPW_Feed_Pin,True,Slot__CPW_Feed_Pin,,Slot__CPW_Feed_Pin,,"{""Slot__CPW_Feed_Pin"": {""geometry_type"": ""MultiLineString"", ""relations"": ""overlaps"", ""wkt"": ""MULTILINESTRING ((0.5 22, 0 22), (0 22, -0.5 22))""}}",True,,,True,latin
285,54.820339007936361,2,5.8556489417858417,2.4469649565340599,2,15.279722306414849,4,0.58748253835196229,0.73631824559304604,0.48456838979930639,0.10785624035878991,0.77454545454545454,0.70588235294117652,0.23474178403755869,0.66666666666666663,0.24539877300613497,0.25,0.90671854053959633,0.81699486372591901,0.95443658578819923,0.5,0.5,0,True,,1,0,Slot__Patch;Slot__CPW_Feed_Pin;Patch__CPW_Feed_Pin,True,Slot__CPW_Feed_Pin,,Slot__CPW_Feed_Pin,,"{""Slot__CPW_Feed_Pin"": {""geometry_type"": ""MultiLineString"", ""relations"": ""overlaps"", ""wkt"": ""MULTILINESTRING ((0.5 22, 0 22), (0 22, -0.5 22))""}}",True,,,True,latin
286,49.881981303881403,2,6.013694480527553,2.7858335826497109,2,16.410551692008923,4,0.53106525069738941,0.97182490293464829,0.50057483312158413,0.13590459037821079,0.77454545454545454,0.70588235294117652,0.23474178403755869,0.66666666666666663,0.24539877300613497,0.25,0.16931020988518819,0.44934388731283254,0.55405755678366275,0.5,0.5,0,True,,1,0,Slot__Patch;Slot__CPW_Feed_Pin;Patch__CPW_Feed_Pin,True,Slot__CPW_Feed_Pin,,Slot__CPW_Feed_Pin,,"{""Slot__CPW_Feed_Pin"": {""geometry_type"": ""MultiLineString"", ""relations"": ""overlaps"", ""wkt"": ""MULTILINESTRING ((0.5 22, 0 22), (0 22, -0.5 22))""}}",True,,,True,latin
287,52.190696087167808,2,5.8241339196889648,2.3466988435906435,2,15.502640376919496,4,0.6769022683288628,0.92362716614147111,0.37777666502216672,0.29626947434762335,0.77454545454545454,0.70588235294117652,0.23474178403755869,0.66666666666666663,0.24539877300613497,0.25,0.5755295502929495,0.88981103510901149,0.13958262338708954,0.5,0.5,0,True,,1,0,Slot__Patch;Slot__CPW_Feed_Pin;Patch__CPW_Feed_Pin,True,Slot__CPW_Feed_Pin,,Slot__CPW_Feed_Pin,,"{""Slot__CPW_Feed_Pin"": {""geometry_type"": ""MultiLineString"", ""relations"": ""overlaps"", ""wkt"": ""MULTILINESTRING ((0.5 22, 0 22), (0 22, -0.5 22))""}}",True,,,True,latin
288,54.396333522352919,2,6.1568532856707225,2.5049202204438581,2,15.897125186457263,4,0.55120120925186034,0.97240575881578173,0.39279772899527521,0.18094089379918174,0.77454545454545454,0.70588235294117652,0.23474178403755869,0.66666666666666663,0.24539877300613497,0.25,0.74091691421999462,0.17868817004237675,0.93546770960160397,0.5,0.5,0,True,,1,0,Slot__Patch;Slot__CPW_Feed_Pin;Patch__CPW_Feed_Pin,True,Slot__CPW_Feed_Pin,,Slot__CPW_Feed_Pin,,"{""Slot__CPW_Feed_Pin"": {""geometry_type"": ""MultiLineString"", ""relations"": ""overlaps"", ""wkt"": ""MULTILINESTRING ((0.5 22, 0 22), (0 22, -0.5 22))""}}",True,,,True,latin
289,55.486477995418873,2,5.6063906661760914,2.7460826360536053,2,14.197046211262295,4,0.63901003465345629,0.72174607577745675,0.4074068619068959,0.22443255959222749,0.77454545454545454,0.70588235294117652,0.23474178403755869,0.66666666666666663,0.24539877300613497,0.25,0.85949165216565127,0.21415130363242479,0.30167126577661785,0.5,0.5,0,True,,1,0,Slot__Patch;Slot__CPW_Feed_Pin;Patch__CPW_Feed_Pin,True,Slot__CPW_Feed_Pin,,Slot__CPW_Feed_Pin,,"{""Slot__CPW_Feed_Pin"": {""geometry_type"": ""MultiLineString"", ""relations"": ""overlaps"", ""wkt"": ""MULTILINESTRING ((0.5 22, 0 22), (0 22, -0.5 22))""}}",True,,,True,latin
290,56.951580919532852,2,5.669861690569304,2.6398968507967404,2,14.115687807572938,4,0.61913270870472303,0.77572461886059008,0.3759058915332999,0.23120972912949189,0.77454545454545454,0.70588235294117652,0.23474178403755869,0.66666666666666663,0.24539877300613497,0.25,0.60599950732559094,0.099963135838036926,0.12599967594564526,0.5,0.5,0,True,,1,0,Slot__Patch;Slot__CPW_Feed_Pin;Patch__CPW_Feed_Pin,True,Slot__CPW_Feed_Pin,,Slot__CPW_Feed_Pin,,"{""Slot__CPW_Feed_Pin"": {""geometry_type"": ""MultiLineString"", ""relations"": ""overlaps"", ""wkt"": ""MULTILINESTRING ((0.5 22, 0 22), (0 22, -0.5 22))""}}",True,,,True,latin
291,57.864040938741553,2,6.2578549607247185,2.5665582704872394,2,15.250255284533836,4,0.65883428256143994,0.8117688649308995,0.44763633838488626,0.17782739918590121,0.77454545454545454,0.70588235294117652,0.23474178403755869,0.66666666666666663,0.24539877300613497,0.25,0.26771425218936229,0.35866939198282838,0.94676576067935758,0.5,0.5,0,True,,1,0,Slot__Patch;Slot__CPW_Feed_Pin;Patch__CPW_Feed_Pin,True,Slot__CPW_Feed_Pin,,Slot__CPW_Feed_Pin,,"{""Slot__CPW_Feed_Pin"": {""geometry_type"": ""MultiLineString"", ""relations"": ""overlaps"", ""wkt"": ""MULTILINESTRING ((0.5 22, 0 22), (0 22, -0.5 22))""}}",True,,,True,latin
292,54.016420134161756,2,6.1955130257529172,2.5044187263403557,2,16.458208573975327,4,0.58474860172911602,0.73918414072792105,0.30464105133697916,0.26184955368642782,0.77454545454545454,0.70588235294117652,0.23474178403755869,0.66666666666666663,0.24539877300613497,0.25,0.27243546335863705,0.4347431471905126,0.09011685987522812,0.5,0.5,0,True,,1,0,Slot__Patch;Slot__CPW_Feed_Pin;Patch__CPW_Feed_Pin,True,Slot__CPW_Feed_Pin,,Slot__CPW_Feed_Pin,,"{""Slot__CPW_Feed_Pin"": {""geometry_type"": ""MultiLineString"", ""relations"": ""overlaps"", ""wkt"": ""MULTILINESTRING ((0.5 22, 0 22), (0 22, -0.5 22))""}}",True,,,True,latin
293,49.425515071629789,2,5.4207905127544986,2.6378681014959433,2,15.473974251097141,4,0.65423281502558506,0.9576677319065322,0.45966249600981052,0.080466200744291227,0.77454545454545454,0.70588235294117652,0.23474178403755869,0.66666666666666663,0.24539877300613497,0.25,0.51737521325616742,0.35428928700946322,0.78982614752919711,0.5,0.5,0,True,,1,0,Slot__Patch;Slot__CPW_Feed_Pin;Patch__CPW_Feed_Pin,True,Slot__CPW_Feed_Pin,,Slot__CPW_Feed_Pin,,"{""Slot__CPW_Feed_Pin"": {""geometry_type"": ""MultiLineString"", ""relations"": ""overlaps"", ""wkt"": ""MULTILINESTRING ((0.5 22, 0 22), (0 22, -0.5 22))""}}",True,,,True,latin
294,48.487095732643077,2,5.6002615135731446,2.5762339749381531,2,15.350870068709563,4,0.46832025341250894,0.76107912536536793,0.52978801784412133,0.24388785048267861,0.77454545454545454,0.70588235294117652,0.23474178403755869,0.66666666666666663,0.24539877300613497,0.25,0.63911299661002885,0.46978007136021954,0.096975028304666588,0.5,0.5,0,True,,1,0,Slot__Patch;Slot__CPW_Feed_Pin;Patch__CPW_Feed_Pin,True,Slot__CPW_Feed_Pin,,Slot__CPW_Feed_Pin,,"{""Slot__CPW_Feed_Pin"": {""geometry_type"": ""MultiLineString"", ""relations"": ""overlaps"", ""wkt"": ""MULTILINESTRING ((0.5 22, 0 22), (0 22, -0.5 22))""}}",True,,,True,latin
295,52.131135158015184,2,5.4035072180875634,2.6571019698197769,2,14.303605335352733,4,0.53653796292573408,0.77938255762761566,0.5009720792629867,0.065381884872906373,0.77454545454545454,0.70588235294117652,0.23474178403755869,0.66666666666666663,0.24539877300613497,0.25,0.36887461045585535,0.69183278391814373,0.49890575596894704,0.5,0.5,0,True,,1,0,Slot__Patch;Slot__CPW_Feed_Pin;Patch__CPW_Feed_Pin,True,Slot__CPW_Feed_Pin,,Slot__CPW_Feed_Pin,,"{""Slot__CPW_Feed_Pin"": {""geometry_type"": ""MultiLineString"", ""relations"": ""overlaps"", ""wkt"": ""MULTILINESTRING ((0.5 22, 0 22), (0 22, -0.5 22))""}}",True,,,True,latin
296,56.251975830167858,2,5.8356978343785615,2.4592584698605604,2,14.936416083892672,4,0.59041068497955962,0.7317735503167766,0.44826553200673824,0.042817429731176804,0.77454545454545454,0.70588235294117652,0.23474178403755869,0.66666666666666663,0.24539877300613497,0.25,0.2903547179170356,0.77814679498232719,0.64016606551076727,0.5,0.5,0,True,,1,0,Slot__Patch;Slot__CPW_Feed_Pin;Patch__CPW_Feed_Pin,True,Slot__CPW_Feed_Pin,,Slot__CPW_Feed_Pin,,"{""Slot__CPW_Feed_Pin"": {""geometry_type"": ""MultiLineString"", ""relations"": ""overlaps"", ""wkt"": ""MULTILINESTRING ((0.5 22, 0 22), (0 22, -0.5 22))""}}",True,,,True,latin
297,58.184060659870248,2,5.8764040341771917,2.5492093822029394,2,14.18498200111517,4,0.64599155582663004,0.91253450228502997,0.37531948943898807,0.26307558087555466,0.77454545454545454,0.70588235294117652,0.23474178403755869,0.66666666666666663,0.24539877300613497,0.25,0.86660266384279161,0.38287372455340096,0.85288912558139096,0.5,0.5,0,True,,1,0,Slot__Patch;Slot__CPW_Feed_Pin;Patch__CPW_Feed_Pin,True,Slot__CPW_Feed_Pin,,Slot__CPW_Feed_Pin,,"{""Slot__CPW_Feed_Pin"": {""geometry_type"": ""MultiLineString"", ""relations"": ""overlaps"", ""wkt"": ""MULTILINESTRING ((0.5 22, 0 22), (0 22, -0.5 22))""}}",True,,,True,latin
298,54.331834924216921,2,6.5875921657618779,2.6277892600423005,2,14.842283023186083,4,0.58303687208897914,0.78165435363280544,0.36177658853151401,0.23003199535606841,0.77454545454545454,0.70588235294117652,0.23474178403755869,0.66666666666666663,0.24539877300613497,0.25,0.18375127355340864,0.30376280070022882,0.36310259118724536,0.5,0.5,0,True,,1,0,Slot__Patch;Slot__CPW_Feed_Pin;Patch__CPW_Feed_Pin,True,Slot__CPW_Feed_Pin,,Slot__CPW_Feed_Pin,,"{""Slot__CPW_Feed_Pin"": {""geometry_type"": ""MultiLineString"", ""relations"": ""overlaps"", ""wkt"": ""MULTILINESTRING ((0.5 22, 0 22), (0 22, -0.5 22))""}}",True,,,True,latin
299,55.506740645555375,2,5.4606689490484115,2.4975842211663579,2,15.141329726358137,4,0.637544987950179,0.75214078048314648,0.44245144240367462,0.14343902465419991,0.77454545454545454,0.70588235294117652,0.23474178403755869,0.66666666666666663,0.24539877300613497,0.25,0.99116290105715943,0.92416078195176765,0.38315915376556747,0.5,0.5,0,True,,1,0,Slot__Patch;Slot__CPW_Feed_Pin;Patch__CPW_Feed_Pin,True,Slot__CPW_Feed_Pin,,Slot__CPW_Feed_Pin,,"{""Slot__CPW_Feed_Pin"": {""geometry_type"": ""MultiLineString"", ""relations"": ""overlaps"", ""wkt"": ""MULTILINESTRING ((0.5 22, 0 22), (0 22, -0.5 22))""}}",True,,,True,latin
300,50.059349273560414,2,5.7860851788224972,2.847464789215671,2,14.215492653424464,4,0.55603640308842728,0.84935982028553303,0.45092211582125563,0.20007551115271807,0.77454545454545454,0.70588235294117652,0.23474178403755869,0.66666666666666663,0.24539877300613497,0.25,0.3074155876876089,0.9092028167282914,0.060417826977559083,0.5,0.5,0,True,,1,0,Slot__Patch;Slot__CPW_Feed_Pin;Patch__CPW_Feed_Pin,True,Slot__CPW_Feed_Pin,,Slot__CPW_Feed_Pin,,"{""Slot__CPW_Feed_Pin"": {""geometry_type"": ""MultiLineString"", ""relations"": ""overlaps"", ""wkt"": ""MULTILINESTRING ((0.5 22, 0 22), (0 22, -0.5 22))""}}",True,,,True,latin
301,51.650992836881549,2,6.4199430624457472,2.6351018379661602,2,14.022054461589841,4,0.47082322371517077,0.86925866339995284,0.39604004632953749,0.10767064155465532,0.77454545454545454,0.70588235294117652,0.23474178403755869,0.66666666666666663,0.24539877300613497,0.25,0.8627403690525659,0.9605178347180261,0.72940919180209041,0.5,0.5,0,True,,1,0,Slot__Patch;Slot__CPW_Feed_Pin;Patch__CPW_Feed_Pin,True,Slot__CPW_Feed_Pin,,Slot__CPW_Feed_Pin,,"{""Slot__CPW_Feed_Pin"": {""geometry_type"": ""MultiLineString"", ""relations"": ""overlaps"", ""wkt"": ""MULTILINESTRING ((0.5 22, 0 22), (0 22, -0.5 22))""}}",True,,,True,latin
302,48.04862882023135,2,6.4577955943308369,2.3813650109601294,2,13.718125917818819,4,0.50166721126558822,0.70201693263184406,0.38726442034324482,0.03885553644466546,0.77454545454545454,0.70588235294117652,0.23474178403755869,0.66666666666666663,0.24539877300613497,0.25,0.52384126039499823,0.91668044870163568,0.72707737132569739,0.5,0.5,0,True,,1,0,Slot__Patch;Slot__CPW_Feed_Pin;Patch__CPW_Feed_Pin,True,Slot__CPW_Feed_Pin,,Slot__CPW_Feed_Pin,,"{""Slot__CPW_Feed_Pin"": {""geometry_type"": ""MultiLineString"", ""relations"": ""overlaps"", ""wkt"": ""MULTILINESTRING ((0.5 22, 0 22), (0 22, -0.5 22))""}}",True,,,True,latin
303,54.5888391845059,2,5.475076027195886,2.3726359825356731,2,14.637549880798096,4,0.72523812527168618,0.84520490588567843,0.49943750851226637,0.27368977485488449,0.77454545454545454,0.70588235294117652,0.23474178403755869,0.66666666666666663,0.24539877300613497,0.25,0.33380916151023743,0.94823261803844439,0.62250406689729321,0.5,0.5,0,True,,1,0,Slot__Patch;Slot__CPW_Feed_Pin;Patch__CPW_Feed_Pin,True,Slot__CPW_Feed_Pin,,Slot__CPW_Feed_Pin,,"{""Slot__CPW_Feed_Pin"": {""geometry_type"": ""MultiLineString"", ""relations"": ""overlaps"", ""wkt"": ""MULTILINESTRING ((0.5 22, 0 22), (0 22, -0.5 22))""}}",True,,,True,latin
304,56.53326976216438,2,5.6512490783064413,2.4695479091790546,2,15.285744440260583,4,0.47278040028255403,0.91874863248313088,0.3067857348549814,0.22134466807404618,0.77454545454545454,0.70588235294117652,0.23474178403755869,0.66666666666666663,0.24539877300613497,0.25,0.17710424137168768,0.76332425394577996,0.64469652633481167,0.5,0.5,0,True,,1,0,Slot__Patch;Slot__CPW_Feed_Pin;Patch__CPW_Feed_Pin,True,Slot__CPW_Feed_Pin,,Slot__CPW_Feed_Pin,,"{""Slot__CPW_Feed_Pin"": {""geometry_type"": ""MultiLineString"", ""relations"": ""overlaps"", ""wkt"": ""MULTILINESTRING ((0.5 22, 0 22), (0 22, -0.5 22))""}}",True,,,True,latin
305,51.186974065387481,2,6.295618275907886,2.7649529248367362,2,13.667087745216213,4,0.53555412636718336,0.71774886960500217,0.26189733957462275,0.19587043587739253,0.77454545454545454,0.70588235294117652,0.23474178403755869,0.66666666666666663,0.24539877300613497,0.25,0.30452075686666258,0.73900090956478282,0.8080042521541273,0.5,0.5,0,True,,1,0,Slot__Patch;Slot__CPW_Feed_Pin;Patch__CPW_Feed_Pin,True,Slot__CPW_Feed_Pin,,Slot__CPW_Feed_Pin,,"{""Slot__CPW_Feed_Pin"": {""geometry_type"": ""MultiLineString"", ""relations"": ""overlaps"", ""wkt"": ""MULTILINESTRING ((0.5 22, 0 22), (0 22, -0.5 22))""}}",True,,,True,latin
306,53.302702139768982,2,5.8388075038625313,2.7473601767612226,2,16.161526961872589,4,0.61518641977699917,0.81801587755430794,0.45306876096331428,0.21061991328588001,0.77454545454545454,0.70588235294117652,0.23474178403755869,0.66666666666666663,0.24539877300613497,0.25,0.22350554133193773,0.46497767385758554,0.80529036055141889,0.5,0.5,0,True,,1,0,Slot__Patch;Slot__CPW_Feed_Pin;Patch__CPW_Feed_Pin,True,Slot__CPW_Feed_Pin,,Slot__CPW_Feed_Pin,,"{""Slot__CPW_Feed_Pin"": {""geometry_type"": ""MultiLineString"", ""relations"": ""overlaps"", ""wkt"": ""MULTILINESTRING ((0.5 22, 0 22), (0 22, -0.5 22))""}}",True,,,True,latin
307,49.83870966107834,2,5.6249585796212145,2.3489702789890679,2,15.867213099938482,4,0.74718358914138139,0.8271373138718584,0.36392514629441269,0.14209546936892295,0.77454545454545454,0.70588235294117652,0.23474178403755869,0.66666666666666663,0.24539877300613497,0.25,0.77474030207145028,0.19733334321121454,0.68576827451756783,0.5,0.5,0,True,,1,0,Slot__Patch;Slot__CPW_Feed_Pin;Patch__CPW_Feed_Pin,True,Slot__CPW_Feed_Pin,,Slot__CPW_Feed_Pin,,"{""Slot__CPW_Feed_Pin"": {""geometry_type"": ""MultiLineString"", ""relations"": ""overlaps"", ""wkt"": ""MULTILINESTRING ((0.5 22, 0 22), (0 22, -0.5 22))""}}",True,,,True,latin
308,54.826357825198215,2,6.4799231426835568,2.7233796178668905,2,14.715848841654937,4,0.52864867084983169,0.89793877563426272,0.37367277483375738,0.067622113199609604,0.77454545454545454,0.70588235294117652,0.23474178403755869,0.66666666666666663,0.24539877300613497,0.25,0.25007117897284264,0.10797800826563164,0.95740150461655149,0.5,0.5,0,True,,1,0,Slot__Patch;Slot__CPW_Feed_Pin;Patch__CPW_Feed_Pin,True,Slot__CPW_Feed_Pin,,Slot__CPW_Feed_Pin,,"{""Slot__CPW_Feed_Pin"": {""geometry_type"": ""MultiLineString"", ""relations"": ""overlaps"", ""wkt"": ""MULTILINESTRING ((0.5 22, 0 22), (0 22, -0.5 22))""}}",True,,,True,latin
309,54.464170138071829,2,5.5069417913163434,2.7119353079119186,2,15.607181611536397,4,0.65961720251708944,0.88981660149933295,0.50317576657685448,0.26620514312681276,0.77454545454545454,0.70588235294117652,0.23474178403755869,0.66666666666666663,0.24539877300613497,0.25,0.58402482607109352,0.78793943310326608,0.82367573890893542,0.5,0.5,0,True,,1,0,Slot__Patch;Slot__CPW_Feed_Pin;Patch__CPW_Feed_Pin,True,Slot__CPW_Feed_Pin,,Slot__CPW_Feed_Pin,,"{""Slot__CPW_Feed_Pin"": {""geometry_type"": ""MultiLineString"", ""relations"": ""overlaps"", ""wkt"": ""MULTILINESTRING ((0.5 22, 0 22), (0 22, -0.5 22))""}}",True,,,True,latin
310,48.825031798002989,2,5.4174793316571277,2.8129367304275208,2,16.066522553563725,4,0.67486721469942934,0.98400581134891674,0.45732885620992181,0.1245013626853981,0.77454545454545454,0.70588235294117652,0.23474178403755869,0.66666666666666663,0.24539877300613497,0.25,0.72759544462542824,0.41825574827822837,0.22327213654272982,0.5,0.5,0,True,,1,0,Slot__Patch;Slot__CPW_Feed_Pin;Patch__CPW_Feed_Pin,True,Slot__CPW_Feed_Pin,,Slot__CPW_Feed_Pin,,"{""Slot__CPW_Feed_Pin"": {""geometry_type"": ""MultiLineString"", ""relations"": ""overlaps"", ""wkt"": ""MULTILINESTRING ((0.5 22, 0 22), (0 22, -0.5 22))""}}",True,,,True,latin
311,54.617937676252666,2,6.2131219892549963,2.5645995466153382,2,13.51289747143549,4,0.57335505256508101,0.84238014705393449,0.28172597985957037,0.064682953190833739,0.77454545454545454,0.70588235294117652,0.23474178403755869,0.66666666666666663,0.24539877300613497,0.25,0.10566731049451059,0.6963123299345354,0.99178517075940165,0.5,0.5,0,True,,1,0,Slot__Patch;Slot__CPW_Feed_Pin;Patch__CPW_Feed_Pin,True,Slot__CPW_Feed_Pin,,Slot__CPW_Feed_Pin,,"{""Slot__CPW_Feed_Pin"": {""geometry_type"": ""MultiLineString"", ""relations"": ""overlaps"", ""wkt"": ""MULTILINESTRING ((0.5 22, 0 22), (0 22, -0.5 22))""}}",True,,,True,latin
312,53.342425436703223,2,6.5037966242490866,2.6913904807962603,2,15.158093710002088,4,0.62233890853785656,0.8995136862797416,0.55764450732630522,0.059058101734082991,0.77454545454545454,0.70588235294117652,0.23474178403755869,0.66666666666666663,0.24539877300613497,0.25,0.92595790732123873,0.86510594719583644,0.50220282167979846,0.5,0.5,0,True,,1,0,Slot__Patch;Slot__CPW_Feed_Pin;Patch__CPW_Feed_Pin,True,Slot__CPW_Feed_Pin,,Slot__CPW_Feed_Pin,,"{""Slot__CPW_Feed_Pin"": {""geometry_type"": ""MultiLineString"", ""relations"": ""overlaps"", ""wkt"": ""MULTILINESTRING ((0.5 22, 0 22), (0 22, -0.5 22))""}}",True,,,True,latin
313,49.765443039664135,2,5.7224299092997342,2.5238312978585813,2,15.997962403934615,4,0.54963988977045397,0.93218411790613198,0.26302776239008385,0.24118025060625586,0.77454545454545454,0.70588235294117652,0.23474178403755869,0.66666666666666663,0.24539877300613497,0.25,0.47802908440419289,0.11175031586447369,0.080978702656271218,0.5,0.5,0,True,,1,0,Slot__Patch;Slot__CPW_Feed_Pin;Patch__CPW_Feed_Pin,True,Slot__CPW_Feed_Pin,,Slot__CPW_Feed_Pin,,"{""Slot__CPW_Feed_Pin"": {""geometry_type"": ""MultiLineString"", ""relations"": ""overlaps"", ""wkt"": ""MULTILINESTRING ((0.5 22, 0 22), (0 22, -0.5 22))""}}",True,,,True,latin
314,51.032143114954749,2,5.614315590977931,2.8006541333880954,2,15.368743450989051,4,0.73889890283257931,0.86122084999986015,0.33121683118191025,0.17178957616590651,0.77454545454545454,0.70588235294117652,0.23474178403755869,0.66666666666666663,0.24539877300613497,0.25,0.61268438573884998,0.25910403924621411,0.086027222425602873,0.5,0.5,0,True,,1,0,Slot__Patch;Slot__CPW_Feed_Pin;Patch__CPW_Feed_Pin,True,Slot__CPW_Feed_Pin,,Slot__CPW_Feed_Pin,,"{""Slot__CPW_Feed_Pin"": {""geometry_type"": ""MultiLineString"", ""relations"": ""overlaps"", ""wkt"": ""MULTILINESTRING ((0.5 22, 0 22), (0 22, -0.5 22))""}}",True,,,True,latin
315,47.78459302114949,2,5.6104591269423292,2.5533760059474417,2,15.613177368568037,4,0.54073598443873439,0.90527547255533836,0.47615775609918337,0.14940081909572223,0.77454545454545454,0.70588235294117652,0.23474178403755869,0.66666666666666663,0.24539877300613497,0.25,0.60818132853291151,0.70602669690492448,0.91698834827361519,0.5,0.5,0,True,,1,0,Slot__Patch;Slot__CPW_Feed_Pin;Patch__CPW_Feed_Pin,True,Slot__CPW_Feed_Pin,,Slot__CPW_Feed_Pin,,"{""Slot__CPW_Feed_Pin"": {""geometry_type"": ""MultiLineString"", ""relations"": ""overlaps"", ""wkt"": ""MULTILINESTRING ((0.5 22, 0 22), (0 22, -0.5 22))""}}",True,,,True,latin
316,52.787919643130401,2,6.1027253588704964,2.4417274996074987,2,15.110311559333899,4,0.55666008194425809,0.9327434423421771,0.39848836694600187,0.093799435742750306,0.77454545454545454,0.70588235294117652,0.23474178403755869,0.66666666666666663,0.24539877300613497,0.25,0.62646701843884189,0.13357712596468485,0.25536028043250208,0.5,0.5,0,True,,1,0,Slot__Patch;Slot__CPW_Feed_Pin;Patch__CPW_Feed_Pin,True,Slot__CPW_Feed_Pin,,Slot__CPW_Feed_Pin,,"{""Slot__CPW_Feed_Pin"": {""geometry_type"": ""MultiLineString"", ""relations"": ""overlaps"", ""wkt"": ""MULTILINESTRING ((0.5 22, 0 22), (0 22, -0.5 22))""}}",True,,,True,latin
317,53.596080733087312,2,6.2614358981273694,2.8575678513823997,2,16.298712967491163,4,0.66005246726715228,0.9413702606692036,0.31818540023768282,0.020771694479465627,0.77454545454545454,0.70588235294117652,0.23474178403755869,0.66666666666666663,0.24539877300613497,0.25,0.7698013581490899,0.143189778162716,0.14946537067191096,0.5,0.5,0,True,,1,0,Slot__Patch;Slot__CPW_Feed_Pin;Patch__CPW_Feed_Pin,True,Slot__CPW_Feed_Pin,,Slot__CPW_Feed_Pin,,"{""Slot__CPW_Feed_Pin"": {""geometry_type"": ""MultiLineString"", ""relations"": ""overlaps"", ""wkt"": ""MULTILINESTRING ((0.5 22, 0 22), (0 22, -0.5 22))""}}",True,,,True,latin
318,51.714982847672736,2,6.318125628940547,2.6687784550476299,2,16.152995316807843,4,0.48668208931224571,0.89919858194114943,0.45755314745866049,0.24916412703401242,0.77454545454545454,0.70588235294117652,0.23474178403755869,0.66666666666666663,0.24539877300613497,0.25,0.70992069959770676,0.54219001948479462,0.84102903129873074,0.5,0.5,0,True,,1,0,Slot__Patch;Slot__CPW_Feed_Pin;Patch__CPW_Feed_Pin,True,Slot__CPW_Feed_Pin,,Slot__CPW_Feed_Pin,,"{""Slot__CPW_Feed_Pin"": {""geometry_type"": ""MultiLineString"", ""relations"": ""overlaps"", ""wkt"": ""MULTILINESTRING ((0.5 22, 0 22), (0 22, -0.5 22))""}}",True,,,True,latin
319,50.441699454633387,2,5.5401711018357256,2.5912469391535971,2,13.768600340368705,4,0.59956837768665172,0.82624406703599873,0.39998280591685409,0.16286542750818292,0.77454545454545454,0.70588235294117652,0.23474178403755869,0.66666666666666663,0.24539877300613497,0.25,0.22937802980578414,0.2867026335454585,0.94038275667738247,0.5,0.5,0,True,,1,0,Slot__Patch;Slot__CPW_Feed_Pin;Patch__CPW_Feed_Pin,True,Slot__CPW_Feed_Pin,,Slot__CPW_Feed_Pin,,"{""Slot__CPW_Feed_Pin"": {""geometry_type"": ""MultiLineString"", ""relations"": ""overlaps"", ""wkt"": ""MULTILINESTRING ((0.5 22, 0 22), (0 22, -0.5 22))""}}",True,,,True,latin
320,51.757029723642717,2,6.3835889021242478,2.6847723380375403,2,13.844192512972869,4,0.52249349990501859,0.79212800451989085,0.55707316380627714,0.26504586498925647,0.77454545454545454,0.70588235294117652,0.23474178403755869,0.66666666666666663,0.24539877300613497,0.25,0.20965169662416844,0.4892730260020367,0.16253274408654611,0.5,0.5,0,True,,1,0,Slot__Patch;Slot__CPW_Feed_Pin;Patch__CPW_Feed_Pin,True,Slot__CPW_Feed_Pin,,Slot__CPW_Feed_Pin,,"{""Slot__CPW_Feed_Pin"": {""geometry_type"": ""MultiLineString"", ""relations"": ""overlaps"", ""wkt"": ""MULTILINESTRING ((0.5 22, 0 22), (0 22, -0.5 22))""}}",True,,,True,latin
321,55.168680944494042,2,6.4624199840443382,2.8204700421494531,2,14.774152114873425,4,0.73699297743823533,0.94859573840750189,0.43229081938325659,0.14126419767042961,0.77454545454545454,0.70588235294117652,0.23474178403755869,0.66666666666666663,0.24539877300613497,0.25,0.76638538445284154,0.30956455310133896,0.4037200909159796,0.5,0.5,0,True,,1,0,Slot__Patch;Slot__CPW_Feed_Pin;Patch__CPW_Feed_Pin,True,Slot__CPW_Feed_Pin,,Slot__CPW_Feed_Pin,,"{""Slot__CPW_Feed_Pin"": {""geometry_type"": ""MultiLineString"", ""relations"": ""overlaps"", ""wkt"": ""MULTILINESTRING ((0.5 22, 0 22), (0 22, -0.5 22))""}}",True,,,True,latin
322,55.947537987395464,2,6.229665593307991,2.5286193623844726,2,13.702237602525786,4,0.56618979835214711,0.98249077753791914,0.26382743488950816,0.088834936074267568,0.77454545454545454,0.70588235294117652,0.23474178403755869,0.66666666666666663,0.24539877300613497,0.25,0.31152804000815953,0.45416772331089117,0.72219927241999093,0.5,0.5,0,True,,1,0,Slot__Patch;Slot__CPW_Feed_Pin;Patch__CPW_Feed_Pin,True,Slot__CPW_Feed_Pin,,Slot__CPW_Feed_Pin,,"{""Slot__CPW_Feed_Pin"": {""geometry_type"": ""MultiLineString"", ""relations"": ""overlaps"", ""wkt"": ""MULTILINESTRING ((0.5 22, 0 22), (0 22, -0.5 22))""}}",True,,,True,latin
323,51.672087458871999,2,6.4978994544916837,2.7094555028813665,2,15.295240301315491,4,0.50005195048314577,0.79821928060166181,0.29688746779258385,0.0091274240341258899,0.77454545454545454,0.70588235294117652,0.23474178403755869,0.66666666666666663,0.24539877300613497,0.25,0.91331615693580692,0.61017857203598891,0.35215772589083116,0.5,0.5,0,True,,1,0,Slot__Patch;Slot__CPW_Feed_Pin;Patch__CPW_Feed_Pin,True,Slot__CPW_Feed_Pin,,Slot__CPW_Feed_Pin,,"{""Slot__CPW_Feed_Pin"": {""geometry_type"": ""MultiLineString"", ""relations"": ""overlaps"", ""wkt"": ""MULTILINESTRING ((0.5 22, 0 22), (0 22, -0.5 22))""}}",True,,,True,latin
324,52.625773205933257,2,6.4049429479403788,2.432082675928732,2,15.423633760131043,4,0.54319787329513758,0.72854625848219179,0.410288947950323,0.017191188563104462,0.77454545454545454,0.70588235294117652,0.23474178403755869,0.66666666666666663,0.24539877300613497,0.25,0.6165239316530966,0.87757543040523955,0.74673510932220966,0.5,0.5,0,True,,1,0,Slot__Patch;Slot__CPW_Feed_Pin;Patch__CPW_Feed_Pin,True,Slot__CPW_Feed_Pin,,Slot__CPW_Feed_Pin,,"{""Slot__CPW_Feed_Pin"": {""geometry_type"": ""MultiLineString"", ""relations"": ""overlaps"", ""wkt"": ""MULTILINESTRING ((0.5 22, 0 22), (0 22, -0.5 22))""}}",True,,,True,latin
325,49.970715426878506,2,6.0009947402317616,2.6375377229996597,2,14.03591301556073,4,0.53557901626062265,0.86291569693763404,0.49777679339328773,0.21733061960143732,0.77454545454545454,0.70588235294117652,0.23474178403755869,0.66666666666666663,0.24539877300613497,0.25,0.38474338597469854,0.99918599686364806,0.17824946502838701,0.5,0.5,0,True,,1,0,Slot__Patch;Slot__CPW_Feed_Pin;Patch__CPW_Feed_Pin,True,Slot__CPW_Feed_Pin,,Slot__CPW_Feed_Pin,,"{""Slot__CPW_Feed_Pin"": {""geometry_type"": ""MultiLineString"", ""relations"": ""overlaps"", ""wkt"": ""MULTILINESTRING ((0.5 22, 0 22), (0 22, -0.5 22))""}}",True,,,True,latin
326,48.640602845687098,2,6.388674554011021,2.3628939365132915,2,14.920641327886539,4,0.53684982220398081,0.98324289520407104,0.37428553439933643,0.25532474489945972,0.77454545454545454,0.70588235294117652,0.23474178403755869,0.66666666666666663,0.24539877300613497,0.25,0.48347479422291156,0.79408378845279037,0.31721094275405265,0.5,0.5,0,True,,1,0,Slot__Patch;Slot__CPW_Feed_Pin;Patch__CPW_Feed_Pin,True,Slot__CPW_Feed_Pin,,Slot__CPW_Feed_Pin,,"{""Slot__CPW_Feed_Pin"": {""geometry_type"": ""MultiLineString"", ""relations"": ""overlaps"", ""wkt"": ""MULTILINESTRING ((0.5 22, 0 22), (0 22, -0.5 22))""}}",True,,,True,latin
327,52.53506440475573,2,5.9496040989395222,2.4940531402560375,2,14.832803885730838,4,0.60893036298756209,0.91491015872909687,0.27463675930382281,0.069841219190000081,0.77454545454545454,0.70588235294117652,0.23474178403755869,0.66666666666666663,0.24539877300613497,0.25,0.95750720164984005,0.086558180102189575,0.80952749476632369,0.5,0.5,0,True,,1,0,Slot__Patch;Slot__CPW_Feed_Pin;Patch__CPW_Feed_Pin,True,Slot__CPW_Feed_Pin,,Slot__CPW_Feed_Pin,,"{""Slot__CPW_Feed_Pin"": {""geometry_type"": ""MultiLineString"", ""relations"": ""overlaps"", ""wkt"": ""MULTILINESTRING ((0.5 22, 0 22), (0 22, -0.5 22))""}}",True,,,True,latin
328,57.729150718850676,2,6.4073602383158637,2.4278226269700931,2,14.211198053021342,4,0.73500863708196973,0.74920030530486614,0.43800160307365643,0.15149494929903493,0.77454545454545454,0.70588235294117652,0.23474178403755869,0.66666666666666663,0.24539877300613497,0.25,0.68068198178920669,0.16127381243099617,0.4723469743775045,0.5,0.5,0,True,,1,0,Slot__Patch;Slot__CPW_Feed_Pin;Patch__CPW_Feed_Pin,True,Slot__CPW_Feed_Pin,,Slot__CPW_Feed_Pin,,"{""Slot__CPW_Feed_Pin"": {""geometry_type"": ""MultiLineString"", ""relations"": ""overlaps"", ""wkt"": ""MULTILINESTRING ((0.5 22, 0 22), (0 22, -0.5 22))""}}",True,,,True,latin
329,56.906402219906546,2,6.4757757160900793,2.5069214151063064,2,14.243988190470084,4,0.72734224330781361,0.94510040507221804,0.29125006334069181,0.29272472051795084,0.77454545454545454,0.70588235294117652,0.23474178403755869,0.66666666666666663,0.24539877300613497,0.25,0.28394405649673315,0.8252790293959964,0.37765485728496873,0.5,0.5,0,True,,1,0,Slot__Patch;Slot__CPW_Feed_Pin;Patch__CPW_Feed_Pin,True,Slot__CPW_Feed_Pin,,Slot__CPW_Feed_Pin,,"{""Slot__CPW_Feed_Pin"": {""geometry_type"": ""MultiLineString"", ""relations"": ""overlaps"", ""wkt"": ""MULTILINESTRING ((0.5 22, 0 22), (0 22, -0.5 22))""}}",True,,,True,latin
330,56.293984268265959,2,6.5849631137980449,2.7780187055913395,2,13.640575954279035,4,0.59627753626291957,0.78819352526229636,0.53305607937544575,0.11186382550202134,0.77454545454545454,0.70588235294117652,0.23474178403755869,0.66666666666666663,0.24539877300613497,0.25,0.54502200968019232,0.53031760389943527,0.50695959464566187,0.5,0.5,0,True,,1,0,Slot__Patch;Slot__CPW_Feed_Pin;Patch__CPW_Feed_Pin,True,Slot__CPW_Feed_Pin,,Slot__CPW_Feed_Pin,,"{""Slot__CPW_Feed_Pin"": {""geometry_type"": ""MultiLineString"", ""relations"": ""overlaps"", ""wkt"": ""MULTILINESTRING ((0.5 22, 0 22), (0 22, -0.5 22))""}}",True,,,True,latin
331,53.665622828564494,2,6.2364226406795336,2.5895999501469795,2,15.115680214923541,4,0.5801161655574899,0.8541891622491693,0.48651864081082608,0.0097711958899565701,0.77454545454545454,0.70588235294117652,0.23474178403755869,0.66666666666666663,0.24539877300613497,0.25,0.98890778126756318,0.94638101846062084,0.63516622770022146,0.5,0.5,0,True,,1,0,Slot__Patch;Slot__CPW_Feed_Pin;Patch__CPW_Feed_Pin,True,Slot__CPW_Feed_Pin,,Slot__CPW_Feed_Pin,,"{""Slot__CPW_Feed_Pin"": {""geometry_type"": ""MultiLineString"", ""relations"": ""overlaps"", ""wkt"": ""MULTILINESTRING ((0.5 22, 0 22), (0 22, -0.5 22))""}}",True,,,True,latin
332,56.626373068142804,2,5.4237356128400505,2.7817287689357508,2,15.994041763255005,4,0.56191300448788872,0.73301819643198929,0.46726470361001049,0.2328923661986449,0.77454545454545454,0.70588235294117652,0.23474178403755869,0.66666666666666663,0.24539877300613497,0.25,0.81658766572615649,0.14625875661921123,0.98144249354048518,0.5,0.5,0,True,,1,0,Slot__Patch;Slot__CPW_Feed_Pin;Patch__CPW_Feed_Pin,True,Slot__CPW_Feed_Pin,,Slot__CPW_Feed_Pin,,"{""Slot__CPW_Feed_Pin"": {""geometry_type"": ""MultiLineString"", ""relations"": ""overlaps"", ""wkt"": ""MULTILINESTRING ((0.5 22, 0 22), (0 22, -0.5 22))""}}",True,,,True,latin
333,55.549025188705244,2,5.7240432497250335,2.5234638171755717,2,13.864962704529317,4,0.74133402949614624,0.90837651396501096,0.37375279367246106,0.083635674082306058,0.77454545454545454,0.70588235294117652,0.23474178403755869,0.66666666666666663,0.24539877300613497,0.25,0.49247035228118491,0.61664620815938342,0.36074707561470953,0.5,0.5,0,True,,1,0,Slot__Patch;Slot__CPW_Feed_Pin;Patch__CPW_Feed_Pin,True,Slot__CPW_Feed_Pin,,Slot__CPW_Feed_Pin,,"{""Slot__CPW_Feed_Pin"": {""geometry_type"": ""MultiLineString"", ""relations"": ""overlaps"", ""wkt"": ""MULTILINESTRING ((0.5 22, 0 22), (0 22, -0.5 22))""}}",True,,,True,latin
334,50.554485459870904,2,6.2651236675011024,2.6975076477374511,2,15.788871150036663,4,0.70048110746076542,0.74431078860570299,0.28468335928417743,0.12808198542857713,0.77454545454545454,0.70588235294117652,0.23474178403755869,0.66666666666666663,0.24539877300613497,0.25,0.073084923962288037,0.27326755385540635,0.22460417978261765,0.5,0.5,0,True,,1,0,Slot__Patch;Slot__CPW_Feed_Pin;Patch__CPW_Feed_Pin,True,Slot__CPW_Feed_Pin,,Slot__CPW_Feed_Pin,,"{""Slot__CPW_Feed_Pin"": {""geometry_type"": ""MultiLineString"", ""relations"": ""overlaps"", ""wkt"": ""MULTILINESTRING ((0.5 22, 0 22), (0 22, -0.5 22))""}}",True,,,True,latin
335,55.291048637953715,2,6.4830800356110059,2.6793240488562109,2,16.133193473512865,4,0.69886392847867473,0.92116237719717742,0.28643695988682566,0.28672418961009111,0.77454545454545454,0.70588235294117652,0.23474178403755869,0.66666666666666663,0.24539877300613497,0.25,0.054976611185723528,0.34340644954078003,0.90173229281843603,0.5,0.5,0,True,,1,0,Slot__Patch;Slot__CPW_Feed_Pin;Patch__CPW_Feed_Pin,True,Slot__CPW_Feed_Pin,,Slot__CPW_Feed_Pin,,"{""Slot__CPW_Feed_Pin"": {""geometry_type"": ""MultiLineString"", ""relations"": ""overlaps"", ""wkt"": ""MULTILINESTRING ((0.5 22, 0 22), (0 22, -0.5 22))""}}",True,,,True,latin
336,58.265094249260343,2,5.5049098350159849,2.3763745793177273,2,13.600942337207826,4,0.75493200137648397,0.9519752770282498,0.48731006994202652,0.0064458425199265456,0.77454545454545454,0.70588235294117652,0.23474178403755869,0.66666666666666663,0.24539877300613497,0.25,0.96096523037892478,0.41355821390009917,0.99274661145554521,0.5,0.5,0,True,,1,0,Slot__Patch;Slot__CPW_Feed_Pin;Patch__CPW_Feed_Pin,True,Slot__CPW_Feed_Pin,,Slot__CPW_Feed_Pin,,"{""Slot__CPW_Feed_Pin"": {""geometry_type"": ""MultiLineString"", ""relations"": ""overlaps"", ""wkt"": ""MULTILINESTRING ((0.5 22, 0 22), (0 22, -0.5 22))""}}",True,,,True,latin
337,51.61267582905468,2,6.0596713013283194,2.5252717505987303,2,16.235269599110392,4,0.71058464348206485,0.76369523138628703,0.29840404969839118,0.29200905152683004,0.77454545454545454,0.70588235294117652,0.23474178403755869,0.66666666666666663,0.24539877300613497,0.25,0.91204849656049014,0.1762853282851703,0.68239709286599459,0.5,0.5,0,True,,1,0,Slot__Patch;Slot__CPW_Feed_Pin;Patch__CPW_Feed_Pin,True,Slot__CPW_Feed_Pin,,Slot__CPW_Feed_Pin,,"{""Slot__CPW_Feed_Pin"": {""geometry_type"": ""MultiLineString"", ""relations"": ""overlaps"", ""wkt"": ""MULTILINESTRING ((0.5 22, 0 22), (0 22, -0.5 22))""}}",True,,,True,latin
338,51.508872306875709,2,5.8198342824558384,2.5087308927173075,2,14.425322018249153,4,0.57284213441714338,0.84105778241131379,0.42272515925239978,0.15962998541521889,0.77454545454545454,0.70588235294117652,0.23474178403755869,0.66666666666666663,0.24539877300613497,0.25,0.41013969006534062,0.28016759787513235,0.71319937868804328,0.5,0.5,0,True,,1,0,Slot__Patch;Slot__CPW_Feed_Pin;Patch__CPW_Feed_Pin,True,Slot__CPW_Feed_Pin,,Slot__CPW_Feed_Pin,,"{""Slot__CPW_Feed_Pin"": {""geometry_type"": ""MultiLineString"", ""relations"": ""overlaps"", ""wkt"": ""MULTILINESTRING ((0.5 22, 0 22), (0 22, -0.5 22))""}}",True,,,True,latin
339,51.958177901192542,2,5.9705362764327532,2.4032448081838615,2,15.803555443125459,4,0.49604474315643932,0.94408638772430309,0.51833076550264534,0.0043946225628220354,0.77454545454545454,0.70588235294117652,0.23474178403755869,0.66666666666666663,0.24539877300613497,0.25,0.14467274087617576,0.61113823977711912,0.43938088942724851,0.5,0.5,0,True,,1,0,Slot__Patch;Slot__CPW_Feed_Pin;Patch__CPW_Feed_Pin,True,Slot__CPW_Feed_Pin,,Slot__CPW_Feed_Pin,,"{""Slot__CPW_Feed_Pin"": {""geometry_type"": ""MultiLineString"", ""relations"": ""overlaps"", ""wkt"": ""MULTILINESTRING ((0.5 22, 0 22), (0 22, -0.5 22))""}}",True,,,True,latin
340,56.566140620988804,2,5.5647504902338287,2.4067883940554617,2,15.199591069360471,4,0.65376755479344018,0.89642646035092644,0.55584321862964714,0.19894336646371519,0.77454545454545454,0.70588235294117652,0.23474178403755869,0.66666666666666663,0.24539877300613497,0.25,0.56529498384521826,0.78948883690658278,0.39780930558448979,0.5,0.5,0,True,,1,0,Slot__Patch;Slot__CPW_Feed_Pin;Patch__CPW_Feed_Pin,True,Slot__CPW_Feed_Pin,,Slot__CPW_Feed_Pin,,"{""Slot__CPW_Feed_Pin"": {""geometry_type"": ""MultiLineString"", ""relations"": ""overlaps"", ""wkt"": ""MULTILINESTRING ((0.5 22, 0 22), (0 22, -0.5 22))""}}",True,,,True,latin
341,50.421778989351438,2,6.2409871022497452,2.6241726883360244,2,14.807426887233101,4,0.57640981779110567,0.808736184255339,0.3386165416596551,0.20736778001767756,0.77454545454545454,0.70588235294117652,0.23474178403755869,0.66666666666666663,0.24539877300613497,0.25,0.57709427780112355,0.18347006050557474,0.81965094732802601,0.5,0.5,0,True,,1,0,Slot__Patch;Slot__CPW_Feed_Pin;Patch__CPW_Feed_Pin,True,Slot__CPW_Feed_Pin,,Slot__CPW_Feed_Pin,,"{""Slot__CPW_Feed_Pin"": {""geometry_type"": ""MultiLineString"", ""relations"": ""overlaps"", ""wkt"": ""MULTILINESTRING ((0.5 22, 0 22), (0 22, -0.5 22))""}}",True,,,True,latin
342,55.740987805906286,2,5.6218551617148558,2.771628635688991,2,14.37284294106259,4,0.54664369499479271,0.96232573462935733,0.35420883121470959,0.043425525188633504,0.77454545454545454,0.70588235294117652,0.23474178403755869,0.66666666666666663,0.24539877300613497,0.25,0.81342919086342236,0.86197586197166898,0.26041180364067018,0.5,0.5,0,True,,1,0,Slot__Patch;Slot__CPW_Feed_Pin;Patch__CPW_Feed_Pin,True,Slot__CPW_Feed_Pin,,Slot__CPW_Feed_Pin,,"{""Slot__CPW_Feed_Pin"": {""geometry_type"": ""MultiLineString"", ""relations"": ""overlaps"", ""wkt"": ""MULTILINESTRING ((0.5 22, 0 22), (0 22, -0.5 22))""}}",True,,,True,latin
343,57.315504794829508,2,6.2306705620902756,2.5692891909167943,2,15.750710189049315,4,0.72358628540368919,0.88322836095878343,0.33817234297358811,0.046792547795171842,0.77454545454545454,0.70588235294117652,0.23474178403755869,0.66666666666666663,0.24539877300613497,0.25,0.66197986749764348,0.11991089497458428,0.60105084630703132,0.5,0.5,0,True,,1,0,Slot__Patch;Slot__CPW_Feed_Pin;Patch__CPW_Feed_Pin,True,Slot__CPW_Feed_Pin,,Slot__CPW_Feed_Pin,,"{""Slot__CPW_Feed_Pin"": {""geometry_type"": ""MultiLineString"", ""relations"": ""overlaps"", ""wkt"": ""MULTILINESTRING ((0.5 22, 0 22), (0 22, -0.5 22))""}}",True,,,True,latin
344,54.895563600967208,2,6.4382620189829041,2.5464222482517131,2,15.86006701929556,4,0.55070774956070334,0.7616188342982011,0.48805145749359602,0.1348652514441776,0.77454545454545454,0.70588235294117652,0.23474178403755869,0.66666666666666663,0.24539877300613497,0.25,0.75017368674961826,0.44156212899385955,0.58701610151605887,0.5,0.5,0,True,,1,0,Slot__Patch;Slot__CPW_Feed_Pin;Patch__CPW_Feed_Pin,True,Slot__CPW_Feed_Pin,,Slot__CPW_Feed_Pin,,"{""Slot__CPW_Feed_Pin"": {""geometry_type"": ""MultiLineString"", ""relations"": ""overlaps"", ""wkt"": ""MULTILINESTRING ((0.5 22, 0 22), (0 22, -0.5 22))""}}",True,,,True,latin
345,48.782830608883948,2,6.4827553351614808,2.4781573956965186,2,14.265888091782031,4,0.61718197749010928,0.89517534705453605,0.43583400815252926,0.084368214054992979,0.77454545454545454,0.70588235294117652,0.23474178403755869,0.66666666666666663,0.24539877300613497,0.25,0.69938256721114356,0.31946618204578697,0.73712388285454367,0.5,0.5,0,True,,1,0,Slot__Patch;Slot__CPW_Feed_Pin;Patch__CPW_Feed_Pin,True,Slot__CPW_Feed_Pin,,Slot__CPW_Feed_Pin,,"{""Slot__CPW_Feed_Pin"": {""geometry_type"": ""MultiLineString"", ""relations"": ""overlaps"", ""wkt"": ""MULTILINESTRING ((0.5 22, 0 22), (0 22, -0.5 22))""}}",True,,,True,latin
346,53.747523302039212,2,6.0656799966363417,2.3941855949134827,2,14.753842036344304,4,0.70204454996498111,0.70422913015954414,0.30413428326373887,0.054342131997230515,0.77454545454545454,0.70588235294117652,0.23474178403755869,0.66666666666666663,0.24539877300613497,0.25,0.35667955364032833,0.82300244747249751,0.055302155562529362,0.5,0.5,0,True,,1,0,Slot__Patch;Slot__CPW_Feed_Pin;Patch__CPW_Feed_Pin,True,Slot__CPW_Feed_Pin,,Slot__CPW_Feed_Pin,,"{""Slot__CPW_Feed_Pin"": {""geometry_type"": ""MultiLineString"", ""relations"": ""overlaps"", ""wkt"": ""MULTILINESTRING ((0.5 22, 0 22), (0 22, -0.5 22))""}}",True,,,True,latin
347,51.286565190961319,2,6.3163900200394485,2.8355088105499791,2,13.607817490003761,4,0.6244468621067033,0.79341752336409477,0.42844354512348792,0.14811764751159842,0.77454545454545454,0.70588235294117652,0.23474178403755869,0.66666666666666663,0.24539877300613497,0.25,0.6631124309051728,0.59140532386791045,0.92984345565282056,0.5,0.5,0,True,,1,0,Slot__Patch;Slot__CPW_Feed_Pin;Patch__CPW_Feed_Pin,True,Slot__CPW_Feed_Pin,,Slot__CPW_Feed_Pin,,"{""Slot__CPW_Feed_Pin"": {""geometry_type"": ""MultiLineString"", ""relations"": ""overlaps"", ""wkt"": ""MULTILINESTRING ((0.5 22, 0 22), (0 22, -0.5 22))""}}",True,,,True,latin
348,50.465635844816056,2,5.9214664519170803,2.8358280675324146,2,15.761744570685519,4,0.71294924487472211,0.7825824444465872,0.27965035549482442,0.095860354567182879,0.77454545454545454,0.70588235294117652,0.23474178403755869,0.66666666666666663,0.24539877300613497,0.25,0.74506649631199262,0.61570626985414367,0.57879555468512778,0.5,0.5,0,True,,1,0,Slot__Patch;Slot__CPW_Feed_Pin;Patch__CPW_Feed_Pin,True,Slot__CPW_Feed_Pin,,Slot__CPW_Feed_Pin,,"{""Slot__CPW_Feed_Pin"": {""geometry_type"": ""MultiLineString"", ""relations"": ""overlaps"", ""wkt"": ""MULTILINESTRING ((0.5 22, 0 22), (0 22, -0.5 22))""}}",True,,,True,latin
349,54.674306637911272,2,5.4472199423971643,2.6946243060745321,2,14.455295657161992,4,0.68365975036603832,0.75566471043390449,0.38550257901289836,0.15669595760280125,0.77454545454545454,0.70588235294117652,0.23474178403755869,0.66666666666666663,0.24539877300613497,0.25,0.29121203318456729,0.89984080884297202,0.57588357760108755,0.5,0.5,0,True,,1,0,Slot__Patch;Slot__CPW_Feed_Pin;Patch__CPW_Feed_Pin,True,Slot__CPW_Feed_Pin,,Slot__CPW_Feed_Pin,,"{""Slot__CPW_Feed_Pin"": {""geometry_type"": ""MultiLineString"", ""relations"": ""overlaps"", ""wkt"": ""MULTILINESTRING ((0.5 22, 0 22), (0 22, -0.5 22))""}}",True,,,True,latin
350,53.930138438739725,2,6.0841116813947052,2.7106754733168152,2,13.50635769558464,4,0.61207267774613094,0.96932609490398303,0.4146808193508702,0.24687095992126876,0.77454545454545454,0.70588235294117652,0.23474178403755869,0.66666666666666663,0.24539877300613497,0.25,0.39688414411964779,0.7236019001890297,0.27784109076922947,0.5,0.5,0,True,,1,0,Slot__Patch;Slot__CPW_Feed_Pin;Patch__CPW_Feed_Pin,True,Slot__CPW_Feed_Pin,,Slot__CPW_Feed_Pin,,"{""Slot__CPW_Feed_Pin"": {""geometry_type"": ""MultiLineString"", ""relations"": ""overlaps"", ""wkt"": ""MULTILINESTRING ((0.5 22, 0 22), (0 22, -0.5 22))""}}",True,,,True,latin
351,50.570815475185533,2,6.0226203185641207,2.7341110769063688,2,15.388653029917142,4,0.65762992949931021,0.93580012031278648,0.48038828337958284,0.13637298766780598,0.77454545454545454,0.70588235294117652,0.23474178403755869,0.66666666666666663,0.24539877300613497,0.25,0.757503934037424,0.95495715352584187,0.84466513125079268,0.5,0.5,0,True,,1,0,Slot__Patch;Slot__CPW_Feed_Pin;Patch__CPW_Feed_Pin,True,Slot__CPW_Feed_Pin,,Slot__CPW_Feed_Pin,,"{""Slot__CPW_Feed_Pin"": {""geometry_type"": ""MultiLineString"", ""relations"": ""overlaps"", ""wkt"": ""MULTILINESTRING ((0.5 22, 0 22), (0 22, -0.5 22))""}}",True,,,True,latin
352,49.396530872724689,2,6.5538059652490492,2.3925204258273385,2,15.970030557975889,4,0.74968097363608754,0.77853671903387001,0.2934045446418766,0.22372723863609789,0.77454545454545454,0.70588235294117652,0.23474178403755869,0.66666666666666663,0.24539877300613497,0.25,0.97012228755477248,0.23026024517671007,0.29426237858687682,0.5,0.5,0,True,,1,0,Slot__Patch;Slot__CPW_Feed_Pin;Patch__CPW_Feed_Pin,True,Slot__CPW_Feed_Pin,,Slot__CPW_Feed_Pin,,"{""Slot__CPW_Feed_Pin"": {""geometry_type"": ""MultiLineString"", ""relations"": ""overlaps"", ""wkt"": ""MULTILINESTRING ((0.5 22, 0 22), (0 22, -0.5 22))""}}",True,,,True,latin
353,52.453376171865706,2,5.9892396703756283,2.6172222697528573,2,15.447233515698292,4,0.66426205181080977,0.89004727166648612,0.28821557218393545,0.28372799531315307,0.77454545454545454,0.70588235294117652,0.23474178403755869,0.66666666666666663,0.24539877300613497,0.25,0.97458679288019134,0.51341970365197687,0.058995535017158443,0.5,0.5,0,True,,1,0,Slot__Patch;Slot__CPW_Feed_Pin;Patch__CPW_Feed_Pin,True,Slot__CPW_Feed_Pin,,Slot__CPW_Feed_Pin,,"{""Slot__CPW_Feed_Pin"": {""geometry_type"": ""MultiLineString"", ""relations"": ""overlaps"", ""wkt"": ""MULTILINESTRING ((0.5 22, 0 22), (0 22, -0.5 22))""}}",True,,,True,latin
354,52.288965803215362,2,6.5957102882348515,2.3856060585015406,2,16.091452321116897,4,0.71106675886408643,0.80049577837417962,0.33407002869304858,0.16859282655535451,0.77454545454545454,0.70588235294117652,0.23474178403755869,0.66666666666666663,0.24539877300613497,0.25,0.2001973057188402,0.97707096734701759,0.22705724523991566,0.5,0.5,0,True,,1,0,Slot__Patch;Slot__CPW_Feed_Pin;Patch__CPW_Feed_Pin,True,Slot__CPW_Feed_Pin,,Slot__CPW_Feed_Pin,,"{""Slot__CPW_Feed_Pin"": {""geometry_type"": ""MultiLineString"", ""relations"": ""overlaps"", ""wkt"": ""MULTILINESTRING ((0.5 22, 0 22), (0 22, -0.5 22))""}}",True,,,True,latin
355,56.003841952151838,2,6.393440396160452,2.5018967926523437,2,14.636098062651959,4,0.51018969578570406,0.74734364217563065,0.35806620358391195,0.015955997378090298,0.77454545454545454,0.70588235294117652,0.23474178403755869,0.66666666666666663,0.24539877300613497,0.25,0.23325459232821338,0.1478668560119466,0.62584043146423429,0.5,0.5,0,True,,1,0,Slot__Patch;Slot__CPW_Feed_Pin;Patch__CPW_Feed_Pin,True,Slot__CPW_Feed_Pin,,Slot__CPW_Feed_Pin,,"{""Slot__CPW_Feed_Pin"": {""geometry_type"": ""MultiLineString"", ""relations"": ""overlaps"", ""wkt"": ""MULTILINESTRING ((0.5 22, 0 22), (0 22, -0.5 22))""}}",True,,,True,latin
356,51.379797207740914,2,5.4728657496711026,2.5360629879107099,2,15.351618522933812,4,0.56258867677818747,0.9993594884960425,0.37948687303432793,0.29097358199989853,0.77454545454545454,0.70588235294117652,0.23474178403755869,0.66666666666666663,0.24539877300613497,0.25,0.77051162500813442,0.077471041440649105,0.70761294333980929,0.5,0.5,0,True,,1,0,Slot__Patch;Slot__CPW_Feed_Pin;Patch__CPW_Feed_Pin,True,Slot__CPW_Feed_Pin,,Slot__CPW_Feed_Pin,,"{""Slot__CPW_Feed_Pin"": {""geometry_type"": ""MultiLineString"", ""relations"": ""overlaps"", ""wkt"": ""MULTILINESTRING ((0.5 22, 0 22), (0 22, -0.5 22))""}}",True,,,True,latin
357,56.359870053328386,2,5.7821318457655355,2.8316180417269372,2,16.085992180328457,4,0.53924424520104108,0.73359821339038589,0.33701995397311213,0.29972667355173366,0.77454545454545454,0.70588235294117652,0.23474178403755869,0.66666666666666663,0.24539877300613497,0.25,0.87499051293482943,0.98421780042835638,0.079234348808281535,0.5,0.5,0,True,,1,0,Slot__Patch;Slot__CPW_Feed_Pin;Patch__CPW_Feed_Pin,True,Slot__CPW_Feed_Pin,,Slot__CPW_Feed_Pin,,"{""Slot__CPW_Feed_Pin"": {""geometry_type"": ""MultiLineString"", ""relations"": ""overlaps"", ""wkt"": ""MULTILINESTRING ((0.5 22, 0 22), (0 22, -0.5 22))""}}",True,,,True,latin
358,52.545470140441054,2,5.8727900227410768,2.51163627818572,2,15.334518096621863,4,0.55539750529116783,0.9960395343703099,0.35332761630413445,0.24761718989532608,0.77454545454545454,0.70588235294117652,0.23474178403755869,0.66666666666666663,0.24539877300613497,0.25,0.55765816089630038,0.67248049454727732,0.31108002074704999,0.5,0.5,0,True,,1,0,Slot__Patch;Slot__CPW_Feed_Pin;Patch__CPW_Feed_Pin,True,Slot__CPW_Feed_Pin,,Slot__CPW_Feed_Pin,,"{""Slot__CPW_Feed_Pin"": {""geometry_type"": ""MultiLineString"", ""relations"": ""overlaps"", ""wkt"": ""MULTILINESTRING ((0.5 22, 0 22), (0 22, -0.5 22))""}}",True,,,True,latin
359,48.390109965936709,2,5.7141221471640131,2.6089377887213079,2,14.607128354794284,4,0.73780610148561254,0.90476009850644279,0.2828130157606194,0.060501199326821693,0.77454545454545454,0.70588235294117652,0.23474178403755869,0.66666666666666663,0.24539877300613497,0.25,0.8933311007274235,0.40368076027021449,0.93395818324334945,0.5,0.5,0,True,,1,0,Slot__Patch;Slot__CPW_Feed_Pin;Patch__CPW_Feed_Pin,True,Slot__CPW_Feed_Pin,,Slot__CPW_Feed_Pin,,"{""Slot__CPW_Feed_Pin"": {""geometry_type"": ""MultiLineString"", ""relations"": ""overlaps"", ""wkt"": ""MULTILINESTRING ((0.5 22, 0 22), (0 22, -0.5 22))""}}",True,,,True,latin
360,55.609182194075174,2,6.1812359566386625,2.6756767884844685,2,15.314524561410641,4,0.73714044891463915,0.83964431000380735,0.39156359441731625,0.012787566016907448,0.77454545454545454,0.70588235294117652,0.23474178403755869,0.66666666666666663,0.24539877300613497,0.25,0.69659207433936687,0.29929917054629229,0.41172129675136976,0.5,0.5,0,True,,1,0,Slot__Patch;Slot__CPW_Feed_Pin;Patch__CPW_Feed_Pin,True,Slot__CPW_Feed_Pin,,Slot__CPW_Feed_Pin,,"{""Slot__CPW_Feed_Pin"": {""geometry_type"": ""MultiLineString"", ""relations"": ""overlaps"", ""wkt"": ""MULTILINESTRING ((0.5 22, 0 22), (0 22, -0.5 22))""}}",True,,,True,latin
361,49.129189048535274,2,6.0992452032068707,2.584559728931259,2,14.953934925658707,4,0.71935100868613822,0.81619940771947119,0.40211205475910217,0.22602835749690117,0.77454545454545454,0.70588235294117652,0.23474178403755869,0.66666666666666663,0.24539877300613497,0.25,0.11811766294622326,0.05119406326550742,0.2592565205995494,0.5,0.5,0,True,,1,0,Slot__Patch;Slot__CPW_Feed_Pin;Patch__CPW_Feed_Pin,True,Slot__CPW_Feed_Pin,,Slot__CPW_Feed_Pin,,"{""Slot__CPW_Feed_Pin"": {""geometry_type"": ""MultiLineString"", ""relations"": ""overlaps"", ""wkt"": ""MULTILINESTRING ((0.5 22, 0 22), (0 22, -0.5 22))""}}",True,,,True,latin
362,57.202253486721816,2,5.8087058889569461,2.6894025349363533,2,13.674247078006275,4,0.62979916859248064,0.89844656023376612,0.32746405575237147,0.18619257792425101,0.77454545454545454,0.70588235294117652,0.23474178403755869,0.66666666666666663,0.24539877300613497,0.25,0.94074884550511917,0.86067454564594648,0.65574405231992949,0.5,0.5,0,True,,1,0,Slot__Patch;Slot__CPW_Feed_Pin;Patch__CPW_Feed_Pin,True,Slot__CPW_Feed_Pin,,Slot__CPW_Feed_Pin,,"{""Slot__CPW_Feed_Pin"": {""geometry_type"": ""MultiLineString"", ""relations"": ""overlaps"", ""wkt"": ""MULTILINESTRING ((0.5 22, 0 22), (0 22, -0.5 22))""}}",True,,,True,latin
363,55.439675427586941,2,5.4422435873082886,2.4260061859948787,2,13.955622328000985,4,0.55186752343433532,0.89495849603391286,0.29707803031205698,0.18722575825935764,0.77454545454545454,0.70588235294117652,0.23474178403755869,0.66666666666666663,0.24539877300613497,0.25,0.49934290224405159,0.96234678011084551,0.73393847024720471,0.5,0.5,0,True,,1,0,Slot__Patch;Slot__CPW_Feed_Pin;Patch__CPW_Feed_Pin,True,Slot__CPW_Feed_Pin,,Slot__CPW_Feed_Pin,,"{""Slot__CPW_Feed_Pin"": {""geometry_type"": ""MultiLineString"", ""relations"": ""overlaps"", ""wkt"": ""MULTILINESTRING ((0.5 22, 0 22), (0 22, -0.5 22))""}}",True,,,True,latin
364,52.817166230045856,2,6.1204859283436983,2.6872873972014757,2,14.99473883536217,4,0.66878636007745784,0.85945292015967767,0.29880754899401729,0.17489753153004325,0.77454545454545454,0.70588235294117652,0.23474178403755869,0.66666666666666663,0.24539877300613497,0.25,0.42511618345348967,0.30121283682390171,0.28517884215337319,0.5,0.5,0,True,,1,0,Slot__Patch;Slot__CPW_Feed_Pin;Patch__CPW_Feed_Pin,True,Slot__CPW_Feed_Pin,,Slot__CPW_Feed_Pin,,"{""Slot__CPW_Feed_Pin"": {""geometry_type"": ""MultiLineString"", ""relations"": ""overlaps"", ""wkt"": ""MULTILINESTRING ((0.5 22, 0 22), (0 22, -0.5 22))""}}",True,,,True,latin
365,55.36642490821442,2,6.216314569029338,2.6389204056829354,2,14.187960260302084,4,0.6353342772728543,0.89110064156203028,0.48353476959663827,0.28715870199219368,0.77454545454545454,0.70588235294117652,0.23474178403755869,0.66666666666666663,0.24539877300613497,0.25,0.81933752351410383,0.42212741058498482,0.75166098310505347,0.5,0.5,0,True,,1,0,Slot__Patch;Slot__CPW_Feed_Pin;Patch__CPW_Feed_Pin,True,Slot__CPW_Feed_Pin,,Slot__CPW_Feed_Pin,,"{""Slot__CPW_Feed_Pin"": {""geometry_type"": ""MultiLineString"", ""relations"": ""overlaps"", ""wkt"": ""MULTILINESTRING ((0.5 22, 0 22), (0 22, -0.5 22))""}}",True,,,True,latin
366,53.228909552857026,2,5.5800561691779835,2.4009273662706589,2,15.979960484615663,4,0.54788363759999492,0.71741906131945754,0.54103286389504723,0.2856409410550429,0.77454545454545454,0.70588235294117652,0.23474178403755869,0.66666666666666663,0.24539877300613497,0.25,0.86893198849093978,0.97175831952829705,0.19683708020425422,0.5,0.5,0,True,,1,0,Slot__Patch;Slot__CPW_Feed_Pin;Patch__CPW_Feed_Pin,True,Slot__CPW_Feed_Pin,,Slot__CPW_Feed_Pin,,"{""Slot__CPW_Feed_Pin"": {""geometry_type"": ""MultiLineString"", ""relations"": ""overlaps"", ""wkt"": ""MULTILINESTRING ((0.5 22, 0 22), (0 22, -0.5 22))""}}",True,,,True,latin
367,57.423443378601263,2,5.5471615091235318,2.4795599963048809,2,16.043706795605271,4,0.48343743004213424,0.79711240945238682,0.43115933416399821,0.21375820450001021,0.77454545454545454,0.70588235294117652,0.23474178403755869,0.66666666666666663,0.24539877300613497,0.25,0.45379071242711677,0.33367031841669426,0.85578374749893515,0.5,0.5,0,True,,1,0,Slot__Patch;Slot__CPW_Feed_Pin;Patch__CPW_Feed_Pin,True,Slot__CPW_Feed_Pin,,Slot__CPW_Feed_Pin,,"{""Slot__CPW_Feed_Pin"": {""geometry_type"": ""MultiLineString"", ""relations"": ""overlaps"", ""wkt"": ""MULTILINESTRING ((0.5 22, 0 22), (0 22, -0.5 22))""}}",True,,,True,latin
368,54.706421274254318,2,6.5731431270222753,2.5096754476173175,2,15.119010945557239,4,0.7216143632576435,0.85082979409956705,0.40396015691658238,0.11103259513342695,0.77454545454545454,0.70588235294117652,0.23474178403755869,0.66666666666666663,0.24539877300613497,0.25,0.28300078743660279,0.22514941044817616,0.48623608716980682,0.5,0.5,0,True,,1,0,Slot__Patch;Slot__CPW_Feed_Pin;Patch__CPW_Feed_Pin,True,Slot__CPW_Feed_Pin,,Slot__CPW_Feed_Pin,,"{""Slot__CPW_Feed_Pin"": {""geometry_type"": ""MultiLineString"", ""relations"": ""overlaps"", ""wkt"": ""MULTILINESTRING ((0.5 22, 0 22), (0 22, -0.5 22))""}}",True,,,True,latin
369,49.575353022610592,2,5.4141448790645832,2.5531585284957572,2,15.588529941334723,4,0.57779493721904729,0.75353742773299814,0.55319559626934689,0.054529474313922889,0.77454545454545454,0.70588235294117652,0.23474178403755869,0.66666666666666663,0.24539877300613497,0.25,0.53735710878741283,0.33816712382600428,0.42210217647688342,0.5,0.5,0,True,,1,0,Slot__Patch;Slot__CPW_Feed_Pin;Patch__CPW_Feed_Pin,True,Slot__CPW_Feed_Pin,,Slot__CPW_Feed_Pin,,"{""Slot__CPW_Feed_Pin"": {""geometry_type"": ""MultiLineString"", ""relations"": ""overlaps"", ""wkt"": ""MULTILINESTRING ((0.5 22, 0 22), (0 22, -0.5 22))""}}",True,,,True,latin
370,54.740160846514961,2,6.1437826521799908,2.4773276679697447,2,14.146679350545579,4,0.61612370720458454,0.74367244269951105,0.5128546259403135,0.28036371699987389,0.77454545454545454,0.70588235294117652,0.23474178403755869,0.66666666666666663,0.24539877300613497,0.25,0.2947696781647462,0.071166379222741966,0.88764683526835164,0.5,0.5,0,True,,1,0,Slot__Patch;Slot__CPW_Feed_Pin;Patch__CPW_Feed_Pin,True,Slot__CPW_Feed_Pin,,Slot__CPW_Feed_Pin,,"{""Slot__CPW_Feed_Pin"": {""geometry_type"": ""MultiLineString"", ""relations"": ""overlaps"", ""wkt"": ""MULTILINESTRING ((0.5 22, 0 22), (0 22, -0.5 22))""}}",True,,,True,latin
371,51.394504220373136,2,6.0687102154202277,2.5055586610042697,2,13.903507011944845,4,0.75756175118014035,0.91783515129683657,0.41993451619508743,0.2100366621094433,0.77454545454545454,0.70588235294117652,0.23474178403755869,0.66666666666666663,0.24539877300613497,0.25,0.98341966564941585,0.39872380822721193,0.61412266306740992,0.5,0.5,0,True,,1,0,Slot__Patch;Slot__CPW_Feed_Pin;Patch__CPW_Feed_Pin,True,Slot__CPW_Feed_Pin,,Slot__CPW_Feed_Pin,,"{""Slot__CPW_Feed_Pin"": {""geometry_type"": ""MultiLineString"", ""relations"": ""overlaps"", ""wkt"": ""MULTILINESTRING ((0.5 22, 0 22), (0 22, -0.5 22))""}}",True,,,True,latin
372,55.847503943132637,2,5.7333024953992986,2.765644252078856,2,15.159939815025259,4,0.7639489909078736,0.95465031133706613,0.34495717492955569,0.13814655735294726,0.77454545454545454,0.70588235294117652,0.23474178403755869,0.66666666666666663,0.24539877300613497,0.25,0.95298415535292258,0.370725113123689,0.89636651668863787,0.5,0.5,0,True,,1,0,Slot__Patch;Slot__CPW_Feed_Pin;Patch__CPW_Feed_Pin,True,Slot__CPW_Feed_Pin,,Slot__CPW_Feed_Pin,,"{""Slot__CPW_Feed_Pin"": {""geometry_type"": ""MultiLineString"", ""relations"": ""overlaps"", ""wkt"": ""MULTILINESTRING ((0.5 22, 0 22), (0 22, -0.5 22))""}}",True,,,True,latin
373,47.993858235583097,2,6.0110124718236895,2.6458587202855353,2,15.86575076733822,4,0.51725940173526164,0.90226421872985041,0.52240733903795189,0.15106122050637241,0.77454545454545454,0.70588235294117652,0.23474178403755869,0.66666666666666663,0.24539877300613497,0.25,0.3581189797336059,0.61894172202930409,0.38658312588935301,0.5,0.5,0,True,,1,0,Slot__Patch;Slot__CPW_Feed_Pin;Patch__CPW_Feed_Pin,True,Slot__CPW_Feed_Pin,,Slot__CPW_Feed_Pin,,"{""Slot__CPW_Feed_Pin"": {""geometry_type"": ""MultiLineString"", ""relations"": ""overlaps"", ""wkt"": ""MULTILINESTRING ((0.5 22, 0 22), (0 22, -0.5 22))""}}",True,,,True,latin
374,55.997498295134271,2,5.8676824591384262,2.6827466970699612,2,14.438556087288653,4,0.6848632359427993,0.87495574225269002,0.26840499544473478,0.094927507527303417,0.77454545454545454,0.70588235294117652,0.23474178403755869,0.66666666666666663,0.24539877300613497,0.25,0.46088927991630485,0.79593644942009167,0.35572764259119333,0.5,0.5,0,True,,1,0,Slot__Patch;Slot__CPW_Feed_Pin;Patch__CPW_Feed_Pin,True,Slot__CPW_Feed_Pin,,Slot__CPW_Feed_Pin,,"{""Slot__CPW_Feed_Pin"": {""geometry_type"": ""MultiLineString"", ""relations"": ""overlaps"", ""wkt"": ""MULTILINESTRING ((0.5 22, 0 22), (0 22, -0.5 22))""}}",True,,,True,latin
375,52.635111033902021,2,5.9964670401294429,2.8480580519794523,2,15.69475136996072,4,0.57582473736143214,0.7000750854379888,0.31426867022302207,0.10673058291923748,0.77454545454545454,0.70588235294117652,0.23474178403755869,0.66666666666666663,0.24539877300613497,0.25,0.12158902593001256,0.27173669937210043,0.79288771370408151,0.5,0.5,0,True,,1,0,Slot__Patch;Slot__CPW_Feed_Pin;Patch__CPW_Feed_Pin,True,Slot__CPW_Feed_Pin,,Slot__CPW_Feed_Pin,,"{""Slot__CPW_Feed_Pin"": {""geometry_type"": ""MultiLineString"", ""relations"": ""overlaps"", ""wkt"": ""MULTILINESTRING ((0.5 22, 0 22), (0 22, -0.5 22))""}}",True,,,True,latin
376,51.087189628504049,2,5.9809407266612027,2.7112186346387031,2,16.285850851309689,4,0.65225340739371662,0.91044706999458869,0.29066973362948056,0.27224815447957867,0.77454545454545454,0.70588235294117652,0.23474178403755869,0.66666666666666663,0.24539877300613497,0.25,0.60233394005030783,0.1327393473350445,0.91017735558142121,0.5,0.5,0,True,,1,0,Slot__Patch;Slot__CPW_Feed_Pin;Patch__CPW_Feed_Pin,True,Slot__CPW_Feed_Pin,,Slot__CPW_Feed_Pin,,"{""Slot__CPW_Feed_Pin"": {""geometry_type"": ""MultiLineString"", ""relations"": ""overlaps"", ""wkt"": ""MULTILINESTRING ((0.5 22, 0 22), (0 22, -0.5 22))""}}",True,,,True,latin
377,56.196267628937747,2,5.9331271508102503,2.7546349374384889,2,15.554602152626709,4,0.66365111143086675,0.96763409876046658,0.46365841492185511,0.10843432322653669,0.77454545454545454,0.70588235294117652,0.23474178403755869,0.66666666666666663,0.24539877300613497,0.25,0.17891490229357715,0.54970135812319054,0.74913227943945293,0.5,0.5,0,True,,1,0,Slot__Patch;Slot__CPW_Feed_Pin;Patch__CPW_Feed_Pin,True,Slot__CPW_Feed_Pin,,Slot__CPW_Feed_Pin,,"{""Slot__CPW_Feed_Pin"": {""geometry_type"": ""MultiLineString"", ""relations"": ""overlaps"", ""wkt"": ""MULTILINESTRING ((0.5 22, 0 22), (0 22, -0.5 22))""}}",True,,,True,latin
378,53.193032759941566,2,6.2341156159028426,2.496021879646682,2,15.931861825940153,4,0.55870687995045787,0.98170826370334763,0.41744847603571356,0.248469126045892,0.77454545454545454,0.70588235294117652,0.23474178403755869,0.66666666666666663,0.24539877300613497,0.25,0.48168147807634282,0.088772275284298263,0.76238001063067795,0.5,0.5,0,True,,1,0,Slot__Patch;Slot__CPW_Feed_Pin;Patch__CPW_Feed_Pin,True,Slot__CPW_Feed_Pin,,Slot__CPW_Feed_Pin,,"{""Slot__CPW_Feed_Pin"": {""geometry_type"": ""MultiLineString"", ""relations"": ""overlaps"", ""wkt"": ""MULTILINESTRING ((0.5 22, 0 22), (0 22, -0.5 22))""}}",True,,,True,latin
379,56.780180593775796,2,5.5574808086158622,2.6181237434569127,2,14.246529604400905,4,0.68047103718166801,0.96543848618691219,0.50683754991943131,0.018003089876001004,0.77454545454545454,0.70588235294117652,0.23474178403755869,0.66666666666666663,0.24539877300613497,0.25,0.87622001962566498,0.41470461686830123,0.38471681459861468,0.5,0.5,0,True,,1,0,Slot__Patch;Slot__CPW_Feed_Pin;Patch__CPW_Feed_Pin,True,Slot__CPW_Feed_Pin,,Slot__CPW_Feed_Pin,,"{""Slot__CPW_Feed_Pin"": {""geometry_type"": ""MultiLineString"", ""relations"": ""overlaps"", ""wkt"": ""MULTILINESTRING ((0.5 22, 0 22), (0 22, -0.5 22))""}}",True,,,True,latin
380,53.651005894407383,2,6.1590997476762599,2.4847327385156239,2,14.75937958676972,4,0.72962116362609131,0.76616163726198472,0.39309054827442458,0.19679425457390623,0.77454545454545454,0.70588235294117652,0.23474178403755869,0.66666666666666663,0.24539877300613497,0.25,0.73459268949441692,0.21065137298573217,0.29725235622604568,0.5,0.5,0,True,,1,0,Slot__Patch;Slot__CPW_Feed_Pin;Patch__CPW_Feed_Pin,True,Slot__CPW_Feed_Pin,,Slot__CPW_Feed_Pin,,"{""Slot__CPW_Feed_Pin"": {""geometry_type"": ""MultiLineString"", ""relations"": ""overlaps"", ""wkt"": ""MULTILINESTRING ((0.5 22, 0 22), (0 22, -0.5 22))""}}",True,,,True,latin
381,54.253177915217393,2,5.7206567561140353,2.3514707100735812,2,15.661472951011916,4,0.67427253015375255,0.88270353329600815,0.30263026066595422,0.066573853803908997,0.77454545454545454,0.70588235294117652,0.23474178403755869,0.66666666666666663,0.24539877300613497,0.25,0.9199255988141718,0.85859916545377701,0.12688124062404993,0.5,0.5,0,True,,1,0,Slot__Patch;Slot__CPW_Feed_Pin;Patch__CPW_Feed_Pin,True,Slot__CPW_Feed_Pin,,Slot__CPW_Feed_Pin,,"{""Slot__CPW_Feed_Pin"": {""geometry_type"": ""MultiLineString"", ""relations"": ""overlaps"", ""wkt"": ""MULTILINESTRING ((0.5 22, 0 22), (0 22, -0.5 22))""}}",True,,,True,latin
382,51.135683531220678,2,6.1760503351574991,2.6667094298035776,2,14.352371891754419,4,0.75640313023434935,0.89250538790786371,0.27165831958079523,0.10511996965960992,0.77454545454545454,0.70588235294117652,0.23474178403755869,0.66666666666666663,0.24539877300613497,0.25,0.67078603734650433,0.88066911299739459,0.51319171763276961,0.5,0.5,0,True,,1,0,Slot__Patch;Slot__CPW_Feed_Pin;Patch__CPW_Feed_Pin,True,Slot__CPW_Feed_Pin,,Slot__CPW_Feed_Pin,,"{""Slot__CPW_Feed_Pin"": {""geometry_type"": ""MultiLineString"", ""relations"": ""overlaps"", ""wkt"": ""MULTILINESTRING ((0.5 22, 0 22), (0 22, -0.5 22))""}}",True,,,True,latin
383,52.202956982732921,2,6.5603556764762896,2.8171819326385195,2,14.344571442092493,4,0.57182525354579983,0.83464159315894215,0.41629458361234839,0.22253976826360769,0.77454545454545454,0.70588235294117652,0.23474178403755869,0.66666666666666663,0.24539877300613497,0.25,0.62254716236789565,0.63699865845978043,0.33034003607283507,0.5,0.5,0,True,,1,0,Slot__Patch;Slot__CPW_Feed_Pin;Patch__CPW_Feed_Pin,True,Slot__CPW_Feed_Pin,,Slot__CPW_Feed_Pin,,"{""Slot__CPW_Feed_Pin"": {""geometry_type"": ""MultiLineString"", ""relations"": ""overlaps"", ""wkt"": ""MULTILINESTRING ((0.5 22, 0 22), (0 22, -0.5 22))""}}",True,,,True,latin
384,50.317261904757231,2,5.8285824688557462,2.6606028885967081,2,14.436978978003381,4,0.50884784097733538,0.75051355849679668,0.41812535212889856,0.18510507919018812,0.77454545454545454,0.70588235294117652,0.23474178403755869,0.66666666666666663,0.24539877300613497,0.25,0.88224263530648228,0.21595919695708582,0.55797582289862968,0.5,0.5,0,True,,1,0,Slot__Patch;Slot__CPW_Feed_Pin;Patch__CPW_Feed_Pin,True,Slot__CPW_Feed_Pin,,Slot__CPW_Feed_Pin,,"{""Slot__CPW_Feed_Pin"": {""geometry_type"": ""MultiLineString"", ""relations"": ""overlaps"", ""wkt"": ""MULTILINESTRING ((0.5 22, 0 22), (0 22, -0.5 22))""}}",True,,,True,latin
385,56.601052702962242,2,6.5528096911085187,2.5742632780813586,2,14.302010702991092,4,0.75015629851259769,0.86068583305641355,0.34123448514303573,0.25276497678890647,0.77454545454545454,0.70588235294117652,0.23474178403755869,0.66666666666666663,0.24539877300613497,0.25,0.23159002672142165,0.88728330280026935,0.34622496365224187,0.5,0.5,0,True,,1,0,Slot__Patch;Slot__CPW_Feed_Pin;Patch__CPW_Feed_Pin,True,Slot__CPW_Feed_Pin,,Slot__CPW_Feed_Pin,,"{""Slot__CPW_Feed_Pin"": {""geometry_type"": ""MultiLineString"", ""relations"": ""overlaps"", ""wkt"": ""MULTILINESTRING ((0.5 22, 0 22), (0 22, -0.5 22))""}}",True,,,True,latin
386,47.773049196837022,2,6.2270479423249645,2.7738276291653894,2,14.768902300555231,4,0.62848882946177476,0.93044449252884931,0.50855584558336986,0.1044265586078473,0.77454545454545454,0.70588235294117652,0.23474178403755869,0.66666666666666663,0.24539877300613497,0.25,0.5857406051450702,0.057734658232198768,0.53826566248822849,0.5,0.5,0,True,,1,0,Slot__Patch;Slot__CPW_Feed_Pin;Patch__CPW_Feed_Pin,True,Slot__CPW_Feed_Pin,,Slot__CPW_Feed_Pin,,"{""Slot__CPW_Feed_Pin"": {""geometry_type"": ""MultiLineString"", ""relations"": ""overlaps"", ""wkt"": ""MULTILINESTRING ((0.5 22, 0 22), (0 22, -0.5 22))""}}",True,,,True,latin
387,57.078924966623525,2,6.179010373129656,2.5452163156965257,2,14.282394689316076,4,0.63711792873639417,0.8741093738021275,0.54615168425349503,0.15629352382073697,0.77454545454545454,0.70588235294117652,0.23474178403755869,0.66666666666666663,0.24539877300613497,0.25,0.15508510501451059,0.9438138831716697,0.35909551660157862,0.5,0.5,0,True,,1,0,Slot__Patch;Slot__CPW_Feed_Pin;Patch__CPW_Feed_Pin,True,Slot__CPW_Feed_Pin,,Slot__CPW_Feed_Pin,,"{""Slot__CPW_Feed_Pin"": {""geometry_type"": ""MultiLineString"", ""relations"": ""overlaps"", ""wkt"": ""MULTILINESTRING ((0.5 22, 0 22), (0 22, -0.5 22))""}}",True,,,True,latin
388,49.439784525658993,2,5.491582727618284,2.7332890808574191,2,16.471393398156323,4,0.62733349664137783,0.86743040002537686,0.31026675423254507,0.28799212317519718,0.77454545454545454,0.70588235294117652,0.23474178403755869,0.66666666666666663,0.24539877300613497,0.25,0.077898973773585678,0.23656322892431547,0.89065836193063808,0.5,0.5,0,True,,1,0,Slot__Patch;Slot__CPW_Feed_Pin;Patch__CPW_Feed_Pin,True,Slot__CPW_Feed_Pin,,Slot__CPW_Feed_Pin,,"{""Slot__CPW_Feed_Pin"": {""geometry_type"": ""MultiLineString"", ""relations"": ""overlaps"", ""wkt"": ""MULTILINESTRING ((0.5 22, 0 22), (0 22, -0.5 22))""}}",True,,,True,latin
389,49.324044552929728,2,6.5485858556888896,2.3601849298882391,2,16.248834630460983,4,0.64717354645715597,0.80669784960128288,0.3552740555943007,0.20948737441373194,0.77454545454545454,0.70588235294117652,0.23474178403755869,0.66666666666666663,0.24539877300613497,0.25,0.092510118990437928,0.55228712455535711,0.27897649675484487,0.5,0.5,0,True,,1,0,Slot__Patch;Slot__CPW_Feed_Pin;Patch__CPW_Feed_Pin,True,Slot__CPW_Feed_Pin,,Slot__CPW_Feed_Pin,,"{""Slot__CPW_Feed_Pin"": {""geometry_type"": ""MultiLineString"", ""relations"": ""overlaps"", ""wkt"": ""MULTILINESTRING ((0.5 22, 0 22), (0 22, -0.5 22))""}}",True,,,True,latin
390,55.386667302665309,2,5.683221707614222,2.3710653271098034,2,15.475339252706144,4,0.5474771399093179,0.99742415548672558,0.4134660951425867,0.10929642992344117,0.77454545454545454,0.70588235294117652,0.23474178403755869,0.66666666666666663,0.24539877300613497,0.25,0.22231287557091728,0.53110391497957776,0.37241425726928828,0.5,0.5,0,True,,1,0,Slot__Patch;Slot__CPW_Feed_Pin;Patch__CPW_Feed_Pin,True,Slot__CPW_Feed_Pin,,Slot__CPW_Feed_Pin,,"{""Slot__CPW_Feed_Pin"": {""geometry_type"": ""MultiLineString"", ""relations"": ""overlaps"", ""wkt"": ""MULTILINESTRING ((0.5 22, 0 22), (0 22, -0.5 22))""}}",True,,,True,latin
391,57.832397351540038,2,5.5702908533810023,2.447706280321456,2,14.864802266970491,4,0.48918102720980783,0.79305469018658814,0.51753970331029175,0.046134930843813725,0.77454545454545454,0.70588235294117652,0.23474178403755869,0.66666666666666663,0.24539877300613497,0.25,0.59763041882405432,0.39387586830737825,0.42438111257159333,0.5,0.5,0,True,,1,0,Slot__Patch;Slot__CPW_Feed_Pin;Patch__CPW_Feed_Pin,True,Slot__CPW_Feed_Pin,,Slot__CPW_Feed_Pin,,"{""Slot__CPW_Feed_Pin"": {""geometry_type"": ""MultiLineString"", ""relations"": ""overlaps"", ""wkt"": ""MULTILINESTRING ((0.5 22, 0 22), (0 22, -0.5 22))""}}",True,,,True,latin
392,55.2370207172712,2,5.800852235512151,2.5167246422127851,2,15.253287448619449,4,0.62895863841016908,0.79378680437873983,0.31078975447911511,0.27847621061456712,0.77454545454545454,0.70588235294117652,0.23474178403755869,0.66666666666666663,0.24539877300613497,0.25,0.16023857941650671,0.89420655374708558,0.6715303448308696,0.5,0.5,0,True,,1,0,Slot__Patch;Slot__CPW_Feed_Pin;Patch__CPW_Feed_Pin,True,Slot__CPW_Feed_Pin,,Slot__CPW_Feed_Pin,,"{""Slot__CPW_Feed_Pin"": {""geometry_type"": ""MultiLineString"", ""relations"": ""overlaps"", ""wkt"": ""MULTILINESTRING ((0.5 22, 0 22), (0 22, -0.5 22))""}}",True,,,True,latin
393,50.50970582298141,2,5.7027017878241288,2.7670021491081864,2,15.089226894549675,4,0.65275808103308341,0.95281248111591499,0.36369270656041874,0.045272162956121957,0.77454545454545454,0.70588235294117652,0.23474178403755869,0.66666666666666663,0.24539877300613497,0.25,0.50149703128798861,0.50632936988669197,0.97626344234455487,0.5,0.5,0,True,,1,0,Slot__Patch;Slot__CPW_Feed_Pin;Patch__CPW_Feed_Pin,True,Slot__CPW_Feed_Pin,,Slot__CPW_Feed_Pin,,"{""Slot__CPW_Feed_Pin"": {""geometry_type"": ""MultiLineString"", ""relations"": ""overlaps"", ""wkt"": ""MULTILINESTRING ((0.5 22, 0 22), (0 22, -0.5 22))""}}",True,,,True,latin
394,52.913885295759314,2,6.5566435920414827,2.5780222201879268,2,14.258601278109717,4,0.75455751857429743,0.91288474654556206,0.40616248713074982,0.218112973406386,0.77454545454545454,0.70588235294117652,0.23474178403755869,0.66666666666666663,0.24539877300613497,0.25,0.59432161543029083,0.11719243356142417,0.43529823786031585,0.5,0.5,0,True,,1,0,Slot__Patch;Slot__CPW_Feed_Pin;Patch__CPW_Feed_Pin,True,Slot__CPW_Feed_Pin,,Slot__CPW_Feed_Pin,,"{""Slot__CPW_Feed_Pin"": {""geometry_type"": ""MultiLineString"", ""relations"": ""overlaps"", ""wkt"": ""MULTILINESTRING ((0.5 22, 0 22), (0 22, -0.5 22))""}}",True,,,True,latin
395,48.105144212673245,2,6.3008926892456563,2.4808243741093108,2,14.838057555737402,4,0.53259143710335555,0.86986719598440265,0.5114530152660145,0.10568063430777837,0.77454545454545454,0.70588235294117652,0.23474178403755869,0.66666666666666663,0.24539877300613497,0.25,0.25505476401635818,0.42455530167992972,0.55903837779321763,0.5,0.5,0,True,,1,0,Slot__Patch;Slot__CPW_Feed_Pin;Patch__CPW_Feed_Pin,True,Slot__CPW_Feed_Pin,,Slot__CPW_Feed_Pin,,"{""Slot__CPW_Feed_Pin"": {""geometry_type"": ""MultiLineString"", ""relations"": ""overlaps"", ""wkt"": ""MULTILINESTRING ((0.5 22, 0 22), (0 22, -0.5 22))""}}",True,,,True,latin
396,52.043693019563236,2,5.7134499074369245,2.7015833665071525,2,15.96603309002732,4,0.75992598034024983,0.76759193159614636,0.53145530458494383,0.14552158354801512,0.77454545454545454,0.70588235294117652,0.23474178403755869,0.66666666666666663,0.24539877300613497,0.25,0.85324484221717034,0.23325743655298981,0.56414737930196457,0.5,0.5,0,True,,1,0,Slot__Patch;Slot__CPW_Feed_Pin;Patch__CPW_Feed_Pin,True,Slot__CPW_Feed_Pin,,Slot__CPW_Feed_Pin,,"{""Slot__CPW_Feed_Pin"": {""geometry_type"": ""MultiLineString"", ""relations"": ""overlaps"", ""wkt"": ""MULTILINESTRING ((0.5 22, 0 22), (0 22, -0.5 22))""}}",True,,,True,latin
397,51.991380969387784,2,6.2026704103511099,2.3405540587756528,2,13.752763283884875,4,0.49204858142393937,0.85562383368984596,0.48774980435226439,0.14454167819646219,0.77454545454545454,0.70588235294117652,0.23474178403755869,0.66666666666666663,0.24539877300613497,0.25,0.74689083381774357,0.55875259837561786,0.96177281451335517,0.5,0.5,0,True,,1,0,Slot__Patch;Slot__CPW_Feed_Pin;Patch__CPW_Feed_Pin,True,Slot__CPW_Feed_Pin,,Slot__CPW_Feed_Pin,,"{""Slot__CPW_Feed_Pin"": {""geometry_type"": ""MultiLineString"", ""relations"": ""overlaps"", ""wkt"": ""MULTILINESTRING ((0.5 22, 0 22), (0 22, -0.5 22))""}}",True,,,True,latin
398,53.092078633871736,2,5.9588104349850202,2.7603471733452798,2,13.696498695751412,4,0.64264728094326684,0.97668722347735681,0.4922682268198415,0.24183414819371149,0.77454545454545454,0.70588235294117652,0.23474178403755869,0.66666666666666663,0.24539877300613497,0.25,0.14240667769763576,0.40523798201742206,0.067727578533008162,0.5,0.5,0,True,,1,0,Slot__Patch;Slot__CPW_Feed_Pin;Patch__CPW_Feed_Pin,True,Slot__CPW_Feed_Pin,,Slot__CPW_Feed_Pin,,"{""Slot__CPW_Feed_Pin"": {""geometry_type"": ""MultiLineString"", ""relations"": ""overlaps"", ""wkt"": ""MULTILINESTRING ((0.5 22, 0 22), (0 22, -0.5 22))""}}",True,,,True,latin
399,56.379667445085616,2,5.5329287815049124,2.7141099407350175,2,14.665543627408614,4,0.51441855118773194,0.73754327982164569,0.27912386120722055,0.20293347779861862,0.77454545454545454,0.70588235294117652,0.23474178403755869,0.66666666666666663,0.24539877300613497,0.25,0.53508960145779205,0.39635379362013723,0.92366550230970379,0.5,0.5,0,True,,1,0,Slot__Patch;Slot__CPW_Feed_Pin;Patch__CPW_Feed_Pin,True,Slot__CPW_Feed_Pin,,Slot__CPW_Feed_Pin,,"{""Slot__CPW_Feed_Pin"": {""geometry_type"": ""MultiLineString"", ""relations"": ""overlaps"", ""wkt"": ""MULTILINESTRING ((0.5 22, 0 22), (0 22, -0.5 22))""}}",True,,,True,latin
400,53.5414568200734,2,5.891864034723886,2.4133966709597643,2,14.532823058928445,4,0.47210427081281536,0.75877498764947859,0.42964064544254343,0.076819596307163118,0.77454545454545454,0.70588235294117652,0.23474178403755869,0.66666666666666663,0.24539877300613497,0.25,0.84313998981902549,0.61329958725195888,0.97442901651315916,0.5,0.5,0,True,,1,0,Slot__Patch;Slot__CPW_Feed_Pin;Patch__CPW_Feed_Pin,True,Slot__CPW_Feed_Pin,,Slot__CPW_Feed_Pin,,"{""Slot__CPW_Feed_Pin"": {""geometry_type"": ""MultiLineString"", ""relations"": ""overlaps"", ""wkt"": ""MULTILINESTRING ((0.5 22, 0 22), (0 22, -0.5 22))""}}",True,,,True,latin
401,53.430685602018357,2,6.1945237755285634,2.6550490318863122,2,15.636830044699739,4,0.67326973196976503,0.76665178112887922,0.5487999519999931,0.0016024732956089233,0.77454545454545454,0.70588235294117652,0.23474178403755869,0.66666666666666663,0.24539877300613497,0.25,0.84449033209542657,0.17529966391681789,0.68787517365171125,0.5,0.5,0,True,,1,0,Slot__Patch;Slot__CPW_Feed_Pin;Patch__CPW_Feed_Pin,True,Slot__CPW_Feed_Pin,,Slot__CPW_Feed_Pin,,"{""Slot__CPW_Feed_Pin"": {""geometry_type"": ""MultiLineString"", ""relations"": ""overlaps"", ""wkt"": ""MULTILINESTRING ((0.5 22, 0 22), (0 22, -0.5 22))""}}",True,,,True,latin
402,53.888920184040771,2,6.5760847528343742,2.8338351255127563,2,15.340346945155753,4,0.72887278856482651,0.73063298498820251,0.47925756993466867,0.041884051137681087,0.77454545454545454,0.70588235294117652,0.23474178403755869,0.66666666666666663,0.24539877300613497,0.25,0.75180327282075687,0.77112320747377872,0.99866783775443702,0.5,0.5,0,True,,1,0,Slot__Patch;Slot__CPW_Feed_Pin;Patch__CPW_Feed_Pin,True,Slot__CPW_Feed_Pin,,Slot__CPW_Feed_Pin,,"{""Slot__CPW_Feed_Pin"": {""geometry_type"": ""MultiLineString"", ""relations"": ""overlaps"", ""wkt"": ""MULTILINESTRING ((0.5 22, 0 22), (0 22, -0.5 22))""}}",True,,,True,latin
403,52.393233991825809,2,6.5766561021341268,2.8540219237593765,2,14.851402081499671,4,0.55904251289540574,0.73699521921789035,0.4953965299835571,0.075862081075135521,0.77454545454545454,0.70588235294117652,0.23474178403755869,0.66666666666666663,0.24539877300613497,0.25,0.23821996970239345,0.53992766742025622,0.61096508540343708,0.5,0.5,0,True,,1,0,Slot__Patch;Slot__CPW_Feed_Pin;Patch__CPW_Feed_Pin,True,Slot__CPW_Feed_Pin,,Slot__CPW_Feed_Pin,,"{""Slot__CPW_Feed_Pin"": {""geometry_type"": ""MultiLineString"", ""relations"": ""overlaps"", ""wkt"": ""MULTILINESTRING ((0.5 22, 0 22), (0 22, -0.5 22))""}}",True,,,True,latin
404,50.235880493176843,2,5.7884404301011694,2.8400871295764643,2,15.682596380956708,4,0.72252789242860294,0.71324357487904055,0.51059902603356067,0.069048520702952434,0.77454545454545454,0.70588235294117652,0.23474178403755869,0.66666666666666663,0.24539877300613497,0.25,0.2987432740223071,0.53797060384336925,0.85344799557033579,0.5,0.5,0,True,,1,0,Slot__Patch;Slot__CPW_Feed_Pin;Patch__CPW_Feed_Pin,True,Slot__CPW_Feed_Pin,,Slot__CPW_Feed_Pin,,"{""Slot__CPW_Feed_Pin"": {""geometry_type"": ""MultiLineString"", ""relations"": ""overlaps"", ""wkt"": ""MULTILINESTRING ((0.5 22, 0 22), (0 22, -0.5 22))""}}",True,,,True,latin
405,49.220540719626698,2,6.5379620505854543,2.7283973853825296,2,16.05549973283955,4,0.65646945559077963,0.92564084142568936,0.26777586981556822,0.26951732750664809,0.77454545454545454,0.70588235294117652,0.23474178403755869,0.66666666666666663,0.24539877300613497,0.25,0.51213103174667973,0.26882575229434108,0.51473066970851467,0.5,0.5,0,True,,1,0,Slot__Patch;Slot__CPW_Feed_Pin;Patch__CPW_Feed_Pin,True,Slot__CPW_Feed_Pin,,Slot__CPW_Feed_Pin,,"{""Slot__CPW_Feed_Pin"": {""geometry_type"": ""MultiLineString"", ""relations"": ""overlaps"", ""wkt"": ""MULTILINESTRING ((0.5 22, 0 22), (0 22, -0.5 22))""}}",True,,,True,latin
406,53.371958050547043,2,6.2211466352669742,2.5920684136586041,2,15.216462344693678,4,0.49702107714979571,0.96074362908589195,0.44141358605517961,0.078126880082622432,0.77454545454545454,0.70588235294117652,0.23474178403755869,0.66666666666666663,0.24539877300613497,0.25,0.39984595374495657,0.3284351680539172,0.10376484801888512,0.5,0.5,0,True,,1,0,Slot__Patch;Slot__CPW_Feed_Pin;Patch__CPW_Feed_Pin,True,Slot__CPW_Feed_Pin,,Slot__CPW_Feed_Pin,,"{""Slot__CPW_Feed_Pin"": {""geometry_type"": ""MultiLineString"", ""relations"": ""overlaps"", ""wkt"": ""MULTILINESTRING ((0.5 22, 0 22), (0 22, -0.5 22))""}}",True,,,True,latin
407,52.955230913370649,2,5.7579580851706487,2.4575376333791774,2,16.364083050090432,4,0.48795330825625483,0.72509011687432834,0.39901320357747039,0.21756818461911751,0.77454545454545454,0.70588235294117652,0.23474178403755869,0.66666666666666663,0.24539877300613497,0.25,0.5589626564625001,0.98891730741586881,0.92563397579835305,0.5,0.5,0,True,,1,0,Slot__Patch;Slot__CPW_Feed_Pin;Patch__CPW_Feed_Pin,True,Slot__CPW_Feed_Pin,,Slot__CPW_Feed_Pin,,"{""Slot__CPW_Feed_Pin"": {""geometry_type"": ""MultiLineString"", ""relations"": ""overlaps"", ""wkt"": ""MULTILINESTRING ((0.5 22, 0 22), (0 22, -0.5 22))""}}",True,,,True,latin
408,50.790864729405165,2,5.4116599787572648,2.7064116547349468,2,15.639501333050269,4,0.48078952074798709,0.76516464238752646,0.45429759663685482,0.08480635757802954,0.77454545454545454,0.70588235294117652,0.23474178403755869,0.66666666666666663,0.24539877300613497,0.25,0.93145409202201912,0.73465243056809548,0.79547810470274116,0.5,0.5,0,True,,1,0,Slot__Patch;Slot__CPW_Feed_Pin;Patch__CPW_Feed_Pin,True,Slot__CPW_Feed_Pin,,Slot__CPW_Feed_Pin,,"{""Slot__CPW_Feed_Pin"": {""geometry_type"": ""MultiLineString"", ""relations"": ""overlaps"", ""wkt"": ""MULTILINESTRING ((0.5 22, 0 22), (0 22, -0.5 22))""}}",True,,,True,latin
409,50.017408433047244,2,5.8927177462167633,2.5029316528283414,2,15.940221139510072,4,0.6219771358331434,0.83317792822706305,0.39362357216125099,0.26443260754862019,0.77454545454545454,0.70588235294117652,0.23474178403755869,0.66666666666666663,0.24539877300613497,0.25,0.37371536810748734,0.55658126590254153,0.85714936728542479,0.5,0.5,0,True,,1,0,Slot__Patch;Slot__CPW_Feed_Pin;Patch__CPW_Feed_Pin,True,Slot__CPW_Feed_Pin,,Slot__CPW_Feed_Pin,,"{""Slot__CPW_Feed_Pin"": {""geometry_type"": ""MultiLineString"", ""relations"": ""overlaps"", ""wkt"": ""MULTILINESTRING ((0.5 22, 0 22), (0 22, -0.5 22))""}}",True,,,True,latin
410,49.498827189171323,2,6.085035351280653,2.3641779832686973,2,13.748322990682261,4,0.57215715696375036,0.82011627079563665,0.29036172044672498,0.063075055010182665,0.77454545454545454,0.70588235294117652,0.23474178403755869,0.66666666666666663,0.24539877300613497,0.25,0.581831864346392,0.48674740485515372,0.075926399512032047,0.5,0.5,0,True,,1,0,Slot__Patch;Slot__CPW_Feed_Pin;Patch__CPW_Feed_Pin,True,Slot__CPW_Feed_Pin,,Slot__CPW_Feed_Pin,,"{""Slot__CPW_Feed_Pin"": {""geometry_type"": ""MultiLineString"", ""relations"": ""overlaps"", ""wkt"": ""MULTILINESTRING ((0.5 22, 0 22), (0 22, -0.5 22))""}}",True,,,True,latin
411,54.377309166916405,2,6.460683087743611,2.7610277102985781,2,14.968344385223258,4,0.74841169792566331,0.7774362152295019,0.536949082465495,0.1230568898416485,0.77454545454545454,0.70588235294117652,0.23474178403755869,0.66666666666666663,0.24539877300613497,0.25,0.10847959232764207,0.64684390142775694,0.76538449155483002,0.5,0.5,0,True,,1,0,Slot__Patch;Slot__CPW_Feed_Pin;Patch__CPW_Feed_Pin,True,Slot__CPW_Feed_Pin,,Slot__CPW_Feed_Pin,,"{""Slot__CPW_Feed_Pin"": {""geometry_type"": ""MultiLineString"", ""relations"": ""overlaps"", ""wkt"": ""MULTILINESTRING ((0.5 22, 0 22), (0 22, -0.5 22))""}}",True,,,True,latin
412,54.221859583422464,2,6.5689937469141757,2.4724792659278756,2,14.464894439614923,4,0.67156441605181771,0.88551004567927083,0.45529377515806768,0.18562266238951419,0.77454545454545454,0.70588235294117652,0.23474178403755869,0.66666666666666663,0.24539877300613497,0.25,0.63562734988672853,0.37916261742658519,0.80013818481900711,0.5,0.5,0,True,,1,0,Slot__Patch;Slot__CPW_Feed_Pin;Patch__CPW_Feed_Pin,True,Slot__CPW_Feed_Pin,,Slot__CPW_Feed_Pin,,"{""Slot__CPW_Feed_Pin"": {""geometry_type"": ""MultiLineString"", ""relations"": ""overlaps"", ""wkt"": ""MULTILINESTRING ((0.5 22, 0 22), (0 22, -0.5 22))""}}",True,,,True,latin
413,49.085986950126156,2,5.9442631259895515,2.7196648431274317,2,16.20727298425588,4,0.68562224258714199,0.81529103895910815,0.41651179671937377,0.1452268737637987,0.77454545454545454,0.70588235294117652,0.23474178403755869,0.66666666666666663,0.24539877300613497,0.25,0.56876367712956533,0.74358695463988267,0.60506473418952378,0.5,0.5,0,True,,1,0,Slot__Patch;Slot__CPW_Feed_Pin;Patch__CPW_Feed_Pin,True,Slot__CPW_Feed_Pin,,Slot__CPW_Feed_Pin,,"{""Slot__CPW_Feed_Pin"": {""geometry_type"": ""MultiLineString"", ""relations"": ""overlaps"", ""wkt"": ""MULTILINESTRING ((0.5 22, 0 22), (0 22, -0.5 22))""}}",True,,,True,latin
414,48.329474575748648,2,5.8261880613512211,2.8551700235809006,2,16.431839098733111,4,0.69204940943801763,0.8715902802083485,0.53573266024637323,0.10049440720283107,0.77454545454545454,0.70588235294117652,0.23474178403755869,0.66666666666666663,0.24539877300613497,0.25,0.84909612699136605,0.93398728340291015,0.18163968668761332,0.5,0.5,0,True,,1,0,Slot__Patch;Slot__CPW_Feed_Pin;Patch__CPW_Feed_Pin,True,Slot__CPW_Feed_Pin,,Slot__CPW_Feed_Pin,,"{""Slot__CPW_Feed_Pin"": {""geometry_type"": ""MultiLineString"", ""relations"": ""overlaps"", ""wkt"": ""MULTILINESTRING ((0.5 22, 0 22), (0 22, -0.5 22))""}}",True,,,True,latin
415,56.14962224395456,2,5.8004678272788066,2.4832905833568395,2,14.00282321807056,4,0.63272127649390586,0.97645656562622651,0.28559085712857091,0.10189022305580904,0.77454545454545454,0.70588235294117652,0.23474178403755869,0.66666666666666663,0.24539877300613497,0.25,0.10538489166690138,0.73633443234817963,0.25274075384693284,0.5,0.5,0,True,,1,0,Slot__Patch;Slot__CPW_Feed_Pin;Patch__CPW_Feed_Pin,True,Slot__CPW_Feed_Pin,,Slot__CPW_Feed_Pin,,"{""Slot__CPW_Feed_Pin"": {""geometry_type"": ""MultiLineString"", ""relations"": ""overlaps"", ""wkt"": ""MULTILINESTRING ((0.5 22, 0 22), (0 22, -0.5 22))""}}",True,,,True,latin
416,56.334065376381623,2,5.4052151961439234,2.4028178777511986,2,15.147344552762892,4,0.52799724694722228,0.70784127045065259,0.28413590502706709,0.063648245497120712,0.77454545454545454,0.70588235294117652,0.23474178403755869,0.66666666666666663,0.24539877300613497,0.25,0.46199609106284639,0.93012172913717017,0.57217030283887282,0.5,0.5,0,True,,1,0,Slot__Patch;Slot__CPW_Feed_Pin;Patch__CPW_Feed_Pin,True,Slot__CPW_Feed_Pin,,Slot__CPW_Feed_Pin,,"{""Slot__CPW_Feed_Pin"": {""geometry_type"": ""MultiLineString"", ""relations"": ""overlaps"", ""wkt"": ""MULTILINESTRING ((0.5 22, 0 22), (0 22, -0.5 22))""}}",True,,,True,latin
417,56.645991003620402,2,6.1033402331172644,2.3841557423277333,2,13.783291575730997,4,0.50743131536314101,0.81719949435296069,0.47505996228298125,0.09485160140492481,0.77454545454545454,0.70588235294117652,0.23474178403755869,0.66666666666666663,0.24539877300613497,0.25,0.78315019395475383,0.92852636825209711,0.95618730094502213,0.5,0.5,0,True,,1,0,Slot__Patch;Slot__CPW_Feed_Pin;Patch__CPW_Feed_Pin,True,Slot__CPW_Feed_Pin,,Slot__CPW_Feed_Pin,,"{""Slot__CPW_Feed_Pin"": {""geometry_type"": ""MultiLineString"", ""relations"": ""overlaps"", ""wkt"": ""MULTILINESTRING ((0.5 22, 0 22), (0 22, -0.5 22))""}}",True,,,True,latin
418,53.40748554640912,2,6.1656830252011208,2.5958391677295221,2,14.473587864973624,4,0.69594430214891456,0.98753661877244114,0.4030914973628491,0.13450182033930019,0.77454545454545454,0.70588235294117652,0.23474178403755869,0.66666666666666663,0.24539877300613497,0.25,0.88601880782774134,0.57528692212009358,0.78841738282355756,0.5,0.5,0,True,,1,0,Slot__Patch;Slot__CPW_Feed_Pin;Patch__CPW_Feed_Pin,True,Slot__CPW_Feed_Pin,,Slot__CPW_Feed_Pin,,"{""Slot__CPW_Feed_Pin"": {""geometry_type"": ""MultiLineString"", ""relations"": ""overlaps"", ""wkt"": ""MULTILINESTRING ((0.5 22, 0 22), (0 22, -0.5 22))""}}",True,,,True,latin
419,47.953675025831082,2,5.8436505493990749,2.6476451060850263,2,15.20592521822414,4,0.63476482530718925,0.93553120724402772,0.44591539866311669,0.091186500898975689,0.77454545454545454,0.70588235294117652,0.23474178403755869,0.66666666666666663,0.24539877300613497,0.25,0.30137923202762862,0.8415525981108235,0.16676014540552594,0.5,0.5,0,True,,1,0,Slot__Patch;Slot__CPW_Feed_Pin;Patch__CPW_Feed_Pin,True,Slot__CPW_Feed_Pin,,Slot__CPW_Feed_Pin,,"{""Slot__CPW_Feed_Pin"": {""geometry_type"": ""MultiLineString"", ""relations"": ""overlaps"", ""wkt"": ""MULTILINESTRING ((0.5 22, 0 22), (0 22, -0.5 22))""}}",True,,,True,latin
420,48.146016129204149,2,6.5040965759117721,2.6817102228286904,2,13.800599329962964,4,0.65469733821639808,0.99819923655221054,0.43108293578146661,0.26966921995758925,0.77454545454545454,0.70588235294117652,0.23474178403755869,0.66666666666666663,0.24539877300613497,0.25,0.94060603979001245,0.31452151420548641,0.41978422067009807,0.5,0.5,0,True,,1,0,Slot__Patch;Slot__CPW_Feed_Pin;Patch__CPW_Feed_Pin,True,Slot__CPW_Feed_Pin,,Slot__CPW_Feed_Pin,,"{""Slot__CPW_Feed_Pin"": {""geometry_type"": ""MultiLineString"", ""relations"": ""overlaps"", ""wkt"": ""MULTILINESTRING ((0.5 22, 0 22), (0 22, -0.5 22))""}}",True,,,True,latin
421,48.010681048314929,2,6.5317376809163123,2.7594412331330469,2,14.719045769208769,4,0.71156556166462459,0.72754790022192184,0.32883977449677204,0.026979481970864312,0.77454545454545454,0.70588235294117652,0.23474178403755869,0.66666666666666663,0.24539877300613497,0.25,0.47564150318266346,0.060416634133237661,0.79756205656411761,0.5,0.5,0,True,,1,0,Slot__Patch;Slot__CPW_Feed_Pin;Patch__CPW_Feed_Pin,True,Slot__CPW_Feed_Pin,,Slot__CPW_Feed_Pin,,"{""Slot__CPW_Feed_Pin"": {""geometry_type"": ""MultiLineString"", ""relations"": ""overlaps"", ""wkt"": ""MULTILINESTRING ((0.5 22, 0 22), (0 22, -0.5 22))""}}",True,,,True,latin
422,49.596235077668432,2,6.2910383203303963,2.6782249665787576,2,15.184131276355064,4,0.71322570514400385,0.76427396237346434,0.43643920009455273,0.27986048186835721,0.77454545454545454,0.70588235294117652,0.23474178403755869,0.66666666666666663,0.24539877300613497,0.25,0.83512681008524814,0.50400873473506791,0.48479378467757234,0.5,0.5,0,True,,1,0,Slot__Patch;Slot__CPW_Feed_Pin;Patch__CPW_Feed_Pin,True,Slot__CPW_Feed_Pin,,Slot__CPW_Feed_Pin,,"{""Slot__CPW_Feed_Pin"": {""geometry_type"": ""MultiLineString"", ""relations"": ""overlaps"", ""wkt"": ""MULTILINESTRING ((0.5 22, 0 22), (0 22, -0.5 22))""}}",True,,,True,latin
423,51.334782065826062,2,6.51522378540799,2.6496211959788138,2,14.701752750221805,4,0.6278269787200732,0.92021054012987891,0.29592980841215316,0.1034142422803476,0.77454545454545454,0.70588235294117652,0.23474178403755869,0.66666666666666663,0.24539877300613497,0.25,0.83480854265542326,0.24440044707524849,0.68084321365670708,0.5,0.5,0,True,,1,0,Slot__Patch;Slot__CPW_Feed_Pin;Patch__CPW_Feed_Pin,True,Slot__CPW_Feed_Pin,,Slot__CPW_Feed_Pin,,"{""Slot__CPW_Feed_Pin"": {""geometry_type"": ""MultiLineString"", ""relations"": ""overlaps"", ""wkt"": ""MULTILINESTRING ((0.5 22, 0 22), (0 22, -0.5 22))""}}",True,,,True,latin
424,55.695368898435177,2,6.2789709014172281,2.6323065409335391,2,14.067964220665417,4,0.61978508007397415,0.87727061903353243,0.53465475756555181,0.21507883366882777,0.77454545454545454,0.70588235294117652,0.23474178403755869,0.66666666666666663,0.24539877300613497,0.25,0.066948348826757695,0.57147269014182678,0.41824590263139555,0.5,0.5,0,True,,1,0,Slot__Patch;Slot__CPW_Feed_Pin;Patch__CPW_Feed_Pin,True,Slot__CPW_Feed_Pin,,Slot__CPW_Feed_Pin,,"{""Slot__CPW_Feed_Pin"": {""geometry_type"": ""MultiLineString"", ""relations"": ""overlaps"", ""wkt"": ""MULTILINESTRING ((0.5 22, 0 22), (0 22, -0.5 22))""}}",True,,,True,latin
425,47.83147768253265,2,5.63056809860268,2.7507986979316317,2,15.975182918096454,4,0.51133368871039819,0.80096794354866829,0.52916407444021596,0.13209197374558831,0.77454545454545454,0.70588235294117652,0.23474178403755869,0.66666666666666663,0.24539877300613497,0.25,0.22577165080700878,0.32465856557024242,0.54042399616146553,0.5,0.5,0,True,,1,0,Slot__Patch;Slot__CPW_Feed_Pin;Patch__CPW_Feed_Pin,True,Slot__CPW_Feed_Pin,,Slot__CPW_Feed_Pin,,"{""Slot__CPW_Feed_Pin"": {""geometry_type"": ""MultiLineString"", ""relations"": ""overlaps"", ""wkt"": ""MULTILINESTRING ((0.5 22, 0 22), (0 22, -0.5 22))""}}",True,,,True,latin
426,49.81646887614535,2,5.4367587452267925,2.5305831268895171,2,14.540490584005967,4,0.75682891621528448,0.84660123667185827,0.53064639774301836,0.16884834244142963,0.77454545454545454,0.70588235294117652,0.23474178403755869,0.66666666666666663,0.24539877300613497,0.25,0.55168184177026813,0.87721632055961607,0.43733670040270262,0.5,0.5,0,True,,1,0,Slot__Patch;Slot__CPW_Feed_Pin;Patch__CPW_Feed_Pin,True,Slot__CPW_Feed_Pin,,Slot__CPW_Feed_Pin,,"{""Slot__CPW_Feed_Pin"": {""geometry_type"": ""MultiLineString"", ""relations"": ""overlaps"", ""wkt"": ""MULTILINESTRING ((0.5 22, 0 22), (0 22, -0.5 22))""}}",True,,,True,latin
427,56.283076862433717,2,5.5949878776086415,2.53744497059609,2,14.403283154475325,4,0.69772018252018442,0.75787330369419847,0.47762818872014268,0.17878766179866354,0.77454545454545454,0.70588235294117652,0.23474178403755869,0.66666666666666663,0.24539877300613497,0.25,0.1721305080061673,0.82589560875493606,0.47331948200383844,0.5,0.5,0,True,,1,0,Slot__Patch;Slot__CPW_Feed_Pin;Patch__CPW_Feed_Pin,True,Slot__CPW_Feed_Pin,,Slot__CPW_Feed_Pin,,"{""Slot__CPW_Feed_Pin"": {""geometry_type"": ""MultiLineString"", ""relations"": ""overlaps"", ""wkt"": ""MULTILINESTRING ((0.5 22, 0 22), (0 22, -0.5 22))""}}",True,,,True,latin
428,57.431344937036798,2,6.5790361174924072,2.5478962901159159,2,13.976005961923638,4,0.51329550790432121,0.98625031571276456,0.3071266440324335,0.052044459914186415,0.77454545454545454,0.70588235294117652,0.23474178403755869,0.66666666666666663,0.24539877300613497,0.25,0.99863604108688553,0.46904738525476386,0.73894696631807799,0.5,0.5,0,True,,1,0,Slot__Patch;Slot__CPW_Feed_Pin;Patch__CPW_Feed_Pin,True,Slot__CPW_Feed_Pin,,Slot__CPW_Feed_Pin,,"{""Slot__CPW_Feed_Pin"": {""geometry_type"": ""MultiLineString"", ""relations"": ""overlaps"", ""wkt"": ""MULTILINESTRING ((0.5 22, 0 22), (0 22, -0.5 22))""}}",True,,,True,latin
429,50.783474490208448,2,6.4344014310086868,2.6064216939685716,2,15.620371770723199,4,0.65829279530050555,0.9853559497652925,0.48428003928915248,0.16135245386472238,0.77454545454545454,0.70588235294117652,0.23474178403755869,0.66666666666666663,0.24539877300613497,0.25,0.11433566965665466,0.29234859410980973,0.88543262130333911,0.5,0.5,0,True,,1,0,Slot__Patch;Slot__CPW_Feed_Pin;Patch__CPW_Feed_Pin,True,Slot__CPW_Feed_Pin,,Slot__CPW_Feed_Pin,,"{""Slot__CPW_Feed_Pin"": {""geometry_type"": ""MultiLineString"", ""relations"": ""overlaps"", ""wkt"": ""MULTILINESTRING ((0.5 22, 0 22), (0 22, -0.5 22))""}}",True,,,True,latin
430,51.36414214450793,2,5.744720339596304,2.6412942540903588,2,14.011009280786192,4,0.56938574659354924,0.9917597286559815,0.34981784243184499,0.13977909344552822,0.77454545454545454,0.70588235294117652,0.23474178403755869,0.66666666666666663,0.24539877300613497,0.25,0.42946247151266242,0.99305117376630414,0.97789611441785229,0.5,0.5,0,True,,1,0,Slot__Patch;Slot__CPW_Feed_Pin;Patch__CPW_Feed_Pin,True,Slot__CPW_Feed_Pin,,Slot__CPW_Feed_Pin,,"{""Slot__CPW_Feed_Pin"": {""geometry_type"": ""MultiLineString"", ""relations"": ""overlaps"", ""wkt"": ""MULTILINESTRING ((0.5 22, 0 22), (0 22, -0.5 22))""}}",True,,,True,latin
431,48.73946799737331,2,5.7815762540794093,2.424828738732538,2,15.238711566994432,4,0.52372692943289234,0.71244528352199221,0.30902179513298539,0.11815405318128212,0.77454545454545454,0.70588235294117652,0.23474178403755869,0.66666666666666663,0.24539877300613497,0.25,0.19510908976706748,0.38794695856352573,0.11940739471610391,0.5,0.5,0,True,,1,0,Slot__Patch;Slot__CPW_Feed_Pin;Patch__CPW_Feed_Pin,True,Slot__CPW_Feed_Pin,,Slot__CPW_Feed_Pin,,"{""Slot__CPW_Feed_Pin"": {""geometry_type"": ""MultiLineString"", ""relations"": ""overlaps"", ""wkt"": ""MULTILINESTRING ((0.5 22, 0 22), (0 22, -0.5 22))""}}",True,,,True,latin
432,49.36266575320721,2,5.9983182772437553,2.6620949643785172,2,14.081106212446812,4,0.70569897814575666,0.82077207804878505,0.44713215944043627,0.19709774941963695,0.77454545454545454,0.70588235294117652,0.23474178403755869,0.66666666666666663,0.24539877300613497,0.25,0.23988212153777794,0.45095121148153428,0.26696207887820556,0.5,0.5,0,True,,1,0,Slot__Patch;Slot__CPW_Feed_Pin;Patch__CPW_Feed_Pin,True,Slot__CPW_Feed_Pin,,Slot__CPW_Feed_Pin,,"{""Slot__CPW_Feed_Pin"": {""geometry_type"": ""MultiLineString"", ""relations"": ""overlaps"", ""wkt"": ""MULTILINESTRING ((0.5 22, 0 22), (0 22, -0.5 22))""}}",True,,,True,latin
433,55.781075433502409,2,5.7107140637957752,2.7153028754821844,2,16.098115568037858,4,0.70819801126068305,0.80622513218729197,0.44972113446580686,0.016529385941085765,0.77454545454545454,0.70588235294117652,0.23474178403755869,0.66666666666666663,0.24539877300613497,0.25,0.33594300544816041,0.8115070084578766,0.62956583363743457,0.5,0.5,0,True,,1,0,Slot__Patch;Slot__CPW_Feed_Pin;Patch__CPW_Feed_Pin,True,Slot__CPW_Feed_Pin,,Slot__CPW_Feed_Pin,,"{""Slot__CPW_Feed_Pin"": {""geometry_type"": ""MultiLineString"", ""relations"": ""overlaps"", ""wkt"": ""MULTILINESTRING ((0.5 22, 0 22), (0 22, -0.5 22))""}}",True,,,True,latin
434,57.54743845297191,2,5.6402958882807974,2.4566272904201369,2,15.732822477952197,4,0.60528241577822528,0.92728484120073995,0.38145282406010744,0.25455566407940977,0.77454545454545454,0.70588235294117652,0.23474178403755869,0.66666666666666663,0.24539877300613497,0.25,0.25326632987389708,0.63281488833878918,0.8251793219144361,0.5,0.5,0,True,,1,0,Slot__Patch;Slot__CPW_Feed_Pin;Patch__CPW_Feed_Pin,True,Slot__CPW_Feed_Pin,,Slot__CPW_Feed_Pin,,"{""Slot__CPW_Feed_Pin"": {""geometry_type"": ""MultiLineString"", ""relations"": ""overlaps"", ""wkt"": ""MULTILINESTRING ((0.5 22, 0 22), (0 22, -0.5 22))""}}",True,,,True,latin
435,58.006262299613653,2,5.7292795850609801,2.4903760767581917,2,13.728882850196261,4,0.54580413349163548,0.71467161546206248,0.43463635512053433,0.20447928435696419,0.77454545454545454,0.70588235294117652,0.23474178403755869,0.66666666666666663,0.24539877300613497,0.25,0.74303267590421451,0.3184771695168197,0.15785713834529913,0.5,0.5,0,True,,1,0,Slot__Patch;Slot__CPW_Feed_Pin;Patch__CPW_Feed_Pin,True,Slot__CPW_Feed_Pin,,Slot__CPW_Feed_Pin,,"{""Slot__CPW_Feed_Pin"": {""geometry_type"": ""MultiLineString"", ""relations"": ""overlaps"", ""wkt"": ""MULTILINESTRING ((0.5 22, 0 22), (0 22, -0.5 22))""}}",True,,,True,latin
436,50.252541901764069,2,5.5410254507459769,2.7497348416726917,2,15.497005368195389,4,0.71985325025458791,0.95644513045772561,0.28112954236342996,0.23247453844326296,0.77454545454545454,0.70588235294117652,0.23474178403755869,0.66666666666666663,0.24539877300613497,0.25,0.61951322260918484,0.71526126455277739,0.62102545334333981,0.5,0.5,0,True,,1,0,Slot__Patch;Slot__CPW_Feed_Pin;Patch__CPW_Feed_Pin,True,Slot__CPW_Feed_Pin,,Slot__CPW_Feed_Pin,,"{""Slot__CPW_Feed_Pin"": {""geometry_type"": ""MultiLineString"", ""relations"": ""overlaps"", ""wkt"": ""MULTILINESTRING ((0.5 22, 0 22), (0 22, -0.5 22))""}}",True,,,True,latin
437,55.972910295618547,2,5.883553598568982,2.5185794991344217,2,15.031780278336454,4,0.69322340202375654,0.93661357317656135,0.33208140620397852,0.13731881652534203,0.77454545454545454,0.70588235294117652,0.23474178403755869,0.66666666666666663,0.24539877300613497,0.25,0.80638935432063719,0.30979498669421468,0.80282883630856572,0.5,0.5,0,True,,1,0,Slot__Patch;Slot__CPW_Feed_Pin;Patch__CPW_Feed_Pin,True,Slot__CPW_Feed_Pin,,Slot__CPW_Feed_Pin,,"{""Slot__CPW_Feed_Pin"": {""geometry_type"": ""MultiLineString"", ""relations"": ""overlaps"", ""wkt"": ""MULTILINESTRING ((0.5 22, 0 22), (0 22, -0.5 22))""}}",True,,,True,latin
438,52.476719600820786,2,5.7665757546798488,2.7625822975449927,2,13.94682893522076,4,0.5060052834140939,0.71174491126516015,0.3769909474436639,0.11007882229323483,0.77454545454545454,0.70588235294117652,0.23474178403755869,0.66666666666666663,0.24539877300613497,0.25,0.20492457358045779,0.75159333134552453,0.2349724075202605,0.5,0.5,0,True,,1,0,Slot__Patch;Slot__CPW_Feed_Pin;Patch__CPW_Feed_Pin,True,Slot__CPW_Feed_Pin,,Slot__CPW_Feed_Pin,,"{""Slot__CPW_Feed_Pin"": {""geometry_type"": ""MultiLineString"", ""relations"": ""overlaps"", ""wkt"": ""MULTILINESTRING ((0.5 22, 0 22), (0 22, -0.5 22))""}}",True,,,True,latin
439,49.254915915068963,2,5.4976379123503474,2.7382347323875953,2,13.540231338191214,4,0.70636217839480742,0.95856200730483532,0.44004637023168347,0.25344360903540741,0.77454545454545454,0.70588235294117652,0.23474178403755869,0.66666666666666663,0.24539877300613497,0.25,0.41365154763504186,0.39259128044546771,0.26871519206532218,0.5,0.5,0,True,,1,0,Slot__Patch;Slot__CPW_Feed_Pin;Patch__CPW_Feed_Pin,True,Slot__CPW_Feed_Pin,,Slot__CPW_Feed_Pin,,"{""Slot__CPW_Feed_Pin"": {""geometry_type"": ""MultiLineString"", ""relations"": ""overlaps"", ""wkt"": ""MULTILINESTRING ((0.5 22, 0 22), (0 22, -0.5 22))""}}",True,,,True,latin
440,57.932295392077997,2,5.8639348394698505,2.742074436545582,2,13.857014768456017,4,0.48240531020074934,0.85052424546352678,0.44364780010614946,0.14609737159008349,0.77454545454545454,0.70588235294117652,0.23474178403755869,0.66666666666666663,0.24539877300613497,0.25,0.95586059449444771,0.30445044426236911,0.56340010946009411,0.5,0.5,0,True,,1,0,Slot__Patch;Slot__CPW_Feed_Pin;Patch__CPW_Feed_Pin,True,Slot__CPW_Feed_Pin,,Slot__CPW_Feed_Pin,,"{""Slot__CPW_Feed_Pin"": {""geometry_type"": ""MultiLineString"", ""relations"": ""overlaps"", ""wkt"": ""MULTILINESTRING ((0.5 22, 0 22), (0 22, -0.5 22))""}}",True,,,True,latin
441,54.797993698443008,2,6.2853090983173319,2.8289255880304833,2,14.688102754569208,4,0.57930651566294222,0.93003249696365997,0.52837012693489482,0.071936287396758697,0.77454545454545454,0.70588235294117652,0.23474178403755869,0.66666666666666663,0.24539877300613497,0.25,0.64467779217932253,0.12577952223750033,0.11464972565473959,0.5,0.5,0,True,,1,0,Slot__Patch;Slot__CPW_Feed_Pin;Patch__CPW_Feed_Pin,True,Slot__CPW_Feed_Pin,,Slot__CPW_Feed_Pin,,"{""Slot__CPW_Feed_Pin"": {""geometry_type"": ""MultiLineString"", ""relations"": ""overlaps"", ""wkt"": ""MULTILINESTRING ((0.5 22, 0 22), (0 22, -0.5 22))""}}",True,,,True,latin
442,52.723719346939482,2,6.3969424577526537,2.6116644847321533,2,14.519608424135228,4,0.64118219372849594,0.88731422279018579,0.506234528126146,0.28149449239794888,0.77454545454545454,0.70588235294117652,0.23474178403755869,0.66666666666666663,0.24539877300613497,0.25,0.7390021115292259,0.20464059047578054,0.82078935226606886,0.5,0.5,0,True,,1,0,Slot__Patch;Slot__CPW_Feed_Pin;Patch__CPW_Feed_Pin,True,Slot__CPW_Feed_Pin,,Slot__CPW_Feed_Pin,,"{""Slot__CPW_Feed_Pin"": {""geometry_type"": ""MultiLineString"", ""relations"": ""overlaps"", ""wkt"": ""MULTILINESTRING ((0.5 22, 0 22), (0 22, -0.5 22))""}}",True,,,True,latin
443,50.109430056259939,2,6.1422102708340134,2.5582106742178694,2,14.03205416353755,4,0.50851058959605022,0.72443284775236094,0.32931366307093535,0.059442337210705964,0.77454545454545454,0.70588235294117652,0.23474178403755869,0.66666666666666663,0.24539877300613497,0.25,0.90932880267113048,0.48546918472825656,0.86289431254429239,0.5,0.5,0,True,,1,0,Slot__Patch;Slot__CPW_Feed_Pin;Patch__CPW_Feed_Pin,True,Slot__CPW_Feed_Pin,,Slot__CPW_Feed_Pin,,"{""Slot__CPW_Feed_Pin"": {""geometry_type"": ""MultiLineString"", ""relations"": ""overlaps"", ""wkt"": ""MULTILINESTRING ((0.5 22, 0 22), (0 22, -0.5 22))""}}",True,,,True,latin
444,48.856640317437709,2,5.6646136204945758,2.4340641836970498,2,14.801200525784807,4,0.59562397900010644,0.98014189933421381,0.54734809050671906,0.019769411101095206,0.77454545454545454,0.70588235294117652,0.23474178403755869,0.66666666666666663,0.24539877300613497,0.25,0.54883665136460191,0.80398155441617281,0.54339768924892717,0.5,0.5,0,True,,1,0,Slot__Patch;Slot__CPW_Feed_Pin;Patch__CPW_Feed_Pin,True,Slot__CPW_Feed_Pin,,Slot__CPW_Feed_Pin,,"{""Slot__CPW_Feed_Pin"": {""geometry_type"": ""MultiLineString"", ""relations"": ""overlaps"", ""wkt"": ""MULTILINESTRING ((0.5 22, 0 22), (0 22, -0.5 22))""}}",True,,,True,latin
445,51.717190731144889,2,6.4150712072744307,2.44281833160957,2,14.581220702711963,4,0.52102736366754143,0.7544888361072285,0.40679560317388885,0.22627485584028981,0.77454545454545454,0.70588235294117652,0.23474178403755869,0.66666666666666663,0.24539877300613497,0.25,0.087062588389713966,0.92305078496107384,0.64625760010599098,0.5,0.5,0,True,,1,0,Slot__Patch;Slot__CPW_Feed_Pin;Patch__CPW_Feed_Pin,True,Slot__CPW_Feed_Pin,,Slot__CPW_Feed_Pin,,"{""Slot__CPW_Feed_Pin"": {""geometry_type"": ""MultiLineString"", ""relations"": ""overlaps"", ""wkt"": ""MULTILINESTRING ((0.5 22, 0 22), (0 22, -0.5 22))""}}",True,,,True,latin
446,56.226373234925831,2,6.0750340842582382,2.8157224957471541,2,14.817952321169692,4,0.5119905929881321,0.79903410856358781,0.26699212293508195,0.25133213468510923,0.77454545454545454,0.70588235294117652,0.23474178403755869,0.66666666666666663,0.24539877300613497,0.25,0.75580633838243738,0.38650972436527453,0.25127586494679077,0.5,0.5,0,True,,1,0,Slot__Patch;Slot__CPW_Feed_Pin;Patch__CPW_Feed_Pin,True,Slot__CPW_Feed_Pin,,Slot__CPW_Feed_Pin,,"{""Slot__CPW_Feed_Pin"": {""geometry_type"": ""MultiLineString"", ""relations"": ""overlaps"", ""wkt"": ""MULTILINESTRING ((0.5 22, 0 22), (0 22, -0.5 22))""}}",True,,,True,latin
447,53.942054765976074,2,6.1223305373897823,2.810524543524155,2,14.05918573493078,4,0.70910049449701396,0.87639815800069976,0.49359290132043498,0.086291071018829116,0.77454545454545454,0.70588235294117652,0.23474178403755869,0.66666666666666663,0.24539877300613497,0.25,0.14979620700344443,0.93879238715601609,0.21654095722905664,0.5,0.5,0,True,,1,0,Slot__Patch;Slot__CPW_Feed_Pin;Patch__CPW_Feed_Pin,True,Slot__CPW_Feed_Pin,,Slot__CPW_Feed_Pin,,"{""Slot__CPW_Feed_Pin"": {""geometry_type"": ""MultiLineString"", ""relations"": ""overlaps"", ""wkt"": ""MULTILINESTRING ((0.5 22, 0 22), (0 22, -0.5 22))""}}",True,,,True,latin
448,53.157165525491088,2,6.1543453793314864,2.7179152774688795,2,16.103789641359555,4,0.74292598851260983,0.87830349045271816,0.35580424613657397,0.066949925033074148,0.77454545454545454,0.70588235294117652,0.23474178403755869,0.66666666666666663,0.24539877300613497,0.25,0.4988763181217562,0.68674613378067439,0.39192896895777751,0.5,0.5,0,True,,1,0,Slot__Patch;Slot__CPW_Feed_Pin;Patch__CPW_Feed_Pin,True,Slot__CPW_Feed_Pin,,Slot__CPW_Feed_Pin,,"{""Slot__CPW_Feed_Pin"": {""geometry_type"": ""MultiLineString"", ""relations"": ""overlaps"", ""wkt"": ""MULTILINESTRING ((0.5 22, 0 22), (0 22, -0.5 22))""}}",True,,,True,latin
449,57.874403374768896,2,6.0466456040098633,2.5395418778477055,2,15.538454555141286,4,0.56602486913623651,0.98239313612680945,0.47381142492718947,0.27424937056101928,0.77454545454545454,0.70588235294117652,0.23474178403755869,0.66666666666666663,0.24539877300613497,0.25,0.25645944751444966,0.27993692297175926,0.76279223571763066,0.5,0.5,0,True,,1,0,Slot__Patch;Slot__CPW_Feed_Pin;Patch__CPW_Feed_Pin,True,Slot__CPW_Feed_Pin,,Slot__CPW_Feed_Pin,,"{""Slot__CPW_Feed_Pin"": {""geometry_type"": ""MultiLineString"", ""relations"": ""overlaps"", ""wkt"": ""MULTILINESTRING ((0.5 22, 0 22), (0 22, -0.5 22))""}}",True,,,True,latin
450,54.484763919793181,2,6.0027454728413447,2.7262921421198838,2,13.570203067123753,4,0.72555020975375561,0.87939724090233362,0.27715255965853419,0.091456798533387493,0.77454545454545454,0.70588235294117652,0.23474178403755869,0.66666666666666663,0.24539877300613497,0.25,0.96837983743877998,0.24108167784375634,0.92669486374435639,0.5,0.5,0,True,,1,0,Slot__Patch;Slot__CPW_Feed_Pin;Patch__CPW_Feed_Pin,True,Slot__CPW_Feed_Pin,,Slot__CPW_Feed_Pin,,"{""Slot__CPW_Feed_Pin"": {""geometry_type"": ""MultiLineString"", ""relations"": ""overlaps"", ""wkt"": ""MULTILINESTRING ((0.5 22, 0 22), (0 22, -0.5 22))""}}",True,,,True,latin
451,48.578269543693779,2,5.5203903316519733,2.3539219181889637,2,14.329520880006463,4,0.61005635557663762,0.8430429803867755,0.34344866310540023,0.28924416358970123,0.77454545454545454,0.70588235294117652,0.23474178403755869,0.66666666666666663,0.24539877300613497,0.25,0.062793989245925885,0.072748163564255022,0.78111031994291735,0.5,0.5,0,True,,1,0,Slot__Patch;Slot__CPW_Feed_Pin;Patch__CPW_Feed_Pin,True,Slot__CPW_Feed_Pin,,Slot__CPW_Feed_Pin,,"{""Slot__CPW_Feed_Pin"": {""geometry_type"": ""MultiLineString"", ""relations"": ""overlaps"", ""wkt"": ""MULTILINESTRING ((0.5 22, 0 22), (0 22, -0.5 22))""}}",True,,,True,latin
452,51.88191532511032,2,5.9826370944156348,2.4301315862542801,2,13.555546456657133,4,0.76773083628157657,0.75325660229017322,0.52589000877857695,0.099258030460959809,0.77454545454545454,0.70588235294117652,0.23474178403755869,0.66666666666666663,0.24539877300613497,0.25,0.26674514784812398,0.10329384652103069,0.9976128208857602,0.5,0.5,0,True,,1,0,Slot__Patch;Slot__CPW_Feed_Pin;Patch__CPW_Feed_Pin,True,Slot__CPW_Feed_Pin,,Slot__CPW_Feed_Pin,,"{""Slot__CPW_Feed_Pin"": {""geometry_type"": ""MultiLineString"", ""relations"": ""overlaps"", ""wkt"": ""MULTILINESTRING ((0.5 22, 0 22), (0 22, -0.5 22))""}}",True,,,True,latin
453,55.680812750606066,2,6.369658078485851,2.4668078104766988,2,14.5496848295475,4,0.73083454886974997,0.92958568189186963,0.33084093666746589,0.16293284218184598,0.77454545454545454,0.70588235294117652,0.23474178403755869,0.66666666666666663,0.24539877300613497,0.25,0.24731366522414527,0.18383323634910587,0.46977198308744039,0.5,0.5,0,True,,1,0,Slot__Patch;Slot__CPW_Feed_Pin;Patch__CPW_Feed_Pin,True,Slot__CPW_Feed_Pin,,Slot__CPW_Feed_Pin,,"{""Slot__CPW_Feed_Pin"": {""geometry_type"": ""MultiLineString"", ""relations"": ""overlaps"", ""wkt"": ""MULTILINESTRING ((0.5 22, 0 22), (0 22, -0.5 22))""}}",True,,,True,latin
454,52.422629513802697,2,6.5325103795631776,2.8054875429759436,2,16.386319202071654,4,0.71751530751571924,0.77625427043050133,0.26270706847420966,0.13176116534978718,0.77454545454545454,0.70588235294117652,0.23474178403755869,0.66666666666666663,0.24539877300613497,0.25,0.53035150398799791,0.59760430370589457,0.050179569746936672,0.5,0.5,0,True,,1,0,Slot__Patch;Slot__CPW_Feed_Pin;Patch__CPW_Feed_Pin,True,Slot__CPW_Feed_Pin,,Slot__CPW_Feed_Pin,,"{""Slot__CPW_Feed_Pin"": {""geometry_type"": ""MultiLineString"", ""relations"": ""overlaps"", ""wkt"": ""MULTILINESTRING ((0.5 22, 0 22), (0 22, -0.5 22))""}}",True,,,True,latin
455,52.258750716853463,2,6.5817239017321851,2.8255173534644382,2,14.96465927771078,4,0.67544497305282114,0.86775292929090875,0.51713853015778199,0.21591472330158851,0.77454545454545454,0.70588235294117652,0.23474178403755869,0.66666666666666663,0.24539877300613497,0.25,0.32842850732575762,0.600938317030979,0.49400323763060006,0.5,0.5,0,True,,1,0,Slot__Patch;Slot__CPW_Feed_Pin;Patch__CPW_Feed_Pin,True,Slot__CPW_Feed_Pin,,Slot__CPW_Feed_Pin,,"{""Slot__CPW_Feed_Pin"": {""geometry_type"": ""MultiLineString"", ""relations"": ""overlaps"", ""wkt"": ""MULTILINESTRING ((0.5 22, 0 22), (0 22, -0.5 22))""}}",True,,,True,latin
456,54.689637613307866,2,5.8463342108939118,2.4088250083083498,2,14.669362285009157,4,0.63043506029237484,0.99299162506806748,0.48923192315318176,0.27124627045445443,0.77454545454545454,0.70588235294117652,0.23474178403755869,0.66666666666666663,0.24539877300613497,0.25,0.19332171166296575,0.58782899925631438,0.32375304844889252,0.5,0.5,0,True,,1,0,Slot__Patch;Slot__CPW_Feed_Pin;Patch__CPW_Feed_Pin,True,Slot__CPW_Feed_Pin,,Slot__CPW_Feed_Pin,,"{""Slot__CPW_Feed_Pin"": {""geometry_type"": ""MultiLineString"", ""relations"": ""overlaps"", ""wkt"": ""MULTILINESTRING ((0.5 22, 0 22), (0 22, -0.5 22))""}}",True,,,True,latin
457,51.906381200405882,2,6.3610670952618165,2.7171041775121831,2,14.388564158786961,4,0.73063726344274471,0.7422392095500312,0.50307364029762502,0.29370119019983632,0.77454545454545454,0.70588235294117652,0.23474178403755869,0.66666666666666663,0.24539877300613497,0.25,0.41813331438377099,0.70178705877865655,0.44959124463280081,0.5,0.5,0,True,,1,0,Slot__Patch;Slot__CPW_Feed_Pin;Patch__CPW_Feed_Pin,True,Slot__CPW_Feed_Pin,,Slot__CPW_Feed_Pin,,"{""Slot__CPW_Feed_Pin"": {""geometry_type"": ""MultiLineString"", ""relations"": ""overlaps"", ""wkt"": ""MULTILINESTRING ((0.5 22, 0 22), (0 22, -0.5 22))""}}",True,,,True,latin
458,54.193319550974081,2,5.9384177527468154,2.6955611245288482,2,14.22893265652988,4,0.61145182778821272,0.78744508402371149,0.38467980832235676,0.16473870642396704,0.77454545454545454,0.70588235294117652,0.23474178403755869,0.66666666666666663,0.24539877300613497,0.25,0.75441545585328051,0.43875557057128045,0.145625136313416,0.5,0.5,0,True,,1,0,Slot__Patch;Slot__CPW_Feed_Pin;Patch__CPW_Feed_Pin,True,Slot__CPW_Feed_Pin,,Slot__CPW_Feed_Pin,,"{""Slot__CPW_Feed_Pin"": {""geometry_type"": ""MultiLineString"", ""relations"": ""overlaps"", ""wkt"": ""MULTILINESTRING ((0.5 22, 0 22), (0 22, -0.5 22))""}}",True,,,True,latin
459,50.717401039840311,2,5.9859731683928432,2.4763034739603227,2,15.068988599066911,4,0.5205809306521102,0.90422543360482854,0.41150832891108946,0.26131655809129239,0.77454545454545454,0.70588235294117652,0.23474178403755869,0.66666666666666663,0.24539877300613497,0.25,0.7782208027477755,0.6759203023343533,0.61893197387462473,0.5,0.5,0,True,,1,0,Slot__Patch;Slot__CPW_Feed_Pin;Patch__CPW_Feed_Pin,True,Slot__CPW_Feed_Pin,,Slot__CPW_Feed_Pin,,"{""Slot__CPW_Feed_Pin"": {""geometry_type"": ""MultiLineString"", ""relations"": ""overlaps"", ""wkt"": ""MULTILINESTRING ((0.5 22, 0 22), (0 22, -0.5 22))""}}",True,,,True,latin
460,54.142696392605679,2,6.3248127746479099,2.8332927394683525,2,15.082969968990248,4,0.75787872084284968,0.74069418290244649,0.5440799238268933,0.031168083635903003,0.77454545454545454,0.70588235294117652,0.23474178403755869,0.66666666666666663,0.24539877300613497,0.25,0.090382456154938326,0.093451473674574348,0.13740150230277495,0.5,0.5,0,True,,1,0,Slot__Patch;Slot__CPW_Feed_Pin;Patch__CPW_Feed_Pin,True,Slot__CPW_Feed_Pin,,Slot__CPW_Feed_Pin,,"{""Slot__CPW_Feed_Pin"": {""geometry_type"": ""MultiLineString"", ""relations"": ""overlaps"", ""wkt"": ""MULTILINESTRING ((0.5 22, 0 22), (0 22, -0.5 22))""}}",True,,,True,latin
461,50.980220301712677,2,5.4495104835613324,2.6735500037724438,2,13.577304715830808,4,0.62095916111079075,0.78624245087358524,0.55251968240173599,0.17256192334088818,0.77454545454545454,0.70588235294117652,0.23474178403755869,0.66666666666666663,0.24539877300613497,0.25,0.66654554075614936,0.21739816145980589,0.093232384911641625,0.5,0.5,0,True,,1,0,Slot__Patch;Slot__CPW_Feed_Pin;Patch__CPW_Feed_Pin,True,Slot__CPW_Feed_Pin,,Slot__CPW_Feed_Pin,,"{""Slot__CPW_Feed_Pin"": {""geometry_type"": ""MultiLineString"", ""relations"": ""overlaps"", ""wkt"": ""MULTILINESTRING ((0.5 22, 0 22), (0 22, -0.5 22))""}}",True,,,True,latin
462,52.050552450505428,2,6.4223774006106069,2.5407683250509963,2,13.92244333129273,4,0.49879797426019512,0.94348079574152588,0.48000702199518674,0.11577396360249818,0.77454545454545454,0.70588235294117652,0.23474178403755869,0.66666666666666663,0.24539877300613497,0.25,0.18291083167835342,0.48385752464280279,0.12320111711286345,0.5,0.5,0,True,,1,0,Slot__Patch;Slot__CPW_Feed_Pin;Patch__CPW_Feed_Pin,True,Slot__CPW_Feed_Pin,,Slot__CPW_Feed_Pin,,"{""Slot__CPW_Feed_Pin"": {""geometry_type"": ""MultiLineString"", ""relations"": ""overlaps"", ""wkt"": ""MULTILINESTRING ((0.5 22, 0 22), (0 22, -0.5 22))""}}",True,,,True,latin
463,54.264796163937596,2,5.965826176648453,2.551288753654354,2,13.570752435740442,4,0.66611595095349396,0.73132545069901111,0.43934188183481837,0.25061463756652957,0.77454545454545454,0.70588235294117652,0.23474178403755869,0.66666666666666663,0.24539877300613497,0.25,0.77355963349136936,0.40079559258626613,0.88171658597877489,0.5,0.5,0,True,,1,0,Slot__Patch;Slot__CPW_Feed_Pin;Patch__CPW_Feed_Pin,True,Slot__CPW_Feed_Pin,,Slot__CPW_Feed_Pin,,"{""Slot__CPW_Feed_Pin"": {""geometry_type"": ""MultiLineString"", ""relations"": ""overlaps"", ""wkt"": ""MULTILINESTRING ((0.5 22, 0 22), (0 22, -0.5 22))""}}",True,,,True,latin
464,58.245081928920619,2,5.4573764109212437,2.729465276134369,2,13.987073579080656,4,0.69962204626127744,0.8517365022047565,0.55418146844302241,0.27146254223648314,0.77454545454545454,0.70588235294117652,0.23474178403755869,0.66666666666666663,0.24539877300613497,0.25,0.34839090711167692,0.76044881781919338,0.46915886104083954,0.5,0.5,0,True,,1,0,Slot__Patch;Slot__CPW_Feed_Pin;Patch__CPW_Feed_Pin,True,Slot__CPW_Feed_Pin,,Slot__CPW_Feed_Pin,,"{""Slot__CPW_Feed_Pin"": {""geometry_type"": ""MultiLineString"", ""relations"": ""overlaps"", ""wkt"": ""MULTILINESTRING ((0.5 22, 0 22), (0 22, -0.5 22))""}}",True,,,True,latin
465,56.477649744568993,2,6.1608077772420744,2.4013629293402388,2,13.919829890570604,4,0.52288773800697563,0.76296576362771762,0.52633446231360248,0.24445593833558335,0.77454545454545454,0.70588235294117652,0.23474178403755869,0.66666666666666663,0.24539877300613497,0.25,0.32149739754689632,0.095696444761931898,0.90892402953441387,0.5,0.5,0,True,,1,0,Slot__Patch;Slot__CPW_Feed_Pin;Patch__CPW_Feed_Pin,True,Slot__CPW_Feed_Pin,,Slot__CPW_Feed_Pin,,"{""Slot__CPW_Feed_Pin"": {""geometry_type"": ""MultiLineString"", ""relations"": ""overlaps"", ""wkt"": ""MULTILINESTRING ((0.5 22, 0 22), (0 22, -0.5 22))""}}",True,,,True,latin
466,48.289140230174461,2,6.135918357947018,2.6635983148763787,2,14.078777693989911,4,0.62615325785103637,0.7552054531758573,0.46013734614511531,0.17597375180149852,0.77454545454545454,0.70588235294117652,0.23474178403755869,0.66666666666666663,0.24539877300613497,0.25,0.59258263583216109,0.54495121271267011,0.28861951074369924,0.5,0.5,0,True,,1,0,Slot__Patch;Slot__CPW_Feed_Pin;Patch__CPW_Feed_Pin,True,Slot__CPW_Feed_Pin,,Slot__CPW_Feed_Pin,,"{""Slot__CPW_Feed_Pin"": {""geometry_type"": ""MultiLineString"", ""relations"": ""overlaps"", ""wkt"": ""MULTILINESTRING ((0.5 22, 0 22), (0 22, -0.5 22))""}}",True,,,True,latin
467,50.847082833462416,2,5.7471204080949247,2.6584060409165104,2,15.714195758244827,4,0.70481166050114563,0.85273368004524175,0.5479867066840729,0.074928447974905943,0.77454545454545454,0.70588235294117652,0.23474178403755869,0.66666666666666663,0.24539877300613497,0.25,0.43191739576244936,0.43371592785446139,0.58851450703010166,0.5,0.5,0,True,,1,0,Slot__Patch;Slot__CPW_Feed_Pin;Patch__CPW_Feed_Pin,True,Slot__CPW_Feed_Pin,,Slot__CPW_Feed_Pin,,"{""Slot__CPW_Feed_Pin"": {""geometry_type"": ""MultiLineString"", ""relations"": ""overlaps"", ""wkt"": ""MULTILINESTRING ((0.5 22, 0 22), (0 22, -0.5 22))""}}",True,,,True,latin
468,54.936803695277838,2,5.7271478638067244,2.4500371425501415,2,15.179464027434248,4,0.62040338581001042,0.96463809390647937,0.43901989323467228,0.030848885575360311,0.77454545454545454,0.70588235294117652,0.23474178403755869,0.66666666666666663,0.24539877300613497,0.25,0.40445939764344002,0.87550662898884279,0.77187287382435599,0.5,0.5,0,True,,1,0,Slot__Patch;Slot__CPW_Feed_Pin;Patch__CPW_Feed_Pin,True,Slot__CPW_Feed_Pin,,Slot__CPW_Feed_Pin,,"{""Slot__CPW_Feed_Pin"": {""geometry_type"": ""MultiLineString"", ""relations"": ""overlaps"", ""wkt"": ""MULTILINESTRING ((0.5 22, 0 22), (0 22, -0.5 22))""}}",True,,,True,latin
469,52.32420267338928,2,5.8335369724190365,2.5773349924830709,2,14.900906908938541,4,0.59854107963949821,0.81415814650033869,0.34049119212568357,0.26600283136716935,0.77454545454545454,0.70588235294117652,0.23474178403755869,0.66666666666666663,0.24539877300613497,0.25,0.15814803454322468,0.50204877817204274,0.66645093727447824,0.5,0.5,0,True,,1,0,Slot__Patch;Slot__CPW_Feed_Pin;Patch__CPW_Feed_Pin,True,Slot__CPW_Feed_Pin,,Slot__CPW_Feed_Pin,,"{""Slot__CPW_Feed_Pin"": {""geometry_type"": ""MultiLineString"", ""relations"": ""overlaps"", ""wkt"": ""MULTILINESTRING ((0.5 22, 0 22), (0 22, -0.5 22))""}}",True,,,True,latin
470,51.538441812036965,2,6.438457211851695,2.5352421811367378,2,13.897768646226504,4,0.7456163064993897,0.8805756876960199,0.55972828107289052,0.28197396055673773,0.77454545454545454,0.70588235294117652,0.23474178403755869,0.66666666666666663,0.24539877300613497,0.25,0.33948524452925444,0.079816516874713569,0.45826231578503246,0.5,0.5,0,True,,1,0,Slot__Patch;Slot__CPW_Feed_Pin;Patch__CPW_Feed_Pin,True,Slot__CPW_Feed_Pin,,Slot__CPW_Feed_Pin,,"{""Slot__CPW_Feed_Pin"": {""geometry_type"": ""MultiLineString"", ""relations"": ""overlaps"", ""wkt"": ""MULTILINESTRING ((0.5 22, 0 22), (0 22, -0.5 22))""}}",True,,,True,latin
471,57.966104593594977,2,6.4759963735939046,2.534910755884356,2,16.372034001525698,4,0.49807857803401717,0.75012319502924751,0.33755675876979518,0.087108510895828078,0.77454545454545454,0.70588235294117652,0.23474178403755869,0.66666666666666663,0.24539877300613497,0.25,0.7123595953847951,0.089167243860782272,0.50995599494414545,0.5,0.5,0,True,,1,0,Slot__Patch;Slot__CPW_Feed_Pin;Patch__CPW_Feed_Pin,True,Slot__CPW_Feed_Pin,,Slot__CPW_Feed_Pin,,"{""Slot__CPW_Feed_Pin"": {""geometry_type"": ""MultiLineString"", ""relations"": ""overlaps"", ""wkt"": ""MULTILINESTRING ((0.5 22, 0 22), (0 22, -0.5 22))""}}",True,,,True,latin
472,49.341391266446223,2,5.7359145636010345,2.6012765391557795,2,16.064568538195655,4,0.48289231576258601,0.78729347835724162,0.39547230174067727,0.057790278833403153,0.77454545454545454,0.70588235294117652,0.23474178403755869,0.66666666666666663,0.24539877300613497,0.25,0.53918362432319666,0.49092634220556614,0.33219120039913425,0.5,0.5,0,True,,1,0,Slot__Patch;Slot__CPW_Feed_Pin;Patch__CPW_Feed_Pin,True,Slot__CPW_Feed_Pin,,Slot__CPW_Feed_Pin,,"{""Slot__CPW_Feed_Pin"": {""geometry_type"": ""MultiLineString"", ""relations"": ""overlaps"", ""wkt"": ""MULTILINESTRING ((0.5 22, 0 22), (0 22, -0.5 22))""}}",True,,,True,latin
473,47.760112957824326,2,6.2555817762433561,2.7005706302815544,2,15.218981293567003,4,0.53847934236722506,0.8969786464500964,0.36266112851616106,0.022385420385432456,0.77454545454545454,0.70588235294117652,0.23474178403755869,0.66666666666666663,0.24539877300613497,0.25,0.25162152847062125,0.40807469362498,0.40130988391613232,0.5,0.5,0,True,,1,0,Slot__Patch;Slot__CPW_Feed_Pin;Patch__CPW_Feed_Pin,True,Slot__CPW_Feed_Pin,,Slot__CPW_Feed_Pin,,"{""Slot__CPW_Feed_Pin"": {""geometry_type"": ""MultiLineString"", ""relations"": ""overlaps"", ""wkt"": ""MULTILINESTRING ((0.5 22, 0 22), (0 22, -0.5 22))""}}",True,,,True,latin
474,47.874579457265305,2,6.4891636622326363,2.5194577731251293,2,13.911276547976644,4,0.59119076486552791,0.93961075677933481,0.41228264146642035,0.0019055326941849388,0.77454545454545454,0.70588235294117652,0.23474178403755869,0.66666666666666663,0.24539877300613497,0.25,0.99575802223178944,0.51133113968184996,0.62875314563018869,0.5,0.5,0,True,,1,0,Slot__Patch;Slot__CPW_Feed_Pin;Patch__CPW_Feed_Pin,True,Slot__CPW_Feed_Pin,,Slot__CPW_Feed_Pin,,"{""Slot__CPW_Feed_Pin"": {""geometry_type"": ""MultiLineString"", ""relations"": ""overlaps"", ""wkt"": ""MULTILINESTRING ((0.5 22, 0 22), (0 22, -0.5 22))""}}",True,,,True,latin
475,49.469113101592349,2,5.5607501765982548,2.802842893654427,2,14.659600927419129,4,0.71436159300750579,0.81220693938728716,0.27229161111478023,0.25620207008975565,0.77454545454545454,0.70588235294117652,0.23474178403755869,0.66666666666666663,0.24539877300613497,0.25,0.58637543586595375,0.51410075392071886,0.39628137712817713,0.5,0.5,0,True,,1,0,Slot__Patch;Slot__CPW_Feed_Pin;Patch__CPW_Feed_Pin,True,Slot__CPW_Feed_Pin,,Slot__CPW_Feed_Pin,,"{""Slot__CPW_Feed_Pin"": {""geometry_type"": ""MultiLineString"", ""relations"": ""overlaps"", ""wkt"": ""MULTILINESTRING ((0.5 22, 0 22), (0 22, -0.5 22))""}}",True,,,True,latin
476,49.901539684511626,2,6.1636407505112434,2.5081769514464631,2,13.860396633598558,4,0.74326363742405921,0.75458544574374897,0.29486988897182465,0.0084635814439626075,0.77454545454545454,0.70588235294117652,0.23474178403755869,0.66666666666666663,0.24539877300613497,0.25,0.12920377279030859,0.59635076733218428,0.89866797275770249,0.5,0.5,0,True,,1,0,Slot__Patch;Slot__CPW_Feed_Pin;Patch__CPW_Feed_Pin,True,Slot__CPW_Feed_Pin,,Slot__CPW_Feed_Pin,,"{""Slot__CPW_Feed_Pin"": {""geometry_type"": ""MultiLineString"", ""relations"": ""overlaps"", ""wkt"": ""MULTILINESTRING ((0.5 22, 0 22), (0 22, -0.5 22))""}}",True,,,True,latin
477,53.857395930500566,2,5.4880700849873572,2.8583914736730947,2,15.988505550351961,4,0.64911784198578015,0.9154173489432933,0.42362047583865931,0.096169749761152418,0.77454545454545454,0.70588235294117652,0.23474178403755869,0.66666666666666663,0.24539877300613497,0.25,0.69381414838477606,0.56847354991538002,0.66276442104319089,0.5,0.5,0,True,,1,0,Slot__Patch;Slot__CPW_Feed_Pin;Patch__CPW_Feed_Pin,True,Slot__CPW_Feed_Pin,,Slot__CPW_Feed_Pin,,"{""Slot__CPW_Feed_Pin"": {""geometry_type"": ""MultiLineString"", ""relations"": ""overlaps"", ""wkt"": ""MULTILINESTRING ((0.5 22, 0 22), (0 22, -0.5 22))""}}",True,,,True,latin
478,54.304703119099798,2,5.5519399631027984,2.8515656587743301,2,14.277634499549178,4,0.49078486420501694,0.79459251201927827,0.52279727616035854,0.25581812791759379,0.77454545454545454,0.70588235294117652,0.23474178403755869,0.66666666666666663,0.24539877300613497,0.25,0.92373412657155662,0.5549274001551231,0.68942336625151845,0.5,0.5,0,True,,1,0,Slot__Patch;Slot__CPW_Feed_Pin;Patch__CPW_Feed_Pin,True,Slot__CPW_Feed_Pin,,Slot__CPW_Feed_Pin,,"{""Slot__CPW_Feed_Pin"": {""geometry_type"": ""MultiLineString"", ""relations"": ""overlaps"", ""wkt"": ""MULTILINESTRING ((0.5 22, 0 22), (0 22, -0.5 22))""}}",True,,,True,latin
479,57.797291156519286,2,5.5629011989342976,2.3783849058457793,2,14.39955134999629,4,0.76067394656560561,0.98508350241093234,0.38026441655192345,0.1122404465969558,0.77454545454545454,0.70588235294117652,0.23474178403755869,0.66666666666666663,0.24539877300613497,0.25,0.33844406258313975,0.74542541594502842,0.75499286152743028,0.5,0.5,0,True,,1,0,Slot__Patch;Slot__CPW_Feed_Pin;Patch__CPW_Feed_Pin,True,Slot__CPW_Feed_Pin,,Slot__CPW_Feed_Pin,,"{""Slot__CPW_Feed_Pin"": {""geometry_type"": ""MultiLineString"", ""relations"": ""overlaps"", ""wkt"": ""MULTILINESTRING ((0.5 22, 0 22), (0 22, -0.5 22))""}}",True,,,True,latin
480,55.925802929122021,2,5.4383657755335486,2.6265158042939678,2,15.885980115128158,4,0.57874183766288101,0.71453669864136948,0.32719095199591286,0.085579157328358593,0.77454545454545454,0.70588235294117652,0.23474178403755869,0.66666666666666663,0.24539877300613497,0.25,0.883666242706722,0.5237066484807591,0.87662693854338825,0.5,0.5,0,True,,1,0,Slot__Patch;Slot__CPW_Feed_Pin;Patch__CPW_Feed_Pin,True,Slot__CPW_Feed_Pin,,Slot__CPW_Feed_Pin,,"{""Slot__CPW_Feed_Pin"": {""geometry_type"": ""MultiLineString"", ""relations"": ""overlaps"", ""wkt"": ""MULTILINESTRING ((0.5 22, 0 22), (0 22, -0.5 22))""}}",True,,,True,latin
481,49.786939095112423,2,6.1312607564587109,2.533111487326877,2,15.794131087567557,4,0.5402463846375799,0.91683684201751303,0.52090745440719344,0.23782839150095039,0.77454545454545454,0.70588235294117652,0.23474178403755869,0.66666666666666663,0.24539877300613497,0.25,0.17531630890434463,0.20093273349258639,0.26933034679768619,0.5,0.5,0,True,,1,0,Slot__Patch;Slot__CPW_Feed_Pin;Patch__CPW_Feed_Pin,True,Slot__CPW_Feed_Pin,,Slot__CPW_Feed_Pin,,"{""Slot__CPW_Feed_Pin"": {""geometry_type"": ""MultiLineString"", ""relations"": ""overlaps"", ""wkt"": ""MULTILINESTRING ((0.5 22, 0 22), (0 22, -0.5 22))""}}",True,,,True,latin
482,55.008495087458257,2,5.7023157794315109,2.739968869928989,2,14.070322259880443,4,0.54916586654341526,0.71862419165232305,0.39806128146923042,0.22682101848712496,0.77454545454545454,0.70588235294117652,0.23474178403755869,0.66666666666666663,0.24539877300613497,0.25,0.94964122085482949,0.23891965313080499,0.88383727496413378,0.5,0.5,0,True,,1,0,Slot__Patch;Slot__CPW_Feed_Pin;Patch__CPW_Feed_Pin,True,Slot__CPW_Feed_Pin,,Slot__CPW_Feed_Pin,,"{""Slot__CPW_Feed_Pin"": {""geometry_type"": ""MultiLineString"", ""relations"": ""overlaps"", ""wkt"": ""MULTILINESTRING ((0.5 22, 0 22), (0 22, -0.5 22))""}}",True,,,True,latin
483,51.75889475984664,2,6.4303985816702358,2.3420788702180593,2,15.440042528335217,4,0.57042952434905192,0.92065600734127928,0.26576019370378157,0.032649002988852829,0.77454545454545454,0.70588235294117652,0.23474178403755869,0.66666666666666663,0.24539877300613497,0.25,0.67796653143772589,0.2349260421681264,0.60754913008941624,0.5,0.5,0,True,,1,0,Slot__Patch;Slot__CPW_Feed_Pin;Patch__CPW_Feed_Pin,True,Slot__CPW_Feed_Pin,,Slot__CPW_Feed_Pin,,"{""Slot__CPW_Feed_Pin"": {""geometry_type"": ""MultiLineString"", ""relations"": ""overlaps"", ""wkt"": ""MULTILINESTRING ((0.5 22, 0 22), (0 22, -0.5 22))""}}",True,,,True,latin
484,55.261954949500932,2,5.6281073086010425,2.7377931459144467,2,14.786610527633494,4,0.52537023026652629,0.82547122998654365,0.48529159261317234,0.1482944098233912,0.77454545454545454,0.70588235294117652,0.23474178403755869,0.66666666666666663,0.24539877300613497,0.25,0.1097113546043017,0.60428510545361303,0.36384508396043602,0.5,0.5,0,True,,1,0,Slot__Patch;Slot__CPW_Feed_Pin;Patch__CPW_Feed_Pin,True,Slot__CPW_Feed_Pin,,Slot__CPW_Feed_Pin,,"{""Slot__CPW_Feed_Pin"": {""geometry_type"": ""MultiLineString"", ""relations"": ""overlaps"", ""wkt"": ""MULTILINESTRING ((0.5 22, 0 22), (0 22, -0.5 22))""}}",True,,,True,latin
485,49.609218304588175,2,6.3587326816351304,2.8457726682797331,2,16.021714537333501,4,0.51056613154092156,0.97390536926176841,0.44533051972595383,0.033898369373193536,0.77454545454545454,0.70588235294117652,0.23474178403755869,0.66666666666666663,0.24539877300613497,0.25,0.93100618161000881,0.37411639180195733,0.91406596110273663,0.5,0.5,0,True,,1,0,Slot__Patch;Slot__CPW_Feed_Pin;Patch__CPW_Feed_Pin,True,Slot__CPW_Feed_Pin,,Slot__CPW_Feed_Pin,,"{""Slot__CPW_Feed_Pin"": {""geometry_type"": ""MultiLineString"", ""relations"": ""overlaps"", ""wkt"": ""MULTILINESTRING ((0.5 22, 0 22), (0 22, -0.5 22))""}}",True,,,True,latin
486,52.302468016130327,2,5.923985534767322,2.8375305339983821,2,16.440214145837132,4,0.48959733303045022,0.72588730686988967,0.31567537792872619,0.1370003575809346,0.77454545454545454,0.70588235294117652,0.23474178403755869,0.66666666666666663,0.24539877300613497,0.25,0.57178884966661103,0.90905009955967231,0.8667640464181855,0.5,0.5,0,True,,1,0,Slot__Patch;Slot__CPW_Feed_Pin;Patch__CPW_Feed_Pin,True,Slot__CPW_Feed_Pin,,Slot__CPW_Feed_Pin,,"{""Slot__CPW_Feed_Pin"": {""geometry_type"": ""MultiLineString"", ""relations"": ""overlaps"", ""wkt"": ""MULTILINESTRING ((0.5 22, 0 22), (0 22, -0.5 22))""}}",True,,,True,latin
487,54.561019563213058,2,5.9852805424667688,2.4685093409692822,2,16.404359447321259,4,0.54695359892347595,0.99847260197270371,0.31542262048198755,0.081588761865217865,0.77454545454545454,0.70588235294117652,0.23474178403755869,0.66666666666666663,0.24539877300613497,0.25,0.97098246291315549,0.13930459150117319,0.30843777630697411,0.5,0.5,0,True,,1,0,Slot__Patch;Slot__CPW_Feed_Pin;Patch__CPW_Feed_Pin,True,Slot__CPW_Feed_Pin,,Slot__CPW_Feed_Pin,,"{""Slot__CPW_Feed_Pin"": {""geometry_type"": ""MultiLineString"", ""relations"": ""overlaps"", ""wkt"": ""MULTILINESTRING ((0.5 22, 0 22), (0 22, -0.5 22))""}}",True,,,True,latin
488,55.074176466252901,2,6.5248196803977265,2.6204289598922643,2,14.055575142009806,4,0.68772982010772776,0.87334268446420349,0.36857945341070408,0.052251598388898056,0.77454545454545454,0.70588235294117652,0.23474178403755869,0.66666666666666663,0.24539877300613497,0.25,0.98189797091126774,0.42586575175420915,0.21197374562520793,0.5,0.5,0,True,,1,0,Slot__Patch;Slot__CPW_Feed_Pin;Patch__CPW_Feed_Pin,True,Slot__CPW_Feed_Pin,,Slot__CPW_Feed_Pin,,"{""Slot__CPW_Feed_Pin"": {""geometry_type"": ""MultiLineString"", ""relations"": ""overlaps"", ""wkt"": ""MULTILINESTRING ((0.5 22, 0 22), (0 22, -0.5 22))""}}",True,,,True,latin
489,54.998549469740212,2,6.3767286325255004,2.7878979784464191,2,16.294780283888464,4,0.70701101408270861,0.77365481305285932,0.33518112606085226,0.028902016436494513,0.77454545454545454,0.70588235294117652,0.23474178403755869,0.66666666666666663,0.24539877300613497,0.25,0.32448393641212986,0.80852274758971476,0.11019742244529407,0.5,0.5,0,True,,1,0,Slot__Patch;Slot__CPW_Feed_Pin;Patch__CPW_Feed_Pin,True,Slot__CPW_Feed_Pin,,Slot__CPW_Feed_Pin,,"{""Slot__CPW_Feed_Pin"": {""geometry_type"": ""MultiLineString"", ""relations"": ""overlaps"", ""wkt"": ""MULTILINESTRING ((0.5 22, 0 22), (0 22, -0.5 22))""}}",True,,,True,latin
490,48.92451413135467,2,5.8540379356964163,2.5388317641005078,2,15.756040783849862,4,0.73327507549753257,0.85701048504567456,0.4830704115885297,0.15823796441891416,0.77454545454545454,0.70588235294117652,0.23474178403755869,0.66666666666666663,0.24539877300613497,0.25,0.31346935469958059,0.83084725490628497,0.86579384919041658,0.5,0.5,0,True,,1,0,Slot__Patch;Slot__CPW_Feed_Pin;Patch__CPW_Feed_Pin,True,Slot__CPW_Feed_Pin,,Slot__CPW_Feed_Pin,,"{""Slot__CPW_Feed_Pin"": {""geometry_type"": ""MultiLineString"", ""relations"": ""overlaps"", ""wkt"": ""MULTILINESTRING ((0.5 22, 0 22), (0 22, -0.5 22))""}}",True,,,True,latin
491,49.667426144645695,2,6.0236101892375897,2.4992186574617161,2,13.662345707352863,4,0.70012465550900571,0.82017373416632933,0.37838791438863867,0.26880025714783878,0.77454545454545454,0.70588235294117652,0.23474178403755869,0.66666666666666663,0.24539877300613497,0.25,0.49450164735548652,0.85023979823068585,0.34762352258111129,0.5,0.5,0,True,,1,0,Slot__Patch;Slot__CPW_Feed_Pin;Patch__CPW_Feed_Pin,True,Slot__CPW_Feed_Pin,,Slot__CPW_Feed_Pin,,"{""Slot__CPW_Feed_Pin"": {""geometry_type"": ""MultiLineString"", ""relations"": ""overlaps"", ""wkt"": ""MULTILINESTRING ((0.5 22, 0 22), (0 22, -0.5 22))""}}",True,,,True,latin
492,54.770052574507481,2,5.6195804172198072,2.609284889626633,2,15.435442746168711,4,0.66964022976159998,0.77391166159478708,0.36116374287710568,0.24231984931055239,0.77454545454545454,0.70588235294117652,0.23474178403755869,0.66666666666666663,0.24539877300613497,0.25,0.89635437979455312,0.36291499523158077,0.29928081546494129,0.5,0.5,0,True,,1,0,Slot__Patch;Slot__CPW_Feed_Pin;Patch__CPW_Feed_Pin,True,Slot__CPW_Feed_Pin,,Slot__CPW_Feed_Pin,,"{""Slot__CPW_Feed_Pin"": {""geometry_type"": ""MultiLineString"", ""relations"": ""overlaps"", ""wkt"": ""MULTILINESTRING ((0.5 22, 0 22), (0 22, -0.5 22))""}}",True,,,True,latin
493,56.064030235586046,2,5.4628298252576348,2.7162780626521275,2,14.727656470522966,4,0.68708385117355386,0.8367300939099197,0.39192999959996733,0.28116429916960484,0.77454545454545454,0.70588235294117652,0.23474178403755869,0.66666666666666663,0.24539877300613497,0.25,0.54217794771501437,0.091542932540501845,0.43094623981520902,0.5,0.5,0,True,,1,0,Slot__Patch;Slot__CPW_Feed_Pin;Patch__CPW_Feed_Pin,True,Slot__CPW_Feed_Pin,,Slot__CPW_Feed_Pin,,"{""Slot__CPW_Feed_Pin"": {""geometry_type"": ""MultiLineString"", ""relations"": ""overlaps"", ""wkt"": ""MULTILINESTRING ((0.5 22, 0 22), (0 22, -0.5 22))""}}",True,,,True,latin
494,58.01206791813474,2,6.3276357906915504,2.6297533952668779,2,14.489227423622435,4,0.54435733826434873,0.87562882693481114,0.31881698667524194,0.19515596396833507,0.77454545454545454,0.70588235294117652,0.23474178403755869,0.66666666666666663,0.24539877300613497,0.25,0.45683830979210349,0.062371975338436345,0.23348632966313698,0.5,0.5,0,True,,1,0,Slot__Patch;Slot__CPW_Feed_Pin;Patch__CPW_Feed_Pin,True,Slot__CPW_Feed_Pin,,Slot__CPW_Feed_Pin,,"{""Slot__CPW_Feed_Pin"": {""geometry_type"": ""MultiLineString"", ""relations"": ""overlaps"", ""wkt"": ""MULTILINESTRING ((0.5 22, 0 22), (0 22, -0.5 22))""}}",True,,,True,latin
495,49.554810828032217,2,6.0393707927980085,2.6971600805832834,2,14.948953672848674,4,0.50303248284757562,0.8278795340074957,0.45910998406538073,0.002354371452285771,0.77454545454545454,0.70588235294117652,0.23474178403755869,0.66666666666666663,0.24539877300613497,0.25,0.58036572868902103,0.67863259557643996,0.14678532104051972,0.5,0.5,0,True,,1,0,Slot__Patch;Slot__CPW_Feed_Pin;Patch__CPW_Feed_Pin,True,Slot__CPW_Feed_Pin,,Slot__CPW_Feed_Pin,,"{""Slot__CPW_Feed_Pin"": {""geometry_type"": ""MultiLineString"", ""relations"": ""overlaps"", ""wkt"": ""MULTILINESTRING ((0.5 22, 0 22), (0 22, -0.5 22))""}}",True,,,True,latin
496,55.529099473517746,2,5.9766245565000684,2.6498259497501921,2,15.854072913546496,4,0.7360930027320991,0.79123593047783536,0.32254199293265673,0.17115343619520784,0.77454545454545454,0.70588235294117652,0.23474178403755869,0.66666666666666663,0.24539877300613497,0.25,0.66037132566969825,0.055425410169514501,0.62475384849602855,0.5,0.5,0,True,,1,0,Slot__Patch;Slot__CPW_Feed_Pin;Patch__CPW_Feed_Pin,True,Slot__CPW_Feed_Pin,,Slot__CPW_Feed_Pin,,"{""Slot__CPW_Feed_Pin"": {""geometry_type"": ""MultiLineString"", ""relations"": ""overlaps"", ""wkt"": ""MULTILINESTRING ((0.5 22, 0 22), (0 22, -0.5 22))""}}",True,,,True,latin
497,57.618853454986208,2,6.4946439226303081,2.3744097673013806,2,16.282697257115586,4,0.64047247430728382,0.91102477389816794,0.49415494111995895,0.23035015184684365,0.77454545454545454,0.70588235294117652,0.23474178403755869,0.66666666666666663,0.24539877300613497,0.25,0.35535688628748369,0.60573203781866702,0.51767099466245481,0.5,0.5,0,True,,1,0,Slot__Patch;Slot__CPW_Feed_Pin;Patch__CPW_Feed_Pin,True,Slot__CPW_Feed_Pin,,Slot__CPW_Feed_Pin,,"{""Slot__CPW_Feed_Pin"": {""geometry_type"": ""MultiLineString"", ""relations"": ""overlaps"", ""wkt"": ""MULTILINESTRING ((0.5 22, 0 22), (0 22, -0.5 22))""}}",True,,,True,latin
498,50.621382777058955,2,5.6475853504297966,2.5432254598259494,2,15.687437946576482,4,0.55275455095700465,0.8498482146582218,0.45594514997439894,0.085327866967182669,0.77454545454545454,0.70588235294117652,0.23474178403755869,0.66666666666666663,0.24539877300613497,0.25,0.36929915007777786,0.13669318739018399,0.61686339948102553,0.5,0.5,0,True,,1,0,Slot__Patch;Slot__CPW_Feed_Pin;Patch__CPW_Feed_Pin,True,Slot__CPW_Feed_Pin,,Slot__CPW_Feed_Pin,,"{""Slot__CPW_Feed_Pin"": {""geometry_type"": ""MultiLineString"", ""relations"": ""overlaps"", ""wkt"": ""MULTILINESTRING ((0.5 22, 0 22), (0 22, -0.5 22))""}}",True,,,True,latin
499,52.113957915242224,2,5.7683552534653328,2.5992940623275853,2,14.124378716121447,4,0.49748550968507604,0.77007207016592538,0.54194969049103237,0.13276520588668667,0.77454545454545454,0.70588235294117652,0.23474178403755869,0.66666666666666663,0.24539877300613497,0.25,0.21422514851505309,0.10680111532837341,0.3349096379809553,0.5,0.5,0,True,,1,0,Slot__Patch;Slot__CPW_Feed_Pin;Patch__CPW_Feed_Pin,True,Slot__CPW_Feed_Pin,,Slot__CPW_Feed_Pin,,"{""Slot__CPW_Feed_Pin"": {""geometry_type"": ""MultiLineString"", ""relations"": ""overlaps"", ""wkt"": ""MULTILINESTRING ((0.5 22, 0 22), (0 22, -0.5 22))""}}",True,,,True,latin
500,52.367852748118501,2,6.0951435107188718,2.8491638541937081,2,15.652136036377993,4,0.48531158282307518,0.78434339081910909,0.3827221372139975,0.20619354851240582,0.77454545454545454,0.70588235294117652,0.23474178403755869,0.66666666666666663,0.24539877300613497,0.25,0.05991680126034743,0.99656823757412161,0.44592179513859437,0.5,0.5,0,True,,1,0,Slot__Patch;Slot__CPW_Feed_Pin;Patch__CPW_Feed_Pin,True,Slot__CPW_Feed_Pin,,Slot__CPW_Feed_Pin,,"{""Slot__CPW_Feed_Pin"": {""geometry_type"": ""MultiLineString"", ""relations"": ""overlaps"", ""wkt"": ""MULTILINESTRING ((0.5 22, 0 22), (0 22, -0.5 22))""}}",True,,,True,latin
501,52.414718211896947,2,5.9416265759233617,2.6887489966832252,2,14.139596681280926,4,0.66744698913995126,0.84272524430989826,0.49797311951254875,0.081263660585899428,0.77454545454545454,0.70588235294117652,0.23474178403755869,0.66666666666666663,0.24539877300613497,0.25,0.36338404169826272,0.36019135721104412,0.89443482497350335,0.5,0.5,0,True,,1,0,Slot__Patch;Slot__CPW_Feed_Pin;Patch__CPW_Feed_Pin,True,Slot__CPW_Feed_Pin,,Slot__CPW_Feed_Pin,,"{""Slot__CPW_Feed_Pin"": {""geometry_type"": ""MultiLineString"", ""relations"": ""overlaps"", ""wkt"": ""MULTILINESTRING ((0.5 22, 0 22), (0 22, -0.5 22))""}}",True,,,True,latin
502,51.42925169929179,2,5.5820147741891315,2.8432121837136437,2,15.140018608067766,4,0.53161966919350923,0.80542849923109239,0.35171499148119811,0.027923832217812743,0.77454545454545454,0.70588235294117652,0.23474178403755869,0.66666666666666663,0.24539877300613497,0.25,0.78874195823043514,0.78461424516872846,0.2038349983239669,0.5,0.5,0,True,,1,0,Slot__Patch;Slot__CPW_Feed_Pin;Patch__CPW_Feed_Pin,True,Slot__CPW_Feed_Pin,,Slot__CPW_Feed_Pin,,"{""Slot__CPW_Feed_Pin"": {""geometry_type"": ""MultiLineString"", ""relations"": ""overlaps"", ""wkt"": ""MULTILINESTRING ((0.5 22, 0 22), (0 22, -0.5 22))""}}",True,,,True,latin
503,52.488116860585265,2,5.4857602517283475,2.7070375311831651,2,13.77923764195914,4,0.55975355920861403,0.72916401732154401,0.53988795278744428,0.19502789071326396,0.77454545454545454,0.70588235294117652,0.23474178403755869,0.66666666666666663,0.24539877300613497,0.25,0.70406351162532421,0.84944614623216352,0.3028769672070834,0.5,0.5,0,True,,1,0,Slot__Patch;Slot__CPW_Feed_Pin;Patch__CPW_Feed_Pin,True,Slot__CPW_Feed_Pin,,Slot__CPW_Feed_Pin,,"{""Slot__CPW_Feed_Pin"": {""geometry_type"": ""MultiLineString"", ""relations"": ""overlaps"", ""wkt"": ""MULTILINESTRING ((0.5 22, 0 22), (0 22, -0.5 22))""}}",True,,,True,latin
504,52.085665553355263,2,6.0567605668988822,2.4437280072812966,2,15.781488203111355,4,0.65719130205169773,0.84361303169324964,0.27262261549979599,0.015637197699580465,0.77454545454545454,0.70588235294117652,0.23474178403755869,0.66666666666666663,0.24539877300613497,0.25,0.66881726735846592,0.83225465945450794,0.22029061886573809,0.5,0.5,0,True,,1,0,Slot__Patch;Slot__CPW_Feed_Pin;Patch__CPW_Feed_Pin,True,Slot__CPW_Feed_Pin,,Slot__CPW_Feed_Pin,,"{""Slot__CPW_Feed_Pin"": {""geometry_type"": ""MultiLineString"", ""relations"": ""overlaps"", ""wkt"": ""MULTILINESTRING ((0.5 22, 0 22), (0 22, -0.5 22))""}}",True,,,True,latin
505,51.552115956893367,2,6.1125459086714873,2.526355059060938,2,15.674484502792788,4,0.64022932061208848,0.76035023880488506,0.53768572592907415,0.18913901318383053,0.77454545454545454,0.70588235294117652,0.23474178403755869,0.66666666666666663,0.24539877300613497,0.25,0.50670904054120058,0.35219580384130894,0.71027057353228229,0.5,0.5,0,True,,1,0,Slot__Patch;Slot__CPW_Feed_Pin;Patch__CPW_Feed_Pin,True,Slot__CPW_Feed_Pin,,Slot__CPW_Feed_Pin,,"{""Slot__CPW_Feed_Pin"": {""geometry_type"": ""MultiLineString"", ""relations"": ""overlaps"", ""wkt"": ""MULTILINESTRING ((0.5 22, 0 22), (0 22, -0.5 22))""}}",True,,,True,latin
506,51.275734158797988,2,6.3116379667935876,2.4674137460564065,2,16.123718955342692,4,0.47371074330314844,0.99663104881142739,0.42315709494698023,0.11947016337557245,0.77454545454545454,0.70588235294117652,0.23474178403755869,0.66666666666666663,0.24539877300613497,0.25,0.12507618248382282,0.72860975699920139,0.31643054621415767,0.5,0.5,0,True,,1,0,Slot__Patch;Slot__CPW_Feed_Pin;Patch__CPW_Feed_Pin,True,Slot__CPW_Feed_Pin,,Slot__CPW_Feed_Pin,,"{""Slot__CPW_Feed_Pin"": {""geometry_type"": ""MultiLineString"", ""relations"": ""overlaps"", ""wkt"": ""MULTILINESTRING ((0.5 22, 0 22), (0 22, -0.5 22))""}}",True,,,True,latin
507,48.756520177305148,2,5.5438150428760107,2.3982974356958016,2,14.629999466215885,4,0.49118355467035157,0.85912296463473892,0.46877474038179145,0.180181723352134,0.77454545454545454,0.70588235294117652,0.23474178403755869,0.66666666666666663,0.24539877300613497,0.25,0.079743811595262906,0.66757747514489418,0.4893169642763544,0.5,0.5,0,True,,1,0,Slot__Patch;Slot__CPW_Feed_Pin;Patch__CPW_Feed_Pin,True,Slot__CPW_Feed_Pin,,Slot__CPW_Feed_Pin,,"{""Slot__CPW_Feed_Pin"": {""geometry_type"": ""MultiLineString"", ""relations"": ""overlaps"", ""wkt"": ""MULTILINESTRING ((0.5 22, 0 22), (0 22, -0.5 22))""}}",True,,,True,latin
508,52.758525824357783,2,5.641910701599488,2.8236616321506629,2,13.687055045126627,4,0.66823112047638067,0.7716168180807329,0.31923766299617828,0.12526072608616973,0.77454545454545454,0.70588235294117652,0.23474178403755869,0.66666666666666663,0.24539877300613497,0.25,0.48462738743962619,0.75845701622802475,0.71882931373807712,0.5,0.5,0,True,,1,0,Slot__Patch;Slot__CPW_Feed_Pin;Patch__CPW_Feed_Pin,True,Slot__CPW_Feed_Pin,,Slot__CPW_Feed_Pin,,"{""Slot__CPW_Feed_Pin"": {""geometry_type"": ""MultiLineString"", ""relations"": ""overlaps"", ""wkt"": ""MULTILINESTRING ((0.5 22, 0 22), (0 22, -0.5 22))""}}",True,,,True,latin
509,47.908021777071802,2,5.8572953772081515,2.6254612264851835,2,13.547138193925967,4,0.67022635196738178,0.7685154648781175,0.3147354181733778,0.13308893110129963,0.77454545454545454,0.70588235294117652,0.23474178403755869,0.66666666666666663,0.24539877300613497,0.25,0.13241026198711908,0.72096838487380965,0.34999672148950101,0.5,0.5,0,True,,1,0,Slot__Patch;Slot__CPW_Feed_Pin;Patch__CPW_Feed_Pin,True,Slot__CPW_Feed_Pin,,Slot__CPW_Feed_Pin,,"{""Slot__CPW_Feed_Pin"": {""geometry_type"": ""MultiLineString"", ""relations"": ""overlaps"", ""wkt"": ""MULTILINESTRING ((0.5 22, 0 22), (0 22, -0.5 22))""}}",True,,,True,latin
510,56.745090068546212,2,5.9311261869904364,2.5635349511654053,2,16.175827206198178,4,0.7357391655542399,0.87877408683311686,0.52731529596018301,0.21455549812342672,0.77454545454545454,0.70588235294117652,0.23474178403755869,0.66666666666666663,0.24539877300613497,0.25,0.68378963614923227,0.40944436324323413,0.21513383238750283,0.5,0.5,0,True,,1,0,Slot__Patch;Slot__CPW_Feed_Pin;Patch__CPW_Feed_Pin,True,Slot__CPW_Feed_Pin,,Slot__CPW_Feed_Pin,,"{""Slot__CPW_Feed_Pin"": {""geometry_type"": ""MultiLineString"", ""relations"": ""overlaps"", ""wkt"": ""MULTILINESTRING ((0.5 22, 0 22), (0 22, -0.5 22))""}}",True,,,True,latin
511,54.299688542217076,2,6.516853259348256,2.4355313942536156,2,14.917742337252225,4,0.67964683275128923,0.76252734723085847,0.50786737752296529,0.18837044656892205,0.77454545454545454,0.70588235294117652,0.23474178403755869,0.66666666666666663,0.24539877300613497,0.25,0.64304097049433773,0.76069454932189928,0.60138384146071999,0.5,0.5,0,True,,1,0,Slot__Patch;Slot__CPW_Feed_Pin;Patch__CPW_Feed_Pin,True,Slot__CPW_Feed_Pin,,Slot__CPW_Feed_Pin,,"{""Slot__CPW_Feed_Pin"": {""geometry_type"": ""MultiLineString"", ""relations"": ""overlaps"", ""wkt"": ""MULTILINESTRING ((0.5 22, 0 22), (0 22, -0.5 22))""}}",True,,,True,latin
