sample_id,SLOT_MAIN_LENGTH,SLOT_MAIN_HEIGHT,PATCH_BRICK_1_SIDE_MARGIN,PATCH_BRICK_1_TOP_MARGIN,PATCH_BRICK_3_BOTTOM_MARGIN,PATCH_BRICK_2_HEIGHT_MARGIN,PATCH_BRICK_4_MARGIN,UPPER_CORNER_NOTCH_1_K1,UPPER_CORNER_NOTCH_1_K2,UPPER_CORNER_EAR_1_K1,UPPER_CORNER_EAR_1_K2,LOWER_CORNER_NOTCH_1_K1,LOWER_CORNER_NOTCH_1_K2,LOWER_CORNER_EAR_1_K1,LOWER_CORNER_EAR_1_K2,LOWER_CORNER_EAR_2_K1,LOWER_CORNER_EAR_2_K2,BRANCH_UP_1_K,BRANCH_UP_1_K2,BRANCH_UP_1_K3,BRANCH_DOWN_1_K,BRANCH_DOWN_1_K2,BRANCH_DOWN_1_K3,geometry_valid,geometry_error,final_conductor_components,allowed_bottom_y_mm,bottom_contact_pairs,non_bottom_intersection,non_bottom_intersection_pairs,non_bottom_crossing_pairs,non_bottom_overlapping_pairs,non_bottom_touching_pairs,non_bottom_intersection_details,intersection_check_completed,intersection_check_error,doe_rejection_reason,doe_eligible,doe_source
0,55.478771686274563,1.945903979241848,6.0015238422900437,2.4953205640614029,2.085929913632572,14.682655668351799,4.0109586555510761,0.50184523221105337,0.13228889368474483,0.25451439712196589,0.68327298760414124,0.12408157158643007,0.33982075471431017,0.76772933546453714,0.38539988175034523,0.19427075982093811,0.82927930634468794,0.46453751437366009,0.78495809528976679,0.77825045399367809,0.58382190577685833,0.25012670550495386,0.44342545606195927,True,,1,0,Slot__Patch;Slot__CPW_Feed_Pin;Patch__CPW_Feed_Pin,True,Slot__CPW_Feed_Pin,,Slot__CPW_Feed_Pin,,"{""Slot__CPW_Feed_Pin"": {""geometry_type"": ""MultiLineString"", ""relations"": ""overlaps"", ""wkt"": ""MULTILINESTRING ((0.5 22.04, 0 22.04), (0 22.04, -0.5 22.04))""}}",True,,,True,sobol
1,50.860957218334072,2.0511639667674899,5.9606872742995618,2.6102738561294974,1.93294029366225,15.177701496519148,3.8795674242079259,0.014203151687979698,0.93963604141026735,0.80085145216435194,0.43413313012570143,0.88857469242066145,0.61947720963507891,0.032536208629608154,0.62631978094577789,0.66027750261127949,0.36966500896960497,0.97320950031280518,0.16345689911395311,0.49931026063859463,0.28874321933835745,0.81064364220947027,0.98597547318786383,True,,1,0,Slot__Patch;Slot__CPW_Feed_Pin;Patch__CPW_Feed_Pin,True,Slot__CPW_Feed_Pin,,Slot__CPW_Feed_Pin,,"{""Slot__CPW_Feed_Pin"": {""geometry_type"": ""MultiLineString"", ""relations"": ""overlaps"", ""wkt"": ""MULTILINESTRING ((0.5 21.87, 0 21.87), (0 21.87, -0.5 21.87))""}}",True,,,True,sobol
2,52.70873964484781,1.9979485541582107,6.1830510523170235,2.5951680384576323,1.9983082115650177,15.477584847249091,4.1956555303186178,0.42323175352066755,0.72565356083214283,0.64768711943179369,0.24960989877581596,0.60366604384034872,0.081924929283559322,0.54002958070486784,0.79393529891967773,0.36130697652697563,0.049217890948057175,0.019839235581457615,0.40404628310352564,0.54577101673930883,0.96817090734839439,0.63535187020897865,0.24512366391718388,True,,1,0,Slot__Patch;Slot__CPW_Feed_Pin;Patch__CPW_Feed_Pin,True,Slot__CPW_Feed_Pin,,Slot__CPW_Feed_Pin,,"{""Slot__CPW_Feed_Pin"": {""geometry_type"": ""MultiLineString"", ""relations"": ""overlaps"", ""wkt"": ""MULTILINESTRING ((0.5 22.19, 0 22.19), (0 22.19, -0.5 22.19))""}}",True,,,True,sobol
3,53.641386332269761,2.0053815869614482,5.7785751102492204,2.7074578796885911,2.0453178524971007,14.285314163658768,3.9138128101825713,0.93559014983475208,0.40848142001777887,0.16378119494765997,0.99291688110679388,0.39922650251537561,0.86159473564475775,0.27689761109650135,0.038096863776445389,0.76859795860946178,0.52515319176018238,0.5424119895324111,0.52448844630271196,0.20065318699926138,0.16901046503335238,0.17639834620058537,0.69990321900695562,True,,1,0,Slot__Patch;Slot__CPW_Feed_Pin;Patch__CPW_Feed_Pin,True,Slot__CPW_Feed_Pin,,Slot__CPW_Feed_Pin,,"{""Slot__CPW_Feed_Pin"": {""geometry_type"": ""MultiLineString"", ""relations"": ""overlaps"", ""wkt"": ""MULTILINESTRING ((0.5 21.96, 0 21.96), (0 21.96, -0.5 21.96))""}}",True,,,True,sobol
4,54.267504017055039,1.9621956346556544,5.8824429089203472,2.678885066304356,2.006012920476496,14.969907771795988,4.1433609291911129,0.30167490523308516,0.54741432704031467,0.92815624456852674,0.11871280986815691,0.36248811148107052,0.16332013811916113,0.16666868701577187,0.12898126430809498,0.94567570369690657,0.64772984012961388,0.64015974570065737,0.37379411794245243,0.97617567609995604,0.74327654857188463,0.45054285135120153,0.032330557703971863,True,,1,0,Slot__Patch;Slot__CPW_Feed_Pin;Patch__CPW_Feed_Pin,True,Slot__CPW_Feed_Pin,,Slot__CPW_Feed_Pin,,"{""Slot__CPW_Feed_Pin"": {""geometry_type"": ""MultiLineString"", ""relations"": ""overlaps"", ""wkt"": ""MULTILINESTRING ((0.5 22.11, 0 22.11), (0 22.11, -0.5 22.11))""}}",True,,,True,sobol
5,52.051344776991755,2.0407256543636323,6.0803815931081777,2.5668338656052949,1.950311897136271,15.265723766293377,3.9721642922610045,0.80811581201851368,0.36506723705679178,0.38172763679176569,0.87369285337626934,0.62680694460868835,0.88145697023719549,0.90025993902236223,0.89054905436933041,0.4166796961799264,0.18445424921810627,0.17257967125624418,0.74456337653100491,0.25413523893803358,0.38612498715519905,0.98768401239067316,0.52213138807564974,True,,1,0,Slot__Patch;Slot__CPW_Feed_Pin;Patch__CPW_Feed_Pin,True,Slot__CPW_Feed_Pin,,Slot__CPW_Feed_Pin,,"{""Slot__CPW_Feed_Pin"": {""geometry_type"": ""MultiLineString"", ""relations"": ""overlaps"", ""wkt"": ""MULTILINESTRING ((0.5 21.96, 0 21.96), (0 21.96, -0.5 21.96))""}}",True,,,True,sobol
6,51.580362198036163,1.9062571926042438,5.7080188276246187,2.6472096920944752,1.918440071120858,15.577337579336017,4.0530946217477322,0.62931194063276052,0.079019172117114067,0.03690603282302618,0.56029342208057642,0.84970197454094887,0.42102332133799791,0.39105633459985256,0.53347990475594997,0.62431205715984106,0.48833765368908644,0.81296177394688129,0.93817763961851597,0.70865511335432529,0.86291560437530279,0.57020383514463902,0.27738814055919647,True,,1,0,Slot__Patch;Slot__CPW_Feed_Pin;Patch__CPW_Feed_Pin,True,Slot__CPW_Feed_Pin,,Slot__CPW_Feed_Pin,,"{""Slot__CPW_Feed_Pin"": {""geometry_type"": ""MultiLineString"", ""relations"": ""overlaps"", ""wkt"": ""MULTILINESTRING ((0.5 21.87, 0 21.87), (0 21.87, -0.5 21.87))""}}",True,,,True,sobol
7,54.748873559571805,2.0904262915253642,6.2553926311433319,2.5314782377704979,2.0627382609993221,14.560836341232061,3.8313728604465722,0.13575237058103085,0.7711912514641881,0.5207814397290349,0.30723190493881702,0.14545436389744282,0.63916587550193071,0.65920874383300543,0.29073791392147541,0.029031929560005665,0.96841871459037066,0.37429710850119591,0.066515257582068443,0.052792312577366829,0.0018043573945760727,0.11900295689702034,0.79269975889474154,True,,1,0,Slot__Patch;Slot__CPW_Feed_Pin;Patch__CPW_Feed_Pin,True,Slot__CPW_Feed_Pin,,Slot__CPW_Feed_Pin,,"{""Slot__CPW_Feed_Pin"": {""geometry_type"": ""MultiLineString"", ""relations"": ""overlaps"", ""wkt"": ""MULTILINESTRING ((0.5 21.99, 0 21.99), (0 21.99, -0.5 21.99))""}}",True,,,True,sobol
8,54.569349161162975,1.9824154756963253,5.7703740784898399,2.5474147481471299,1.9380724152550102,14.420368934981525,4.1084725219756368,0.34505926165729761,0.6044955886900425,0.22310198005288839,0.34559628181159496,0.0086226826533675194,0.98224677424877882,0.47527231369167566,0.86797299422323704,0.89959741849452257,0.11574023589491844,0.60112116951495409,0.25895371567457914,0.59020857885479927,0.68034652806818485,0.88489944022148848,0.33909711614251137,True,,1,0,Slot__Patch;Slot__CPW_Feed_Pin;Patch__CPW_Feed_Pin,True,Slot__CPW_Feed_Pin,,Slot__CPW_Feed_Pin,,"{""Slot__CPW_Feed_Pin"": {""geometry_type"": ""MultiLineString"", ""relations"": ""overlaps"", ""wkt"": ""MULTILINESTRING ((0.5 22.03, 0 22.03), (0 22.03, -0.5 22.03))""}}",True,,,True,sobol
9,51.112934138346461,2.0146526252850889,6.2662608459591871,2.6962729337625211,2.0933103820309045,15.437059738207608,3.9757997430860996,0.85766513645648956,0.2952639227733016,0.7079842584207654,0.60036258120089769,0.99437655601650476,0.19966069143265486,0.70884428173303604,0.11249668709933758,0.49585419800132513,0.5909555722028017,0.086620303802192211,0.63820686098188162,0.18747420236468315,0.44808160047978163,0.42588613647967577,0.85601271782070398,True,,1,0,Slot__Patch;Slot__CPW_Feed_Pin;Patch__CPW_Feed_Pin,True,Slot__CPW_Feed_Pin,,Slot__CPW_Feed_Pin,,"{""Slot__CPW_Feed_Pin"": {""geometry_type"": ""MultiLineString"", ""relations"": ""overlaps"", ""wkt"": ""MULTILINESTRING ((0.5 22.09, 0 22.09), (0 22.09, -0.5 22.09))""}}",True,,,True,sobol
10,51.956574408616866,1.9366332955658436,5.8892099635675548,2.5186591950803994,2.0254507146775724,15.030911557842046,4.0989709790796045,0.70492235291749239,0.011138483881950378,0.86700818967074156,0.78693263418972492,0.52928235102444887,0.72442533168941736,0.21530117373913527,0.46737214736640453,0.5450613209977746,0.77128671389073133,0.91450230218470097,0.92905200552195311,0.85783607233315706,0.79889529198408127,0.00059338472783565521,0.099779698997735977,False,ValueError: producer reported invalid exported polygon(s): Slot,,0,Slot__Patch;Slot__CPW_Feed_Pin;Patch__CPW_Feed_Pin,True,Slot__CPW_Feed_Pin,,Slot__CPW_Feed_Pin,,"{""Slot__CPW_Feed_Pin"": {""geometry_type"": ""MultiLineString"", ""relations"": ""overlaps"", ""wkt"": ""MULTILINESTRING ((0.5 22.06, 0 22.06), (0 22.06, -0.5 22.06))""}}",True,,ValueError: producer reported invalid exported polygon(s): Slot,False,sobol
11,53.715321966819467,2.0666970243677496,6.1480107016861441,2.6620599847845736,1.9806879423558712,14.734918872825801,3.8167496502399443,0.21752870455384254,0.82641096692532301,0.31969436351209879,0.034145892597734928,0.4834806052967906,0.44182589743286371,0.98340378142893314,0.70841003395617008,0.075033861212432384,0.31095793563872576,0.39775839820504189,0.050736791454255581,0.38846605736762285,0.062899560667574406,0.56117212027311325,0.57970608863979578,True,,1,0,Slot__Patch;Slot__CPW_Feed_Pin;Patch__CPW_Feed_Pin,True,Slot__CPW_Feed_Pin,,Slot__CPW_Feed_Pin,,"{""Slot__CPW_Feed_Pin"": {""geometry_type"": ""MultiLineString"", ""relations"": ""overlaps"", ""wkt"": ""MULTILINESTRING ((0.5 21.86, 0 21.86), (0 21.86, -0.5 21.86))""}}",True,,,True,sobol
12,53.027076564822345,1.9219740411266684,6.1956244859844452,2.6258863625116646,1.9710579203441738,14.520121678244323,4.0401311203837391,0.58239275682717562,0.21580208092927933,0.58449225593358278,0.90994188468903303,0.25480381026864052,0.51668746862560511,0.59192408248782158,0.61569225415587425,0.14795608632266521,0.42277714889496565,0.300437917932868,0.83217151463031769,0.66324073169380426,0.51991591695696115,0.81967630703002214,0.18380105309188366,True,,1,0,Slot__Patch;Slot__CPW_Feed_Pin;Patch__CPW_Feed_Pin,True,Slot__CPW_Feed_Pin,,Slot__CPW_Feed_Pin,,"{""Slot__CPW_Feed_Pin"": {""geometry_type"": ""MultiLineString"", ""relations"": ""overlaps"", ""wkt"": ""MULTILINESTRING ((0.5 21.93, 0 21.93), (0 21.93, -0.5 21.93))""}}",True,,,True,sobol
13,52.634650268405679,2.0809472598135472,5.8427773525938385,2.4817393076792356,2.0227543102577328,15.712581926956773,3.8691418122500179,0.089073989540338516,0.90003381203860044,0.099640495143830776,0.16101552546024323,0.74024559743702412,0.29757413361221552,0.35678039956837893,0.37258807569742203,0.73968863114714622,0.90165544766932726,0.76231121271848679,0.20365127548575401,0.066948109306395054,0.34972362220287323,0.36853532772511244,0.63624776434153318,True,,1,0,Slot__Patch;Slot__CPW_Feed_Pin;Patch__CPW_Feed_Pin,True,Slot__CPW_Feed_Pin,,Slot__CPW_Feed_Pin,,"{""Slot__CPW_Feed_Pin"": {""geometry_type"": ""MultiLineString"", ""relations"": ""overlaps"", ""wkt"": ""MULTILINESTRING ((0.5 21.97, 0 21.97), (0 21.97, -0.5 21.97))""}}",True,,,True,sobol
14,50.497025217302138,1.9716748779639601,6.0698280852288011,2.724591344017536,2.0584850724786521,15.318163672462106,4.1555927716195589,0.47350634727627039,0.68418979272246361,0.44250878039747477,0.47652281727641821,0.76734580658376217,0.77445741277188063,0.84861554019153118,0.20325904339551926,0.28181961365044117,0.70668331906199455,0.24644081387668848,0.47884565591812134,0.89561323821544647,0.90512680541723967,0.20105601102113724,0.37612426094710827,True,,1,0,Slot__Patch;Slot__CPW_Feed_Pin;Patch__CPW_Feed_Pin,True,Slot__CPW_Feed_Pin,,Slot__CPW_Feed_Pin,,"{""Slot__CPW_Feed_Pin"": {""geometry_type"": ""MultiLineString"", ""relations"": ""overlaps"", ""wkt"": ""MULTILINESTRING ((0.5 22.19, 0 22.19), (0 22.19, -0.5 22.19))""}}",True,,,True,sobol
15,55.154304582905027,2.0250086419284345,5.9679877264425159,2.5760033241286875,1.9101806756108999,14.822941153775901,3.9351285252720118,0.98018710315227509,0.49391725566238165,0.98991415929049253,0.71955525502562523,0.22184231877326965,0.055338355712592602,0.085502496920526028,0.96470878645777702,0.8148362785577774,0.242199482396245,0.69081228878349066,0.60838205739855766,0.36595625430345535,0.2310816366225481,0.73813549242913723,0.92830051016062498,True,,1,0,Slot__Patch;Slot__CPW_Feed_Pin;Patch__CPW_Feed_Pin,True,Slot__CPW_Feed_Pin,,Slot__CPW_Feed_Pin,,"{""Slot__CPW_Feed_Pin"": {""geometry_type"": ""MultiLineString"", ""relations"": ""overlaps"", ""wkt"": ""MULTILINESTRING ((0.5 21.87, 0 21.87), (0 21.87, -0.5 21.87))""}}",True,,,True,sobol
16,55.064930260274565,1.9655891893431543,6.2986025853082541,2.6385771444998682,2.0432449340820313,15.69298959011212,3.8900134772062303,0.44032250810414553,0.27244557812809944,0.41155881434679031,0.71536685712635517,0.3433552086353302,0.6836854899302125,0.15571160241961479,0.064226819202303886,0.22116505354642868,0.0086204754188656807,0.90140380244702101,0.4302534693852067,0.80168073903769255,0.46884188055992126,0.60181734710931778,0.87786688283085823,True,,1,0,Slot__Patch;Slot__CPW_Feed_Pin;Patch__CPW_Feed_Pin,True,Slot__CPW_Feed_Pin,,Slot__CPW_Feed_Pin,,"{""Slot__CPW_Feed_Pin"": {""geometry_type"": ""MultiLineString"", ""relations"": ""overlaps"", ""wkt"": ""MULTILINESTRING ((0.5 21.9, 0 21.9), (0 21.9, -0.5 21.9))""}}",True,,,True,sobol
17,50.612177336961025,2.0314727246761324,5.7397995572537175,2.5258916634321213,1.9879360616207122,14.447794985957444,4.0194635894149542,0.95072587206959724,0.58167540188878775,0.89637243188917637,0.46453735325485468,0.66937722824513912,0.40402912441641092,0.91798525024205446,0.82249095477163792,0.62551958300173283,0.53462267946451902,0.41036668140441179,0.55881281662732363,0.46025592368096113,0.64294891897588968,0.084452217444777489,0.42711386177688837,True,,1,0,Slot__Patch;Slot__CPW_Feed_Pin;Patch__CPW_Feed_Pin,True,Slot__CPW_Feed_Pin,,Slot__CPW_Feed_Pin,,"{""Slot__CPW_Feed_Pin"": {""geometry_type"": ""MultiLineString"", ""relations"": ""overlaps"", ""wkt"": ""MULTILINESTRING ((0.5 22.04, 0 22.04), (0 22.04, -0.5 22.04))""}}",True,,,True,sobol
18,52.459919169731435,1.9159495754167437,6.1168499937281018,2.6712665010057393,1.9308185709640384,14.894901660270989,3.9056673534214497,0.61170950625091791,0.86583325266838074,0.55351081863045692,0.14915263466536999,0.82294012792408466,0.92580349277704954,0.41177744977176189,0.72619451023638248,0.33342565968632698,0.85508529283106327,0.58297200873494148,0.75673718098551035,0.5066871140152216,0.10414622910320759,0.47165810782462358,0.68749775364995003,True,,1,0,Slot__Patch;Slot__CPW_Feed_Pin;Patch__CPW_Feed_Pin,True,Slot__CPW_Feed_Pin,,Slot__CPW_Feed_Pin,,"{""Slot__CPW_Feed_Pin"": {""geometry_type"": ""MultiLineString"", ""relations"": ""overlaps"", ""wkt"": ""MULTILINESTRING ((0.5 21.75, 0 21.75), (0 21.75, -0.5 21.75))""}}",True,,,True,sobol
19,53.227504628431049,2.0873745337128642,5.9209655139595272,2.5561713048815728,2.0755089117214083,15.33738978439942,4.1848613489419222,0.12211239337921143,0.050558808259665966,0.006128331646323204,0.90587605256587267,0.18002859130501747,0.14613377582281828,0.64733295794576406,0.48083576373755932,0.8043085690587759,0.31273109093308449,0.10525580681860447,0.12723988760262728,0.22411494143307209,0.77427832316607237,0.9655847130343318,0.13310894463211298,True,,1,0,Slot__Patch;Slot__CPW_Feed_Pin;Patch__CPW_Feed_Pin,True,Slot__CPW_Feed_Pin,,Slot__CPW_Feed_Pin,,"{""Slot__CPW_Feed_Pin"": {""geometry_type"": ""MultiLineString"", ""relations"": ""overlaps"", ""wkt"": ""MULTILINESTRING ((0.5 22.34, 0 22.34), (0 22.34, -0.5 22.34))""}}",True,,,True,sobol
20,53.853907575085763,1.9302057370543479,5.8173939831554886,2.5845053256675601,2.0727213356643914,15.40611494332552,3.9583555344492196,0.7421038756147027,0.90722712129354477,0.77306496538221836,0.029957099817693233,0.081694277934730053,0.81334138941019773,0.78905601892620325,0.32758048921823502,0.98123472463339567,0.45188587345182896,0.20227111130952835,0.97422672994434834,0.95274729840457439,0.32501223962754011,0.66134982369840145,0.59950865618884563,True,,1,0,Slot__Patch;Slot__CPW_Feed_Pin;Patch__CPW_Feed_Pin,True,Slot__CPW_Feed_Pin,,Slot__CPW_Feed_Pin,,"{""Slot__CPW_Feed_Pin"": {""geometry_type"": ""MultiLineString"", ""relations"": ""overlaps"", ""wkt"": ""MULTILINESTRING ((0.5 21.97, 0 21.97), (0 21.97, -0.5 21.97))""}}",True,,,True,sobol
21,51.802643397916107,2.0727215839549902,6.2192412095144398,2.6998389705456796,1.9209020648151636,14.360127290245146,4.1261221997439863,0.24268683791160583,0.22299736272543669,0.28815979510545731,0.7749466560781002,0.90752436686307192,0.095204646699130535,0.020052947103977203,0.56695174798369408,0.38889277819544077,0.97374256327748299,0.73449171148240566,0.094934491440653801,0.29319148324429989,0.56119214929640293,0.15136923640966415,0.080411071889102459,True,,1,0,Slot__Patch;Slot__CPW_Feed_Pin;Patch__CPW_Feed_Pin,True,Slot__CPW_Feed_Pin,,Slot__CPW_Feed_Pin,,"{""Slot__CPW_Feed_Pin"": {""geometry_type"": ""MultiLineString"", ""relations"": ""overlaps"", ""wkt"": ""MULTILINESTRING ((0.5 22.12, 0 22.12), (0 22.12, -0.5 22.12))""}}",True,,,True,sobol
22,51.331619909312572,1.9759514838457108,5.9921900644898418,2.4897341476008292,1.9603437760844826,14.795526748057455,3.8490462403744456,0.31974043417721987,0.43886999413371086,0.1291291918605566,0.58849817793816328,0.56890858802944422,0.57104981783777475,0.52845926862210035,0.97770081087946892,0.589707694016397,0.66987465787678957,0.25085134711116552,0.3397595901042223,0.74774092342704535,0.19377653393894434,0.29638853948563337,0.83687390200793743,True,,1,0,Slot__Patch;Slot__CPW_Feed_Pin;Patch__CPW_Feed_Pin,True,Slot__CPW_Feed_Pin,,Slot__CPW_Feed_Pin,,"{""Slot__CPW_Feed_Pin"": {""geometry_type"": ""MultiLineString"", ""relations"": ""overlaps"", ""wkt"": ""MULTILINESTRING ((0.5 21.79, 0 21.79), (0 21.79, -0.5 21.79))""}}",True,,,True,sobol
23,54.335237155668437,2.0207380322739481,6.0450303325429555,2.6016416465677321,2.0085237661376594,15.06222253292799,4.0664831295609476,0.8203238733112812,0.6291443845257163,0.67648116126656532,0.34152905642986298,0.42617133911699057,0.35290735308080912,0.29523805715143681,0.22151892632246017,0.055837486870586872,0.13118150364607573,0.81238406989723444,0.71803571097552776,0.029332465492188931,0.92585942894220352,0.76730371732264757,0.35867177974432707,True,,1,0,Slot__Patch;Slot__CPW_Feed_Pin;Patch__CPW_Feed_Pin,True,Slot__CPW_Feed_Pin,,Slot__CPW_Feed_Pin,,"{""Slot__CPW_Feed_Pin"": {""geometry_type"": ""MultiLineString"", ""relations"": ""overlaps"", ""wkt"": ""MULTILINESTRING ((0.5 22.1, 0 22.1), (0 22.1, -0.5 22.1))""}}",True,,,True,sobol
24,54.983190587162973,1.9002211114391683,5.9291709803044794,2.7149431694857782,1.9828996919095516,15.202186225913465,3.9936804503202437,0.65853654127568007,0.99468088708817959,0.067886723205447197,0.25659642741084099,0.28932137973606586,0.0099637126550078392,0.60544094815850258,0.67547227442264557,0.93521090317517519,0.79636307992041111,0.038247808814048767,0.89301863592118025,0.61362372431904078,0.26306814327836037,0.22095080651342869,0.78101583756506443,True,,1,0,Slot__Patch;Slot__CPW_Feed_Pin;Patch__CPW_Feed_Pin,True,Slot__CPW_Feed_Pin,,Slot__CPW_Feed_Pin,,"{""Slot__CPW_Feed_Pin"": {""geometry_type"": ""MultiLineString"", ""relations"": ""overlaps"", ""wkt"": ""MULTILINESTRING ((0.5 21.88, 0 21.88), (0 21.88, -0.5 21.88))""}}",True,,,True,sobol
25,51.361714019719507,2.0968408145010473,6.0336537899449469,2.5714323767274618,2.0357694827020167,14.935667086858302,4.1220443274825813,0.16918786056339741,0.18733570445328951,0.6142924390733242,0.50186052825301886,0.71354064717888832,0.79254982527345419,0.33648004848510027,0.42999548092484474,0.4681045776233077,0.25475363805890083,0.52351712994277477,0.022332354448735714,0.14843500498682261,0.62411728221923113,0.71530352905392647,0.28949074354022741,True,,1,0,Slot__Patch;Slot__CPW_Feed_Pin;Patch__CPW_Feed_Pin,True,Slot__CPW_Feed_Pin,,Slot__CPW_Feed_Pin,,"{""Slot__CPW_Feed_Pin"": {""geometry_type"": ""MultiLineString"", ""relations"": ""overlaps"", ""wkt"": ""MULTILINESTRING ((0.5 22.26, 0 22.26), (0 22.26, -0.5 22.26))""}}",True,,,True,sobol
26,52.205394883733241,1.9561231201514602,5.8112907439470289,2.619283420275897,2.0954733273014425,14.594710801262408,3.8028312213718891,0.26840010937303305,0.40128575451672077,0.95910737104713917,0.81538152694702148,0.8099806010723114,0.2521293954923749,0.82923350296914577,0.021439153701066971,0.51045017782598734,0.074407477863132954,0.47737663146108389,0.29297344665974379,0.81876730918884277,0.13267858885228634,0.85251028742641211,0.53400608338415623,True,,1,0,Slot__Patch;Slot__CPW_Feed_Pin;Patch__CPW_Feed_Pin,True,Slot__CPW_Feed_Pin,,Slot__CPW_Feed_Pin,,"{""Slot__CPW_Feed_Pin"": {""geometry_type"": ""MultiLineString"", ""relations"": ""overlaps"", ""wkt"": ""MULTILINESTRING ((0.5 21.86, 0 21.86), (0 21.86, -0.5 21.86))""}}",True,,,True,sobol
27,54.129203670658171,2.0472010247409345,6.1521204466000201,2.4700611238926649,1.9483423313125967,15.640508933924139,4.0814512956887485,0.77905095182359219,0.71845974121242762,0.4752701073884964,0.068198907189071178,0.20264514349400997,0.53472885955125093,0.096023946069180965,0.77934110164642334,0.10181547235697508,0.60116040240973234,0.9608606630936265,0.66471880581229925,0.41191267222166061,0.98989011254161596,0.33471724484115839,0.020876451395452023,True,,1,0,Slot__Patch;Slot__CPW_Feed_Pin;Patch__CPW_Feed_Pin,True,Slot__CPW_Feed_Pin,,Slot__CPW_Feed_Pin,,"{""Slot__CPW_Feed_Pin"": {""geometry_type"": ""MultiLineString"", ""relations"": ""overlaps"", ""wkt"": ""MULTILINESTRING ((0.5 22.07, 0 22.07), (0 22.07, -0.5 22.07))""}}",True,,,True,sobol
28,53.44067300679162,1.9914730928838253,6.1047937570139768,2.5069808553531763,1.9002540823072194,15.102811324875802,3.8612773064523935,0.39782173093408346,0.32564730383455753,0.74166065081954002,0.94227989111095667,0.035632924176752567,0.49117829371243715,0.45649778191000223,0.93467306159436703,0.1748893465846777,0.72760451305657625,0.86231944989413023,0.45262370258569717,0.63982749357819557,0.40787375625222921,0.046122554689645767,0.74295252561569214,True,,1,0,Slot__Patch;Slot__CPW_Feed_Pin;Patch__CPW_Feed_Pin,True,Slot__CPW_Feed_Pin,,Slot__CPW_Feed_Pin,,"{""Slot__CPW_Feed_Pin"": {""geometry_type"": ""MultiLineString"", ""relations"": ""overlaps"", ""wkt"": ""MULTILINESTRING ((0.5 21.76, 0 21.76), (0 21.76, -0.5 21.76))""}}",True,,,True,sobol
29,52.883351647481319,2.0114543830975888,5.8574176635593176,2.6554567025788129,2.0558811482042074,14.660499846562743,4.0294466130435467,0.89864501915872097,0.50799254421144724,0.19528545252978802,0.19117561168968678,0.95955393370240927,0.71029165852814913,0.71876013278961182,0.17860916443169117,0.70498302951455116,0.19015036057680845,0.32445309031754732,0.5740419365465641,0.10598921403288841,0.70685025863349438,0.51661173440515995,0.20261507201939821,True,,1,0,Slot__Patch;Slot__CPW_Feed_Pin;Patch__CPW_Feed_Pin,True,Slot__CPW_Feed_Pin,,Slot__CPW_Feed_Pin,,"{""Slot__CPW_Feed_Pin"": {""geometry_type"": ""MultiLineString"", ""relations"": ""overlaps"", ""wkt"": ""MULTILINESTRING ((0.5 22.1, 0 22.1), (0 22.1, -0.5 22.1))""}}",True,,,True,sobol
30,50.745767506025729,1.9394897408783436,6.2297811275348076,2.5428439547494053,2.0128765212371946,14.307836165651679,3.9453912835568188,0.53893484454602003,0.79401200823485851,0.34845645725727081,0.37582140881568193,0.5481744734570384,0.24894203897565603,0.22820293437689543,0.27661816962063313,0.25391649641096592,0.38510746695101261,0.68455831333994865,0.86040817946195602,0.93468390870839357,0.04207207728177309,0.91163005027920008,0.94320839643478394,True,,1,0,Slot__Patch;Slot__CPW_Feed_Pin;Patch__CPW_Feed_Pin,True,Slot__CPW_Feed_Pin,,Slot__CPW_Feed_Pin,,"{""Slot__CPW_Feed_Pin"": {""geometry_type"": ""MultiLineString"", ""relations"": ""overlaps"", ""wkt"": ""MULTILINESTRING ((0.5 21.9, 0 21.9), (0 21.9, -0.5 21.9))""}}",True,,,True,sobol
31,55.567940986808395,2.0571999540552497,5.7318447310477492,2.6866251011379068,1.9685028480365871,15.552841249387711,4.1638903751969343,0.039758609607815742,0.10183796007186174,0.83238527365028858,0.63275857083499432,0.44115110207349062,0.96806112583726645,0.96371662802994251,0.51635155640542507,0.85053844004869461,0.90819719806313515,0.12867132015526295,0.23988305404782295,0.3425115467980504,0.83733303472399712,0.40207749512046576,0.48673515487462282,True,,1,0,Slot__Patch;Slot__CPW_Feed_Pin;Patch__CPW_Feed_Pin,True,Slot__CPW_Feed_Pin,,Slot__CPW_Feed_Pin,,"{""Slot__CPW_Feed_Pin"": {""geometry_type"": ""MultiLineString"", ""relations"": ""overlaps"", ""wkt"": ""MULTILINESTRING ((0.5 22.19, 0 22.19), (0 22.19, -0.5 22.19))""}}",True,,,True,sobol
32,55.543047194555406,1.9958315331488847,5.9019544143229723,2.6044255128875378,2.0686680004000664,15.620522014796734,3.9120872054249047,0.18439108692109585,0.56535820011049509,0.30148812104016542,0.8462785305455327,0.72926685865968466,0.20802123751491308,0.44850777462124825,0.99369894154369831,0.15771482884883881,0.99842317681759596,0.49885640852153301,0.69506880920380354,0.47770327422767878,0.88244218658655882,0.90527612064033747,0.011301605962216854,False,ValueError: producer reported invalid exported polygon(s): Patch,,0,Slot__Patch;Slot__CPW_Feed_Pin;Patch__CPW_Feed_Pin,True,Slot__CPW_Feed_Pin,,Slot__CPW_Feed_Pin,,"{""Slot__CPW_Feed_Pin"": {""geometry_type"": ""MultiLineString"", ""relations"": ""overlaps"", ""wkt"": ""MULTILINESTRING ((0.5 21.98, 0 21.98), (0 21.98, -0.5 21.98))""}}",True,,ValueError: producer reported invalid exported polygon(s): Patch,False,sobol
33,50.800447214115408,2.0008504370227458,6.1352668588981034,2.493012045044452,1.9126503333449363,14.615567510481924,4.1786345206201077,0.67551407869905233,0.25752277113497257,0.75410566385835409,0.099305538460612297,0.27361042890697718,0.98890030290931463,0.74238230008631945,0.23676887713372707,0.69097465462982655,0.45876043755561113,0.93937119841575623,0.31584618892520666,0.76030569616705179,0.24014200456440449,0.40744350757449865,0.5587176475673914,True,,1,0,Slot__Patch;Slot__CPW_Feed_Pin;Patch__CPW_Feed_Pin,True,Slot__CPW_Feed_Pin,,Slot__CPW_Feed_Pin,,"{""Slot__CPW_Feed_Pin"": {""geometry_type"": ""MultiLineString"", ""relations"": ""overlaps"", ""wkt"": ""MULTILINESTRING ((0.5 22.09, 0 22.09), (0 22.09, -0.5 22.09))""}}",True,,,True,sobol
34,52.927676337864249,1.9478150729089976,5.7576296355575316,2.7051642239466314,1.9560943661257624,14.916184087749571,3.8961371134966609,0.76202811487019062,0.033730593509972095,0.66319816652685404,0.28773689363151789,0.24992652703076601,0.46593613643199205,0.23596095107495785,0.34359388612210751,0.27189400419592857,0.15348079428076744,0.048016347922384739,0.11884449701756239,0.21395961940288544,0.51283153239637613,0.021210391074419022,0.30323132779449224,True,,1,0,Slot__Patch;Slot__CPW_Feed_Pin;Patch__CPW_Feed_Pin,True,Slot__CPW_Feed_Pin,,Slot__CPW_Feed_Pin,,"{""Slot__CPW_Feed_Pin"": {""geometry_type"": ""MultiLineString"", ""relations"": ""overlaps"", ""wkt"": ""MULTILINESTRING ((0.5 21.8, 0 21.8), (0 21.8, -0.5 21.8))""}}",True,,,True,sobol
35,53.405421037785707,2.0551046783104541,6.2790046809241185,2.5893048319406806,2.0000774858519437,15.223912306129932,4.0131362482905386,0.2531506298109889,0.85139101557433605,0.14801169466227293,0.53272269852459431,0.76271447818726301,0.74682473856955767,0.94034267868846655,0.58218643255531788,0.86386970989406109,0.67827604897320271,0.51375392731279135,0.99719023611396551,0.55541474372148514,0.37436890602111816,0.54248153604567051,0.7511619720607996,True,,1,0,Slot__Patch;Slot__CPW_Feed_Pin;Patch__CPW_Feed_Pin,True,Slot__CPW_Feed_Pin,,Slot__CPW_Feed_Pin,,"{""Slot__CPW_Feed_Pin"": {""geometry_type"": ""MultiLineString"", ""relations"": ""overlaps"", ""wkt"": ""MULTILINESTRING ((0.5 22.07, 0 22.07), (0 22.07, -0.5 22.07))""}}",True,,,True,sobol
36,54.000766542647035,1.9124740684404968,6.0641154700890185,2.5523854404501618,2.0481779415160419,15.532774584833533,3.8429651319980618,0.88461671955883503,0.23934409487992525,0.8811367517337203,0.40693242847919464,0.97556981816887856,0.2907985569909215,0.61307165864855051,0.74143161252140999,0.92168478947132826,0.55472661182284355,0.66698275972157717,0.15118388086557388,0.26792996004223824,0.79232395440340042,0.83054581191390753,0.48105127085000277,True,,1,0,Slot__Patch;Slot__CPW_Feed_Pin;Patch__CPW_Feed_Pin,True,Slot__CPW_Feed_Pin,,Slot__CPW_Feed_Pin,,"{""Slot__CPW_Feed_Pin"": {""geometry_type"": ""MultiLineString"", ""relations"": ""overlaps"", ""wkt"": ""MULTILINESTRING ((0.5 21.81, 0 21.81), (0 21.81, -0.5 21.81))""}}",True,,,True,sobol
37,52.322161290794611,2.0908545587211846,5.9737008780241014,2.6689901057630778,1.9956987518817186,14.328589526005089,4.0727557357400652,0.38153083901852369,0.92217946611344814,0.42848869133740664,0.66365209501236677,0.01960177905857563,0.50820487458258867,0.31323052942752838,0.49685055017471313,0.45043563935905695,0.019217224791646004,0.14625250827521086,0.77967360988259315,0.98630769178271294,0.08709664735943079,0.35572414193302393,0.96402899920940399,True,,1,0,Slot__Patch;Slot__CPW_Feed_Pin;Patch__CPW_Feed_Pin,True,Slot__CPW_Feed_Pin,,Slot__CPW_Feed_Pin,,"{""Slot__CPW_Feed_Pin"": {""geometry_type"": ""MultiLineString"", ""relations"": ""overlaps"", ""wkt"": ""MULTILINESTRING ((0.5 22.16, 0 22.16), (0 22.16, -0.5 22.16))""}}",True,,,True,sobol
38,51.468135518021882,1.9565722474828362,6.2013371111825109,2.5216001251153646,1.9355555022135376,14.6409363867715,3.9519786037504674,0.056003248319029808,0.64594115410000086,0.021410237066447735,0.97314720973372459,0.48811181448400021,0.033061041496694088,0.82136223744601011,0.079479172825813293,0.52427193429321051,0.33912259619683027,0.84864239580929279,0.53587990254163742,0.031673614867031574,0.65812542475759983,0.211677560582757,0.20462161768227816,True,,1,0,Slot__Patch;Slot__CPW_Feed_Pin;Patch__CPW_Feed_Pin,True,Slot__CPW_Feed_Pin,,Slot__CPW_Feed_Pin,,"{""Slot__CPW_Feed_Pin"": {""geometry_type"": ""MultiLineString"", ""relations"": ""overlaps"", ""wkt"": ""MULTILINESTRING ((0.5 21.85, 0 21.85), (0 21.85, -0.5 21.85))""}}",True,,,True,sobol
39,54.844405391346669,2.0404941607266665,5.8370641909539698,2.6327444190531972,2.0830770516768098,15.124434771481901,4.1322938997298477,0.55291784461587667,0.45328079350292683,0.53650515619665384,0.222313835285604,0.50119850039482117,0.75046926643699408,0.11952831037342548,0.83849048987030983,0.11930702347308397,0.86024896521121264,0.33812027797102928,0.40631299093365669,0.69119864422827959,0.45661360304802656,0.7255646325647831,0.72483269870281219,True,,1,0,Slot__Patch;Slot__CPW_Feed_Pin;Patch__CPW_Feed_Pin,True,Slot__CPW_Feed_Pin,,Slot__CPW_Feed_Pin,,"{""Slot__CPW_Feed_Pin"": {""geometry_type"": ""MultiLineString"", ""relations"": ""overlaps"", ""wkt"": ""MULTILINESTRING ((0.5 22.26, 0 22.26), (0 22.26, -0.5 22.26))""}}",True,,,True,sobol
40,54.462379143852743,1.9320988234132528,6.1700136730447417,2.6818076607212427,1.9083105482161045,15.358235720079392,3.809100583568215,0.96523100137710571,0.17051356565207243,0.20734776835888624,0.18053724151104689,0.65344121027737856,0.59683378133922815,0.81231674179434776,0.26162568852305412,0.99866112787276506,0.21267948672175407,0.56539822835475206,0.2315949434414506,0.16562272142618895,0.85439787711948156,0.27051769476383924,0.14721562061458826,True,,1,0,Slot__Patch;Slot__CPW_Feed_Pin;Patch__CPW_Feed_Pin,True,Slot__CPW_Feed_Pin,,Slot__CPW_Feed_Pin,,"{""Slot__CPW_Feed_Pin"": {""geometry_type"": ""MultiLineString"", ""relations"": ""overlaps"", ""wkt"": ""MULTILINESTRING ((0.5 21.65, 0 21.65), (0 21.65, -0.5 21.65))""}}",True,,,True,sobol
41,51.213560869917266,2.0645831586793064,5.7916119530797001,2.537536635491997,2.0605203725397585,14.87492542527616,4.0753673277795315,0.45610603783279657,0.98023351281881332,0.72351053450256586,0.93747064471244812,0.35933700483292341,0.31497821304947138,0.012426291592419147,0.50009214133024216,0.40264950599521399,0.73675263114273548,0.12283873837441206,0.85306562948971987,0.57250832300633192,0.024041702970862389,0.79221722204238176,0.65727779641747475,True,,1,0,Slot__Patch;Slot__CPW_Feed_Pin;Patch__CPW_Feed_Pin,True,Slot__CPW_Feed_Pin,,Slot__CPW_Feed_Pin,,"{""Slot__CPW_Feed_Pin"": {""geometry_type"": ""MultiLineString"", ""relations"": ""overlaps"", ""wkt"": ""MULTILINESTRING ((0.5 22.2, 0 22.2), (0 22.2, -0.5 22.2))""}}",True,,,True,sobol
42,51.694931834004819,1.9863532643765212,6.0145612137392162,2.6521650242432955,2.0207369124516843,14.469510292634368,3.9998553942888977,0.10634459927678108,0.70213360991328955,0.8202776899561286,0.74699628259986639,0.13302568253129721,0.85469718556851149,0.50496610812842846,0.91966531425714493,0.57198183331638575,0.93212917726486921,0.88772876001894474,0.58138073328882456,0.40201651491224766,0.71909379679709673,0.65598318539559841,0.41766096744686365,True,,1,0,Slot__Patch;Slot__CPW_Feed_Pin;Patch__CPW_Feed_Pin,True,Slot__CPW_Feed_Pin,,Slot__CPW_Feed_Pin,,"{""Slot__CPW_Feed_Pin"": {""geometry_type"": ""MultiLineString"", ""relations"": ""overlaps"", ""wkt"": ""MULTILINESTRING ((0.5 22, 0 22), (0 22, -0.5 22))""}}",True,,,True,sobol
43,53.991395143326372,2.016566522605717,5.9476504392921923,2.5042107699252663,1.9729475235566496,15.673517275135964,4.1156702563166618,0.59721915889531374,0.38637284561991692,0.36668331641703844,0.4958881251513958,0.86998881492763758,0.072832080535590649,0.30311337765306234,0.16236501559615135,0.042254331521689892,0.39175410289317369,0.42403585091233253,0.46090805996209383,0.86723578162491322,0.39271250739693642,0.15772397071123123,0.90245649591088295,True,,1,0,Slot__Patch;Slot__CPW_Feed_Pin;Patch__CPW_Feed_Pin,True,Slot__CPW_Feed_Pin,,Slot__CPW_Feed_Pin,,"{""Slot__CPW_Feed_Pin"": {""geometry_type"": ""MultiLineString"", ""relations"": ""overlaps"", ""wkt"": ""MULTILINESTRING ((0.5 22.11, 0 22.11), (0 22.11, -0.5 22.11))""}}",True,,,True,sobol
44,53.251108157634732,1.9721060680225491,5.7140243802219626,2.4758761011622843,1.9757228922098875,15.082988007925451,3.939161592721939,0.22795282676815987,0.5247832452878356,0.60023120138794184,0.62009791843593121,0.89172591827809811,0.90617741923779249,0.13209301326423883,0.0051973555237054825,0.23443928174674511,0.28088479023426771,0.2723329272121191,0.67203076370060444,0.080986855551600456,0.94353989884257317,0.46139804739505053,0.36104441713541746,True,,1,0,Slot__Patch;Slot__CPW_Feed_Pin;Patch__CPW_Feed_Pin,True,Slot__CPW_Feed_Pin,,Slot__CPW_Feed_Pin,,"{""Slot__CPW_Feed_Pin"": {""geometry_type"": ""MultiLineString"", ""relations"": ""overlaps"", ""wkt"": ""MULTILINESTRING ((0.5 21.89, 0 21.89), (0 21.89, -0.5 21.89))""}}",True,,,True,sobol
45,52.403941636625675,2.0312227141112089,6.249386470578612,2.6235927067697049,2.0306412111967802,14.775447879452258,4.1703069861978292,0.72462662030011415,0.34006323292851448,0.084159987978637218,0.3729114206507802,0.097446948289871216,0.18584147375077009,0.92598693817853928,0.76433482579886913,0.64344016835093498,0.80081054288893938,0.79089643806219101,0.30129203014075756,0.67312872968614101,0.17611109185963869,0.97485661786049604,0.81838798336684704,True,,1,0,Slot__Patch;Slot__CPW_Feed_Pin;Patch__CPW_Feed_Pin,True,Slot__CPW_Feed_Pin,,Slot__CPW_Feed_Pin,,"{""Slot__CPW_Feed_Pin"": {""geometry_type"": ""MultiLineString"", ""relations"": ""overlaps"", ""wkt"": ""MULTILINESTRING ((0.5 22.24, 0 22.24), (0 22.24, -0.5 22.24))""}}",True,,,True,sobol
46,50.566557388287031,1.9217458697035907,5.8764373462647193,2.5736948051117361,2.0881004514172674,14.381762851495296,3.8549528278410432,0.83781591057777405,0.11819362919777632,0.48928506392985582,0.06131226010620594,0.37893978133797646,0.6483807722106576,0.43515497725456953,0.65921522490680218,0.31935225613415241,0.62198245152831078,0.21204169187694788,0.014017404988408089,0.34459306206554174,0.57477587275207043,0.58081107586622238,0.074849138967692852,True,,1,0,Slot__Patch;Slot__CPW_Feed_Pin;Patch__CPW_Feed_Pin,True,Slot__CPW_Feed_Pin,,Slot__CPW_Feed_Pin,,"{""Slot__CPW_Feed_Pin"": {""geometry_type"": ""MultiLineString"", ""relations"": ""overlaps"", ""wkt"": ""MULTILINESTRING ((0.5 21.86, 0 21.86), (0 21.86, -0.5 21.86))""}}",True,,,True,sobol
47,55.098889478482313,2.0753207173198462,6.0863877637311816,2.718743000775576,1.9430195095017553,15.386539279483259,4.035573490336537,0.33449018094688654,0.80895444750785828,0.94290995504707098,0.80657260213047266,0.61609436757862568,0.42804291937500238,0.63958662189543247,0.41500445641577244,0.78706890344619751,0.08526267297565937,0.72473058011382818,0.88571031205356121,0.87840127106755972,0.31144402083009481,0.1064158882945776,0.62020730786025524,True,,1,0,Slot__Patch;Slot__CPW_Feed_Pin;Patch__CPW_Feed_Pin,True,Slot__CPW_Feed_Pin,,Slot__CPW_Feed_Pin,,"{""Slot__CPW_Feed_Pin"": {""geometry_type"": ""MultiLineString"", ""relations"": ""overlaps"", ""wkt"": ""MULTILINESTRING ((0.5 22.06, 0 22.06), (0 22.06, -0.5 22.06))""}}",True,,,True,sobol
48,55.294385935366158,1.9153305137529968,5.798253337852656,2.5282001848705113,2.0103580830618739,14.756588067859411,4.1892877474427221,0.87482196465134621,0.95642099808901548,0.39578839763998985,0.75556990411132574,0.94758345372974873,0.79969192575663328,0.56842374894768,0.54973935335874557,0.13076785951852798,0.16369610000401735,0.93598209600895643,0.090424741618335247,0.43864977732300758,0.04914692509919405,0.2415897473692894,0.5775623032823205,True,,1,0,Slot__Patch;Slot__CPW_Feed_Pin;Patch__CPW_Feed_Pin,True,Slot__CPW_Feed_Pin,,Slot__CPW_Feed_Pin,,"{""Slot__CPW_Feed_Pin"": {""geometry_type"": ""MultiLineString"", ""relations"": ""overlaps"", ""wkt"": ""MULTILINESTRING ((0.5 22.12, 0 22.12), (0 22.12, -0.5 22.12))""}}",True,,,True,sobol
49,50.386729780677697,2.0813574884086847,6.1651572447270162,2.6444254853203897,1.958271044306457,15.01139380177483,3.9199936728924514,0.36008319724351168,0.14670289307832718,0.91188250295817852,0.0025122575461864471,0.055400524288415909,0.018812949769198895,0.36464857310056686,0.30573038384318352,0.72568180598318577,0.63693281542509794,0.37626898009330034,0.96114154811948538,0.78373705968260765,0.81266295537352562,0.69663678668439388,0.11803676560521126,True,,1,0,Slot__Patch;Slot__CPW_Feed_Pin;Patch__CPW_Feed_Pin,True,Slot__CPW_Feed_Pin,,Slot__CPW_Feed_Pin,,"{""Slot__CPW_Feed_Pin"": {""geometry_type"": ""MultiLineString"", ""relations"": ""overlaps"", ""wkt"": ""MULTILINESTRING ((0.5 21.96, 0 21.96), (0 21.96, -0.5 21.96))""}}",True,,,True,sobol
50,52.513999182265252,1.9656298646703363,5.9422083964571355,2.5620345138199627,1.9229797825217245,15.45776724955067,4.0048806063830851,0.20245851576328278,0.42483141925185919,0.50676600635051727,0.31398885231465101,0.46824267506599426,0.55761588457971811,0.87186718266457319,0.14522546157240868,0.29979175701737404,0.94222747720777988,0.61088972166180611,0.7215959532186389,0.23742054868489504,0.43059842940419912,0.87290890235453844,0.8618035027757287,True,,1,0,Slot__Patch;Slot__CPW_Feed_Pin;Patch__CPW_Feed_Pin,True,Slot__CPW_Feed_Pin,,Slot__CPW_Feed_Pin,,"{""Slot__CPW_Feed_Pin"": {""geometry_type"": ""MultiLineString"", ""relations"": ""overlaps"", ""wkt"": ""MULTILINESTRING ((0.5 21.89, 0 21.89), (0 21.89, -0.5 21.89))""}}",True,,,True,sobol
51,53.156800372339788,2.0372959185391664,6.0206169817596678,2.6735601543262604,2.070893482863903,14.400256466120481,3.8858430746942756,0.68772022519260645,0.74059414491057396,0.053102971985936165,0.56897264719009399,0.54450502060353756,0.27672737184911966,0.07786678709089756,0.90555677562952042,0.8281774427741766,0.48382820561528206,0.076857144013047218,0.34988111909478903,0.51632977742701769,0.69784520380198956,0.31629845779389143,0.31816961243748665,True,,1,0,Slot__Patch;Slot__CPW_Feed_Pin;Patch__CPW_Feed_Pin,True,Slot__CPW_Feed_Pin,,Slot__CPW_Feed_Pin,,"{""Slot__CPW_Feed_Pin"": {""geometry_type"": ""MultiLineString"", ""relations"": ""overlaps"", ""wkt"": ""MULTILINESTRING ((0.5 22, 0 22), (0 22, -0.5 22))""}}",True,,,True,sobol
52,53.751865037996325,1.9802797753363848,6.2357867248356351,2.7097339325398209,2.0805112982168796,14.844712993595749,4.0592274177819494,0.073092088103294373,0.34825078304857016,0.78878961317241192,0.44488594122231007,0.69377316627651453,0.70132035855203867,0.4986436627805233,0.80894163064658642,0.88608501385897398,0.34566912986338139,0.22886524349451065,0.50155498087406158,0.30698536429554224,0.1548901554197073,0.056737428531050682,0.91445326339453459,True,,1,0,Slot__Patch;Slot__CPW_Feed_Pin;Patch__CPW_Feed_Pin,True,Slot__CPW_Feed_Pin,,Slot__CPW_Feed_Pin,,"{""Slot__CPW_Feed_Pin"": {""geometry_type"": ""MultiLineString"", ""relations"": ""overlaps"", ""wkt"": ""MULTILINESTRING ((0.5 22.12, 0 22.12), (0 22.12, -0.5 22.12))""}}",True,,,True,sobol
53,51.908360616490242,2.0230428198352457,5.7258385973051187,2.59895374936983,1.925663980282843,15.298726388253272,3.8250546701252457,0.56805546674877405,0.53296882286667824,0.27266499027609825,0.68819667492061853,0.30129150208085775,0.48391413036733866,0.70109174121171236,0.054338643327355385,0.47818371001631021,0.82257449999451637,0.70839343033730984,0.38010623678565025,0.96287823561578989,0.98133331444114447,0.50403229147195816,0.40608478896319866,True,,1,0,Slot__Patch;Slot__CPW_Feed_Pin;Patch__CPW_Feed_Pin,True,Slot__CPW_Feed_Pin,,Slot__CPW_Feed_Pin,,"{""Slot__CPW_Feed_Pin"": {""geometry_type"": ""MultiLineString"", ""relations"": ""overlaps"", ""wkt"": ""MULTILINESTRING ((0.5 21.77, 0 21.77), (0 21.77, -0.5 21.77))""}}",True,,,True,sobol
54,51.054374805651598,1.9260621432214975,6.0987881675362585,2.6161069210618737,1.9930841464549303,15.733392798341811,4.1497838284820316,0.99447909370064735,0.75487084966152906,0.17588925547897816,0.87854946963489056,0.20631471555680037,0.94358522724360228,0.1916744988411665,0.40039094723761082,0.55888844188302755,0.50268415082246065,0.28676085080951452,0.18740034103393555,0.0082145929336547852,0.26967953518033028,0.92249287944287062,0.64596008788794279,True,,1,0,Slot__Patch;Slot__CPW_Feed_Pin;Patch__CPW_Feed_Pin,True,Slot__CPW_Feed_Pin,,Slot__CPW_Feed_Pin,,"{""Slot__CPW_Feed_Pin"": {""geometry_type"": ""MultiLineString"", ""relations"": ""overlaps"", ""wkt"": ""MULTILINESTRING ((0.5 22.07, 0 22.07), (0 22.07, -0.5 22.07))""}}",True,,,True,sobol
55,54.595544796343894,2.0709982329979542,5.8634237894788379,2.4996122588030993,2.0382376153022053,14.500088965985924,3.9659405201673508,0.48944199550896883,0.064108178019523621,0.62946073710918427,0.12941348273307085,0.78288867045193911,0.22617709171026945,0.99139735754579306,0.64257682673633099,0.092515517957508564,0.040131757967174053,0.77597835753113031,0.80789495632052422,0.73028551787137985,0.59997550863772631,0.38925772625952959,0.15895201079547405,True,,1,0,Slot__Patch;Slot__CPW_Feed_Pin;Patch__CPW_Feed_Pin,True,Slot__CPW_Feed_Pin,,Slot__CPW_Feed_Pin,,"{""Slot__CPW_Feed_Pin"": {""geometry_type"": ""MultiLineString"", ""relations"": ""overlaps"", ""wkt"": ""MULTILINESTRING ((0.5 22.08, 0 22.08), (0 22.08, -0.5 22.08))""}}",True,,,True,sobol
56,54.711040403041991,1.9501089977100492,6.1295943997800357,2.5813104879297315,1.96251278873533,14.265784292947501,4.0926495447754858,0.03066188283264637,0.31160878483206034,0.11487665213644505,0.21873489115387201,0.93508931994438171,0.37967516947537661,0.17441765312105417,0.18800905905663967,0.9631003187969327,0.87520576454699039,0.0022654682397842407,0.6157204220071435,0.1265846025198698,0.21793449018150568,0.62244198657572269,0.70532767381519079,True,,1,0,Slot__Patch;Slot__CPW_Feed_Pin;Patch__CPW_Feed_Pin,True,Slot__CPW_Feed_Pin,,Slot__CPW_Feed_Pin,,"{""Slot__CPW_Feed_Pin"": {""geometry_type"": ""MultiLineString"", ""relations"": ""overlaps"", ""wkt"": ""MULTILINESTRING ((0.5 22.01, 0 22.01), (0 22.01, -0.5 22.01))""}}",True,,,True,sobol
57,51.627278303354977,2.0465791594237088,5.9082216443493962,2.7294084439799193,2.0186045086011291,15.499266246333718,3.8228795867413279,0.51567516010254622,0.61944224871695042,0.56756285578012466,0.96177108772099018,0.077521165832877159,0.66153076756745577,0.87687690556049347,0.94871066696941853,0.43044989462941885,0.41754958406090736,0.55999496392905712,0.48713056463748217,0.59592430852353573,0.91926237195730209,0.065769258886575699,0.22456249035894871,True,,1,0,Slot__Patch;Slot__CPW_Feed_Pin;Patch__CPW_Feed_Pin,True,Slot__CPW_Feed_Pin,,Slot__CPW_Feed_Pin,,"{""Slot__CPW_Feed_Pin"": {""geometry_type"": ""MultiLineString"", ""relations"": ""overlaps"", ""wkt"": ""MULTILINESTRING ((0.5 21.88, 0 21.88), (0 21.88, -0.5 21.88))""}}",True,,,True,sobol
58,52.108608989603816,1.9060476275160907,6.2858581691980371,2.4845095475949344,2.0501344896852971,15.157576913014054,4.1022519938647743,0.92177500389516354,0.84320582170039415,0.97463273070752621,0.65215439815074205,0.41467423923313618,0.13752856012433767,0.38305918406695127,0.60045752115547657,0.60657654050737619,0.22215754259377718,0.45086248870939016,0.19536273274570704,0.42546206619590521,0.3335852799937129,0.49204242136329412,0.983709498308599,True,,1,0,Slot__Patch;Slot__CPW_Feed_Pin;Patch__CPW_Feed_Pin,True,Slot__CPW_Feed_Pin,,Slot__CPW_Feed_Pin,,"{""Slot__CPW_Feed_Pin"": {""geometry_type"": ""MultiLineString"", ""relations"": ""overlaps"", ""wkt"": ""MULTILINESTRING ((0.5 22.06, 0 22.06), (0 22.06, -0.5 22.06))""}}",True,,,True,sobol
59,54.240015808772299,2.0968783345073461,5.7525434369221324,2.6291783822700383,1.9062269486486911,14.703375383745879,3.982225501909852,0.40678875800222158,0.025543553754687309,0.45951491966843605,0.40323191694915295,0.58817252889275551,0.9193936949595809,0.68282373435795307,0.35657470487058163,0.015454377047717571,0.69614664744585752,0.98687871638685465,0.8248295160010457,0.82816619332879782,0.53899485804140568,0.94714970979839563,0.4618047121912241,True,,1,0,Slot__Patch;Slot__CPW_Feed_Pin;Patch__CPW_Feed_Pin,True,Slot__CPW_Feed_Pin,,Slot__CPW_Feed_Pin,,"{""Slot__CPW_Feed_Pin"": {""geometry_type"": ""MultiLineString"", ""relations"": ""overlaps"", ""wkt"": ""MULTILINESTRING ((0.5 21.99, 0 21.99), (0 21.99, -0.5 21.99))""}}",True,,,True,sobol
60,53.50000966228545,1.9417912062257527,5.9864774761721495,2.6577503558993341,1.9455440880730748,14.54140983056277,4.1617707718163732,0.79142819903790951,0.88371853996068239,0.69465545564889908,0.52914514765143394,0.67355022113770247,0.11723729129880667,0.75984995439648628,0.45135730504989624,0.2075467761605978,0.56871445942670107,0.83444334100931883,0.042421439662575722,0.12002688180655241,0.11316746659576893,0.67197899892926216,0.80204575229436159,True,,1,0,Slot__Patch;Slot__CPW_Feed_Pin;Patch__CPW_Feed_Pin,True,Slot__CPW_Feed_Pin,,Slot__CPW_Feed_Pin,,"{""Slot__CPW_Feed_Pin"": {""geometry_type"": ""MultiLineString"", ""relations"": ""overlaps"", ""wkt"": ""MULTILINESTRING ((0.5 22.05, 0 22.05), (0 22.05, -0.5 22.05))""}}",True,,,True,sobol
61,52.817742310930043,2.0615314008668064,6.0507435288280247,2.5128440642915666,2.098143011517823,15.59909873502329,3.9287575013935565,0.28615125175565481,0.20088501833379269,0.24206080473959446,0.27636228408664465,0.31579061318188906,0.83757326658815145,0.056032490916550159,0.69317295029759407,0.67818461731076241,0.10740273725241423,0.35280943382531404,0.92174420319497585,0.64971465151757002,0.75156798493117094,0.13880600966513157,0.25290542840957642,True,,1,0,Slot__Patch;Slot__CPW_Feed_Pin;Patch__CPW_Feed_Pin,True,Slot__CPW_Feed_Pin,,Slot__CPW_Feed_Pin,,"{""Slot__CPW_Feed_Pin"": {""geometry_type"": ""MultiLineString"", ""relations"": ""overlaps"", ""wkt"": ""MULTILINESTRING ((0.5 22.09, 0 22.09), (0 22.09, -0.5 22.09))""}}",True,,,True,sobol
62,50.980318100657307,1.9897468190640211,5.8231065636500716,2.6924734419584277,2.0331169378012417,15.245701827574521,4.0464096333831545,0.15129175968468189,0.47709089610725641,0.33297688141465187,0.087808355689048767,0.16076453123241663,0.35943921376019716,0.54765408299863338,0.85197341814637184,0.34724322892725468,0.28621532954275608,0.64993030950427055,0.64551841653883457,0.32114941813051701,0.49352820217609406,0.30726567003875971,0.50816195178776979,True,,1,0,Slot__Patch;Slot__CPW_Feed_Pin;Patch__CPW_Feed_Pin,True,Slot__CPW_Feed_Pin,,Slot__CPW_Feed_Pin,,"{""Slot__CPW_Feed_Pin"": {""geometry_type"": ""MultiLineString"", ""relations"": ""overlaps"", ""wkt"": ""MULTILINESTRING ((0.5 22.06, 0 22.06), (0 22.06, -0.5 22.06))""}}",True,,,True,sobol
63,55.347750073485081,2.0073135929182171,6.2135280210524799,2.5451524761877953,1.9857166480273007,14.99070795904845,3.8630670040845869,0.64601433556526899,0.66975322552025318,0.84812521003186703,0.84257841389626265,0.8344375854358077,0.57977709639817476,0.25364191737025976,0.097244337201118469,0.75135269016027451,0.76435207203030586,0.16281849332153797,0.2672728206962347,0.91747276671230793,0.63588834647089243,0.75450016465038061,0.062413275241851807,True,,1,0,Slot__Patch;Slot__CPW_Feed_Pin;Patch__CPW_Feed_Pin,True,Slot__CPW_Feed_Pin,,Slot__CPW_Feed_Pin,,"{""Slot__CPW_Feed_Pin"": {""geometry_type"": ""MultiLineString"", ""relations"": ""overlaps"", ""wkt"": ""MULTILINESTRING ((0.5 21.85, 0 21.85), (0 21.85, -0.5 21.85))""}}",True,,,True,sobol
64,55.375299315527087,1.9580494098365306,5.847063257172703,2.7271647592261439,1.9146304769441485,14.512785794679075,3.8458096168935296,0.69792916718870401,0.85199283529073,0.3678184300661087,0.04252609983086586,0.19295040983706713,0.13114546239376068,0.053418418392539024,0.7557286536321044,0.67095858510583639,0.17821705713868141,0.082030982710421085,0.56674706656485796,0.071842329576611519,0.46569511201232672,0.54873861744999886,0.47532393783330917,True,,1,0,Slot__Patch;Slot__CPW_Feed_Pin;Patch__CPW_Feed_Pin,True,Slot__CPW_Feed_Pin,,Slot__CPW_Feed_Pin,,"{""Slot__CPW_Feed_Pin"": {""geometry_type"": ""MultiLineString"", ""relations"": ""overlaps"", ""wkt"": ""MULTILINESTRING ((0.5 21.72, 0 21.72), (0 21.72, -0.5 21.72))""}}",True,,,True,sobol
65,50.964596307743335,2.0390170222148298,6.1901668852195151,2.5835225583799182,2.0667434556409718,15.722847414202988,4.0636617276817564,0.1931343600153923,0.044103642925620079,0.82046672888100147,0.7936305021867156,0.80418946873396635,0.91398328542709351,0.75563762988895178,0.013801666907966137,0.2011676924303174,0.65414963103830814,0.60620640125125647,0.43843232188373804,0.6662276778370142,0.67055523954331875,0.01544528640806675,0.95413802284747362,True,,1,0,Slot__Patch;Slot__CPW_Feed_Pin;Patch__CPW_Feed_Pin,True,Slot__CPW_Feed_Pin,,Slot__CPW_Feed_Pin,,"{""Slot__CPW_Feed_Pin"": {""geometry_type"": ""MultiLineString"", ""relations"": ""overlaps"", ""wkt"": ""MULTILINESTRING ((0.5 22.17, 0 22.17), (0 22.17, -0.5 22.17))""}}",True,,,True,sobol
66,52.770967429783198,1.9108023859560488,5.9625299479812384,2.631377305276692,2.0020087748765945,15.307898548431695,3.9615857705473898,0.36931581515818834,0.25790321920067072,0.72949701175093651,0.60910654813051224,0.70384445693343878,0.38900433667004108,0.26212098076939583,0.4096932290121913,0.77354184817522764,0.9582147104665637,0.40234724245965481,0.24430499691516161,0.37073609512299299,0.084359955973923206,0.43292260263115168,0.21452214568853378,True,,1,0,Slot__Patch;Slot__CPW_Feed_Pin;Patch__CPW_Feed_Pin,True,Slot__CPW_Feed_Pin,,Slot__CPW_Feed_Pin,,"{""Slot__CPW_Feed_Pin"": {""geometry_type"": ""MultiLineString"", ""relations"": ""overlaps"", ""wkt"": ""MULTILINESTRING ((0.5 21.88, 0 21.88), (0 21.88, -0.5 21.88))""}}",True,,,True,sobol
67,53.579315157048406,2.0925262650474905,6.0741138098761445,2.4822785143740473,1.9541210144758223,14.830276685301214,4.1289372097700836,0.86452148482203484,0.57549485750496387,0.2144023310393095,0.35216974746435881,0.28352788928896189,0.6718402523547411,0.56164549011737108,0.66452459152787924,0.37003507558256388,0.49860314000397921,0.90941754728555679,0.87355861160904169,0.89845516812056303,0.78526045754551888,0.88028137292712927,0.73056576866656542,True,,1,0,Slot__Patch;Slot__CPW_Feed_Pin;Patch__CPW_Feed_Pin,True,Slot__CPW_Feed_Pin,,Slot__CPW_Feed_Pin,,"{""Slot__CPW_Feed_Pin"": {""geometry_type"": ""MultiLineString"", ""relations"": ""overlaps"", ""wkt"": ""MULTILINESTRING ((0.5 22.18, 0 22.18), (0 22.18, -0.5 22.18))""}}",True,,,True,sobol
68,54.163945177290593,1.9492681792005897,6.2714256221428517,2.511072982382029,1.9945001432672143,14.436470992863178,3.9024552579969165,0.49964908976107836,0.46830397192388773,0.94758841581642628,0.72820957843214273,0.44694475643336773,0.36968378908932209,0.88891507219523191,0.51114018354564905,0.4079517163336277,0.3594605578109622,0.75765370763838291,0.024744918569922447,0.17470643576234579,0.35946359857916832,0.74665314890444279,0.0016527194529771805,True,,1,0,Slot__Patch;Slot__CPW_Feed_Pin;Patch__CPW_Feed_Pin,True,Slot__CPW_Feed_Pin,,Slot__CPW_Feed_Pin,,"{""Slot__CPW_Feed_Pin"": {""geometry_type"": ""MultiLineString"", ""relations"": ""overlaps"", ""wkt"": ""MULTILINESTRING ((0.5 21.84, 0 21.84), (0 21.84, -0.5 21.84))""}}",True,,,True,sobol
69,52.154736898094413,2.0536515481770037,5.7663812845945355,2.6594263469427828,2.0493215212598441,15.423887451644987,4.1820152282714842,0.98515678569674492,0.65119310654699802,0.49497063457965851,0.48294560052454472,0.5578702911734581,0.58904886431992054,0.18484996445477009,0.25057948101311922,0.94073193334043026,0.83954434562474489,0.30557607486844063,0.90427988208830357,0.57934811618179083,0.50237316358834505,0.19010469689965248,0.55274819489568472,True,,1,0,Slot__Patch;Slot__CPW_Feed_Pin;Patch__CPW_Feed_Pin,True,Slot__CPW_Feed_Pin,,Slot__CPW_Feed_Pin,,"{""Slot__CPW_Feed_Pin"": {""geometry_type"": ""MultiLineString"", ""relations"": ""overlaps"", ""wkt"": ""MULTILINESTRING ((0.5 22.29, 0 22.29), (0 22.29, -0.5 22.29))""}}",True,,,True,sobol
70,51.6423531236127,1.9941838597878814,6.1440178038552409,2.5468093688599764,2.0819272939115763,15.044083481188864,3.8932189960032701,0.57728623691946268,0.93742401618510485,0.087832344695925713,0.16954641509801149,0.96534612402319908,0.11189167201519012,0.67665816191583872,0.16914155054837465,0.022134877741336823,0.51891650632023811,0.69547027070075274,0.66322699747979641,0.37581267021596432,0.2447905670851469,0.36539551522582769,0.30921030230820179,True,,1,0,Slot__Patch;Slot__CPW_Feed_Pin;Patch__CPW_Feed_Pin,True,Slot__CPW_Feed_Pin,,Slot__CPW_Feed_Pin,,"{""Slot__CPW_Feed_Pin"": {""geometry_type"": ""MultiLineString"", ""relations"": ""overlaps"", ""wkt"": ""MULTILINESTRING ((0.5 21.97, 0 21.97), (0 21.97, -0.5 21.97))""}}",True,,,True,sobol
71,54.686726024281235,2.0024980865418911,5.8943746291100974,2.6907209625095132,1.9367478851228952,14.718817166984081,4.0223031260073183,0.062793456017971039,0.24483243934810162,0.60301857814192772,0.91672939620912075,0.045326391234993935,0.83124721050262451,0.38239835202693939,0.91289061401039362,0.61363085545599461,0.055638188496232033,0.24130218010395765,0.28470532037317753,0.847120625898242,0.88361843582242727,0.82038246188312769,0.76081656571477652,True,,1,0,Slot__Patch;Slot__CPW_Feed_Pin;Patch__CPW_Feed_Pin,True,Slot__CPW_Feed_Pin,,Slot__CPW_Feed_Pin,,"{""Slot__CPW_Feed_Pin"": {""geometry_type"": ""MultiLineString"", ""relations"": ""overlaps"", ""wkt"": ""MULTILINESTRING ((0.5 21.96, 0 21.96), (0 21.96, -0.5 21.96))""}}",True,,,True,sobol
72,54.631420968193567,1.9202685192227362,6.0752924988046288,2.6425383583828808,2.0624879768118261,14.953806160949171,3.9488168381154538,0.41611269023269415,0.37893137987703085,0.14873816631734371,0.98609879054129124,0.17413172032684088,0.54724548570811749,0.68967145495116711,0.49190554860979319,0.48517320491373539,0.89241235982626677,0.9842380303889513,0.10814834292978048,0.25892265886068344,0.29848682414740324,0.18351236544549465,0.37069042585790157,True,,1,0,Slot__Patch;Slot__CPW_Feed_Pin;Patch__CPW_Feed_Pin,True,Slot__CPW_Feed_Pin,,Slot__CPW_Feed_Pin,,"{""Slot__CPW_Feed_Pin"": {""geometry_type"": ""MultiLineString"", ""relations"": ""overlaps"", ""wkt"": ""MULTILINESTRING ((0.5 21.93, 0 21.93), (0 21.93, -0.5 21.93))""}}",True,,,True,sobol
73,51.050705721601837,2.0767980439588429,5.8863603070378296,2.529992220941931,1.9063733687624334,15.278895784635097,4.1669006917625664,0.91156583838164806,0.68884218111634254,0.66480961814522743,0.24110958818346262,0.81313393358141184,0.26733729057013988,0.48565561231225729,0.74637478310614824,0.89270063489675522,0.43208082485944033,0.45398963615298271,0.9785890681669116,0.97902527451515198,0.56628278084099293,0.63068676739931107,0.82435837667435408,True,,1,0,Slot__Patch;Slot__CPW_Feed_Pin;Patch__CPW_Feed_Pin,True,Slot__CPW_Feed_Pin,,Slot__CPW_Feed_Pin,,"{""Slot__CPW_Feed_Pin"": {""geometry_type"": ""MultiLineString"", ""relations"": ""overlaps"", ""wkt"": ""MULTILINESTRING ((0.5 22.15, 0 22.15), (0 22.15, -0.5 22.15))""}}",True,,,True,sobol
74,51.852934687398374,1.9737779378890992,6.2593098537996417,2.6753549237176779,1.9748662762343883,15.564165208954364,3.8578453645110131,0.52597589325159788,0.97302843909710646,0.76163851656019688,0.42767988704144955,0.66348181385546923,0.80516348406672478,0.99305384978652,0.83000640291720629,0.070089822635054588,0.23692416027188301,0.53138393629342318,0.70390393491834402,0.057678976096212864,0.18272350076586008,0.79816513042896986,0.068873008713126183,True,,1,0,Slot__Patch;Slot__CPW_Feed_Pin;Patch__CPW_Feed_Pin,True,Slot__CPW_Feed_Pin,,Slot__CPW_Feed_Pin,,"{""Slot__CPW_Feed_Pin"": {""geometry_type"": ""MultiLineString"", ""relations"": ""overlaps"", ""wkt"": ""MULTILINESTRING ((0.5 21.81, 0 21.81), (0 21.81, -0.5 21.81))""}}",True,,,True,sobol
75,53.818794969376178,2.0295508204028012,5.7029295511543747,2.5601441576518118,2.0187509290874006,14.576938315294683,4.0264299046248198,0.021429518237709999,0.15744350850582123,0.30801386386156082,0.6746491240337491,0.3335513724014163,0.02525719627737999,0.19881278742104769,0.087961428798735142,0.53633313253521919,0.71214225329458714,0.030386636964976788,0.33240130078047514,0.71163435373455286,0.94666664302349091,0.26505413372069597,0.61055174749344587,True,,1,0,Slot__Patch;Slot__CPW_Feed_Pin;Patch__CPW_Feed_Pin,True,Slot__CPW_Feed_Pin,,Slot__CPW_Feed_Pin,,"{""Slot__CPW_Feed_Pin"": {""geometry_type"": ""MultiLineString"", ""relations"": ""overlaps"", ""wkt"": ""MULTILINESTRING ((0.5 22.07, 0 22.07), (0 22.07, -0.5 22.07))""}}",True,,,True,sobol
76,53.089223468303679,1.984899970702827,5.95647704936564,2.5966039378009738,2.0294551448896527,14.68999110488221,3.8062320943921804,0.65533642005175352,0.80077091883867979,0.54174486175179482,0.30068901833146811,0.43597694858908653,0.94985012337565422,0.3698336211964488,0.24317921604961157,0.74841646198183298,0.58567974343895912,0.18355431500822306,0.55048222467303276,0.48664931673556566,0.40374212712049484,0.11578571051359177,0.15294010564684868,True,,1,0,Slot__Patch;Slot__CPW_Feed_Pin;Patch__CPW_Feed_Pin,True,Slot__CPW_Feed_Pin,,Slot__CPW_Feed_Pin,,"{""Slot__CPW_Feed_Pin"": {""geometry_type"": ""MultiLineString"", ""relations"": ""overlaps"", ""wkt"": ""MULTILINESTRING ((0.5 21.82, 0 21.82), (0 21.82, -0.5 21.82))""}}",True,,,True,sobol
77,52.57265997463837,2.0180198401212692,6.0069060495123265,2.7120521298050884,1.9768791096284986,15.167436277493834,4.084486103057861,0.14108444191515446,0.11586005240678787,0.025581857189536095,0.55151887610554695,0.57480249740183353,0.231461551040411,0.57203348912298679,0.9872904671356082,0.15289976727217436,0.12119866348803043,0.62968101259320974,0.42882031202316284,0.76752730179578066,0.73348888847976923,0.57095690630376339,0.66716974321752787,True,,1,0,Slot__Patch;Slot__CPW_Feed_Pin;Patch__CPW_Feed_Pin,True,Slot__CPW_Feed_Pin,,Slot__CPW_Feed_Pin,,"{""Slot__CPW_Feed_Pin"": {""geometry_type"": ""MultiLineString"", ""relations"": ""overlaps"", ""wkt"": ""MULTILINESTRING ((0.5 22.08, 0 22.08), (0 22.08, -0.5 22.08))""}}",True,,,True,sobol
78,50.393633728008709,1.9337466849014162,5.7839572113007298,2.5019589767418799,1.9418822970241307,15.487850418314338,3.9902730006724596,0.29645013716071844,0.3316433122381568,0.4307672455906868,0.86702544521540403,0.91733144037425518,0.69210950843989849,0.062925488688051701,0.59311241935938597,0.82173341978341341,0.30171529483050108,0.36332198791205883,0.13844248279929161,0.18789299950003624,0.023268857970833778,0.99624679703265429,0.40776331350207329,True,,1,0,Slot__Patch;Slot__CPW_Feed_Pin;Patch__CPW_Feed_Pin,True,Slot__CPW_Feed_Pin,,Slot__CPW_Feed_Pin,,"{""Slot__CPW_Feed_Pin"": {""geometry_type"": ""MultiLineString"", ""relations"": ""overlaps"", ""wkt"": ""MULTILINESTRING ((0.5 21.87, 0 21.87), (0 21.87, -0.5 21.87))""}}",True,,,True,sobol
79,55.257862790860244,2.062935321033001,6.1788407189771535,2.6137280929088593,2.0893054749816655,14.277978363912553,4.119002936035395,0.78219768218696117,0.52222829684615135,0.88436138071119785,0.1103021427989006,0.087590537965297699,0.47373047284781933,0.86240013688802719,0.3326697638258338,0.29250096436589956,0.78059083689004183,0.82344098389148712,0.75921221077442169,0.53491822257637978,0.8492848752066493,0.43951589148491621,0.89672248903661966,True,,1,0,Slot__Patch;Slot__CPW_Feed_Pin;Patch__CPW_Feed_Pin,True,Slot__CPW_Feed_Pin,,Slot__CPW_Feed_Pin,,"{""Slot__CPW_Feed_Pin"": {""geometry_type"": ""MultiLineString"", ""relations"": ""overlaps"", ""wkt"": ""MULTILINESTRING ((0.5 22.27, 0 22.27), (0 22.27, -0.5 22.27))""}}",True,,,True,sobol
80,55.127001978456981,1.9277105620130897,5.8534981174394485,2.5351304102130232,1.9563388675451279,15.113054013345391,4.0559191506356003,0.25945141445845366,0.74413125868886709,0.46224077884107828,0.074864348396658897,0.47364600747823715,0.84537904337048531,0.93349525611847639,0.70190173108130693,0.63632288482040167,0.98390147276222706,0.51889729127287865,0.21777731645852327,0.095304212532937527,0.60260896477848291,0.33744598645716906,0.90846840105950832,True,,1,0,Slot__Patch;Slot__CPW_Feed_Pin;Patch__CPW_Feed_Pin,True,Slot__CPW_Feed_Pin,,Slot__CPW_Feed_Pin,,"{""Slot__CPW_Feed_Pin"": {""geometry_type"": ""MultiLineString"", ""relations"": ""overlaps"", ""wkt"": ""MULTILINESTRING ((0.5 21.94, 0 21.94), (0 21.94, -0.5 21.94))""}}",True,,,True,sobol
81,50.549948851112269,2.0693497903645039,6.1098852854222061,2.6841190430894497,2.0123336464166641,14.653186940588057,3.8346126511692997,0.75661211647093296,0.43422229960560799,0.97836564015597105,0.82379034627228975,0.52335665933787823,0.062541130930185318,0.13336422480642796,0.44263050798326731,0.22794000525027514,0.4415443055331707,0.043363558128476143,0.83952409867197275,0.62714366521686316,0.27677712589502335,0.85126915853470564,0.39645131211727858,True,,1,0,Slot__Patch;Slot__CPW_Feed_Pin;Patch__CPW_Feed_Pin,True,Slot__CPW_Feed_Pin,,Slot__CPW_Feed_Pin,,"{""Slot__CPW_Feed_Pin"": {""geometry_type"": ""MultiLineString"", ""relations"": ""overlaps"", ""wkt"": ""MULTILINESTRING ((0.5 21.91, 0 21.91), (0 21.91, -0.5 21.91))""}}",True,,,True,sobol
82,52.356279379408804,1.9788274144753815,5.7369361510500303,2.5065010741539298,2.0689125044271353,14.315148719586432,4.1405429784208536,0.68083853926509619,0.15000361483544111,0.57318692374974489,0.50840538181364536,0.98453960753977299,0.6032364871352911,0.62620565388351679,0.10243403259664774,0.8091302989050746,0.13749472517520189,0.96548002492636442,0.59516628552228212,0.33168164454400539,0.97234741132706404,0.70625271648168564,0.65559927187860012,True,,1,0,Slot__Patch;Slot__CPW_Feed_Pin;Patch__CPW_Feed_Pin,True,Slot__CPW_Feed_Pin,,Slot__CPW_Feed_Pin,,"{""Slot__CPW_Feed_Pin"": {""geometry_type"": ""MultiLineString"", ""relations"": ""overlaps"", ""wkt"": ""MULTILINESTRING ((0.5 22.19, 0 22.19), (0 22.19, -0.5 22.19))""}}",True,,,True,sobol
83,53.330977542139593,2.0244951568543912,6.225861475244165,2.6497793811932207,1.9249064965173601,15.542598924133927,3.968931084126234,0.17799876444041729,0.96559050679206848,0.11961568053811789,0.26537282112985849,0.0026955269277095795,0.32040048204362392,0.42411234229803085,0.8467857064679265,0.34227568004280329,0.66349989455193281,0.47226135898381472,0.4744814271107316,0.92188557796180248,0.14241861738264561,0.23148923180997372,0.16494639497250319,True,,1,0,Slot__Patch;Slot__CPW_Feed_Pin;Patch__CPW_Feed_Pin,True,Slot__CPW_Feed_Pin,,Slot__CPW_Feed_Pin,,"{""Slot__CPW_Feed_Pin"": {""geometry_type"": ""MultiLineString"", ""relations"": ""overlaps"", ""wkt"": ""MULTILINESTRING ((0.5 21.92, 0 21.92), (0 21.92, -0.5 21.92))""}}",True,,,True,sobol
84,53.916054567415273,1.9673023395240308,6.0282694347202774,2.6217304954677823,1.9268151883035898,15.188990961760283,4.1985045738518236,0.55922059621661901,0.076196069829165936,0.85511920880526304,0.63920996617525816,0.22776934038847685,0.65374599955976009,0.0033369045704603195,0.93754097353667021,0.38004263862967491,0.54093640763312578,0.31976506765931845,0.62701000086963177,0.1512464601546526,0.69321547634899616,0.39545198064297438,0.56768649443984032,True,,1,0,Slot__Patch;Slot__CPW_Feed_Pin;Patch__CPW_Feed_Pin,True,Slot__CPW_Feed_Pin,,Slot__CPW_Feed_Pin,,"{""Slot__CPW_Feed_Pin"": {""geometry_type"": ""MultiLineString"", ""relations"": ""overlaps"", ""wkt"": ""MULTILINESTRING ((0.5 22.09, 0 22.09), (0 22.09, -0.5 22.09))""}}",True,,,True,sobol
85,51.740653173252937,2.0356234675273299,5.9333836393430825,2.4777069461159407,2.0793172661215067,14.951791943516582,3.9170278955250977,0.05058528296649456,0.76110496371984482,0.33902486506849527,0.38444330543279648,0.77718315739184618,0.43438083492219448,0.79698253329843283,0.19917680229991674,0.97641287557780743,0.0022462187334895134,0.86748812440782785,0.2564843911677599,0.61843403615057468,0.42933420371264219,0.91678321082144976,0.11229426506906748,False,ValueError: producer reported invalid exported polygon(s): Patch,,0,Slot__Patch;Slot__CPW_Feed_Pin;Patch__CPW_Feed_Pin,True,Slot__CPW_Feed_Pin,,Slot__CPW_Feed_Pin,,"{""Slot__CPW_Feed_Pin"": {""geometry_type"": ""MultiLineString"", ""relations"": ""overlaps"", ""wkt"": ""MULTILINESTRING ((0.5 22.03, 0 22.03), (0 22.03, -0.5 22.03))""}}",True,,ValueError: producer reported invalid exported polygon(s): Patch,False,sobol
86,51.228228489123282,1.9138541437685488,6.1563329234719282,2.7205626858025793,2.0394376287236811,14.578586296644062,4.0081159979104992,0.38685726653784513,0.54529310669749975,0.24218929465860128,0.19799554999917746,0.74617026094347239,0.89594386890530586,0.30633782967925072,0.3499206593260169,0.049062654376029968,0.32288955338299274,0.13335981965065002,0.059069303795695305,0.41486902814358473,0.82754179835319519,0.52957827411592007,0.86755174025893211,True,,1,0,Slot__Patch;Slot__CPW_Feed_Pin;Patch__CPW_Feed_Pin,True,Slot__CPW_Feed_Pin,,Slot__CPW_Feed_Pin,,"{""Slot__CPW_Feed_Pin"": {""geometry_type"": ""MultiLineString"", ""relations"": ""overlaps"", ""wkt"": ""MULTILINESTRING ((0.5 21.96, 0 21.96), (0 21.96, -0.5 21.96))""}}",True,,,True,sobol
87,54.438795452471823,2.0828338822349908,5.8059062132611867,2.5718432578258215,1.9919389674440027,15.653703834861517,3.8763587322086095,0.87822243012487888,0.35470626875758171,0.69585209060460329,0.9507821686565876,0.26463970448821783,0.17658824101090431,0.51052117813378572,0.60710961651057005,0.57890451140701771,0.8447432778775692,0.67938916198909283,0.93048705346882343,0.82369212340563536,0.059685640968382359,0.031683661043643951,0.32805497292429209,True,,1,0,Slot__Patch;Slot__CPW_Feed_Pin;Patch__CPW_Feed_Pin,True,Slot__CPW_Feed_Pin,,Slot__CPW_Feed_Pin,,"{""Slot__CPW_Feed_Pin"": {""geometry_type"": ""MultiLineString"", ""relations"": ""overlaps"", ""wkt"": ""MULTILINESTRING ((0.5 21.95, 0 21.95), (0 21.95, -0.5 21.95))""}}",True,,,True,sobol
88,54.879718305263673,1.9880982128903271,6.2246966622769841,2.4912956411577758,2.0166841141879557,15.419309760443866,4.1525794785469774,0.60263493377715349,0.021041189320385456,0.056389122270047665,0.89734331518411636,0.39340273477137089,0.46045271493494511,0.327561448328197,0.059406253509223461,0.4573011863976717,0.19547220785170794,0.42136469390243292,0.74013572838157415,0.2823691638186574,0.62931813765317202,0.95657855179160833,0.81192252784967422,True,,1,0,Slot__Patch;Slot__CPW_Feed_Pin;Patch__CPW_Feed_Pin,True,Slot__CPW_Feed_Pin,,Slot__CPW_Feed_Pin,,"{""Slot__CPW_Feed_Pin"": {""geometry_type"": ""MultiLineString"", ""relations"": ""overlaps"", ""wkt"": ""MULTILINESTRING ((0.5 22.15, 0 22.15), (0 22.15, -0.5 22.15))""}}",True,,,True,sobol
89,51.465353178232903,2.0089622229337691,5.8131105126813054,2.6061105504259467,1.9645002298057079,14.344002701807767,3.9317000344395638,0.10004359111189842,0.82892841659486294,0.50898401159793139,0.14236315619200468,0.59393909201025963,0.74036088027060032,0.62119595892727375,0.80387597437947989,0.9284358024597168,0.72222213726490736,0.89088644180446863,0.36063795071095228,0.93995663989335299,0.49030632898211479,0.48212136421352625,0.25864508468657732,True,,1,0,Slot__Patch;Slot__CPW_Feed_Pin;Patch__CPW_Feed_Pin,True,Slot__CPW_Feed_Pin,,Slot__CPW_Feed_Pin,,"{""Slot__CPW_Feed_Pin"": {""geometry_type"": ""MultiLineString"", ""relations"": ""overlaps"", ""wkt"": ""MULTILINESTRING ((0.5 21.9, 0 21.9), (0 21.9, -0.5 21.9))""}}",True,,,True,sobol
90,52.267622737772761,1.9432437552139163,6.0407467514276503,2.5910164026357236,1.9042577495798467,14.811651699710637,4.0431509915739294,0.46249861363321543,0.61516125593334436,0.91611562948673964,0.45588487759232521,0.88275327533483505,0.21837309747934341,0.11495358590036631,0.65093938168138266,0.096993891522288322,0.91736377961933613,0.094258271157741547,0.073808236978948116,0.018639903515577316,0.76449061091989279,0.087104002013802528,0.50241277366876602,True,,1,0,Slot__Patch;Slot__CPW_Feed_Pin;Patch__CPW_Feed_Pin,True,Slot__CPW_Feed_Pin,,Slot__CPW_Feed_Pin,,"{""Slot__CPW_Feed_Pin"": {""geometry_type"": ""MultiLineString"", ""relations"": ""overlaps"", ""wkt"": ""MULTILINESTRING ((0.5 21.89, 0 21.89), (0 21.89, -0.5 21.89))""}}",True,,,True,sobol
91,54.067132584284991,2.0600788757205009,5.9976454133167865,2.7034207909926775,2.0520730784162877,15.04902736376971,3.8725768856704232,0.95990679413080215,0.29756777174770832,0.40096753928810358,0.70894604083150625,0.11435608379542828,0.99827935546636581,0.81909529864788055,0.39203034620732069,0.5016002468764782,0.37575733289122581,0.59348889254033566,0.95236709993332624,0.73504938557744026,0.1217633169144392,0.60062265768647194,0.052530792541801929,True,,1,0,Slot__Patch;Slot__CPW_Feed_Pin;Patch__CPW_Feed_Pin,True,Slot__CPW_Feed_Pin,,Slot__CPW_Feed_Pin,,"{""Slot__CPW_Feed_Pin"": {""geometry_type"": ""MultiLineString"", ""relations"": ""overlaps"", ""wkt"": ""MULTILINESTRING ((0.5 21.98, 0 21.98), (0 21.98, -0.5 21.98))""}}",True,,,True,sobol
92,53.337114078178999,1.9043749645352364,5.7437902031466361,2.6667237369716172,2.0992824461311104,15.682747348677367,4.0959329910576345,0.33990792278200388,0.65863058809190989,0.63604704756289721,0.33278312254697084,0.15517810825258493,0.042253352701663971,0.74206860922276974,0.2991983937099576,0.71383331809192896,0.26392066664993763,0.74543583765625954,0.16495441272854805,0.46320471912622452,0.53968783281743526,0.78022572491317987,0.71131347306072712,True,,1,0,Slot__Patch;Slot__CPW_Feed_Pin;Patch__CPW_Feed_Pin,True,Slot__CPW_Feed_Pin,,Slot__CPW_Feed_Pin,,"{""Slot__CPW_Feed_Pin"": {""geometry_type"": ""MultiLineString"", ""relations"": ""overlaps"", ""wkt"": ""MULTILINESTRING ((0.5 22.1, 0 22.1), (0 22.1, -0.5 22.1))""}}",True,,,True,sobol
93,52.986743699479845,2.098550973646343,6.2934402432292709,2.554556966330856,1.9443381872028112,14.455107623711228,3.8133456636220213,0.8315129354596138,0.47574330307543278,0.18336060550063848,0.5819228645414114,0.85552492644637823,0.76064189523458481,0.44197980966418982,0.55626936350017786,0.1797112850472331,0.78701339289546013,0.19182289578020573,0.79323195666074753,0.80659784376621246,0.33872522320598364,0.28202469553798437,0.23419309314340353,True,,1,0,Slot__Patch;Slot__CPW_Feed_Pin;Patch__CPW_Feed_Pin,True,Slot__CPW_Feed_Pin,,Slot__CPW_Feed_Pin,,"{""Slot__CPW_Feed_Pin"": {""geometry_type"": ""MultiLineString"", ""relations"": ""overlaps"", ""wkt"": ""MULTILINESTRING ((0.5 21.86, 0 21.86), (0 21.86, -0.5 21.86))""}}",True,,,True,sobol
94,50.807758362498127,1.951585555076599,5.9158029919490218,2.6349206580221654,1.9869048850610853,14.8875886593014,4.1115168958902357,0.7310211630538106,0.18954100925475359,0.27433699462562799,0.76656841579824686,0.6365330470725894,0.2845217976719141,0.95042021945118904,0.8947532782331109,0.85731318313628435,0.60648174304515123,0.80143946688622236,0.5220777727663517,0.2269339794293046,0.90832025185227394,0.14482079818844795,0.97406934387981892,True,,1,0,Slot__Patch;Slot__CPW_Feed_Pin;Patch__CPW_Feed_Pin,True,Slot__CPW_Feed_Pin,,Slot__CPW_Feed_Pin,,"{""Slot__CPW_Feed_Pin"": {""geometry_type"": ""MultiLineString"", ""relations"": ""overlaps"", ""wkt"": ""MULTILINESTRING ((0.5 22.05, 0 22.05), (0 22.05, -0.5 22.05))""}}",True,,,True,sobol
95,55.50579336266965,2.0451025782153009,6.1208404619246721,2.5193285473249851,2.0319598870351911,15.347632377874106,3.9792101230472325,0.22262665256857872,0.88213455490767956,0.78945456724613905,0.02326107956469059,0.36831251997500658,0.50290080346167088,0.24833862204104662,0.15602697897702456,0.26471953000873327,0.069024595431983471,0.26130003947764635,0.39278695732355118,0.51150509808212519,0.20352008659392595,0.66645642556250095,0.45581317599862814,True,,1,0,Slot__Patch;Slot__CPW_Feed_Pin;Patch__CPW_Feed_Pin,True,Slot__CPW_Feed_Pin,,Slot__CPW_Feed_Pin,,"{""Slot__CPW_Feed_Pin"": {""geometry_type"": ""MultiLineString"", ""relations"": ""overlaps"", ""wkt"": ""MULTILINESTRING ((0.5 22.05, 0 22.05), (0 22.05, -0.5 22.05))""}}",True,,,True,sobol
96,55.646519565302881,1.9079296376556156,6.2442217011004697,2.5690256536006926,1.931746669113636,15.075652565807104,4.1467673279345041,0.11681846529245377,0.41984249092638493,0.32081324234604836,0.48702541831880808,0.57848778273910284,0.25848584063351154,0.73419734369963408,0.36617958638817072,0.69591834302991629,0.024607498198747635,0.11573934648185968,0.90657532121986151,0.6839281739667058,0.014238977804780006,0.17068878188729286,0.042208296246826649,True,,1,0,Slot__Patch;Slot__CPW_Feed_Pin;Patch__CPW_Feed_Pin,True,Slot__CPW_Feed_Pin,,Slot__CPW_Feed_Pin,,"{""Slot__CPW_Feed_Pin"": {""geometry_type"": ""MultiLineString"", ""relations"": ""overlaps"", ""wkt"": ""MULTILINESTRING ((0.5 21.98, 0 21.98), (0 21.98, -0.5 21.98))""}}",True,,,True,sobol
97,50.696808124706145,2.088753822632134,5.7180171674117437,2.7172550497017807,2.0870814815163614,14.785713092889637,3.9625091332942248,0.61813236121088266,0.72724340204149485,0.86724208854138851,0.73980816639959812,0.40889982227236032,0.54010486789047718,0.46548417396843433,0.62210257817059755,0.16644266713410616,0.54939788021147251,0.57200170960277319,0.036104070954024792,0.093693573959171772,0.87199992220848799,0.64154578186571598,0.5278719887137413,True,,1,0,Slot__Patch;Slot__CPW_Feed_Pin;Patch__CPW_Feed_Pin,True,Slot__CPW_Feed_Pin,,Slot__CPW_Feed_Pin,,"{""Slot__CPW_Feed_Pin"": {""geometry_type"": ""MultiLineString"", ""relations"": ""overlaps"", ""wkt"": ""MULTILINESTRING ((0.5 22.13, 0 22.13), (0 22.13, -0.5 22.13))""}}",True,,,True,sobol
98,52.865448552928868,1.960719234868884,6.090380659326911,2.4723519220948216,2.0441730348393321,14.371497274842113,4.0622382879257204,0.94445561990141869,0.95073020271956921,0.71401742845773697,0.92824024427682161,0.06783787626773119,0.00066129863262176514,0.95805092994123697,0.95378464926034212,0.87455105315893888,0.86960604321211576,0.43113476596772671,0.27944575157016516,0.88905569538474083,0.37906623631715775,0.7855895021930337,0.27163801807910204,False,ValueError: producer reported invalid exported polygon(s): Patch,,0,Slot__Patch;Slot__CPW_Feed_Pin;Patch__CPW_Feed_Pin,True,Slot__CPW_Feed_Pin,,Slot__CPW_Feed_Pin,,"{""Slot__CPW_Feed_Pin"": {""geometry_type"": ""MultiLineString"", ""relations"": ""overlaps"", ""wkt"": ""MULTILINESTRING ((0.5 22.07, 0 22.07), (0 22.07, -0.5 22.07))""}}",True,,ValueError: producer reported invalid exported polygon(s): Patch,False,sobol
99,53.467492213007063,2.0422020303085446,5.8712726829573505,2.616897283252329,1.9995086340233683,15.393875073641539,3.8284804340451952,0.44576903898268938,0.13362684566527605,0.23014225997030735,0.17346983216702938,0.92931726109236479,0.78227460384368896,0.22508910298347473,0.21418501529842615,0.27879113797098398,0.32994817662984133,0.88112575560808182,0.65091786067932844,0.35718539729714394,0.74054272565990686,0.27567282225936651,0.78281631320714951,True,,1,0,Slot__Patch;Slot__CPW_Feed_Pin;Patch__CPW_Feed_Pin,True,Slot__CPW_Feed_Pin,,Slot__CPW_Feed_Pin,,"{""Slot__CPW_Feed_Pin"": {""geometry_type"": ""MultiLineString"", ""relations"": ""overlaps"", ""wkt"": ""MULTILINESTRING ((0.5 21.87, 0 21.87), (0 21.87, -0.5 21.87))""}}",True,,,True,sobol
100,54.104325382411481,1.9995969908311964,5.7873260552063579,2.653594985250384,1.9522870589047669,15.374337336514145,4.0018397700041533,0.81502797827124596,0.7754551824182272,0.99457835219800472,0.79743565991520882,0.84021070227026939,0.23872421681880951,0.33531946502625942,0.11743984278291464,0.44353886321187019,0.46811796259135008,0.78386619128286839,0.4974161870777607,0.56946035474538803,0.15855690184980631,0.097363108769059181,0.44941221829503775,True,,1,0,Slot__Patch;Slot__CPW_Feed_Pin;Patch__CPW_Feed_Pin,True,Slot__CPW_Feed_Pin,,Slot__CPW_Feed_Pin,,"{""Slot__CPW_Feed_Pin"": {""geometry_type"": ""MultiLineString"", ""relations"": ""overlaps"", ""wkt"": ""MULTILINESTRING ((0.5 21.95, 0 21.95), (0 21.95, -0.5 21.95))""}}",True,,,True,sobol
101,52.218769169691946,2.0037331741303204,6.1754712671041494,2.508811206333339,2.0040803898125885,14.861753412522376,3.88243583291769,0.32616525609046221,0.093054329045116901,0.44824105873703957,0.054399347864091396,0.17044655419886112,0.95882362127304077,0.59782200958579779,0.8630279777571559,0.91100380383431911,0.98924920428544283,0.27888252213597298,0.61910860985517502,0.16066744923591614,0.95326840877532959,0.5913517065346241,0.99560702033340931,True,,1,0,Slot__Patch;Slot__CPW_Feed_Pin;Patch__CPW_Feed_Pin,True,Slot__CPW_Feed_Pin,,Slot__CPW_Feed_Pin,,"{""Slot__CPW_Feed_Pin"": {""geometry_type"": ""MultiLineString"", ""relations"": ""overlaps"", ""wkt"": ""MULTILINESTRING ((0.5 21.89, 0 21.89), (0 21.89, -0.5 21.89))""}}",True,,,True,sobol
102,51.406144592445344,1.9444516362622379,5.9531082155182959,2.6884442883171142,2.0646646196022629,14.482682668603957,4.1923227641731504,0.23641461879014969,0.36959807761013508,0.10335769690573215,0.36389421671628952,0.32156519405543804,0.49649726040661335,0.10696357861161232,0.71689227502793074,0.11057882755994797,0.68366581574082375,0.73176130373030901,0.81558576598763466,0.864332833327353,0.28992421459406614,0.97758386936038733,0.23548256512731314,True,,1,0,Slot__Patch;Slot__CPW_Feed_Pin;Patch__CPW_Feed_Pin,True,Slot__CPW_Feed_Pin,,Slot__CPW_Feed_Pin,,"{""Slot__CPW_Feed_Pin"": {""geometry_type"": ""MultiLineString"", ""relations"": ""overlaps"", ""wkt"": ""MULTILINESTRING ((0.5 22.2, 0 22.2), (0 22.2, -0.5 22.2))""}}",True,,,True,sobol
103,54.906552926637239,2.0526163335889578,6.0102754913270475,2.5409929053112865,1.9164586896076798,15.657415306661278,3.9233950994908811,0.74755237344652414,0.56170137319713831,0.58726338297128677,0.61281634401530027,0.68323459476232529,0.71658331342041492,0.84271746594458818,0.4588880455121398,0.51932788826525211,0.14815155602991581,0.2054916201159358,0.19484654814004898,0.39717562589794397,0.58847333677113056,0.46015864703804255,0.69391071982681751,True,,1,0,Slot__Patch;Slot__CPW_Feed_Pin;Patch__CPW_Feed_Pin,True,Slot__CPW_Feed_Pin,,Slot__CPW_Feed_Pin,,"{""Slot__CPW_Feed_Pin"": {""geometry_type"": ""MultiLineString"", ""relations"": ""overlaps"", ""wkt"": ""MULTILINESTRING ((0.5 21.9, 0 21.9), (0 21.9, -0.5 21.9))""}}",True,,,True,sobol
104,54.400307336822152,1.970002244785428,5.9779111096635464,2.5241757573932406,2.0921041198074817,15.516672521363944,4.0492252327501772,0.77262787334620953,0.81407704204320908,0.16446280665695667,0.54003473278135061,0.53859053272753954,0.93613962456583977,0.026714432053267956,0.8795028617605567,0.39770572818815708,0.8111294312402606,0.9479049164801836,0.38544607628136873,0.99696979578584433,0.22258382849395275,0.53593125008046627,0.17781713884323835,True,,1,0,Slot__Patch;Slot__CPW_Feed_Pin;Patch__CPW_Feed_Pin,True,Slot__CPW_Feed_Pin,,Slot__CPW_Feed_Pin,,"{""Slot__CPW_Feed_Pin"": {""geometry_type"": ""MultiLineString"", ""relations"": ""overlaps"", ""wkt"": ""MULTILINESTRING ((0.5 22.12, 0 22.12), (0 22.12, -0.5 22.12))""}}",True,,,True,sobol
105,51.27578928666189,2.0266812989488243,6.0587332561612133,2.6402616841904822,1.9392114408314227,14.341761806979775,3.8662974137812851,0.2736938139423728,0.0046545220538973808,0.64931480586528778,0.29672363772988319,0.45842739474028349,0.15549710020422935,0.78923619724810123,0.14002932142466307,0.98993314057588577,0.27074945438653231,0.48984203860163689,0.51379133109003305,0.28052988555282354,0.89216671045869589,0.02631860226392746,0.62661524675786495,True,,1,0,Slot__Patch;Slot__CPW_Feed_Pin;Patch__CPW_Feed_Pin,True,Slot__CPW_Feed_Pin,,Slot__CPW_Feed_Pin,,"{""Slot__CPW_Feed_Pin"": {""geometry_type"": ""MultiLineString"", ""relations"": ""overlaps"", ""wkt"": ""MULTILINESTRING ((0.5 21.83, 0 21.83), (0 21.83, -0.5 21.83))""}}",True,,,True,sobol
106,51.798571555223312,1.9234506282955408,5.8316820876672857,2.5578823816031218,1.9795304840430616,14.627764457836747,4.1589495420455931,0.16374158300459385,0.28318188712000847,0.80839858762919903,0.10624902974814177,0.04948457982391119,0.67824832908809185,0.28271924052387476,0.2839632285758853,0.031573137268424034,0.091613803058862686,0.50522068608552217,0.80151416826993227,0.70199038647115231,0.35284559056162834,0.42036319058388472,0.38576248567551374,True,,1,0,Slot__Patch;Slot__CPW_Feed_Pin;Patch__CPW_Feed_Pin,True,Slot__CPW_Feed_Pin,,Slot__CPW_Feed_Pin,,"{""Slot__CPW_Feed_Pin"": {""geometry_type"": ""MultiLineString"", ""relations"": ""overlaps"", ""wkt"": ""MULTILINESTRING ((0.5 22.06, 0 22.06), (0 22.06, -0.5 22.06))""}}",True,,,True,sobol
107,53.88792214076966,2.0794706964865326,6.2055474467575555,2.6695235620252791,2.0266385918483136,15.140536471735686,3.9255214687436819,0.66480704676359892,0.5982785364612937,0.26099344715476036,0.85538489371538162,0.93776581529527903,0.39761152677237988,0.51852286607027054,0.54025645460933447,0.5650847889482975,0.61569184996187687,0.057030241005122662,0.17229106370359659,0.044372780248522758,0.52652548719197512,0.8909143628552556,0.93429394625127316,True,,1,0,Slot__Patch;Slot__CPW_Feed_Pin;Patch__CPW_Feed_Pin,True,Slot__CPW_Feed_Pin,,Slot__CPW_Feed_Pin,,"{""Slot__CPW_Feed_Pin"": {""geometry_type"": ""MultiLineString"", ""relations"": ""overlaps"", ""wkt"": ""MULTILINESTRING ((0.5 22.03, 0 22.03), (0 22.03, -0.5 22.03))""}}",True,,,True,sobol
108,53.188961254153398,1.9349846715107559,6.1403559599071746,2.6975721077807249,2.0247421067208053,15.627857903949916,4.1050917040556669,0.033333564177155495,0.49062617495656013,0.52597443759441376,0.22935078479349613,0.79270718805491924,0.56481931917369366,0.9100020956248045,0.63492410723119974,0.65033709350973368,0.74310426786541939,0.15483915153890848,0.96068401448428631,0.75739504583179951,0.077289936132729053,0.728214330971241,0.32922225538641214,True,,1,0,Slot__Patch;Slot__CPW_Feed_Pin;Patch__CPW_Feed_Pin,True,Slot__CPW_Feed_Pin,,Slot__CPW_Feed_Pin,,"{""Slot__CPW_Feed_Pin"": {""geometry_type"": ""MultiLineString"", ""relations"": ""overlaps"", ""wkt"": ""MULTILINESTRING ((0.5 22.07, 0 22.07), (0 22.07, -0.5 22.07))""}}",True,,,True,sobol
109,52.465931930392976,2.0683456245809793,5.8980370094999666,2.586677345521748,1.9691379290074109,14.605302028823644,3.9854316100478173,0.54423051606863737,0.67504876013845205,0.041091920807957649,0.98240807000547647,0.21223004907369614,0.34764954261481762,0.14123954530805349,0.37679372448474169,0.24512035679072142,0.20638939179480076,0.65790020581334829,0.081118525937199593,0.47285483218729496,0.80992201343178749,0.2104851957410574,0.85027117654681206,True,,1,0,Slot__Patch;Slot__CPW_Feed_Pin;Patch__CPW_Feed_Pin,True,Slot__CPW_Feed_Pin,,Slot__CPW_Feed_Pin,,"{""Slot__CPW_Feed_Pin"": {""geometry_type"": ""MultiLineString"", ""relations"": ""overlaps"", ""wkt"": ""MULTILINESTRING ((0.5 22.02, 0 22.02), (0 22.02, -0.5 22.02))""}}",True,,,True,sobol
110,50.66994887758046,1.9838680068030954,6.2750874560326348,2.6038183833844961,1.9121196659281849,14.926449217367917,4.0898040149360897,0.89319677464663982,0.89649084210395813,0.38402244076132774,0.67080963216722012,0.3111085556447506,0.82251797243952751,0.6494663767516613,0.043406245298683643,0.79579700995236635,0.4020725442096591,0.32953315787017345,0.35333177261054516,0.55237445514649153,0.44296382274478674,0.34671637136489153,0.10552697721868753,True,,1,0,Slot__Patch;Slot__CPW_Feed_Pin;Patch__CPW_Feed_Pin,True,Slot__CPW_Feed_Pin,,Slot__CPW_Feed_Pin,,"{""Slot__CPW_Feed_Pin"": {""geometry_type"": ""MultiLineString"", ""relations"": ""overlaps"", ""wkt"": ""MULTILINESTRING ((0.5 21.98, 0 21.98), (0 21.98, -0.5 21.98))""}}",True,,,True,sobol
111,54.995331270527096,2.013200070336461,5.7627189142629502,2.4874620719626543,2.056516227312386,15.216576780192554,3.8196676634252071,0.4040942033752799,0.20639413874596357,0.93133602850139141,0.41582571435719728,0.69968614913523197,0.10536154732108116,0.4164856867864728,0.78862408641725779,0.32429615315049887,0.92199339438229799,0.85772542655467987,0.73182292468845844,0.20901193749159575,0.67957084439694881,0.84101091604679823,0.58959050104022026,True,,1,0,Slot__Patch;Slot__CPW_Feed_Pin;Patch__CPW_Feed_Pin,True,Slot__CPW_Feed_Pin,,Slot__CPW_Feed_Pin,,"{""Slot__CPW_Feed_Pin"": {""geometry_type"": ""MultiLineString"", ""relations"": ""overlaps"", ""wkt"": ""MULTILINESTRING ((0.5 21.89, 0 21.89), (0 21.89, -0.5 21.89))""}}",True,,,True,sobol
112,55.232314217183742,1.9774046080186962,6.056127886287868,2.6940287550352515,1.9890800027176738,14.551652066409588,3.9554131116718052,0.92638806439936161,0.058984585106372833,0.47797973174601793,0.39607241284102201,0.86014042235910892,0.73370920680463314,0.34620694629848003,0.18513918947428465,0.73050375189632177,0.81329302676022053,0.55286505445837975,0.30766708310693502,0.64484331756830215,0.9329599030315876,0.94401150662451982,0.6091556129977107,True,,1,0,Slot__Patch;Slot__CPW_Feed_Pin;Patch__CPW_Feed_Pin,True,Slot__CPW_Feed_Pin,,Slot__CPW_Feed_Pin,,"{""Slot__CPW_Feed_Pin"": {""geometry_type"": ""MultiLineString"", ""relations"": ""overlaps"", ""wkt"": ""MULTILINESTRING ((0.5 21.92, 0 21.92), (0 21.92, -0.5 21.92))""}}",True,,,True,sobol
113,50.448958266526454,2.0192849319428205,5.9822648148983717,2.5496273125708102,2.0420467345044018,15.59178609168157,4.1353135734796522,0.43356276582926512,0.86840526293963194,0.96288514044135809,0.64325926452875137,0.12707945331931114,0.45209009014070034,0.58002706523984671,0.9281410863623023,0.13961815554648638,0.35488912090659142,0.0088994670659303665,0.6871343357488513,0.11715437471866608,0.19641475100070238,0.49274672847241163,0.086382424458861351,True,,1,0,Slot__Patch;Slot__CPW_Feed_Pin;Patch__CPW_Feed_Pin,True,Slot__CPW_Feed_Pin,,Slot__CPW_Feed_Pin,,"{""Slot__CPW_Feed_Pin"": {""geometry_type"": ""MultiLineString"", ""relations"": ""overlaps"", ""wkt"": ""MULTILINESTRING ((0.5 22.2, 0 22.2), (0 22.2, -0.5 22.2))""}}",True,,,True,sobol
114,52.617638972587883,1.9285580815747381,6.2093155374750495,2.6642594056390227,2.0767017021775245,15.253014822956175,3.8395364452153444,0.0040247421711683273,0.58984928950667381,0.61996319983154535,0.95473610516637564,0.34949096292257309,0.97587846592068672,0.086296837776899338,0.52715308871120214,0.83898046892136335,0.03469598013907671,0.99400814902037382,0.88036855217069387,0.91248693410307169,0.54872343502938747,0.074289001524448395,0.83089681249111891,True,,1,0,Slot__Patch;Slot__CPW_Feed_Pin;Patch__CPW_Feed_Pin,True,Slot__CPW_Feed_Pin,,Slot__CPW_Feed_Pin,,"{""Slot__CPW_Feed_Pin"": {""geometry_type"": ""MultiLineString"", ""relations"": ""overlaps"", ""wkt"": ""MULTILINESTRING ((0.5 21.84, 0 21.84), (0 21.84, -0.5 21.84))""}}",True,,,True,sobol
115,53.053327458631244,2.0743692632764579,5.8284911010414362,2.5164276640117169,1.9296691730618476,14.980465359985828,4.069741875678301,0.51119992043823004,0.27475067880004644,0.072611468844115734,0.20947587862610817,0.64749644510447979,0.19426507130265236,0.85464759636670351,0.26581468712538481,0.30656649265438318,0.50793732982128859,0.44422896672040224,0.0017791641876101494,0.31813201401382685,0.31603115703910589,0.6114883478730917,0.34901527129113674,True,,1,0,Slot__Patch;Slot__CPW_Feed_Pin;Patch__CPW_Feed_Pin,True,Slot__CPW_Feed_Pin,,Slot__CPW_Feed_Pin,,"{""Slot__CPW_Feed_Pin"": {""geometry_type"": ""MultiLineString"", ""relations"": ""overlaps"", ""wkt"": ""MULTILINESTRING ((0.5 22.08, 0 22.08), (0 22.08, -0.5 22.08))""}}",True,,,True,sobol
116,53.689718045666815,1.9174267079681158,5.9121411927044392,2.4799687236174939,1.9189771646633744,14.25258948141709,3.8995472960174085,0.12655213288962841,0.63634360209107399,0.83936500456184149,0.83563307486474514,0.62203810457140207,0.76912658289074898,0.71292309742420912,0.4249298395588994,0.47140861675143242,0.63149653095752001,0.34574866946786642,0.84962071105837822,0.60854711849242449,0.77301698084920645,0.76153895538300276,0.88359231594949961,True,,1,0,Slot__Patch;Slot__CPW_Feed_Pin;Patch__CPW_Feed_Pin,True,Slot__CPW_Feed_Pin,,Slot__CPW_Feed_Pin,,"{""Slot__CPW_Feed_Pin"": {""geometry_type"": ""MultiLineString"", ""relations"": ""overlaps"", ""wkt"": ""MULTILINESTRING ((0.5 21.74, 0 21.74), (0 21.74, -0.5 21.74))""}}",True,,,True,sobol
117,51.970350841153412,2.0858973773196339,6.1245028691366317,2.6275618557073179,2.0747010761871936,15.515390840359032,4.0161800567060713,0.63964110519737005,0.45192298945039511,0.35455114860087633,0.07870002556592226,0.38878711964935064,0.049027089029550552,0.47801990248262882,0.68053989950567484,0.87528163008391857,0.1689487723633647,0.8410234535112977,0.22137367725372314,0.13720855582505465,0.09952126257121563,0.30264551658183336,0.43700676783919334,True,,1,0,Slot__Patch;Slot__CPW_Feed_Pin;Patch__CPW_Feed_Pin,True,Slot__CPW_Feed_Pin,,Slot__CPW_Feed_Pin,,"{""Slot__CPW_Feed_Pin"": {""geometry_type"": ""MultiLineString"", ""relations"": ""overlaps"", ""wkt"": ""MULTILINESTRING ((0.5 22.17, 0 22.17), (0 22.17, -0.5 22.17))""}}",True,,,True,sobol
118,51.157766225840895,1.9639174770563841,5.7474520102143281,2.577659722827375,2.0065500129014255,15.141451966948807,3.9086826518177986,0.79793925024569035,0.23044846951961517,0.19545878749340773,0.26905209757387638,0.10339304339140654,0.52688675187528133,0.96955351624637842,0.77098051551729441,0.083665579557418823,0.47454717941582203,0.1698797345161438,0.46136751398444176,0.84090350195765495,0.65349045861512423,0.12637435458600521,0.67759914044290781,True,,1,0,Slot__Patch;Slot__CPW_Feed_Pin;Patch__CPW_Feed_Pin,True,Slot__CPW_Feed_Pin,,Slot__CPW_Feed_Pin,,"{""Slot__CPW_Feed_Pin"": {""geometry_type"": ""MultiLineString"", ""relations"": ""overlaps"", ""wkt"": ""MULTILINESTRING ((0.5 21.88, 0 21.88), (0 21.88, -0.5 21.88))""}}",True,,,True,sobol
119,54.491986499540509,2.0331444131210445,6.2897778281942021,2.7228393585421147,1.9622747112065553,14.716570558492094,4.1755963366478683,0.31102774571627378,0.92054702620953321,0.74284103605896235,0.52016037050634623,0.90157471317797899,0.3068006094545126,0.20668096095323563,0.029801723547279835,0.5540668535977602,0.95144791528582573,0.64334972016513348,0.59068883955478668,0.43623091652989388,0.48372554406523705,0.68682929128408432,0.12737398967146873,True,,1,0,Slot__Patch;Slot__CPW_Feed_Pin;Patch__CPW_Feed_Pin,True,Slot__CPW_Feed_Pin,,Slot__CPW_Feed_Pin,,"{""Slot__CPW_Feed_Pin"": {""geometry_type"": ""MultiLineString"", ""relations"": ""overlaps"", ""wkt"": ""MULTILINESTRING ((0.5 22.17, 0 22.17), (0 22.17, -0.5 22.17))""}}",True,,,True,sobol
120,54.814512684941292,1.9380364293232559,5.7218479536473748,2.6083872231654825,2.0369252925738692,14.857908252160996,3.851719435676932,0.20719746872782707,0.70318671502172947,0.0093696219846606255,0.57798800338059664,0.75691213458776474,0.087381698191165924,0.89653957448899746,0.57811947632580996,0.42562803812325001,0.10097457189112902,0.38477218057960272,0.76749497372657061,0.95790007896721363,0.83410830795764923,0.32486273255199194,0.7372261555865407,True,,1,0,Slot__Patch;Slot__CPW_Feed_Pin;Patch__CPW_Feed_Pin,True,Slot__CPW_Feed_Pin,,Slot__CPW_Feed_Pin,,"{""Slot__CPW_Feed_Pin"": {""geometry_type"": ""MultiLineString"", ""relations"": ""overlaps"", ""wkt"": ""MULTILINESTRING ((0.5 21.83, 0 21.83), (0 21.83, -0.5 21.83))""}}",True,,,True,sobol
121,51.523639144841582,2.0586532417684795,6.2409490646794445,2.4971121061593293,1.9817132657393812,15.282601526007056,4.0327549606561659,0.71412421483546495,0.39578776899725199,0.55574505869299173,0.32126845978200436,0.24021248333156109,0.86802419275045395,0.1615942707285285,0.3164107808843255,0.95425017178058624,0.57495901267975569,0.92699824366718531,0.14577870164066553,0.3039755467325449,0.035497077740728855,0.86188021395355463,0.1927250400185585,True,,1,0,Slot__Patch;Slot__CPW_Feed_Pin;Patch__CPW_Feed_Pin,True,Slot__CPW_Feed_Pin,,Slot__CPW_Feed_Pin,,"{""Slot__CPW_Feed_Pin"": {""geometry_type"": ""MultiLineString"", ""relations"": ""overlaps"", ""wkt"": ""MULTILINESTRING ((0.5 22.07, 0 22.07), (0 22.07, -0.5 22.07))""}}",True,,,True,sobol
122,52.046381135564296,1.9931209364905953,5.8685863047838209,2.7092521512322132,1.9495469935238361,15.749517297372222,3.9424008060246707,0.84831070154905319,0.17232958786189556,0.90061984118074179,0.011651047505438328,0.26780573464930058,0.32949564792215824,0.66877878084778786,0.22817100677639246,0.0046512018889188766,0.75407916493713856,0.068354420363903046,0.42147998232394457,0.72540648560971022,0.71544319577515125,0.6934215072542429,0.9531079800799489,True,,1,0,Slot__Patch;Slot__CPW_Feed_Pin;Patch__CPW_Feed_Pin,True,Slot__CPW_Feed_Pin,,Slot__CPW_Feed_Pin,,"{""Slot__CPW_Feed_Pin"": {""geometry_type"": ""MultiLineString"", ""relations"": ""overlaps"", ""wkt"": ""MULTILINESTRING ((0.5 21.89, 0 21.89), (0 21.89, -0.5 21.89))""}}",True,,,True,sobol
123,54.302086895145479,2.0098065156489611,6.0947977060452105,2.5932781801372768,2.0943357057869436,14.48689405946061,4.1731313295662407,0.35523792449384928,0.9894347907975316,0.41669126320630312,0.76248478330671787,0.71955135092139244,0.61013242043554783,0.4058946343138814,0.971046750433743,0.59980171546339989,0.2964276485145092,0.61987309716641903,0.54219535086303949,0.0053345365449786186,0.42079165112227201,0.24234061315655708,0.49246726185083389,True,,1,0,Slot__Patch;Slot__CPW_Feed_Pin;Patch__CPW_Feed_Pin,True,Slot__CPW_Feed_Pin,,Slot__CPW_Feed_Pin,,"{""Slot__CPW_Feed_Pin"": {""geometry_type"": ""MultiLineString"", ""relations"": ""overlaps"", ""wkt"": ""MULTILINESTRING ((0.5 22.27, 0 22.27), (0 22.27, -0.5 22.27))""}}",True,,,True,sobol
124,53.603568590898071,1.954645799472928,6.1597017941996457,2.5644835561886428,2.0539443703368305,14.746345384977758,3.996646123379469,0.96985771507024765,0.10148598812520504,0.68302076403051615,0.13864191621541977,0.51091315876692533,0.41185776330530643,0.045421267859637737,0.81376414280384779,0.68495956156402826,0.40727622993290424,0.71694955602288246,0.3250956442207098,0.79646666999906301,0.99502720218151808,0.37678141985088587,0.77136791404336691,True,,1,0,Slot__Patch;Slot__CPW_Feed_Pin;Patch__CPW_Feed_Pin,True,Slot__CPW_Feed_Pin,,Slot__CPW_Feed_Pin,,"{""Slot__CPW_Feed_Pin"": {""geometry_type"": ""MultiLineString"", ""relations"": ""overlaps"", ""wkt"": ""MULTILINESTRING ((0.5 22.01, 0 22.01), (0 22.01, -0.5 22.01))""}}",True,,,True,sobol
125,52.714350258931518,2.0486783692613244,5.8025368060916653,2.6812037614174189,1.9022220404818653,15.018706713337451,4.1128274146467447,0.48270636145025492,0.78388499189168215,0.13661480974406004,0.88561503123492002,0.49391714949160814,0.62902751006186008,0.77925262041389942,0.072955585084855556,0.21835007052868605,0.8854176364839077,0.21981320716440678,0.69559072889387608,0.44941107835620642,0.1333667729049921,0.93741834070533514,0.2835222352296114,True,,1,0,Slot__Patch;Slot__CPW_Feed_Pin;Patch__CPW_Feed_Pin,True,Slot__CPW_Feed_Pin,,Slot__CPW_Feed_Pin,,"{""Slot__CPW_Feed_Pin"": {""geometry_type"": ""MultiLineString"", ""relations"": ""overlaps"", ""wkt"": ""MULTILINESTRING ((0.5 22.06, 0 22.06), (0 22.06, -0.5 22.06))""}}",True,,,True,sobol
126,50.918327244184908,1.9018930111080408,6.0249005561694506,2.5338254496827721,1.9665172200649976,15.450454701203853,3.8123154833912847,0.079721402376890182,0.50737366266548634,0.28984804917126894,0.69706134870648384,0.029314079321920872,0.16957024484872818,0.26986994687467813,0.47564803715795279,0.76020271796733141,0.68971898872405291,0.76742175500839949,0.98690650425851345,0.52896026335656643,0.609699965454638,0.51114803925156593,0.53998411353677511,True,,1,0,Slot__Patch;Slot__CPW_Feed_Pin;Patch__CPW_Feed_Pin,True,Slot__CPW_Feed_Pin,,Slot__CPW_Feed_Pin,,"{""Slot__CPW_Feed_Pin"": {""geometry_type"": ""MultiLineString"", ""relations"": ""overlaps"", ""wkt"": ""MULTILINESTRING ((0.5 21.68, 0 21.68), (0 21.68, -0.5 21.68))""}}",True,,,True,sobol
127,55.409897697623826,2.0951689386740329,5.9367530543357132,2.6448303699679676,2.0147956769913433,14.410498796962202,4.078215793892741,0.59256957191973925,0.31526839826256037,0.77368507441133261,0.45207590516656637,0.98137369658797979,0.88672664016485214,0.53826245665550232,0.73138419073075056,0.35206496622413397,0.22840260248631239,0.2958133639767766,0.11545822955667973,0.2480520885437727,0.25212129205465317,0.05207083560526371,0.030530082061886787,True,,1,0,Slot__Patch;Slot__CPW_Feed_Pin;Patch__CPW_Feed_Pin,True,Slot__CPW_Feed_Pin,,Slot__CPW_Feed_Pin,,"{""Slot__CPW_Feed_Pin"": {""geometry_type"": ""MultiLineString"", ""relations"": ""overlaps"", ""wkt"": ""MULTILINESTRING ((0.5 22.19, 0 22.19), (0 22.19, -0.5 22.19))""}}",True,,,True,sobol
128,55.440459884889428,1.9869205782189965,6.1585200307890773,2.5174524163827301,1.9538839904591441,15.233387656509876,3.9376279845833779,0.72924326732754707,0.23258306458592415,0.70654675643891096,0.31978517957031727,0.78838296141475439,0.78103671036660671,0.39610179979354143,0.39609930664300919,0.78041751310229301,0.30749910324811935,0.098241374827921391,0.82209965027868748,0.44806365948170424,0.19997370522469282,0.29985729418694973,0.52448373846709728,True,,1,0,Slot__Patch;Slot__CPW_Feed_Pin;Patch__CPW_Feed_Pin,True,Slot__CPW_Feed_Pin,,Slot__CPW_Feed_Pin,,"{""Slot__CPW_Feed_Pin"": {""geometry_type"": ""MultiLineString"", ""relations"": ""overlaps"", ""wkt"": ""MULTILINESTRING ((0.5 21.87, 0 21.87), (0 21.87, -0.5 21.87))""}}",True,,,True,sobol
129,50.908048660587518,2.0164019931107759,5.8037010814994572,2.661235513482243,2.002480593137443,14.908086319919676,4.1718497496098284,0.22445030976086855,0.91743110772222281,0.22173293028026819,0.56281773839145899,0.20863496605306864,0.060950597748160362,0.66301432624459267,0.65468102321028709,0.37288248352706432,0.76687200926244259,0.5895074000582099,0.200658043846488,0.79049558471888304,0.93626710213720798,0.76289988309144974,0.045534561388194561,True,,1,0,Slot__Patch;Slot__CPW_Feed_Pin;Patch__CPW_Feed_Pin,True,Slot__CPW_Feed_Pin,,Slot__CPW_Feed_Pin,,"{""Slot__CPW_Feed_Pin"": {""geometry_type"": ""MultiLineString"", ""relations"": ""overlaps"", ""wkt"": ""MULTILINESTRING ((0.5 22.19, 0 22.19), (0 22.19, -0.5 22.19))""}}",True,,,True,sobol
130,52.745433698687705,1.931922080554068,6.0307515090331432,2.5486185523495077,2.0662615492939951,14.622113173361868,3.8534163706004616,0.33812955021858215,0.63896664977073669,0.31264056172221899,0.75320271961390972,0.29921555239707232,0.52327654138207436,0.17114862706512213,0.80053774639964104,0.66425076127052307,0.58756159897893667,0.41738282702863216,0.49184508062899113,0.24304968304932117,0.31881977710872889,0.68135576229542494,0.78516632132232189,True,,1,0,Slot__Patch;Slot__CPW_Feed_Pin;Patch__CPW_Feed_Pin,True,Slot__CPW_Feed_Pin,,Slot__CPW_Feed_Pin,,"{""Slot__CPW_Feed_Pin"": {""geometry_type"": ""MultiLineString"", ""relations"": ""overlaps"", ""wkt"": ""MULTILINESTRING ((0.5 21.86, 0 21.86), (0 21.86, -0.5 21.86))""}}",True,,,True,sobol
131,53.592677774280311,2.0651382718235256,5.9308829683810469,2.6971003795601431,1.9148588910698889,15.609494559466839,4.0371129993349317,0.83333706948906183,0.44831860344856977,0.860022840090096,0.0042767198756337166,0.6880348427221179,0.30317707732319832,0.90255395136773586,0.054930083453655243,0.1979998517781496,0.11138274613767862,0.89487015455961227,0.61234683357179165,0.52662890590727329,0.55078727751970291,0.13237467128783464,0.26922793220728636,True,,1,0,Slot__Patch;Slot__CPW_Feed_Pin;Patch__CPW_Feed_Pin,True,Slot__CPW_Feed_Pin,,Slot__CPW_Feed_Pin,,"{""Slot__CPW_Feed_Pin"": {""geometry_type"": ""MultiLineString"", ""relations"": ""overlaps"", ""wkt"": ""MULTILINESTRING ((0.5 22.01, 0 22.01), (0 22.01, -0.5 22.01))""}}",True,,,True,sobol
132,54.312325684633109,1.920409220829606,5.7347470365464677,2.7259270681999626,1.9364972049370408,15.12228292459622,3.8075671780854461,0.46847265958786011,0.58771368116140366,0.095157698728144169,0.88019549753516912,0.54243071004748344,0.72172752395272255,0.54403358697891235,0.15154601447284222,0.017166509293019772,0.24661991652101278,0.79754952527582645,0.27036883030086756,0.29848486743867397,0.093803346157073975,0.49850427359342575,0.99813965335488319,True,,1,0,Slot__Patch;Slot__CPW_Feed_Pin;Patch__CPW_Feed_Pin,True,Slot__CPW_Feed_Pin,,Slot__CPW_Feed_Pin,,"{""Slot__CPW_Feed_Pin"": {""geometry_type"": ""MultiLineString"", ""relations"": ""overlaps"", ""wkt"": ""MULTILINESTRING ((0.5 21.66, 0 21.66), (0 21.66, -0.5 21.66))""}}",True,,,True,sobol
133,52.015939613990483,2.0762788051739336,6.2280691863968975,2.5766988499462604,2.0823334330692886,14.64464892167598,4.076909888535738,0.95397850964218378,0.27786570321768522,0.58006307762116194,0.12740887328982353,0.46250652708113194,0.44011415913701057,0.27966945711523294,0.8914236668497324,0.61269086319953203,0.71013642195612192,0.26519158855080605,0.64107754547148943,0.95508044771850109,0.76802387181669474,0.93780346773564816,0.44693966303020716,True,,1,0,Slot__Patch;Slot__CPW_Feed_Pin;Patch__CPW_Feed_Pin,True,Slot__CPW_Feed_Pin,,Slot__CPW_Feed_Pin,,"{""Slot__CPW_Feed_Pin"": {""geometry_type"": ""MultiLineString"", ""relations"": ""overlaps"", ""wkt"": ""MULTILINESTRING ((0.5 22.24, 0 22.24), (0 22.24, -0.5 22.24))""}}",True,,,True,sobol
134,51.534569755569095,1.9730519432574511,5.8510180324316021,2.6245536147616804,2.0489235688000917,14.323507991619408,3.9983187343925239,0.60860945656895638,0.056360643357038498,0.98714118916541338,0.43885661941021681,0.060892699286341667,0.97955826483666897,0.77324301190674305,0.56001956202089787,0.4125996557995677,0.90601102262735367,0.74932799953967333,0.91666340921074152,0.0034988438710570335,0.47918947227299213,0.61407278198748827,0.6904628612101078,True,,1,0,Slot__Patch;Slot__CPW_Feed_Pin;Patch__CPW_Feed_Pin,True,Slot__CPW_Feed_Pin,,Slot__CPW_Feed_Pin,,"{""Slot__CPW_Feed_Pin"": {""geometry_type"": ""MultiLineString"", ""relations"": ""overlaps"", ""wkt"": ""MULTILINESTRING ((0.5 22.02, 0 22.02), (0 22.02, -0.5 22.02))""}}",True,,,True,sobol
135,54.783308579493315,2.0298738637939095,6.1123833948746329,2.4810408054292199,1.9947605837136506,15.533557432238013,4.1172099679708483,0.094114829786121845,0.87200863566249609,0.43978942837566137,0.69362327456474304,0.9499020054936409,0.19793917797505856,0.035871679894626141,0.30326261930167675,0.94183977041393518,0.42617303691804409,0.18793258350342512,0.044940483756363392,0.71894712653011084,0.64920617174357176,0.073208156041800976,0.23899240884929895,True,,1,0,Slot__Patch;Slot__CPW_Feed_Pin;Patch__CPW_Feed_Pin,True,Slot__CPW_Feed_Pin,,Slot__CPW_Feed_Pin,,"{""Slot__CPW_Feed_Pin"": {""geometry_type"": ""MultiLineString"", ""relations"": ""overlaps"", ""wkt"": ""MULTILINESTRING ((0.5 22.14, 0 22.14), (0 22.14, -0.5 22.14))""}}",True,,,True,sobol
136,54.523559591453527,1.9476503999903798,5.9179901070892811,2.5943505418673158,2.0201130693778397,15.674202132504433,3.8413798347115513,0.38480471260845661,0.5023044403642416,0.80021396744996309,0.65355616435408592,0.82869916874915361,0.41590868681669235,0.84479473996907473,0.85150389932096004,0.063458413816988468,0.52860654052346945,0.96164925582706928,0.34687557816505432,0.13514422718435526,0.032944715581834316,0.93072475865483284,0.62914787232875824,True,,1,0,Slot__Patch;Slot__CPW_Feed_Pin;Patch__CPW_Feed_Pin,True,Slot__CPW_Feed_Pin,,Slot__CPW_Feed_Pin,,"{""Slot__CPW_Feed_Pin"": {""geometry_type"": ""MultiLineString"", ""relations"": ""overlaps"", ""wkt"": ""MULTILINESTRING ((0.5 21.81, 0 21.81), (0 21.81, -0.5 21.81))""}}",True,,,True,sobol
137,51.147366324998437,2.0556722309440376,6.1186353223398333,2.7062441262789072,1.9737633353099227,14.464340781792998,4.0743440847843884,0.88025971036404371,0.31935629714280367,0.25380804296582937,0.40049500670284033,0.15868843626230955,0.63306505233049393,0.080472242087125778,0.10552641935646534,0.5332417069002986,0.053638079203665257,0.47609004005789757,0.72619025036692619,0.60329294297844172,0.83180773071944714,0.38204770721495152,0.17534459102898836,True,,1,0,Slot__Patch;Slot__CPW_Feed_Pin;Patch__CPW_Feed_Pin,True,Slot__CPW_Feed_Pin,,Slot__CPW_Feed_Pin,,"{""Slot__CPW_Feed_Pin"": {""geometry_type"": ""MultiLineString"", ""relations"": ""overlaps"", ""wkt"": ""MULTILINESTRING ((0.5 22.11, 0 22.11), (0 22.11, -0.5 22.11))""}}",True,,,True,sobol
138,52.00139383524656,1.9963868843391537,5.7462722852826111,2.4961509552970527,1.9074906297028065,14.878539970144629,3.9503961794078348,0.55716756545007229,0.095928655937314034,0.15704126004129648,0.21197326481342316,0.31811071839183569,0.15819620527327061,0.58964537736028433,0.43913088925182819,0.49212504643946886,0.37306112796068192,0.52272631693631411,0.96606867015361786,0.42999280244112015,0.41699640918523073,0.050504446960985661,0.93084608018398285,True,,1,0,Slot__Patch;Slot__CPW_Feed_Pin;Patch__CPW_Feed_Pin,True,Slot__CPW_Feed_Pin,,Slot__CPW_Feed_Pin,,"{""Slot__CPW_Feed_Pin"": {""geometry_type"": ""MultiLineString"", ""relations"": ""overlaps"", ""wkt"": ""MULTILINESTRING ((0.5 21.86, 0 21.86), (0 21.86, -0.5 21.86))""}}",True,,,True,sobol
139,53.679919005278499,2.0006735514849425,6.2909395644441251,2.611474714893848,2.0611416347324849,15.355995896738023,4.1338854793459179,0.052623040042817593,0.78846098575741053,0.64087831508368254,0.96695342939347029,0.67904441896826029,0.87536592222750187,0.35228515975177288,0.69758692942559719,0.89562421943992376,0.83363465033471584,0.039532209746539593,0.087814982980489731,0.83980785310268402,0.71237276121973991,0.51324121560901403,0.38927233684808016,True,,1,0,Slot__Patch;Slot__CPW_Feed_Pin;Patch__CPW_Feed_Pin,True,Slot__CPW_Feed_Pin,,Slot__CPW_Feed_Pin,,"{""Slot__CPW_Feed_Pin"": {""geometry_type"": ""MultiLineString"", ""relations"": ""overlaps"", ""wkt"": ""MULTILINESTRING ((0.5 22.2, 0 22.2), (0 22.2, -0.5 22.2))""}}",True,,,True,sobol
140,53.063768417201935,1.9575302880257368,6.0385576469823716,2.6479022124223413,2.0905806215479972,15.375596939586103,3.9105017293244599,0.68653792701661587,0.17739779688417912,0.37656666990369558,0.092872143723070621,0.59049099497497082,0.083158189430832863,0.21251413971185684,0.60280342400074005,0.82645753212273121,0.96400424093008041,0.13728005532175303,0.8107784790918231,0.11042798683047295,0.13813910260796547,0.86373049952089787,0.84688291884958744,True,,1,0,Slot__Patch;Slot__CPW_Feed_Pin;Patch__CPW_Feed_Pin,True,Slot__CPW_Feed_Pin,,Slot__CPW_Feed_Pin,,"{""Slot__CPW_Feed_Pin"": {""geometry_type"": ""MultiLineString"", ""relations"": ""overlaps"", ""wkt"": ""MULTILINESTRING ((0.5 21.96, 0 21.96), (0 21.96, -0.5 21.96))""}}",True,,,True,sobol
141,52.585943951364605,2.0391578452661632,5.999853114411235,2.5328169674426317,1.9407381864264608,14.388403643388301,4.1802230484783651,0.17228410299867392,0.98534599784761667,0.9229420768097043,0.83617948181927204,0.4201662614941597,0.86379493214190006,0.97941495571285486,0.34641623869538307,0.29368497431278229,0.48487859033048153,0.67546684201806784,0.18219575937837362,0.64325939491391182,0.99907475430518389,0.32256195321679115,0.33254852797836065,True,,1,0,Slot__Patch;Slot__CPW_Feed_Pin;Patch__CPW_Feed_Pin,True,Slot__CPW_Feed_Pin,,Slot__CPW_Feed_Pin,,"{""Slot__CPW_Feed_Pin"": {""geometry_type"": ""MultiLineString"", ""relations"": ""overlaps"", ""wkt"": ""MULTILINESTRING ((0.5 22.16, 0 22.16), (0 22.16, -0.5 22.16))""}}",True,,,True,sobol
142,50.458716249186537,1.9111255522817372,6.2222165873274209,2.6781796532683075,1.9780069869011641,14.767435227055103,3.8945548679679631,0.26515127904713154,0.70874315313994884,0.51781689655035734,0.52653394360095263,0.071784865111112595,0.34104423969984055,0.47195217944681644,0.2022644467651844,0.74352450482547283,0.18009700533002615,0.31584216468036175,0.37530123721808195,0.31557941157370806,0.25760292075574398,0.24883028771728277,0.59194050170481205,True,,1,0,Slot__Patch;Slot__CPW_Feed_Pin;Patch__CPW_Feed_Pin,True,Slot__CPW_Feed_Pin,,Slot__CPW_Feed_Pin,,"{""Slot__CPW_Feed_Pin"": {""geometry_type"": ""MultiLineString"", ""relations"": ""overlaps"", ""wkt"": ""MULTILINESTRING ((0.5 21.79, 0 21.79), (0 21.79, -0.5 21.79))""}}",True,,,True,sobol
143,55.201393152400854,2.091800385899842,5.8156086120754473,2.565508028641343,2.0281653385609388,15.092558487318456,4.0147276490926744,0.75089697819203138,0.39121076185256243,0.033888288773596287,0.27739420346915722,0.93301492370665073,0.62168670445680618,0.70331527572125196,0.94226771593093872,0.15203618630766869,0.64433562103658915,0.87140870094299316,0.50477515812963247,0.90674448478966951,0.61492983903735876,0.68843542132526636,0.10311689879745245,True,,1,0,Slot__Patch;Slot__CPW_Feed_Pin;Patch__CPW_Feed_Pin,True,Slot__CPW_Feed_Pin,,Slot__CPW_Feed_Pin,,"{""Slot__CPW_Feed_Pin"": {""geometry_type"": ""MultiLineString"", ""relations"": ""overlaps"", ""wkt"": ""MULTILINESTRING ((0.5 22.14, 0 22.14), (0 22.14, -0.5 22.14))""}}",True,,,True,sobol
144,55.026904352568096,1.9050527755171061,6.1415377233177431,2.619984866026789,1.9237296000123023,14.392248820513487,4.1602310571819547,0.29076742194592953,0.37466057203710079,0.61175630427896976,0.28158210217952728,0.50766902603209019,0.24234727211296558,0.5242263451218605,0.092750163748860359,0.8082970567047596,0.59678789786994457,0.53539757058024406,0.45561286993324757,0.47152458690106869,0.86819682735949755,0.58928757812827826,0.091722846031188965,True,,1,0,Slot__Patch;Slot__CPW_Feed_Pin;Patch__CPW_Feed_Pin,True,Slot__CPW_Feed_Pin,,Slot__CPW_Feed_Pin,,"{""Slot__CPW_Feed_Pin"": {""geometry_type"": ""MultiLineString"", ""relations"": ""overlaps"", ""wkt"": ""MULTILINESTRING ((0.5 21.99, 0 21.99), (0 21.99, -0.5 21.99))""}}",True,,,True,sobol
145,50.659548986610019,2.0982758754864337,5.8968727340921756,2.4713909281417723,2.0699579790234566,15.467332722153515,3.9302941642701623,0.78792615886777639,0.55761068034917116,0.065419040620326996,0.53851890843361616,0.48945559188723564,0.96243335492908955,0.29269512090831995,0.83303206227719784,0.33717004023492336,0.071028515696525574,0.026374610140919685,0.58411072008311749,0.75141061656177044,0.011175919324159622,0.098962203599512577,0.60387526918202639,True,,1,0,Slot__Patch;Slot__CPW_Feed_Pin;Patch__CPW_Feed_Pin,True,Slot__CPW_Feed_Pin,,Slot__CPW_Feed_Pin,,"{""Slot__CPW_Feed_Pin"": {""geometry_type"": ""MultiLineString"", ""relations"": ""overlaps"", ""wkt"": ""MULTILINESTRING ((0.5 22.1, 0 22.1), (0 22.1, -0.5 22.1))""}}",True,,,True,sobol
146,52.49697493435815,1.9514943260699511,6.2692365031689414,2.7142466818727558,2.0113024501129986,15.000456468667835,4.0448670696467159,0.64965418167412281,0.78100589103996754,0.4705356415361166,0.84804287180304527,0.018502004444599152,0.48457422852516174,0.78328291513025761,0.7428083773702383,0.63735448569059372,0.25032390747219324,0.98022566270083189,0.85643933899700642,0.20399618800729513,0.73799824621528387,0.45492045022547245,0.34471309185028076,True,,1,0,Slot__Patch;Slot__CPW_Feed_Pin;Patch__CPW_Feed_Pin,True,Slot__CPW_Feed_Pin,,Slot__CPW_Feed_Pin,,"{""Slot__CPW_Feed_Pin"": {""geometry_type"": ""MultiLineString"", ""relations"": ""overlaps"", ""wkt"": ""MULTILINESTRING ((0.5 22.01, 0 22.01), (0 22.01, -0.5 22.01))""}}",True,,,True,sobol
147,53.179162203893064,2.0455721059814094,5.7685890002176157,2.5700976143404843,1.9575316159054637,14.763223852962255,3.8646004125475883,0.14681244175881147,0.088475407101213932,0.95444135740399361,0.096938475035130978,0.96885508112609386,0.70467366278171539,0.016976910643279552,0.48766134865581989,0.23275572992861271,0.79291927721351385,0.45800385344773531,0.22688054852187634,0.5500602712854743,0.37675825320184231,0.98430920019745827,0.835260977037251,True,,1,0,Slot__Patch;Slot__CPW_Feed_Pin;Patch__CPW_Feed_Pin,True,Slot__CPW_Feed_Pin,,Slot__CPW_Feed_Pin,,"{""Slot__CPW_Feed_Pin"": {""geometry_type"": ""MultiLineString"", ""relations"": ""overlaps"", ""wkt"": ""MULTILINESTRING ((0.5 21.86, 0 21.86), (0 21.86, -0.5 21.86))""}}",True,,,True,sobol
148,53.898363109212369,1.9899723360314965,5.9650120267644526,2.5420175307989119,1.9906750310212373,14.503708517644554,4.0911100327968599,0.52804225869476795,0.94566669501364231,0.18799503892660141,0.97114272136241198,0.76161687914282084,0.25481221079826355,0.40650313068181276,0.32841503992676735,0.051772675476968288,0.91157806012779474,0.35946255084127188,0.89015106204897165,0.27502584736794233,0.95874218456447124,0.64656111691147089,0.43252005614340305,True,,1,0,Slot__Patch;Slot__CPW_Feed_Pin;Patch__CPW_Feed_Pin,True,Slot__CPW_Feed_Pin,,Slot__CPW_Feed_Pin,,"{""Slot__CPW_Feed_Pin"": {""geometry_type"": ""MultiLineString"", ""relations"": ""overlaps"", ""wkt"": ""MULTILINESTRING ((0.5 22.07, 0 22.07), (0 22.07, -0.5 22.07))""}}",True,,,True,sobol
149,51.766876524128016,2.0067096102982758,6.0716131344437603,2.6854202750883998,2.0404419828206302,15.73114796821028,3.824416046962142,0.019408914260566235,0.13771664444357157,0.73442385531961918,0.22395974211394787,0.24321342911571264,0.53642554581165314,0.64375622197985649,0.58955271542072296,0.5858870493248105,0.38947807159274817,0.82730203215032816,0.010921274311840534,0.9941673232242465,0.16379415150731802,0.16423208918422461,0.88801704254001379,True,,1,0,Slot__Patch;Slot__CPW_Feed_Pin;Patch__CPW_Feed_Pin,True,Slot__CPW_Feed_Pin,,Slot__CPW_Feed_Pin,,"{""Slot__CPW_Feed_Pin"": {""geometry_type"": ""MultiLineString"", ""relations"": ""overlaps"", ""wkt"": ""MULTILINESTRING ((0.5 21.87, 0 21.87), (0 21.87, -0.5 21.87))""}}",True,,,True,sobol
150,51.285547259449956,1.9411750102415681,5.8492503600195045,2.5078023192286492,2.0782967323437336,15.299416252411902,4.1007092274725441,0.41817857883870602,0.41429088823497295,0.83119921758770943,0.41235891077667475,0.2800792558118701,0.012636752799153328,0.15097229834645987,0.9903227686882019,0.37704270612448454,0.19358844868838787,0.18741594254970551,0.29877286497503519,0.042554246261715889,0.59325354918837547,0.27800189331173897,0.13277592696249485,False,ValueError: producer reported invalid exported polygon(s): Patch,,0,Slot__Patch;Slot__CPW_Feed_Pin;Patch__CPW_Feed_Pin,True,Slot__CPW_Feed_Pin,,Slot__CPW_Feed_Pin,,"{""Slot__CPW_Feed_Pin"": {""geometry_type"": ""MultiLineString"", ""relations"": ""overlaps"", ""wkt"": ""MULTILINESTRING ((0.5 22.12, 0 22.12), (0 22.12, -0.5 22.12))""}}",True,,ValueError: producer reported invalid exported polygon(s): Patch,False,sobol
151,54.369386281911289,2.0617447171360253,6.1879617579281332,2.6566664887033404,1.9280644232407211,14.839538475964218,3.9837591130286456,0.9095457112416625,0.73182131070643663,0.34732401929795742,0.65762289054691792,0.73060852009803057,0.79425580985844135,0.91595060937106609,0.24795748665928841,0.96962870005518198,0.73203995823860168,0.62582123093307018,0.67711143661290407,0.69551766850054264,0.29396436084061861,0.78377124108374119,0.6721371253952384,True,,1,0,Slot__Patch;Slot__CPW_Feed_Pin;Patch__CPW_Feed_Pin,True,Slot__CPW_Feed_Pin,,Slot__CPW_Feed_Pin,,"{""Slot__CPW_Feed_Pin"": {""geometry_type"": ""MultiLineString"", ""relations"": ""overlaps"", ""wkt"": ""MULTILINESTRING ((0.5 21.97, 0 21.97), (0 21.97, -0.5 21.97))""}}",True,,,True,sobol
152,54.937115123774859,1.9670273583382367,5.781477140821516,2.6725952814705671,2.0524220116436482,14.698298856150359,4.0576360139995815,0.57132886350154877,0.89435333386063576,0.89317147061228752,0.74425925128161907,0.60937971621751785,0.57617956027388573,0.23073053359985352,0.66852682456374168,0.098071151413023472,0.31710192654281855,0.39854700770229101,0.99259581416845322,0.15858977660536766,0.89496321324259043,0.20451380033046007,0.18823833577334881,True,,1,0,Slot__Patch;Slot__CPW_Feed_Pin;Patch__CPW_Feed_Pin,True,Slot__CPW_Feed_Pin,,Slot__CPW_Feed_Pin,,"{""Slot__CPW_Feed_Pin"": {""geometry_type"": ""MultiLineString"", ""relations"": ""overlaps"", ""wkt"": ""MULTILINESTRING ((0.5 22.07, 0 22.07), (0 22.07, -0.5 22.07))""}}",True,,,True,sobol
153,51.395865998975928,2.0363013999536634,6.1813388139009477,2.5568737744167445,1.903752977401018,15.158354753628373,3.826636918634176,0.068735555745661259,0.20950344856828451,0.4082889836281538,0.49729001242667437,0.37784015946090221,0.35902310535311699,0.96796488109976053,0.41350541263818741,0.50646163057535887,0.85846592392772436,0.9132156977429986,0.1218499131500721,0.56422335281968117,0.22464026510715485,0.73372069280594587,0.74165087472647429,True,,1,0,Slot__Patch;Slot__CPW_Feed_Pin;Patch__CPW_Feed_Pin,True,Slot__CPW_Feed_Pin,,Slot__CPW_Feed_Pin,,"{""Slot__CPW_Feed_Pin"": {""geometry_type"": ""MultiLineString"", ""relations"": ""overlaps"", ""wkt"": ""MULTILINESTRING ((0.5 21.77, 0 21.77), (0 21.77, -0.5 21.77))""}}",True,,,True,sobol
154,52.249852599576116,1.9143237944692373,5.9542879404500129,2.6372374530322853,1.964994860254228,15.497119406238198,4.1481952976435421,0.49369219318032265,0.48800031840801239,0.0012194514274597168,0.18571970053017139,0.098790878430008888,0.81848090700805187,0.45958900637924671,0.010534040629863739,0.4565138416364789,0.53905837051570415,0.085829503834247589,0.31845582276582718,0.39095468539744616,0.5300765885040164,0.83967795222997665,0.49786920659244061,True,,1,0,Slot__Patch;Slot__CPW_Feed_Pin;Patch__CPW_Feed_Pin,True,Slot__CPW_Feed_Pin,,Slot__CPW_Feed_Pin,,"{""Slot__CPW_Feed_Pin"": {""geometry_type"": ""MultiLineString"", ""relations"": ""overlaps"", ""wkt"": ""MULTILINESTRING ((0.5 22.03, 0 22.03), (0 22.03, -0.5 22.03))""}}",True,,,True,sobol
155,54.093434575665746,2.0827427687123419,6.0091137550771236,2.5252001048997044,2.0163266127929091,14.26949182106182,3.9675259992480276,0.99109840858727694,0.67864640336483717,0.54853306896984577,0.93070890102535486,0.89819652959704399,0.10131110064685345,0.72451805602759123,0.75118569657206535,0.92337606009095907,0.0120583176612854,0.60240555368363857,0.69014156237244606,0.86322384048253298,0.35616016574203968,0.34953646920621395,0.94764595758169889,True,,1,0,Slot__Patch;Slot__CPW_Feed_Pin;Patch__CPW_Feed_Pin,True,Slot__CPW_Feed_Pin,,Slot__CPW_Feed_Pin,,"{""Slot__CPW_Feed_Pin"": {""geometry_type"": ""MultiLineString"", ""relations"": ""overlaps"", ""wkt"": ""MULTILINESTRING ((0.5 22.07, 0 22.07), (0 22.07, -0.5 22.07))""}}",True,,,True,sobol
156,53.477730992622675,1.9254580171778797,6.2617919404059652,2.4885343106836078,2.0322951178997757,14.997258628718555,4.1876961648464208,0.37110752239823341,0.28531838208436966,0.2816560547798872,0.054913210682570934,0.87133056949824095,0.92458581738173962,0.83279493171721697,0.90835436619818211,0.85435914434492588,0.12780278734862804,0.69942100718617439,0.41151769738644361,0.086984344758093357,0.80539382435381413,0.027428585104644299,0.28886266425251961,True,,1,0,Slot__Patch;Slot__CPW_Feed_Pin;Patch__CPW_Feed_Pin,True,Slot__CPW_Feed_Pin,,Slot__CPW_Feed_Pin,,"{""Slot__CPW_Feed_Pin"": {""geometry_type"": ""MultiLineString"", ""relations"": ""overlaps"", ""wkt"": ""MULTILINESTRING ((0.5 22.14, 0 22.14), (0 22.14, -0.5 22.14))""}}",True,,,True,sobol
157,52.835007041227072,2.0712239887565373,5.7004288678988804,2.6008102334849537,1.9863344829529523,15.234669365454465,3.9215761002153156,0.86271450389176607,0.59516833256930113,0.76650802418589592,0.81163650751113892,0.13949465472251177,0.14394898526370525,0.10131356492638588,0.1658634077757597,0.25798124819993973,0.6655019074678421,0.23734935559332371,0.53299650456756353,0.68233089242130518,0.072998243384063244,0.53337990958243608,0.76608756277710199,True,,1,0,Slot__Patch;Slot__CPW_Feed_Pin;Patch__CPW_Feed_Pin,True,Slot__CPW_Feed_Pin,,Slot__CPW_Feed_Pin,,"{""Slot__CPW_Feed_Pin"": {""geometry_type"": ""MultiLineString"", ""relations"": ""overlaps"", ""wkt"": ""MULTILINESTRING ((0.5 21.98, 0 21.98), (0 21.98, -0.5 21.98))""}}",True,,,True,sobol
158,50.707738745305683,1.9804933296516538,6.0774796094745396,2.5857160716503858,1.9449168177321552,15.608579092193395,4.0032922543585299,0.69972039759159088,0.81670200452208519,0.67559181340038776,0.62112995889037848,0.35262405220419168,0.68247711285948753,0.60749080684036016,0.25438120774924755,0.71658899448812008,0.97029899153858423,0.75370027404278517,0.77645355742424726,0.35461943596601486,0.673845075070858,0.89715058170258999,0.026227910071611404,True,,1,0,Slot__Patch;Slot__CPW_Feed_Pin;Patch__CPW_Feed_Pin,True,Slot__CPW_Feed_Pin,,Slot__CPW_Feed_Pin,,"{""Slot__CPW_Feed_Pin"": {""geometry_type"": ""MultiLineString"", ""relations"": ""overlaps"", ""wkt"": ""MULTILINESTRING ((0.5 21.93, 0 21.93), (0 21.93, -0.5 21.93))""}}",True,,,True,sobol
159,55.615315449982887,2.0224264811724426,5.8841551719233394,2.7006594745628538,2.0989569218829276,14.533307055942714,3.8874283749610186,0.19132785592228174,0.0010558655485510826,0.12818664312362671,0.37030009552836418,0.65234370436519384,0.40183455869555473,0.34120414219796658,0.51514906622469425,0.1867394782602787,0.44745591189712286,0.30952718574553728,0.15598900523036718,0.88333040475845337,0.43797808978706598,0.41463778167963028,0.5443482706323266,True,,1,0,Slot__Patch;Slot__CPW_Feed_Pin;Patch__CPW_Feed_Pin,True,Slot__CPW_Feed_Pin,,Slot__CPW_Feed_Pin,,"{""Slot__CPW_Feed_Pin"": {""geometry_type"": ""MultiLineString"", ""relations"": ""overlaps"", ""wkt"": ""MULTILINESTRING ((0.5 22.01, 0 22.01), (0 22.01, -0.5 22.01))""}}",True,,,True,sobol
160,55.495955781918028,1.9368465645238757,5.7496411202475421,2.6508337322622539,1.9991213589906693,14.296253642532974,4.0385486930608749,0.085495178587734699,0.54267023038119078,0.722316256724298,0.15457524266093969,0.42433953005820513,0.6417938806116581,0.82517065107822418,0.9752864520996809,0.86787727102637291,0.39616856724023819,0.064342216588556767,0.66977091878652573,0.81161333248019218,0.27984017692506313,0.9181376900523901,0.95758707355707884,True,,1,0,Slot__Patch;Slot__CPW_Feed_Pin;Patch__CPW_Feed_Pin,True,Slot__CPW_Feed_Pin,,Slot__CPW_Feed_Pin,,"{""Slot__CPW_Feed_Pin"": {""geometry_type"": ""MultiLineString"", ""relations"": ""overlaps"", ""wkt"": ""MULTILINESTRING ((0.5 21.98, 0 21.98), (0 21.98, -0.5 21.98))""}}",True,,,True,sobol
161,50.838759025372561,2.06608078032732,6.287570121511818,2.5035108119063079,2.0446913450956345,15.470952638424933,3.8707333948463201,0.58681103959679604,0.35831046849489212,0.20622188318520784,0.89983546361327171,0.56292612385004759,0.42243828251957893,0.12456903699785471,0.23174572922289371,0.27565745823085308,0.93558824621140957,0.62388750817626715,0.29048677161335945,0.46551917865872383,0.60641208197921515,0.39265494793653488,0.47181480936706066,True,,1,0,Slot__Patch;Slot__CPW_Feed_Pin;Patch__CPW_Feed_Pin,True,Slot__CPW_Feed_Pin,,Slot__CPW_Feed_Pin,,"{""Slot__CPW_Feed_Pin"": {""geometry_type"": ""MultiLineString"", ""relations"": ""overlaps"", ""wkt"": ""MULTILINESTRING ((0.5 21.98, 0 21.98), (0 21.98, -0.5 21.98))""}}",True,,,True,sobol
162,52.976384866237638,1.9818114457651972,5.9146212643012399,2.6831439108401538,2.0865485114976763,15.185711287893355,4.1540074713528155,0.97563196811825037,0.074061303399503231,0.35938635002821684,0.7133586136624217,0.9137510797008872,0.89959601126611233,0.61537040956318378,0.31339397467672825,0.70275996625423431,0.74110988434404135,0.38878597877919674,0.019203849136829376,0.51283514220267534,0.14472659304738045,0.037677052430808544,0.72803242038935423,True,,1,0,Slot__Patch;Slot__CPW_Feed_Pin;Patch__CPW_Feed_Pin,True,Slot__CPW_Feed_Pin,,Slot__CPW_Feed_Pin,,"{""Slot__CPW_Feed_Pin"": {""geometry_type"": ""MultiLineString"", ""relations"": ""overlaps"", ""wkt"": ""MULTILINESTRING ((0.5 22.22, 0 22.22), (0 22.22, -0.5 22.22))""}}",True,,,True,sobol
163,53.368726974073795,2.0148780941963196,6.1220047730952505,2.5382316353730858,1.9321177108213305,14.673093772027642,3.9367168772965671,0.4769473522901535,0.76422106847167015,0.81304911617189646,0.4661717563867569,0.083282106555998325,0.1802308764308691,0.31770763825625181,0.57332570664584637,0.16925591416656971,0.21607370022684336,0.92298641055822372,0.8974880613386631,0.23291862476617098,0.97489191312342882,0.52409641165286303,0.21699350886046886,True,,1,0,Slot__Patch;Slot__CPW_Feed_Pin;Patch__CPW_Feed_Pin,True,Slot__CPW_Feed_Pin,,Slot__CPW_Feed_Pin,,"{""Slot__CPW_Feed_Pin"": {""geometry_type"": ""MultiLineString"", ""relations"": ""overlaps"", ""wkt"": ""MULTILINESTRING ((0.5 21.89, 0 21.89), (0 21.89, -0.5 21.89))""}}",True,,,True,sobol
164,54.036171715520325,1.9706678718328476,6.2071284256875519,2.5748971516080199,1.9161614123731852,14.560148622840643,4.1068902734667061,0.84621428046375513,0.15262750443071127,0.079433982260525227,0.590258764103055,0.18625318817794323,0.85738739930093288,0.23872793931514025,0.72657995671033859,0.11525365617126226,0.081809333525598049,0.77128357626497746,0.23519708495587111,0.94177495781332254,0.42409694660454988,0.84505612403154373,0.55039842519909143,True,,1,0,Slot__Patch;Slot__CPW_Feed_Pin;Patch__CPW_Feed_Pin,True,Slot__CPW_Feed_Pin,,Slot__CPW_Feed_Pin,,"{""Slot__CPW_Feed_Pin"": {""geometry_type"": ""MultiLineString"", ""relations"": ""overlaps"", ""wkt"": ""MULTILINESTRING ((0.5 22, 0 22), (0 22, -0.5 22))""}}",True,,,True,sobol
165,52.277339652832595,2.0263940183445812,5.8306962372735143,2.7195719042792921,2.0652210954576731,15.582515673246235,3.9773911468684675,0.35734958946704865,0.9619872011244297,0.59555887337774038,0.33915048930794001,0.82452625781297684,0.074551424011588097,0.94434963539242744,0.47263787314295769,0.52046273369342089,0.61756225768476725,0.29195374622941017,0.86374929454177618,0.28884208295494318,0.6877417229115963,0.34319326840341091,0.0040644742548465729,True,,1,0,Slot__Patch;Slot__CPW_Feed_Pin;Patch__CPW_Feed_Pin,True,Slot__CPW_Feed_Pin,,Slot__CPW_Feed_Pin,,"{""Slot__CPW_Feed_Pin"": {""geometry_type"": ""MultiLineString"", ""relations"": ""overlaps"", ""wkt"": ""MULTILINESTRING ((0.5 22.07, 0 22.07), (0 22.07, -0.5 22.07))""}}",True,,,True,sobol
166,51.433700488228347,1.9233716294169425,6.0536457985639576,2.4746687945909795,2.0035397121682763,15.262106360401958,4.0973854999989268,0.20510057080537081,0.74626691918820143,0.94038013461977243,0.023798434063792229,0.66754705831408501,0.59952995553612709,0.45184029545634985,0.076537009328603745,0.43854360561817884,0.79741441458463669,0.71309031266719103,0.57680416386574507,0.74055314809083939,0.055645487271249294,0.23040386755019426,0.76420314703136683,True,,1,0,Slot__Patch;Slot__CPW_Feed_Pin;Patch__CPW_Feed_Pin,True,Slot__CPW_Feed_Pin,,Slot__CPW_Feed_Pin,,"{""Slot__CPW_Feed_Pin"": {""geometry_type"": ""MultiLineString"", ""relations"": ""overlaps"", ""wkt"": ""MULTILINESTRING ((0.5 22.02, 0 22.02), (0 22.02, -0.5 22.02))""}}",True,,,True,sobol
167,54.890197804197676,2.0799524558708073,5.9847654992714521,2.6227687633410097,1.9525986561551689,14.972156178206205,3.8183381810784338,0.71623635664582253,0.43110720813274384,0.48680892121046782,0.78073148149996996,0.33737492002546787,0.31669207289814949,0.74790083430707455,0.81799332052469254,0.91003680322319269,0.27652945183217525,0.22367441933602095,0.44729973282665014,0.021442636847496033,0.82276160828769207,0.70882641058415174,0.30588379874825478,True,,1,0,Slot__Patch;Slot__CPW_Feed_Pin;Patch__CPW_Feed_Pin,True,Slot__CPW_Feed_Pin,,Slot__CPW_Feed_Pin,,"{""Slot__CPW_Feed_Pin"": {""geometry_type"": ""MultiLineString"", ""relations"": ""overlaps"", ""wkt"": ""MULTILINESTRING ((0.5 21.85, 0 21.85), (0 21.85, -0.5 21.85))""}}",True,,,True,sobol
168,54.427946967072785,1.9973322635516524,6.027089674025774,2.7044592748582366,2.0278503946959971,14.737067858688533,4.1418244689702988,0.80392664950340986,0.19509851280599833,0.75322501454502344,0.8164098123088479,0.44273878540843725,0.038183385506272316,0.43012958019971848,0.27036595344543457,0.03849093709141016,0.67385562416166067,0.99780695326626301,0.13207736797630787,0.62465519271790981,0.48824987001717091,0.2872864343225956,0.82200861442834139,True,,1,0,Slot__Patch;Slot__CPW_Feed_Pin;Patch__CPW_Feed_Pin,True,Slot__CPW_Feed_Pin,,Slot__CPW_Feed_Pin,,"{""Slot__CPW_Feed_Pin"": {""geometry_type"": ""MultiLineString"", ""relations"": ""overlaps"", ""wkt"": ""MULTILINESTRING ((0.5 22.17, 0 22.17), (0 22.17, -0.5 22.17))""}}",True,,,True,sobol
169,51.259350469242776,2.005595188587904,5.9345453398302199,2.5879785310290755,1.9784741394221783,15.027207606006414,3.9737038042396309,0.30499455519020557,0.87755837477743626,0.30053854268044233,0.065576078370213509,0.55440109316259623,0.7565623614937067,0.63576287124305964,0.53041620925068855,0.56797421257942915,0.15002768579870462,0.44042843207716942,0.75348846428096294,0.1523552518337965,0.62652164231985807,0.7735214326530695,0.37310217320919037,True,,1,0,Slot__Patch;Slot__CPW_Feed_Pin;Patch__CPW_Feed_Pin,True,Slot__CPW_Feed_Pin,,Slot__CPW_Feed_Pin,,"{""Slot__CPW_Feed_Pin"": {""geometry_type"": ""MultiLineString"", ""relations"": ""overlaps"", ""wkt"": ""MULTILINESTRING ((0.5 21.95, 0 21.95), (0 21.95, -0.5 21.95))""}}",True,,,True,sobol
170,51.730334785673762,1.9461297830566764,6.1621818736195566,2.605119550973177,1.9402775457128882,15.44213841157034,4.051561010628939,0.13254000898450613,0.66369963902980089,0.14151498395949602,0.25019350368529558,0.95357137639075518,0.29591494053602219,0.12760072387754917,0.92432386055588722,0.39110836107283831,0.45440485328435898,0.54906510282307863,0.55595795996487141,0.82577007170766592,0.11844871938228607,0.66854457650333643,0.61393833626061678,True,,1,0,Slot__Patch;Slot__CPW_Feed_Pin;Patch__CPW_Feed_Pin,True,Slot__CPW_Feed_Pin,,Slot__CPW_Feed_Pin,,"{""Slot__CPW_Feed_Pin"": {""geometry_type"": ""MultiLineString"", ""relations"": ""overlaps"", ""wkt"": ""MULTILINESTRING ((0.5 21.93, 0 21.93), (0 21.93, -0.5 21.93))""}}",True,,,True,sobol
171,53.946575687080625,2.0505598880350591,5.8000387022271749,2.4943492569588122,2.0909005036577581,14.419594670645893,3.8329156268388029,0.63360743783414364,0.4716555904597044,0.65663252677768469,0.50691304914653301,0.033800969831645489,0.51430345326662064,0.92370337527245283,0.1811458021402359,0.98687587585300207,0.99502729438245296,0.012697930447757244,0.43542569689452648,0.4201057692989707,0.7609395170584321,0.14324417617172003,0.065546497702598572,True,,1,0,Slot__Patch;Slot__CPW_Feed_Pin;Patch__CPW_Feed_Pin,True,Slot__CPW_Feed_Pin,,Slot__CPW_Feed_Pin,,"{""Slot__CPW_Feed_Pin"": {""geometry_type"": ""MultiLineString"", ""relations"": ""overlaps"", ""wkt"": ""MULTILINESTRING ((0.5 21.98, 0 21.98), (0 21.98, -0.5 21.98))""}}",True,,,True,sobol
172,53.299814504291859,1.9076424248516559,5.8663992030546064,2.5224300504662094,2.0577448811382055,14.813462942373008,4.0094219926744703,0.002141944132745266,0.60960476566106081,0.42357087414711714,0.38099999353289604,0.19666470214724541,0.46471058577299118,0.50097445119172335,0.025814985856413841,0.7908781636506319,0.86370778828859329,0.16592661384493113,0.71307621244341135,0.62970988731831312,0.34301689360290766,0.47981368936598301,0.67061880137771368,True,,1,0,Slot__Patch;Slot__CPW_Feed_Pin;Patch__CPW_Feed_Pin,True,Slot__CPW_Feed_Pin,,Slot__CPW_Feed_Pin,,"{""Slot__CPW_Feed_Pin"": {""geometry_type"": ""MultiLineString"", ""relations"": ""overlaps"", ""wkt"": ""MULTILINESTRING ((0.5 21.97, 0 21.97), (0 21.97, -0.5 21.97))""}}",True,,,True,sobol
173,52.367249794118102,2.0894195249304177,6.0970028322190046,2.6339457437023523,1.9111258056014775,15.326270023360848,3.8811071388423444,0.51303692720830441,0.30214484594762325,0.87616579327732325,0.62598544266074896,0.80815034545958042,0.74461681395769119,0.30033108219504356,0.76715283282101154,0.32340556383132935,0.34353730641305447,0.64730111416429281,0.34239802230149508,0.1010292274877429,0.54421602934598923,0.95842047408223152,0.14943096973001957,True,,1,0,Slot__Patch;Slot__CPW_Feed_Pin;Patch__CPW_Feed_Pin,True,Slot__CPW_Feed_Pin,,Slot__CPW_Feed_Pin,,"{""Slot__CPW_Feed_Pin"": {""geometry_type"": ""MultiLineString"", ""relations"": ""overlaps"", ""wkt"": ""MULTILINESTRING ((0.5 21.88, 0 21.88), (0 21.88, -0.5 21.88))""}}",True,,,True,sobol
174,50.51946878917515,1.9612010680139065,5.7193658759817474,2.5515664241649212,1.9701231794431806,15.70603340305388,4.1941221218556164,0.92450478952378035,0.01597303245216608,0.5332974037155509,0.9395391047000885,0.71512669138610363,0.20679020322859287,0.80678299721330404,0.68379250355064869,0.65508809499442577,0.022611207328736782,0.34969971887767315,0.0979114705696702,0.92859500832855701,0.20850579719990492,0.59563015308231115,0.89418914820998907,True,,1,0,Slot__Patch;Slot__CPW_Feed_Pin;Patch__CPW_Feed_Pin,True,Slot__CPW_Feed_Pin,,Slot__CPW_Feed_Pin,,"{""Slot__CPW_Feed_Pin"": {""geometry_type"": ""MultiLineString"", ""relations"": ""overlaps"", ""wkt"": ""MULTILINESTRING ((0.5 22.12, 0 22.12), (0 22.12, -0.5 22.12))""}}",True,,,True,sobol
175,55.137198436725889,2.042123100720346,6.2434497389942418,2.6677778720483185,2.0235033648088576,14.531157716643065,3.9153553739190099,0.43540024943649769,0.8330171424895525,0.018149343319237232,0.19256599526852369,0.29554582387208939,0.9866983387619257,0.0091089885681867599,0.4294878151267767,0.24633137509226799,0.55908409599214792,0.83707091212272644,0.96966492105275393,0.3332787100225687,0.91404602862894535,0.093584836460649967,0.41023466922342777,True,,1,0,Slot__Patch;Slot__CPW_Feed_Pin;Patch__CPW_Feed_Pin,True,Slot__CPW_Feed_Pin,,Slot__CPW_Feed_Pin,,"{""Slot__CPW_Feed_Pin"": {""geometry_type"": ""MultiLineString"", ""relations"": ""overlaps"", ""wkt"": ""MULTILINESTRING ((0.5 21.98, 0 21.98), (0 21.98, -0.5 21.98))""}}",True,,,True,sobol
176,55.247014315333224,1.9547743171453476,5.9506261322647331,2.4853325311653314,1.9283419353887439,15.330847697798163,3.8596887785941361,0.89506668504327536,0.93187324050813913,0.5647816639393568,0.24356919247657061,0.14264560490846634,0.3660416305065155,0.18913636077195406,0.54475243762135506,0.8399779237806797,0.69952536933124065,0.50123901292681694,0.053223580121994019,0.7725294316187501,0.66724804788827896,0.19171024765819311,0.39105009008198977,True,,1,0,Slot__Patch;Slot__CPW_Feed_Pin;Patch__CPW_Feed_Pin,True,Slot__CPW_Feed_Pin,,Slot__CPW_Feed_Pin,,"{""Slot__CPW_Feed_Pin"": {""geometry_type"": ""MultiLineString"", ""relations"": ""overlaps"", ""wkt"": ""MULTILINESTRING ((0.5 21.75, 0 21.75), (0 21.75, -0.5 21.75))""}}",True,,,True,sobol
177,50.424755698256192,2.0481469480320813,6.0127761712297794,2.6303866486996412,2.0777937693521382,14.905931261368096,4.0310320891439915,0.40223953686654568,0.24941141344606876,0.11216385290026665,0.99833960644900799,0.84469622187316418,0.58539719879627228,0.9871615432202816,0.28727781772613525,0.31134819053113461,0.2265302836894989,0.061014117673039436,0.92400000616908073,0.48898093495517969,0.46213613543659449,0.74459782335907221,0.91393160820007324,True,,1,0,Slot__Patch;Slot__CPW_Feed_Pin;Patch__CPW_Feed_Pin,True,Slot__CPW_Feed_Pin,,Slot__CPW_Feed_Pin,,"{""Slot__CPW_Feed_Pin"": {""geometry_type"": ""MultiLineString"", ""relations"": ""overlaps"", ""wkt"": ""MULTILINESTRING ((0.5 22.15, 0 22.15), (0 22.15, -0.5 22.15))""}}",True,,,True,sobol
178,52.562341577187176,1.9011792466044426,5.7851389389485117,2.5804845298640431,2.0409643739461898,14.438323211856186,3.9437998827546834,0.035202997736632824,0.46324154455214739,0.45502557046711445,0.68490751180797815,0.63205676712095737,0.12383374758064747,0.49557051714509726,0.13626362383365631,0.72970465570688248,0.42099315021187067,0.95188821386545897,0.63373754918575287,0.53626542538404465,0.78319662250578403,0.82711472548544407,0.16943191457539797,True,,1,0,Slot__Patch;Slot__CPW_Feed_Pin;Patch__CPW_Feed_Pin,True,Slot__CPW_Feed_Pin,,Slot__CPW_Feed_Pin,,"{""Slot__CPW_Feed_Pin"": {""geometry_type"": ""MultiLineString"", ""relations"": ""overlaps"", ""wkt"": ""MULTILINESTRING ((0.5 21.89, 0 21.89), (0 21.89, -0.5 21.89))""}}",True,,,True,sobol
179,53.119744597841056,2.0955042136833071,6.177676407806576,2.7282031520456078,1.9904154688119888,15.701089503709227,4.1654726207256321,0.54237632639706135,0.65528374724090099,0.97021177411079407,0.43212476558983326,0.36505259200930595,0.84319885261356831,0.6953138392418623,0.875454131513834,0.1345465425401926,0.87963573541492224,0.48586071003228426,0.26208233460783958,0.19386428594589233,0.081571313552558422,0.36016564443707466,0.65117383003234863,True,,1,0,Slot__Patch;Slot__CPW_Feed_Pin;Patch__CPW_Feed_Pin,True,Slot__CPW_Feed_Pin,,Slot__CPW_Feed_Pin,,"{""Slot__CPW_Feed_Pin"": {""geometry_type"": ""MultiLineString"", ""relations"": ""overlaps"", ""wkt"": ""MULTILINESTRING ((0.5 22.25, 0 22.25), (0 22.25, -0.5 22.25))""}}",True,,,True,sobol
180,53.787631921656434,1.9400448067113756,6.0928607353940611,2.6917754365876321,1.9609642753377556,15.067307643592358,3.992092101275921,0.15773652773350477,0.26345500815659761,0.23501546308398247,0.55791473388671875,0.40447462629526854,0.13485339470207691,0.86828767508268356,0.78457062132656574,0.080638653598725796,0.75998123083263636,0.33342548366636038,0.6050408286973834,0.98086076602339745,0.50736628007143736,0.0089935818687081337,0.11659811343997717,True,,1,0,Slot__Patch;Slot__CPW_Feed_Pin;Patch__CPW_Feed_Pin,True,Slot__CPW_Feed_Pin,,Slot__CPW_Feed_Pin,,"{""Slot__CPW_Feed_Pin"": {""geometry_type"": ""MultiLineString"", ""relations"": ""overlaps"", ""wkt"": ""MULTILINESTRING ((0.5 21.89, 0 21.89), (0 21.89, -0.5 21.89))""}}",True,,,True,sobol
181,51.86390511197969,2.0570231631398199,5.8687745824456208,2.543819231558591,2.0077046105638146,14.794746046420187,4.1236296247690918,0.6708273459225893,0.57091677747666836,0.68766379170119762,0.30899261217564344,0.60622840840369463,0.91768934018909931,0.072597146965563297,0.039649104699492455,0.54725580383092165,0.28283470775932074,0.85383530799299479,0.48353151138871908,0.26538223400712013,0.36518149264156818,0.55376422312110662,0.56332256831228733,True,,1,0,Slot__Patch;Slot__CPW_Feed_Pin;Patch__CPW_Feed_Pin,True,Slot__CPW_Feed_Pin,,Slot__CPW_Feed_Pin,,"{""Slot__CPW_Feed_Pin"": {""geometry_type"": ""MultiLineString"", ""relations"": ""overlaps"", ""wkt"": ""MULTILINESTRING ((0.5 22.19, 0 22.19), (0 22.19, -0.5 22.19))""}}",True,,,True,sobol
182,51.020225669536735,1.9913085160776973,6.2464108066633353,2.6584513377025725,2.0735379103571177,14.362282713409513,3.801239641755819,0.76662329491227865,0.85705615673214197,0.84669402241706848,0.12449775263667107,0.88576810900121927,0.37699452042579651,0.56638442911207676,0.38011693023145199,0.47414563130587339,0.10296705178916454,0.15094937384128571,0.20897513162344694,0.71712477225810289,0.88790273014456034,0.8784676231443882,0.32271431293338537,True,,1,0,Slot__Patch;Slot__CPW_Feed_Pin;Patch__CPW_Feed_Pin,True,Slot__CPW_Feed_Pin,,Slot__CPW_Feed_Pin,,"{""Slot__CPW_Feed_Pin"": {""geometry_type"": ""MultiLineString"", ""relations"": ""overlaps"", ""wkt"": ""MULTILINESTRING ((0.5 21.87, 0 21.87), (0 21.87, -0.5 21.87))""}}",True,,,True,sobol
183,54.641617416590456,2.0120216488838194,5.7158094651997082,2.5141743324883281,1.9202774588018654,15.402404554188251,4.0830337200313807,0.27971363626420498,0.040014015510678291,0.33159937150776386,0.86753407027572393,0.11907745804637671,0.65983237326145172,0.35991204064339399,0.63941529579460621,0.88229104224592447,0.5652766078710556,0.66179194860160351,0.82940917368978262,0.06049888301640749,0.24932661652565002,0.43526242114603519,0.87283041514456272,True,,1,0,Slot__Patch;Slot__CPW_Feed_Pin;Patch__CPW_Feed_Pin,True,Slot__CPW_Feed_Pin,,Slot__CPW_Feed_Pin,,"{""Slot__CPW_Feed_Pin"": {""geometry_type"": ""MultiLineString"", ""relations"": ""overlaps"", ""wkt"": ""MULTILINESTRING ((0.5 22.02, 0 22.02), (0 22.02, -0.5 22.02))""}}",True,,,True,sobol
184,54.676888433657588,1.9168953545391558,6.272605382837356,2.5632457876764239,2.0945343961939216,15.636897965334356,3.9568129736930131,0.23849815223366022,0.33426910173147917,0.90892665833234787,0.78430992644280195,0.22440695203840733,0.93844795040786266,0.55190510768443346,0.2184761855751276,0.0038980031386017799,0.48044733796268702,0.43496410455554724,0.52773704566061497,0.58558643143624067,0.56858338043093681,0.57646780926734209,0.26294892560690641,True,,1,0,Slot__Patch;Slot__CPW_Feed_Pin;Patch__CPW_Feed_Pin,True,Slot__CPW_Feed_Pin,,Slot__CPW_Feed_Pin,,"{""Slot__CPW_Feed_Pin"": {""geometry_type"": ""MultiLineString"", ""relations"": ""overlaps"", ""wkt"": ""MULTILINESTRING ((0.5 21.97, 0 21.97), (0 21.97, -0.5 21.97))""}}",True,,,True,sobol
185,51.673353796359152,2.0860259702429178,5.7652195841073981,2.6743801304697992,1.9490887215360999,14.59695277037099,4.1276556052267548,0.74542304873466492,0.51863070577383041,0.39276362396776676,0.035174056887626648,0.77259571477770805,0.22006888501346111,0.25616483762860298,0.9573040883988142,0.59477599989622831,0.93785688187927008,0.87729469034820795,0.39920868538320065,0.17580186855047941,0.30103917885571718,0.10982503276318312,0.80755860917270184,True,,1,0,Slot__Patch;Slot__CPW_Feed_Pin;Patch__CPW_Feed_Pin,True,Slot__CPW_Feed_Pin,,Slot__CPW_Feed_Pin,,"{""Slot__CPW_Feed_Pin"": {""geometry_type"": ""MultiLineString"", ""relations"": ""overlaps"", ""wkt"": ""MULTILINESTRING ((0.5 22.16, 0 22.16), (0 22.16, -0.5 22.16))""}}",True,,,True,sobol
186,52.144378074724223,1.9642528258264065,6.1381688537076116,2.5270018056593835,1.9821568362414836,14.93498580576852,3.8475065287202597,0.81711103487759829,0.80290849413722754,0.047949034720659256,0.35064868535846472,0.73523993045091629,0.69618856534361839,0.76561255659908056,0.61903042905032635,0.42667115200310946,0.63349473290145397,0.11190889030694962,0.15828455425798893,0.84918521530926228,0.94973709993064404,0.44234100729227066,0.047190125100314617,True,,1,0,Slot__Patch;Slot__CPW_Feed_Pin;Patch__CPW_Feed_Pin,True,Slot__CPW_Feed_Pin,,Slot__CPW_Feed_Pin,,"{""Slot__CPW_Feed_Pin"": {""geometry_type"": ""MultiLineString"", ""relations"": ""overlaps"", ""wkt"": ""MULTILINESTRING ((0.5 21.79, 0 21.79), (0 21.79, -0.5 21.79))""}}",True,,,True,sobol
187,54.195558063313371,2.0324307179078458,5.9002421401441092,2.6435926145315172,2.0367104224860668,15.207357882522047,4.0680197894573213,0.32403640821576118,0.11275069043040276,0.50154314003884792,0.59395977482199669,0.25199520401656628,0.47779996320605278,0.059120943769812584,0.36143734492361546,0.95907752867788076,0.15926064550876617,0.57583067379891872,0.78781283460557461,0.381066570058465,0.18651873525232077,0.99492407403886318,0.50769145600497723,True,,1,0,Slot__Patch;Slot__CPW_Feed_Pin;Patch__CPW_Feed_Pin,True,Slot__CPW_Feed_Pin,,Slot__CPW_Feed_Pin,,"{""Slot__CPW_Feed_Pin"": {""geometry_type"": ""MultiLineString"", ""relations"": ""overlaps"", ""wkt"": ""MULTILINESTRING ((0.5 22.14, 0 22.14), (0 22.14, -0.5 22.14))""}}",True,,,True,sobol
188,53.548354298155758,1.9757746463641523,5.8341621715575451,2.6147667036578062,2.0150843160226941,15.560857478063554,3.8884707137942311,0.93866418767720461,0.97040366288274527,0.26591611839830875,0.46974980644881725,0.47847663704305887,0.5588260255753994,0.38834400475025177,0.4541543535888195,0.76298538781702518,0.04450426809489727,0.72783868387341499,0.063876942731440067,0.66878055594861507,0.72944135870784521,0.62814232986420393,0.22879186365753412,True,,1,0,Slot__Patch;Slot__CPW_Feed_Pin;Patch__CPW_Feed_Pin,True,Slot__CPW_Feed_Pin,,Slot__CPW_Feed_Pin,,"{""Slot__CPW_Feed_Pin"": {""geometry_type"": ""MultiLineString"", ""relations"": ""overlaps"", ""wkt"": ""MULTILINESTRING ((0.5 21.88, 0 21.88), (0 21.88, -0.5 21.88))""}}",True,,,True,sobol
189,52.780684334971014,2.0212934307754038,6.2030493384227157,2.4989212262071669,1.9660971598699688,14.298267832025886,4.0209971975535153,0.45151467993855476,0.1610419936478138,0.78198760002851486,0.72473372239619493,0.52647586073726416,0.27891970798373222,0.68638805393129587,0.71381538361310959,0.35912003368139267,0.50606310367584229,0.20941250957548618,0.94313725549727678,0.077584518119692802,0.39896978996694088,0.18463070411235094,0.71677668765187263,True,,1,0,Slot__Patch;Slot__CPW_Feed_Pin;Patch__CPW_Feed_Pin,True,Slot__CPW_Feed_Pin,,Slot__CPW_Feed_Pin,,"{""Slot__CPW_Feed_Pin"": {""geometry_type"": ""MultiLineString"", ""relations"": ""overlaps"", ""wkt"": ""MULTILINESTRING ((0.5 22.01, 0 22.01), (0 22.01, -0.5 22.01))""}}",True,,,True,sobol
190,50.932943607866761,1.9307733377441763,5.9801002230495213,2.7110612572357065,1.9026579525321721,14.671445762738585,3.9041278444230554,0.11102750990539789,0.37679469864815474,0.62881646119058132,0.91133214719593525,0.99693901371210814,0.80090802721679211,0.17913885600864887,0.86654261499643326,0.68197852931916714,0.82700422499328852,0.78778671007603407,0.74912530276924372,0.90518177207559347,0.84405502397567034,0.25933515094220638,0.46029868815094233,True,,1,0,Slot__Patch;Slot__CPW_Feed_Pin;Patch__CPW_Feed_Pin,True,Slot__CPW_Feed_Pin,,Slot__CPW_Feed_Pin,,"{""Slot__CPW_Feed_Pin"": {""geometry_type"": ""MultiLineString"", ""relations"": ""overlaps"", ""wkt"": ""MULTILINESTRING ((0.5 21.74, 0 21.74), (0 21.74, -0.5 21.74))""}}",True,,,True,sobol
191,55.385778824333109,2.0725569583475592,6.0565255461260676,2.5996576746739448,2.0536700095981359,15.096172678750008,4.1863978061825042,0.62387752532958984,0.69195255637168884,0.17519183829426765,0.15827486012130976,0.013870951719582081,0.020999802276492119,0.87893156241625547,0.12173962220549583,0.2115849144756794,0.34911294188350439,0.27496051508933306,0.37081725616008043,0.37231981661170721,0.017787221819162369,0.8044101819396019,0.96964390948414803,True,,1,0,Slot__Patch;Slot__CPW_Feed_Pin;Patch__CPW_Feed_Pin,True,Slot__CPW_Feed_Pin,,Slot__CPW_Feed_Pin,,"{""Slot__CPW_Feed_Pin"": {""geometry_type"": ""MultiLineString"", ""relations"": ""overlaps"", ""wkt"": ""MULTILINESTRING ((0.5 22.32, 0 22.32), (0 22.32, -0.5 22.32))""}}",True,,,True,sobol
192,55.336982469540096,1.9248484017327427,5.9946884511038663,2.6765681492537263,2.0466771421954038,15.391721796244383,4.1035582985728976,0.53314580954611301,0.75114517565816641,0.67161165364086628,0.96028841100633144,0.90413730498403311,0.68992259632796049,0.67290984280407429,0.77624871861189604,0.36598555278033018,0.71649593021720648,0.48123630695044994,0.54517037235200405,0.65593561436980963,0.81817503459751606,0.50270253699272871,0.5563669316470623,True,,1,0,Slot__Patch;Slot__CPW_Feed_Pin;Patch__CPW_Feed_Pin,True,Slot__CPW_Feed_Pin,,Slot__CPW_Feed_Pin,,"{""Slot__CPW_Feed_Pin"": {""geometry_type"": ""MultiLineString"", ""relations"": ""overlaps"", ""wkt"": ""MULTILINESTRING ((0.5 22.07, 0 22.07), (0 22.07, -0.5 22.07))""}}",True,,,True,sobol
193,51.011682685650882,2.0784757073968652,6.042550542578101,2.5609621821157633,1.9972024200484157,14.375208379235119,3.9869741708040238,0.045501883141696453,0.066854435950517654,0.15548700094223022,0.20356499124318361,0.10864091012626886,0.47251443099230528,0.37741769384592772,0.016720964573323727,0.76973643247038126,0.24032195005565882,0.95699889957904816,0.41691620089113712,0.12113586720079184,0.054407249204814434,0.059555512852966785,0.013712399639189243,True,,1,0,Slot__Patch;Slot__CPW_Feed_Pin;Patch__CPW_Feed_Pin,True,Slot__CPW_Feed_Pin,,Slot__CPW_Feed_Pin,,"{""Slot__CPW_Feed_Pin"": {""geometry_type"": ""MultiLineString"", ""relations"": ""overlaps"", ""wkt"": ""MULTILINESTRING ((0.5 22.06, 0 22.06), (0 22.06, -0.5 22.06))""}}",True,,,True,sobol
194,52.807666528224942,1.9689950423315168,5.8196013992652293,2.6413380255550147,1.9340547010302542,14.780630127992481,4.0882673550397159,0.39203221909701824,0.34501344244927168,0.30871131829917431,0.39394972659647465,0.38378322590142488,0.94765772763639688,0.88655625283718109,0.43431028630584478,0.18927175458520651,0.43649934232234955,0.03438641969114542,0.1408210601657629,0.9195504616945982,0.70258694887161255,0.38328905962407589,0.75454951450228691,True,,1,0,Slot__Patch;Slot__CPW_Feed_Pin;Patch__CPW_Feed_Pin,True,Slot__CPW_Feed_Pin,,Slot__CPW_Feed_Pin,,"{""Slot__CPW_Feed_Pin"": {""geometry_type"": ""MultiLineString"", ""relations"": ""overlaps"", ""wkt"": ""MULTILINESTRING ((0.5 21.99, 0 21.99), (0 21.99, -0.5 21.99))""}}",True,,,True,sobol
195,53.530611663404855,2.0280668716877699,6.2170518178492786,2.5291613037697971,2.0845807179808618,15.076433982700109,3.8212073750793931,0.90438876952975988,0.5352267324924469,0.76228277012705803,0.64477922860532999,0.6192312715575099,0.23025146964937449,0.18031276110559702,0.67897189687937498,0.65930687356740236,0.89586737565696239,0.52737619634717703,0.77013524807989597,0.32638641260564327,0.43461539689451456,0.92799579352140427,0.29990577045828104,True,,1,0,Slot__Patch;Slot__CPW_Feed_Pin;Patch__CPW_Feed_Pin,True,Slot__CPW_Feed_Pin,,Slot__CPW_Feed_Pin,,"{""Slot__CPW_Feed_Pin"": {""geometry_type"": ""MultiLineString"", ""relations"": ""overlaps"", ""wkt"": ""MULTILINESTRING ((0.5 21.93, 0 21.93), (0 21.93, -0.5 21.93))""}}",True,,,True,sobol
196,54.208771889470519,1.9832633983343839,6.1143495999276638,2.5006207730062302,2.064016648568213,15.666889226529747,4.0476916246116161,0.27048127166926861,0.42855810653418303,0.028606593608856201,0.2709423853084445,0.64249043539166451,0.81127759162336588,0.25929199066013098,0.5198559733107686,0.61763463169336319,0.77719876170158386,0.68054396379739046,0.11260522622615099,0.5984902773052454,0.97756852302700281,0.70287456829100847,0.9674771036952734,True,,1,0,Slot__Patch;Slot__CPW_Feed_Pin;Patch__CPW_Feed_Pin,True,Slot__CPW_Feed_Pin,,Slot__CPW_Feed_Pin,,"{""Slot__CPW_Feed_Pin"": {""geometry_type"": ""MultiLineString"", ""relations"": ""overlaps"", ""wkt"": ""MULTILINESTRING ((0.5 22.09, 0 22.09), (0 22.09, -0.5 22.09))""}}",True,,,True,sobol
197,52.11933679943904,2.0134261177852748,5.9234478833153839,2.6130350466445091,1.9172992015257477,14.474583470262587,3.8678401771932838,0.77692402806133032,0.73784878104925156,0.54470072872936726,0.51791150122880936,0.34668243117630482,0.030389049090445042,0.55757655762135983,0.28092435840517282,0.025894487276673317,0.2973559033125639,0.13268358539789915,0.99208057019859552,0.13230987079441547,0.15185017138719559,0.23586349468678236,0.47754118125885725,True,,1,0,Slot__Patch;Slot__CPW_Feed_Pin;Patch__CPW_Feed_Pin,True,Slot__CPW_Feed_Pin,,Slot__CPW_Feed_Pin,,"{""Slot__CPW_Feed_Pin"": {""geometry_type"": ""MultiLineString"", ""relations"": ""overlaps"", ""wkt"": ""MULTILINESTRING ((0.5 21.8, 0 21.8), (0 21.8, -0.5 21.8))""}}",True,,,True,sobol
198,51.596555636543776,1.9351985063403845,6.2963971585035328,2.5979292468912902,1.9514430124312638,14.868297644890845,4.1574130848050119,0.66061818040907383,0.95965923275798559,0.88958422467112541,0.82935997005552053,0.12964368425309658,0.55335363280028105,0.050147873349487782,0.17388241831213236,0.95252097025513649,0.11774174775928259,0.86633110232651234,0.70042624790221453,0.83487542998045683,0.5973925618454814,0.31740856915712357,0.72230031155049801,True,,1,0,Slot__Patch;Slot__CPW_Feed_Pin;Patch__CPW_Feed_Pin,True,Slot__CPW_Feed_Pin,,Slot__CPW_Feed_Pin,,"{""Slot__CPW_Feed_Pin"": {""geometry_type"": ""MultiLineString"", ""relations"": ""overlaps"", ""wkt"": ""MULTILINESTRING ((0.5 22.05, 0 22.05), (0 22.05, -0.5 22.05))""}}",True,,,True,sobol
199,54.721155979856853,2.0677288146689534,5.7419863874092689,2.7127580707147723,2.0047263521701097,15.363308450672776,3.9270609777420757,0.16706045996397734,0.1444459967315197,0.43592122010886669,0.084370408207178116,0.86539046466350555,0.27247462701052427,0.75018109753727913,0.93158541340380907,0.41949670575559139,0.58126312587410212,0.32043911144137383,0.32184495124965906,0.42705932538956404,0.26734837330877781,0.87035623751580715,0.20709392707794905,True,,1,0,Slot__Patch;Slot__CPW_Feed_Pin;Patch__CPW_Feed_Pin,True,Slot__CPW_Feed_Pin,,Slot__CPW_Feed_Pin,,"{""Slot__CPW_Feed_Pin"": {""geometry_type"": ""MultiLineString"", ""relations"": ""overlaps"", ""wkt"": ""MULTILINESTRING ((0.5 22, 0 22), (0 22, -0.5 22))""}}",True,,,True,sobol
200,54.585626334138219,1.9597241023555398,6.2322795219719413,2.6322022405266763,1.9804480588063598,15.129595562350005,4.0002542939037085,0.31373777613043785,0.48179021943360567,0.82745843008160591,0.012809030711650848,0.97856694925576448,0.1135900067165494,0.067890847101807594,0.47709411848336458,0.5401384886354208,0.49424397945404053,0.57902055699378252,0.0045395456254482269,0.96789397764950991,0.91475688479840755,0.13356910739094019,0.66072589345276356,True,,1,0,Slot__Patch;Slot__CPW_Feed_Pin;Patch__CPW_Feed_Pin,True,Slot__CPW_Feed_Pin,,Slot__CPW_Feed_Pin,,"{""Slot__CPW_Feed_Pin"": {""geometry_type"": ""MultiLineString"", ""relations"": ""overlaps"", ""wkt"": ""MULTILINESTRING ((0.5 21.94, 0 21.94), (0 21.94, -0.5 21.94))""}}",True,,,True,sobol
201,51.085132863651957,2.0436000425368546,5.7293649332597845,2.483484829124063,2.0259196734055878,14.634406680241227,3.8840243607759475,0.82634180504828691,0.6640744861215353,0.3748637493699789,0.7599916560575366,0.02431033831089735,0.83392791915684938,0.866163763217628,0.72212554607540369,0.07413940504193306,0.95482240431010723,0.10920886974781752,0.87504272162914276,0.30929957050830126,0.21368078794330359,0.67870423104614019,0.14370553847402334,False,ValueError: producer reported invalid exported polygon(s): Patch,,0,Slot__Patch;Slot__CPW_Feed_Pin;Patch__CPW_Feed_Pin,True,Slot__CPW_Feed_Pin,,Slot__CPW_Feed_Pin,,"{""Slot__CPW_Feed_Pin"": {""geometry_type"": ""MultiLineString"", ""relations"": ""overlaps"", ""wkt"": ""MULTILINESTRING ((0.5 21.95, 0 21.95), (0 21.95, -0.5 21.95))""}}",True,,ValueError: producer reported invalid exported polygon(s): Patch,False,sobol
202,51.89775917837396,1.9093154484406112,6.1070011809468276,2.7263368475437169,2.0928256191313266,14.333750585094094,4.1907405186444526,0.73610074073076248,0.88792963419109583,0.2157798632979393,0.57147063687443733,0.49916516896337271,0.3713880842551589,0.37438603490591049,0.82696712110191584,0.90435240603983402,0.64973325934261084,0.90535652078688145,0.68245033547282219,0.73161575570702553,0.5332464911043644,0.75243685021996498,0.89992410130798817,True,,1,0,Slot__Patch;Slot__CPW_Feed_Pin;Patch__CPW_Feed_Pin,True,Slot__CPW_Feed_Pin,,Slot__CPW_Feed_Pin,,"{""Slot__CPW_Feed_Pin"": {""geometry_type"": ""MultiLineString"", ""relations"": ""overlaps"", ""wkt"": ""MULTILINESTRING ((0.5 22.19, 0 22.19), (0 22.19, -0.5 22.19))""}}",True,,,True,sobol
203,53.783397052437067,2.0877464774996044,5.8552282640710471,2.5823192200623453,1.9382979728281498,15.526244431268424,3.9249865002930164,0.24870524648576975,0.19569449312984943,0.73092816211283207,0.32620654162019491,0.51347583625465631,0.59172408934682608,0.5743770906701684,0.067565043456852436,0.49706908315420151,0.17475989554077387,0.40641580894589424,0.31101015210151672,0.014199044555425644,0.32856172043830156,0.30886323191225529,0.42013328429311514,True,,1,0,Slot__Patch;Slot__CPW_Feed_Pin;Patch__CPW_Feed_Pin,True,Slot__CPW_Feed_Pin,,Slot__CPW_Feed_Pin,,"{""Slot__CPW_Feed_Pin"": {""geometry_type"": ""MultiLineString"", ""relations"": ""overlaps"", ""wkt"": ""MULTILINESTRING ((0.5 21.95, 0 21.95), (0 21.95, -0.5 21.95))""}}",True,,,True,sobol
204,53.125920385029168,1.944677636399865,5.8087903602048749,2.5461133771575986,1.9099332274869083,15.217263068072498,4.1451820306479936,0.61357704550027847,0.83850751165300608,0.49768341146409512,0.70236963499337435,0.72480148635804653,0.38337869103997946,0.99710745271295309,0.22484854143112898,0.28874129522591829,0.059036224149167538,0.25465182028710842,0.58756231423467398,0.78555557131767273,0.75438718963414431,0.068101807497441769,0.81603725999593735,True,,1,0,Slot__Patch;Slot__CPW_Feed_Pin;Patch__CPW_Feed_Pin,True,Slot__CPW_Feed_Pin,,Slot__CPW_Feed_Pin,,"{""Slot__CPW_Feed_Pin"": {""geometry_type"": ""MultiLineString"", ""relations"": ""overlaps"", ""wkt"": ""MULTILINESTRING ((0.5 22, 0 22), (0 22, -0.5 22))""}}",True,,,True,sobol
205,52.52395870219916,2.052012058533728,6.1546028058975937,2.6893857042118912,2.0588944436982275,14.921281137038022,3.9640974823385475,0.12026012782007456,0.03122318722307682,0.95036964491009712,0.44543247483670712,0.27037011086940765,0.66524385567754507,0.20165711455047131,0.98218177910894156,0.8177297031506896,0.52326993737369776,0.80858520418405533,0.46583890449255705,0.44512250274419785,0.11526189371943474,0.62062096688896418,0.36345521826297045,True,,1,0,Slot__Patch;Slot__CPW_Feed_Pin;Patch__CPW_Feed_Pin,True,Slot__CPW_Feed_Pin,,Slot__CPW_Feed_Pin,,"{""Slot__CPW_Feed_Pin"": {""geometry_type"": ""MultiLineString"", ""relations"": ""overlaps"", ""wkt"": ""MULTILINESTRING ((0.5 22.08, 0 22.08), (0 22.08, -0.5 22.08))""}}",True,,,True,sobol
206,50.355319695547216,1.9989805150777102,5.926965563558042,2.5117719485796988,2.0223595928400755,14.608918004203588,4.0606558635830883,0.44219052419066429,0.30739858467131853,0.60743949748575687,0.135786690749228,0.23740409687161446,0.12552530039101839,0.69514316786080599,0.56288752611726522,0.14135483745485544,0.84299959242343903,0.19847282860428095,0.22642395552247763,0.52183379326015711,0.63941685017198324,0.95216708816587925,0.62359484285116196,True,,1,0,Slot__Patch;Slot__CPW_Feed_Pin;Patch__CPW_Feed_Pin,True,Slot__CPW_Feed_Pin,,Slot__CPW_Feed_Pin,,"{""Slot__CPW_Feed_Pin"": {""geometry_type"": ""MultiLineString"", ""relations"": ""overlaps"", ""wkt"": ""MULTILINESTRING ((0.5 22.08, 0 22.08), (0 22.08, -0.5 22.08))""}}",True,,,True,sobol
207,55.304946315754208,2.0039469609037042,6.0358406100422144,2.660758630745113,1.9713215958327055,15.625619511120021,3.8300720136612654,0.94887312967330217,0.62463378719985485,0.092321716248989105,0.88689097203314304,0.75190621800720692,0.90738092828541994,0.4889109693467617,0.32383029442280531,0.73662736546248198,0.36387884430587292,0.73829184379428625,0.8471321864053607,0.24022302869707346,0.49680495075881481,0.48558248952031136,0.071523589082062244,True,,1,0,Slot__Patch;Slot__CPW_Feed_Pin;Patch__CPW_Feed_Pin,True,Slot__CPW_Feed_Pin,,Slot__CPW_Feed_Pin,,"{""Slot__CPW_Feed_Pin"": {""geometry_type"": ""MultiLineString"", ""relations"": ""overlaps"", ""wkt"": ""MULTILINESTRING ((0.5 21.8, 0 21.8), (0 21.8, -0.5 21.8))""}}",True,,,True,sobol
208,55.088971026148648,1.9929557811468839,5.7058134052902449,2.5903134691528975,2.0758549913764002,14.984086342155933,3.9951066114008427,0.47162117809057236,0.64124094415456057,0.51395499240607023,0.92232923582196236,0.68482047505676746,0.28672370221465826,0.30893791373819113,0.70459784660488367,0.33039509039372206,0.3791973227635026,0.91839248221367598,0.17685496620833874,0.67936685122549534,0.23438578471541405,0.35415478982031345,0.12233965285122395,True,,1,0,Slot__Patch;Slot__CPW_Feed_Pin;Patch__CPW_Feed_Pin,True,Slot__CPW_Feed_Pin,,Slot__CPW_Feed_Pin,,"{""Slot__CPW_Feed_Pin"": {""geometry_type"": ""MultiLineString"", ""relations"": ""overlaps"", ""wkt"": ""MULTILINESTRING ((0.5 22.07, 0 22.07), (0 22.07, -0.5 22.07))""}}",True,,,True,sobol
209,50.597315436415371,2.0103743599727748,6.2575794568285357,2.7020924744755033,1.9303109452128411,15.250771423336118,4.1143638748675588,0.98202651087194681,0.4589547123759985,0.061306902207434177,0.17902225907891989,0.32779001072049141,0.50413189735263586,0.51481902413070202,0.46336991060525179,0.7974937567487359,0.92179732676595449,0.39386613387614489,0.79853926785290241,0.082082482054829597,0.87742600310593843,0.83264123275876045,0.5731974309310317,True,,1,0,Slot__Patch;Slot__CPW_Feed_Pin;Patch__CPW_Feed_Pin,True,Slot__CPW_Feed_Pin,,Slot__CPW_Feed_Pin,,"{""Slot__CPW_Feed_Pin"": {""geometry_type"": ""MultiLineString"", ""relations"": ""overlaps"", ""wkt"": ""MULTILINESTRING ((0.5 22.06, 0 22.06), (0 22.06, -0.5 22.06))""}}",True,,,True,sobol
210,52.393340188637374,1.9385920610278844,5.8799425106495615,2.4919876655749973,1.9884278414770962,15.592477386351675,3.810772716999054,0.58050806447863579,0.23513197991997004,0.40422847028821707,0.4885454997420311,0.1644660085439682,0.04446121770888567,0.0063480185344815254,0.11703964043408632,0.22390571143478155,0.72560491226613522,0.5972292460501194,0.51115117780864239,0.8804656071588397,0.36987130157649517,0.71886856760829687,0.31282989867031574,True,,1,0,Slot__Patch;Slot__CPW_Feed_Pin;Patch__CPW_Feed_Pin,True,Slot__CPW_Feed_Pin,,Slot__CPW_Feed_Pin,,"{""Slot__CPW_Feed_Pin"": {""geometry_type"": ""MultiLineString"", ""relations"": ""overlaps"", ""wkt"": ""MULTILINESTRING ((0.5 21.74, 0 21.74), (0 21.74, -0.5 21.74))""}}",True,,,True,sobol
211,53.2826401819475,2.0584758849814535,6.0828639669343829,2.6074497760087252,2.0428845820948482,14.546478979289532,4.079749405011535,0.090912920422852039,0.92736527509987354,0.91932335961610079,0.73768536280840635,0.83838075958192348,0.76186750549823046,0.80269848927855492,0.87124061677604914,0.63253275770694017,0.19984089583158493,0.090509900823235512,0.39040383882820606,0.34984721522778273,0.5085704242810607,0.21694752667099237,0.86708313878625631,True,,1,0,Slot__Patch;Slot__CPW_Feed_Pin;Patch__CPW_Feed_Pin,True,Slot__CPW_Feed_Pin,,Slot__CPW_Feed_Pin,,"{""Slot__CPW_Feed_Pin"": {""geometry_type"": ""MultiLineString"", ""relations"": ""overlaps"", ""wkt"": ""MULTILINESTRING ((0.5 22.18, 0 22.18), (0 22.18, -0.5 22.18))""}}",True,,,True,sobol
212,53.960515146143734,1.9028513314202427,6.1852584728971127,2.6357525369897488,2.0088622350245715,14.708564343396574,3.8501797210425135,0.71091214939951897,0.038431816734373569,0.18431014660745859,0.36164523009210825,0.92333501670509577,0.21227445919066668,0.62972512282431126,0.96798693295568228,0.5907088965177536,0.064592963084578514,0.24245699495077133,0.72664873767644167,0.5750609477981925,0.090617298148572445,0.41393137350678444,0.40068260580301285,True,,1,0,Slot__Patch;Slot__CPW_Feed_Pin;Patch__CPW_Feed_Pin,True,Slot__CPW_Feed_Pin,,Slot__CPW_Feed_Pin,,"{""Slot__CPW_Feed_Pin"": {""geometry_type"": ""MultiLineString"", ""relations"": ""overlaps"", ""wkt"": ""MULTILINESTRING ((0.5 21.76, 0 21.76), (0 21.76, -0.5 21.76))""}}",True,,,True,sobol
213,51.704891363810745,2.0938321527093651,5.7763857141137116,2.5205279183574021,1.9597766119986773,15.151018870063126,4.0342916235327717,0.21149314660578966,0.84571799077093601,0.63692771922796965,0.61470674909651279,0.066005817614495754,0.9931630315259099,0.42932185810059309,0.20779529493302107,0.060622813180088997,0.60303983837366104,0.69479401968419552,0.35618465486913919,0.17136516328901052,0.79560807906091213,0.90029064752161503,0.9199155243113637,True,,1,0,Slot__Patch;Slot__CPW_Feed_Pin;Patch__CPW_Feed_Pin,True,Slot__CPW_Feed_Pin,,Slot__CPW_Feed_Pin,,"{""Slot__CPW_Feed_Pin"": {""geometry_type"": ""MultiLineString"", ""relations"": ""overlaps"", ""wkt"": ""MULTILINESTRING ((0.5 22.09, 0 22.09), (0 22.09, -0.5 22.09))""}}",True,,,True,sobol
214,51.182150794658803,1.9532968001440167,6.0040222244337205,2.6659027690067889,1.9214839363470673,15.504454937763512,3.9408582422882317,0.35104858130216599,0.56957120914012194,0.79602018464356661,0.80310616362839937,0.4104878781363368,0.4543595602735877,0.93559470027685165,0.36857919674366713,0.98043188080191612,0.7826389754191041,0.30441906955093145,0.084369097836315632,0.87396219186484814,0.45944069046527147,0.54433144722133875,0.16343847662210464,True,,1,0,Slot__Patch;Slot__CPW_Feed_Pin;Patch__CPW_Feed_Pin,True,Slot__CPW_Feed_Pin,,Slot__CPW_Feed_Pin,,"{""Slot__CPW_Feed_Pin"": {""geometry_type"": ""MultiLineString"", ""relations"": ""overlaps"", ""wkt"": ""MULTILINESTRING ((0.5 21.82, 0 21.82), (0 21.82, -0.5 21.82))""}}",True,,,True,sobol
215,54.472939514368775,2.0496244888752697,5.9582074888050558,2.553346684295684,2.0723990524187683,14.259226697031409,4.1746647380292421,0.85163005534559488,0.25233797542750835,0.28083374258130789,0.048126121982932091,0.58471423853188753,0.73523859586566687,0.13816079590469599,0.61189053114503622,0.38381753675639629,0.26054362114518881,0.75832773838192225,0.95584837440401316,0.4036004301160574,0.6602124460041523,0.018910705111920834,0.64153560716658831,True,,1,0,Slot__Patch;Slot__CPW_Feed_Pin;Patch__CPW_Feed_Pin,True,Slot__CPW_Feed_Pin,,Slot__CPW_Feed_Pin,,"{""Slot__CPW_Feed_Pin"": {""geometry_type"": ""MultiLineString"", ""relations"": ""overlaps"", ""wkt"": ""MULTILINESTRING ((0.5 22.29, 0 22.29), (0 22.29, -0.5 22.29))""}}",True,,,True,sobol
216,54.83363777752966,1.9291258785873651,6.0676226729527114,2.5051717977784573,1.947162578254938,14.493443298619241,3.8979557134211062,0.62721314840018749,0.12191460188478231,0.98303800541907549,0.1037560198456049,0.6978561133146286,0.89422994945198298,0.94610719289630651,0.035071208141744137,0.51323672942817211,0.66005823574960232,0.01591828465461731,0.65624356642365456,0.99131007492542267,0.028791330754756927,0.96938202530145645,0.21916031464934349,True,,1,0,Slot__Patch;Slot__CPW_Feed_Pin;Patch__CPW_Feed_Pin,True,Slot__CPW_Feed_Pin,,Slot__CPW_Feed_Pin,,"{""Slot__CPW_Feed_Pin"": {""geometry_type"": ""MultiLineString"", ""relations"": ""overlaps"", ""wkt"": ""MULTILINESTRING ((0.5 21.77, 0 21.77), (0 21.77, -0.5 21.77))""}}",True,,,True,sobol
217,51.499500112887468,2.0742044413462284,5.9701745420694348,2.6490774075686936,2.0965159453451636,15.738483404740691,4.0177624840289354,0.13786643650382757,0.80620718374848366,0.46696676220744848,0.85654275957494974,0.30512786470353603,0.17389212641865015,0.24575372599065304,0.78914656769484282,0.10887454077601433,0.13306284695863724,0.54633454792201519,0.27668524533510208,0.27026132494211197,0.85840743873268366,0.46739870868623257,0.7107899272814393,True,,1,0,Slot__Patch;Slot__CPW_Feed_Pin;Patch__CPW_Feed_Pin,True,Slot__CPW_Feed_Pin,,Slot__CPW_Feed_Pin,,"{""Slot__CPW_Feed_Pin"": {""geometry_type"": ""MultiLineString"", ""relations"": ""overlaps"", ""wkt"": ""MULTILINESTRING ((0.5 22.19, 0 22.19), (0 22.19, -0.5 22.19))""}}",True,,,True,sobol
218,52.312085517961528,1.9772275853902102,6.1931240977719426,2.5364646466635166,2.034735426865518,15.292080452665687,3.9070942997932434,0.29957658983767033,0.52801575046032667,0.12209184560924768,0.54497269354760647,0.21845472045242786,0.65202659647911787,0.73636798281222582,0.63056398462504148,0.93222598917782307,0.43816749099642038,0.46845970209687948,0.032760877162218094,0.69254604075103998,0.3982167337089777,0.10362708289176226,0.46629118546843529,True,,1,0,Slot__Patch;Slot__CPW_Feed_Pin;Patch__CPW_Feed_Pin,True,Slot__CPW_Feed_Pin,,Slot__CPW_Feed_Pin,,"{""Slot__CPW_Feed_Pin"": {""geometry_type"": ""MultiLineString"", ""relations"": ""overlaps"", ""wkt"": ""MULTILINESTRING ((0.5 21.92, 0 21.92), (0 21.92, -0.5 21.92))""}}",True,,,True,sobol
219,54.031368533894423,2.0198405155912043,5.8452597163617606,2.6848160566389563,1.9840895807370544,14.849804047029465,4.1771816369146109,0.8102294011041522,0.33780442178249359,0.57571670692414045,0.29020639229565859,0.79429297521710396,0.43169068079441786,0.43895335868000984,0.38896629121154547,0.46133542060852051,0.97952682431787252,0.96928916219621897,0.91125919669866562,0.037644707597792149,0.72436149697750807,0.58217378240078688,0.97928501013666391,True,,1,0,Slot__Patch;Slot__CPW_Feed_Pin;Patch__CPW_Feed_Pin,True,Slot__CPW_Feed_Pin,,Slot__CPW_Feed_Pin,,"{""Slot__CPW_Feed_Pin"": {""geometry_type"": ""MultiLineString"", ""relations"": ""overlaps"", ""wkt"": ""MULTILINESTRING ((0.5 22.18, 0 22.18), (0 22.18, -0.5 22.18))""}}",True,,,True,sobol
220,53.374177128355953,1.9625805476680398,5.8914173919707533,2.7217669859156017,1.9672421466559171,14.405420838855207,3.9538217078894378,0.42900792695581913,0.69841365050524473,0.34015072789043188,0.66416632290929556,0.94399218540638685,0.60884702485054731,0.10972885973751545,0.29429761413484812,0.25315931160002947,0.84917705599218607,0.81679278146475554,0.19037528242915869,0.76214138139039278,0.17353602778166533,0.79479794763028622,0.2572083231061697,True,,1,0,Slot__Patch;Slot__CPW_Feed_Pin;Patch__CPW_Feed_Pin,True,Slot__CPW_Feed_Pin,,Slot__CPW_Feed_Pin,,"{""Slot__CPW_Feed_Pin"": {""geometry_type"": ""MultiLineString"", ""relations"": ""overlaps"", ""wkt"": ""MULTILINESTRING ((0.5 21.88, 0 21.88), (0 21.88, -0.5 21.88))""}}",True,,,True,sobol
221,52.938404137827455,2.0341029722243547,6.1458212977275259,2.5726702077127994,2.0138841103762388,15.451231111306697,4.136895821988583,0.9298292500898242,0.38912100344896317,0.85631352383643389,0.42113387957215309,0.051072482950985432,0.32698194961994886,0.8155910475179553,0.53773462492972612,0.84550885763019323,0.32632931228727102,0.37046771217137575,0.81871241610497236,0.48416265565901995,0.94120133109390736,0.26943936198949814,0.7976808724924922,True,,1,0,Slot__Patch;Slot__CPW_Feed_Pin;Patch__CPW_Feed_Pin,True,Slot__CPW_Feed_Pin,,Slot__CPW_Feed_Pin,,"{""Slot__CPW_Feed_Pin"": {""geometry_type"": ""MultiLineString"", ""relations"": ""overlaps"", ""wkt"": ""MULTILINESTRING ((0.5 22.19, 0 22.19), (0 22.19, -0.5 22.19))""}}",True,,,True,sobol
222,50.769724537432189,1.9183730656281113,5.7728724684566251,2.6205212372168898,2.0548638464882969,15.016558442730457,3.8379479143768549,0.50762092880904675,0.16728195454925299,0.70308062713593245,0.23062660824507475,0.45659518335014582,0.85098362062126398,0.32278017699718475,0.88577078003436327,0.1759364465251565,0.006615152582526207,0.63633095845580101,0.62159725930541754,0.56090541556477547,0.307671376504004,0.16347924154251814,0.057073568925261497,True,,1,0,Slot__Patch;Slot__CPW_Feed_Pin;Patch__CPW_Feed_Pin,True,Slot__CPW_Feed_Pin,,Slot__CPW_Feed_Pin,,"{""Slot__CPW_Feed_Pin"": {""geometry_type"": ""MultiLineString"", ""relations"": ""overlaps"", ""wkt"": ""MULTILINESTRING ((0.5 21.81, 0 21.81), (0 21.81, -0.5 21.81))""}}",True,,,True,sobol
223,55.553162781242285,2.0845482353121043,6.2637810526415709,2.4768849543668328,1.9015065493062138,14.750051482580602,4.0713273547589779,0.0084427287802100182,0.98249333724379539,0.24948628339916468,0.97955296188592911,0.53260820265859365,0.069128082133829594,0.61908120755106211,0.12594895903021097,0.70981425326317549,0.54431893676519394,0.17641030438244343,0.49236603360623121,0.21677927300333977,0.57174326479434967,0.64977813977748156,0.51344158034771681,True,,1,0,Slot__Patch;Slot__CPW_Feed_Pin;Patch__CPW_Feed_Pin,True,Slot__CPW_Feed_Pin,,Slot__CPW_Feed_Pin,,"{""Slot__CPW_Feed_Pin"": {""geometry_type"": ""MultiLineString"", ""relations"": ""overlaps"", ""wkt"": ""MULTILINESTRING ((0.5 22.06, 0 22.06), (0 22.06, -0.5 22.06))""}}",True,,,True,sobol
224,55.599433197267359,1.9747240101918577,6.101288556866348,2.5592092103883624,2.0012925207614898,14.829587536398321,3.8046498458832501,0.15308491420000792,0.44210738688707352,0.65587172470986843,0.51407201122492552,0.25792682636529207,0.82471247855573893,0.10198014881461859,0.35331158060580492,0.26692962180823088,0.61229382362216711,0.44697087816894054,0.9475601352751255,0.10392460227012634,0.64796509500592947,0.15419756155461073,0.98850905243307352,True,,1,0,Slot__Patch;Slot__CPW_Feed_Pin;Patch__CPW_Feed_Pin,True,Slot__CPW_Feed_Pin,,Slot__CPW_Feed_Pin,,"{""Slot__CPW_Feed_Pin"": {""geometry_type"": ""MultiLineString"", ""relations"": ""overlaps"", ""wkt"": ""MULTILINESTRING ((0.5 21.78, 0 21.78), (0 21.78, -0.5 21.78))""}}",True,,,True,sobol
225,50.735125000309196,2.0282017730176447,5.8609414245933289,2.6702279832400384,1.9550412535667419,15.313075211830437,4.0860775068402289,0.64420593716204166,0.62688640784472227,0.17096658423542976,0.25908821076154709,0.74507241230458021,0.1065699839964509,0.83897382579743862,0.59590625111013651,0.86293358448892832,0.087260366417467594,0.99076859652996063,0.077026434242725372,0.63457360118627548,0.4745981227606535,0.66002508718520403,0.44095386192202568,True,,1,0,Slot__Patch;Slot__CPW_Feed_Pin;Patch__CPW_Feed_Pin,True,Slot__CPW_Feed_Pin,,Slot__CPW_Feed_Pin,,"{""Slot__CPW_Feed_Pin"": {""geometry_type"": ""MultiLineString"", ""relations"": ""overlaps"", ""wkt"": ""MULTILINESTRING ((0.5 22.07, 0 22.07), (0 22.07, -0.5 22.07))""}}",True,,,True,sobol
226,52.914152036700401,1.9189316859468817,6.2379921382293109,2.5228380195423958,1.9137196732684969,15.719228577800095,3.9886875215917827,0.79322183039039373,0.91095274314284325,0.26193595863878727,0.072611606679856777,0.7785250460729003,0.56700405012816191,0.33077758271247149,0.95270405057817698,0.16235878225415945,0.26729419827461243,0.0061559611931443214,0.36352332308888435,0.33627320919185877,0.77853942383080721,0.7728173490613699,0.69645439926534891,True,,1,0,Slot__Patch;Slot__CPW_Feed_Pin;Patch__CPW_Feed_Pin,True,Slot__CPW_Feed_Pin,,Slot__CPW_Feed_Pin,,"{""Slot__CPW_Feed_Pin"": {""geometry_type"": ""MultiLineString"", ""relations"": ""overlaps"", ""wkt"": ""MULTILINESTRING ((0.5 21.82, 0 21.82), (0 21.82, -0.5 21.82))""}}",True,,,True,sobol
227,53.430793084949258,2.0777563162148001,5.723651780560612,2.6395681720413271,2.0674676192924379,14.515032770577818,4.1205914668738846,0.28434237651526928,0.22025117184966803,0.80928795784711838,0.82566924765706062,0.23423791024833918,0.34886727761477232,0.59546596184372902,0.19182628113776445,0.69207862485200167,0.80671115033328533,0.55610298272222281,0.73493298143148422,0.93358848337084055,0.10864385589957237,0.2904244139790535,0.24863256141543388,True,,1,0,Slot__Patch;Slot__CPW_Feed_Pin;Patch__CPW_Feed_Pin,True,Slot__CPW_Feed_Pin,,Slot__CPW_Feed_Pin,,"{""Slot__CPW_Feed_Pin"": {""geometry_type"": ""MultiLineString"", ""relations"": ""overlaps"", ""wkt"": ""MULTILINESTRING ((0.5 22.27, 0 22.27), (0 22.27, -0.5 22.27))""}}",True,,,True,sobol
228,54.139725510682915,1.9335693754255772,5.9397100053727625,2.6026165327988564,2.0843028459697961,14.729755215346813,3.9472344107925892,0.91581621672958136,0.8625948466360569,0.044361788779497147,0.19951187632977962,0.004039054736495018,0.67214181553572416,0.95398679561913013,0.10107202362269163,0.53114371746778488,0.92635254561901093,0.65391174424439669,0.39771594014018774,0.14170839358121157,0.55790801718831062,0.078734797425568104,0.51874408405274153,True,,1,0,Slot__Patch;Slot__CPW_Feed_Pin;Patch__CPW_Feed_Pin,True,Slot__CPW_Feed_Pin,,Slot__CPW_Feed_Pin,,"{""Slot__CPW_Feed_Pin"": {""geometry_type"": ""MultiLineString"", ""relations"": ""overlaps"", ""wkt"": ""MULTILINESTRING ((0.5 21.97, 0 21.97), (0 21.97, -0.5 21.97))""}}",True,,,True,sobol
229,52.173942467384038,2.0634910007938743,6.0230967761948708,2.4866326725482937,1.9345587823539971,15.037449841853231,4.1684922743588686,0.41273230127990246,0.052815890870988369,0.52917537651956081,0.94864786136895418,0.99101035296916962,0.39247206877917051,0.22225722204893827,0.85596015956252813,0.12215043045580387,0.40546485595405102,0.1588353319093585,0.51946986000984907,0.61204002518206835,0.32149161119014025,0.60806155484169722,0.035657783970236778,True,,1,0,Slot__Patch;Slot__CPW_Feed_Pin;Patch__CPW_Feed_Pin,True,Slot__CPW_Feed_Pin,,Slot__CPW_Feed_Pin,,"{""Slot__CPW_Feed_Pin"": {""geometry_type"": ""MultiLineString"", ""relations"": ""overlaps"", ""wkt"": ""MULTILINESTRING ((0.5 22.16, 0 22.16), (0 22.16, -0.5 22.16))""}}",True,,,True,sobol
230,51.371714607253665,1.9854678623378277,5.7960459083318705,2.6987848693691197,1.9966811457648874,15.431895812507719,3.8562600642442701,0.024702618829905987,0.26871906220912933,0.93631380051374435,0.6332950834184885,0.51664166525006294,0.93002381268888712,0.72874370217323303,0.68861497845500708,0.91498084738850594,0.21080577280372381,0.83045980520546436,0.79022446181625128,0.40935978665947914,0.92377240024507046,0.96304040402173996,0.79504880588501692,True,,1,0,Slot__Patch;Slot__CPW_Feed_Pin;Patch__CPW_Feed_Pin,True,Slot__CPW_Feed_Pin,,Slot__CPW_Feed_Pin,,"{""Slot__CPW_Feed_Pin"": {""geometry_type"": ""MultiLineString"", ""relations"": ""overlaps"", ""wkt"": ""MULTILINESTRING ((0.5 21.84, 0 21.84), (0 21.84, -0.5 21.84))""}}",True,,,True,sobol
231,54.952350403834139,2.0178547328338028,6.1673466498032212,2.5874958339333536,2.0469363430514931,14.426907666027546,4.028018256649375,0.52161918021738529,0.58442057948559523,0.38893128372728825,0.38998434785753489,0.47254646010696888,0.15036741737276316,0.46220883075147867,0.44810470473021269,0.4472717996686697,0.74656142387539148,0.35679147765040398,0.16954674106091261,0.81302514299750328,0.19094946887344122,0.47277512215077877,0.27497710846364498,True,,1,0,Slot__Patch;Slot__CPW_Feed_Pin;Patch__CPW_Feed_Pin,True,Slot__CPW_Feed_Pin,,Slot__CPW_Feed_Pin,,"{""Slot__CPW_Feed_Pin"": {""geometry_type"": ""MultiLineString"", ""relations"": ""overlaps"", ""wkt"": ""MULTILINESTRING ((0.5 22.09, 0 22.09), (0 22.09, -0.5 22.09))""}}",True,,,True,sobol
232,54.365880224388093,1.909453292004764,5.8256069608032703,2.4730514161661263,1.9725634895265103,14.567461534403265,3.9009185951203107,0.99654690641909838,0.78980096615850925,0.87447884678840637,0.45715694595128298,0.37478124257177114,0.49479121621698141,0.65322520490735769,0.90198205690830946,0.57670219801366329,0.33334024250507355,0.61481210310012102,0.46939879469573498,0.29184428788721561,0.62010769825428724,0.52334529254585505,0.85262542124837637,True,,1,0,Slot__Patch;Slot__CPW_Feed_Pin;Patch__CPW_Feed_Pin,True,Slot__CPW_Feed_Pin,,Slot__CPW_Feed_Pin,,"{""Slot__CPW_Feed_Pin"": {""geometry_type"": ""MultiLineString"", ""relations"": ""overlaps"", ""wkt"": ""MULTILINESTRING ((0.5 21.78, 0 21.78), (0 21.78, -0.5 21.78))""}}",True,,,True,sobol
233,51.321583930589256,2.0934726700186732,6.2110456483438616,2.6182290391810241,2.0212584637105464,15.572272990364581,4.1835549429059027,0.4874199740588665,0.10702841822057962,0.32810367830097675,0.70607942901551723,0.63787502143532038,0.71391033288091421,0.4214539360255003,0.14098576363176107,0.043434713035821915,0.8739654403179884,0.072936969809234142,0.59768347628414631,0.94677598960697651,0.25831852294504642,0.040892585180699825,0.34242433495819569,True,,1,0,Slot__Patch;Slot__CPW_Feed_Pin;Patch__CPW_Feed_Pin,True,Slot__CPW_Feed_Pin,,Slot__CPW_Feed_Pin,,"{""Slot__CPW_Feed_Pin"": {""geometry_type"": ""MultiLineString"", ""relations"": ""overlaps"", ""wkt"": ""MULTILINESTRING ((0.5 22.3, 0 22.3), (0 22.3, -0.5 22.3))""}}",True,,,True,sobol
234,51.833969442546362,1.9590080169960855,5.9886828973889354,2.5683311196044087,2.0599906405434014,15.272348691243678,3.8916855875402687,0.075160377658903599,0.3209479283541441,0.23127467557787895,0.89069613162428141,0.85442716348916292,0.23702747095376253,0.9123428063467145,0.3105241572484374,0.99377291835844517,0.5528548052534461,0.93206133879721165,0.84262208454310894,0.024330343119800091,0.98462239000946283,0.4036838598549366,0.58205514308065176,True,,1,0,Slot__Patch;Slot__CPW_Feed_Pin;Patch__CPW_Feed_Pin,True,Slot__CPW_Feed_Pin,,Slot__CPW_Feed_Pin,,"{""Slot__CPW_Feed_Pin"": {""geometry_type"": ""MultiLineString"", ""relations"": ""overlaps"", ""wkt"": ""MULTILINESTRING ((0.5 21.91, 0 21.91), (0 21.91, -0.5 21.91))""}}",True,,,True,sobol
235,53.843097639922057,2.0376801401376725,6.0485567042604087,2.7159183336980646,1.9086848279461264,14.964843629859388,4.0238456897437569,0.56603296846151352,0.51367135066539049,0.71520352177321911,0.14765993691980839,0.14846538286656141,0.95614086557179689,0.1457967571914196,0.55275616329163313,0.40178955346345901,0.029024110175669193,0.38019170239567757,0.21333840675652027,0.74540928285568953,0.12717436999082565,0.90957319177687168,0.097368659451603889,True,,1,0,Slot__Patch;Slot__CPW_Feed_Pin;Patch__CPW_Feed_Pin,True,Slot__CPW_Feed_Pin,,Slot__CPW_Feed_Pin,,"{""Slot__CPW_Feed_Pin"": {""geometry_type"": ""MultiLineString"", ""relations"": ""overlaps"", ""wkt"": ""MULTILINESTRING ((0.5 21.97, 0 21.97), (0 21.97, -0.5 21.97))""}}",True,,,True,sobol
236,53.237662536464633,1.9947393953800201,6.2833597881719481,2.6876158506982031,1.942719381675124,14.280128780286759,3.844273156672716,0.1967743868008256,0.40549578331410885,0.45070876367390156,0.77150250226259232,0.11325668171048164,0.0062792347744107246,0.28556633926928043,0.64558698702603579,0.31272449064999819,0.14379788842052221,0.2829322274774313,0.93520354200154543,0.45476552750915289,0.7091888040304184,0.71349325682967901,0.63878135103732347,False,ValueError: producer reported invalid exported polygon(s): Patch,,0,Slot__Patch;Slot__CPW_Feed_Pin;Patch__CPW_Feed_Pin,True,Slot__CPW_Feed_Pin,,Slot__CPW_Feed_Pin,,"{""Slot__CPW_Feed_Pin"": {""geometry_type"": ""MultiLineString"", ""relations"": ""overlaps"", ""wkt"": ""MULTILINESTRING ((0.5 21.78, 0 21.78), (0 21.78, -0.5 21.78))""}}",True,,ValueError: producer reported invalid exported polygon(s): Patch,False,sobol
237,52.429235043283548,2.0023210166022181,5.7550232212990515,2.5397900929301978,2.088654076680541,15.48414789699018,4.0652012396603823,0.69345014542341232,0.71326838899403811,0.99711444973945618,0.016732449643313885,0.87603837437927723,0.78887872863560915,0.52257179003208876,0.40519517753273249,0.78398124035447836,0.68026802036911249,0.77980918437242508,0.055697673000395298,0.79886082466691732,0.41044882778078318,0.2232878664508462,0.18132945150136948,True,,1,0,Slot__Patch;Slot__CPW_Feed_Pin;Patch__CPW_Feed_Pin,True,Slot__CPW_Feed_Pin,,Slot__CPW_Feed_Pin,,"{""Slot__CPW_Feed_Pin"": {""geometry_type"": ""MultiLineString"", ""relations"": ""overlaps"", ""wkt"": ""MULTILINESTRING ((0.5 22.16, 0 22.16), (0 22.16, -0.5 22.16))""}}",True,,,True,sobol
238,50.622865342814471,1.949103309214115,6.1273869803175334,2.6544184647314255,2.0300976799800994,15.172516381368041,3.9600521594285967,0.86913735885173082,0.99937936849892139,0.59192943386733532,0.33028635755181313,0.60040993057191372,0.26411355193704367,0.029974468052387238,0.050109461881220341,0.24138747993856668,0.98483067750930786,0.23269641492515802,0.25375268328934908,0.22227947227656841,0.84036562032997608,0.32826758362352848,0.92485169786959887,True,,1,0,Slot__Patch;Slot__CPW_Feed_Pin;Patch__CPW_Feed_Pin,True,Slot__CPW_Feed_Pin,,Slot__CPW_Feed_Pin,,"{""Slot__CPW_Feed_Pin"": {""geometry_type"": ""MultiLineString"", ""relations"": ""overlaps"", ""wkt"": ""MULTILINESTRING ((0.5 21.93, 0 21.93), (0 21.93, -0.5 21.93))""}}",True,,,True,sobol
239,55.033645273372535,2.0542192978784444,5.9104110393673182,2.5100189768522978,1.9760316358879209,14.689218271058053,4.1304799761623148,0.36581359431147575,0.18165588472038507,0.10809214040637016,0.58306922670453787,0.39474640786647797,0.5466996943578124,0.79470513854175806,0.80536020267754793,0.64635999035090208,0.4646629523485899,0.7045642277225852,0.63230345491319895,0.50022753141820431,0.0458447290584445,0.85753265395760536,0.37963315099477768,True,,1,0,Slot__Patch;Slot__CPW_Feed_Pin;Patch__CPW_Feed_Pin,True,Slot__CPW_Feed_Pin,,Slot__CPW_Feed_Pin,,"{""Slot__CPW_Feed_Pin"": {""geometry_type"": ""MultiLineString"", ""relations"": ""overlaps"", ""wkt"": ""MULTILINESTRING ((0.5 22.16, 0 22.16), (0 22.16, -0.5 22.16))""}}",True,,,True,sobol
240,55.184947641752665,1.942626992613077,6.1991296861320739,2.708432639036328,2.0710954083129764,15.547685465309769,4.0943446420133114,0.84351388458162546,0.083231100812554359,0.56095920410007238,0.60282205883413553,0.039589986205101013,0.16736069042235613,0.97384650446474552,0.15884558018296957,0.30249789636582136,0.29199386481195688,0.88386765401810408,0.32918321713805199,0.064870153553783894,0.28348290268331766,0.98976919986307621,0.42262811120599508,True,,1,0,Slot__Patch;Slot__CPW_Feed_Pin;Patch__CPW_Feed_Pin,True,Slot__CPW_Feed_Pin,,Slot__CPW_Feed_Pin,,"{""Slot__CPW_Feed_Pin"": {""geometry_type"": ""MultiLineString"", ""relations"": ""overlaps"", ""wkt"": ""MULTILINESTRING ((0.5 22.11, 0 22.11), (0 22.11, -0.5 22.11))""}}",True,,,True,sobol
241,50.48698924845084,2.0602927586063742,5.8392535915598272,2.5920664423331621,1.9225247455760837,14.314369448460639,3.8149309609085318,0.32877696305513382,0.76600561384111643,0.014530626125633717,0.35783625580370426,0.96327204070985317,0.88550321478396654,0.20928399544209242,0.91537414770573378,0.83515597973018885,0.75063941534608603,0.42789523024111986,0.70871101319789886,0.65800401289016008,0.5783098042011261,0.44896847382187843,0.88229255564510822,True,,1,0,Slot__Patch;Slot__CPW_Feed_Pin;Patch__CPW_Feed_Pin,True,Slot__CPW_Feed_Pin,,Slot__CPW_Feed_Pin,,"{""Slot__CPW_Feed_Pin"": {""geometry_type"": ""MultiLineString"", ""relations"": ""overlaps"", ""wkt"": ""MULTILINESTRING ((0.5 21.8, 0 21.8), (0 21.8, -0.5 21.8))""}}",True,,,True,sobol
242,52.665976322907952,1.9883243076503276,6.061617074534297,2.6092196280695501,1.9587178468704223,14.655343794263899,4.1099253162741665,0.23365032393485308,0.55211472325026989,0.41970897000283003,0.044404883868992329,0.56018859334290028,0.40965750720351934,0.71863610297441483,0.50483438652008772,0.12777180876582861,0.57059008441865444,0.5692581869661808,0.98379192873835564,0.35973509028553963,0.16499350499361753,0.12426221277564764,0.13850993569940329,True,,1,0,Slot__Patch;Slot__CPW_Feed_Pin;Patch__CPW_Feed_Pin,True,Slot__CPW_Feed_Pin,,Slot__CPW_Feed_Pin,,"{""Slot__CPW_Feed_Pin"": {""geometry_type"": ""MultiLineString"", ""relations"": ""overlaps"", ""wkt"": ""MULTILINESTRING ((0.5 22.05, 0 22.05), (0 22.05, -0.5 22.05))""}}",True,,,True,sobol
243,53.01626661978662,2.0083576625213029,5.976180676929653,2.4983109512552617,2.0101464450359345,15.109345054719597,3.9807925473898651,0.71891387924551964,0.35939314682036638,0.90358440671116114,0.79137787781655788,0.4524371512234211,0.62779430951923132,0.48103587422519922,0.26469784136861563,0.71890163142234087,0.097592033445835114,0.11897728778421879,0.10526308417320251,0.89450446888804436,0.96342913992702961,0.56350322160869837,0.68203477747738361,True,,1,0,Slot__Patch;Slot__CPW_Feed_Pin;Patch__CPW_Feed_Pin,True,Slot__CPW_Feed_Pin,,Slot__CPW_Feed_Pin,,"{""Slot__CPW_Feed_Pin"": {""geometry_type"": ""MultiLineString"", ""relations"": ""overlaps"", ""wkt"": ""MULTILINESTRING ((0.5 22, 0 22), (0 22, -0.5 22))""}}",True,,,True,sobol
244,53.725479884725068,1.9529710805043579,5.7598350534215568,2.5345160163939,2.0385233977809549,15.647163178771734,4.1509909506887199,0.10429349262267351,0.72144061885774136,0.13732120115309954,0.16741222515702248,0.28584836702793837,0.33558663632720709,0.091509184800088406,0.41808134410530329,0.55805918574333191,0.23184426687657833,0.21605365723371506,0.76182000990957022,0.18076474964618683,0.38916497863829136,0.80564932897686958,0.085752454586327076,True,,1,0,Slot__Patch;Slot__CPW_Feed_Pin;Patch__CPW_Feed_Pin,True,Slot__CPW_Feed_Pin,,Slot__CPW_Feed_Pin,,"{""Slot__CPW_Feed_Pin"": {""geometry_type"": ""MultiLineString"", ""relations"": ""overlaps"", ""wkt"": ""MULTILINESTRING ((0.5 22.15, 0 22.15), (0 22.15, -0.5 22.15))""}}",True,,,True,sobol
245,51.925890272296961,2.0440953277051448,6.2768178597092632,2.6461710532568397,1.9926612297073008,14.589617328252643,3.9332855105400086,0.59925502166152,0.41366616357117891,0.6836582263931632,0.91824560519307852,0.70933849085122347,0.61525641288608313,0.85816232673823833,0.66394891310483217,0.087413745000958443,0.69415085762739182,0.72071688435971737,0.13351338636130095,0.58861152082681656,0.7470413176342845,0.2566081527620554,0.59422925859689713,True,,1,0,Slot__Patch;Slot__CPW_Feed_Pin;Patch__CPW_Feed_Pin,True,Slot__CPW_Feed_Pin,,Slot__CPW_Feed_Pin,,"{""Slot__CPW_Feed_Pin"": {""geometry_type"": ""MultiLineString"", ""relations"": ""overlaps"", ""wkt"": ""MULTILINESTRING ((0.5 21.97, 0 21.97), (0 21.97, -0.5 21.97))""}}",True,,,True,sobol
246,51.123622134327881,1.9033799281343817,5.9044547991827132,2.5637800948321821,1.9260970328003166,14.9423215999268,4.0415595907717945,0.96318037156015635,0.12758760340511799,0.78049390111118555,0.73375049978494644,0.79845136497169733,0.093482461757957935,0.35100825596600771,0.76003504265099764,0.88711262866854668,0.88879444543272257,0.26831889059394598,0.42422787006944418,0.3858998129144311,0.004135526716709137,0.17409029696136713,0.35436865407973528,True,,1,0,Slot__Patch;Slot__CPW_Feed_Pin;Patch__CPW_Feed_Pin,True,Slot__CPW_Feed_Pin,,Slot__CPW_Feed_Pin,,"{""Slot__CPW_Feed_Pin"": {""geometry_type"": ""MultiLineString"", ""relations"": ""overlaps"", ""wkt"": ""MULTILINESTRING ((0.5 21.87, 0 21.87), (0 21.87, -0.5 21.87))""}}",True,,,True,sobol
247,54.538064184132963,2.0999486990273,6.1327844984829429,2.6798759727738801,2.0802340779453519,15.197092305868864,3.8741591311991215,0.45814142376184464,0.94530911836773157,0.29658794682472944,0.47703083883970976,0.19087421055883169,0.87313888687640429,0.58212367817759514,0.0016827145591378212,0.48299556784331799,0.41165088769048452,0.7949089864268899,0.55348960589617491,0.85211106482893229,0.86549852881580591,0.63719488587230444,0.84123710542917252,True,,1,0,Slot__Patch;Slot__CPW_Feed_Pin;Patch__CPW_Feed_Pin,True,Slot__CPW_Feed_Pin,,Slot__CPW_Feed_Pin,,"{""Slot__CPW_Feed_Pin"": {""geometry_type"": ""MultiLineString"", ""relations"": ""overlaps"", ""wkt"": ""MULTILINESTRING ((0.5 22.05, 0 22.05), (0 22.05, -0.5 22.05))""}}",True,,,True,sobol
248,54.780365779902787,1.9790411531925201,5.8742299312725663,2.6630506113357844,1.9049029489979148,15.057042161934078,4.1969618104398254,0.061975880526006222,0.68095710128545761,0.96731428150087595,0.42481315787881613,0.093082787469029427,0.52860820572823286,0.26728221960365772,0.57887183967977762,0.60362614504992962,0.51236896775662899,0.051969230175018311,0.8710413035005331,0.25280521716922522,0.45233532506972551,0.37452765554189682,0.29483211878687143,True,,1,0,Slot__Patch;Slot__CPW_Feed_Pin;Patch__CPW_Feed_Pin,True,Slot__CPW_Feed_Pin,,Slot__CPW_Feed_Pin,,"{""Slot__CPW_Feed_Pin"": {""geometry_type"": ""MultiLineString"", ""relations"": ""overlaps"", ""wkt"": ""MULTILINESTRING ((0.5 22.08, 0 22.08), (0 22.08, -0.5 22.08))""}}",True,,,True,sobol
249,51.569719682447612,2.0238786337897183,6.088577154278755,2.5156052083149549,2.051229794882238,14.802081935573369,3.9185615036636592,0.54699100367724895,0.49617623817175627,0.48246255051344633,0.67592130973935127,0.9196496494114399,0.30948917847126722,0.53395416866987944,0.33909789938479662,0.008719857782125473,0.038137875497341156,0.50980324856936932,0.24938751198351383,0.97019102331250906,0.68485200777649879,0.81419478915631771,0.77573644742369652,True,,1,0,Slot__Patch;Slot__CPW_Feed_Pin;Patch__CPW_Feed_Pin,True,Slot__CPW_Feed_Pin,,Slot__CPW_Feed_Pin,,"{""Slot__CPW_Feed_Pin"": {""geometry_type"": ""MultiLineString"", ""relations"": ""overlaps"", ""wkt"": ""MULTILINESTRING ((0.5 21.99, 0 21.99), (0 21.99, -0.5 21.99))""}}",True,,,True,sobol
250,52.082145156338811,1.9271062389016151,5.711525994725525,2.6952345729060476,2.0175253890454767,14.354947187472135,4.0065764889121054,0.89058887492865324,0.21208129450678825,0.075330798514187336,0.99139569234102964,0.57272832095623016,0.77083826158195734,0.04239007830619812,0.24081760365515947,0.96585235185921192,0.359263532795012,0.49490512069314718,0.44287111423909664,0.047776846215128899,0.067923142574727535,0.73948938865214586,0.016573318280279636,True,,1,0,Slot__Patch;Slot__CPW_Feed_Pin;Patch__CPW_Feed_Pin,True,Slot__CPW_Feed_Pin,,Slot__CPW_Feed_Pin,,"{""Slot__CPW_Feed_Pin"": {""geometry_type"": ""MultiLineString"", ""relations"": ""overlaps"", ""wkt"": ""MULTILINESTRING ((0.5 21.95, 0 21.95), (0 21.95, -0.5 21.95))""}}",True,,,True,sobol
251,54.257624105084687,2.0695757431909443,6.2518662594258796,2.5504527447000145,1.9638514958322049,15.412669683806598,3.8778951894491911,0.37560447491705418,0.90278090443462133,0.62273620720952749,0.23446228355169296,0.43024039827287197,0.051724956370890141,0.77355482522398233,0.99746463540941477,0.437474325299263,0.8166700815781951,0.94332445506006479,0.56364896334707737,0.70634064637124538,0.80464365147054195,0.19826075714081526,0.53836929425597191,False,ValueError: producer reported invalid exported polygon(s): Patch,,0,Slot__Patch;Slot__CPW_Feed_Pin;Patch__CPW_Feed_Pin,True,Slot__CPW_Feed_Pin,,Slot__CPW_Feed_Pin,,"{""Slot__CPW_Feed_Pin"": {""geometry_type"": ""MultiLineString"", ""relations"": ""overlaps"", ""wkt"": ""MULTILINESTRING ((0.5 21.91, 0 21.91), (0 21.91, -0.5 21.91))""}}",True,,ValueError: producer reported invalid exported polygon(s): Patch,False,sobol
252,53.65190816242248,1.9128468466922639,6.0167666394263506,2.5789934933930634,1.9844033585861325,15.344019978772849,4.0543765898793938,0.76025166641920805,0.014370162039995193,0.35592022072523832,0.86049669422209263,0.33147502038627863,0.97027546260505915,0.6652793874964118,0.84224763419479132,0.34831674117594957,0.9480079198256135,0.84484430681914091,0.28807706851512194,0.4938065055757761,0.34762921743094921,0.4247970636934042,0.19812931399792433,True,,1,0,Slot__Patch;Slot__CPW_Feed_Pin;Patch__CPW_Feed_Pin,True,Slot__CPW_Feed_Pin,,Slot__CPW_Feed_Pin,,"{""Slot__CPW_Feed_Pin"": {""geometry_type"": ""MultiLineString"", ""relations"": ""overlaps"", ""wkt"": ""MULTILINESTRING ((0.5 21.96, 0 21.96), (0 21.96, -0.5 21.96))""}}",True,,,True,sobol
253,52.677287238370624,2.0842197403311729,5.9454636102542278,2.7235368379764262,2.0342686818912625,14.889829197898507,3.8361460566520691,0.25497286953032017,0.82415109034627676,0.84080246929079294,0.11523635033518076,0.65774362441152334,0.18767605815082788,0.40066695772111416,0.083532641641795635,0.75621044542640448,0.47011364158242941,0.341920574195683,0.65851062629371881,0.77544769831001759,0.51709670480340719,0.88747564703226089,0.74737820588052273,True,,1,0,Slot__Patch;Slot__CPW_Feed_Pin;Patch__CPW_Feed_Pin,True,Slot__CPW_Feed_Pin,,Slot__CPW_Feed_Pin,,"{""Slot__CPW_Feed_Pin"": {""geometry_type"": ""MultiLineString"", ""relations"": ""overlaps"", ""wkt"": ""MULTILINESTRING ((0.5 21.95, 0 21.95), (0 21.95, -0.5 21.95))""}}",True,,,True,sobol
254,50.870957815740255,1.9687003998085857,6.1725140657275919,2.4786379275470969,2.0969769950956105,14.454424912109971,4.1390032667666672,0.18261511530727148,0.60821548104286194,0.74982642289251089,0.30183549784123898,0.81862788181751966,0.7280969051644206,0.8944277735427022,0.49235936533659697,0.20676317904144526,0.16556600295007229,0.67078342661261559,0.89898654539138079,0.19883487652987242,0.22780491039156914,0.55495681148022413,0.49213613849133253,True,,1,0,Slot__Patch;Slot__CPW_Feed_Pin;Patch__CPW_Feed_Pin,True,Slot__CPW_Feed_Pin,,Slot__CPW_Feed_Pin,,"{""Slot__CPW_Feed_Pin"": {""geometry_type"": ""MultiLineString"", ""relations"": ""overlaps"", ""wkt"": ""MULTILINESTRING ((0.5 22.2, 0 22.2), (0 22.2, -0.5 22.2))""}}",True,,,True,sobol
255,55.44793149307371,2.0346283823251725,5.7891295848414295,2.6268614017777145,1.9468415316194296,15.687917574774474,3.9704677440226077,0.6773358415812254,0.29251581709831953,0.20251256693154573,0.54902199376374483,0.17645204532891512,0.44551085215061903,0.15680814161896706,0.73810841049998999,0.67312850337475538,0.62712783366441727,0.14245380647480488,0.027476743794977665,0.53929807525128126,0.90159829426556826,0.006343659944832325,0.93774542771279812,True,,1,0,Slot__Patch;Slot__CPW_Feed_Pin;Patch__CPW_Feed_Pin,True,Slot__CPW_Feed_Pin,,Slot__CPW_Feed_Pin,,"{""Slot__CPW_Feed_Pin"": {""geometry_type"": ""MultiLineString"", ""relations"": ""overlaps"", ""wkt"": ""MULTILINESTRING ((0.5 21.95, 0 21.95), (0 21.95, -0.5 21.95))""}}",True,,,True,sobol
256,55.458704867213967,1.9683202119544148,5.8601627279072996,2.5869900823198257,1.9950016554445029,14.80390549544245,4.1709030088037258,0.94092884566634893,0.40399966482073069,0.0056762471795082092,0.80840102303773165,0.69532454572618008,0.48148760013282299,0.58052850142121315,0.6386619508266449,0.02958963718265295,0.13066028710454702,0.33704701624810696,0.57921661343425512,0.70982245355844498,0.10240784659981728,0.90702394116669893,0.30127770733088255,True,,1,0,Slot__Patch;Slot__CPW_Feed_Pin;Patch__CPW_Feed_Pin,True,Slot__CPW_Feed_Pin,,Slot__CPW_Feed_Pin,,"{""Slot__CPW_Feed_Pin"": {""geometry_type"": ""MultiLineString"", ""relations"": ""overlaps"", ""wkt"": ""MULTILINESTRING ((0.5 22.13, 0 22.13), (0 22.13, -0.5 22.13))""}}",True,,,True,sobol
257,50.884885655436662,2.0350084628909828,6.1026350235566502,2.699290249049664,2.0486763950437306,15.053018173668534,3.9383765041828154,0.45011204294860363,0.71183527447283268,0.55201324261724949,0.059493860229849815,0.30753545463085175,0.69987045042216778,0.34472894389182329,0.380870271474123,0.62181707937270403,0.67033436242491007,0.84971777349710464,0.45869100373238325,0.052235320210456848,0.77601909358054399,0.40522206854075193,0.7531165461987257,True,,1,0,Slot__Patch;Slot__CPW_Feed_Pin;Patch__CPW_Feed_Pin,True,Slot__CPW_Feed_Pin,,Slot__CPW_Feed_Pin,,"{""Slot__CPW_Feed_Pin"": {""geometry_type"": ""MultiLineString"", ""relations"": ""overlaps"", ""wkt"": ""MULTILINESTRING ((0.5 22.02, 0 22.02), (0 22.02, -0.5 22.02))""}}",True,,,True,sobol
258,52.680909163784236,1.9132238673046231,5.7255840416997668,2.4871422747336327,2.0825745271518827,15.415226316545159,4.0364989120513197,0.11231524776667356,0.99788310844451189,0.89689576998353004,0.37499684933573008,0.21598618105053902,0.22371980175375938,0.85221934877336025,0.042626414448022842,0.41537523549050093,0.97511094063520432,0.14733073208481073,0.23381200339645147,0.97354325000196695,0.47107224725186825,0.041452333331108093,0.0093489391729235649,True,,1,0,Slot__Patch;Slot__CPW_Feed_Pin;Patch__CPW_Feed_Pin,True,Slot__CPW_Feed_Pin,,Slot__CPW_Feed_Pin,,"{""Slot__CPW_Feed_Pin"": {""geometry_type"": ""MultiLineString"", ""relations"": ""overlaps"", ""wkt"": ""MULTILINESTRING ((0.5 22.04, 0 22.04), (0 22.04, -0.5 22.04))""}}",True,,,True,sobol
259,53.652375306375326,2.0838425885885954,6.2377992359921342,2.6021070545911789,1.9362500058487058,14.351655506528914,3.854228965193033,0.62149892188608646,0.18022298626601696,0.4129899051040411,0.61801772750914097,0.79664135165512562,0.94210455939173698,0.089701651595532894,0.78159330785274506,0.94888691697269678,0.45033486746251583,0.66590665187686682,0.8552297530695796,0.25713387224823236,0.64072380866855383,0.51981380395591259,0.56066936068236828,True,,1,0,Slot__Patch;Slot__CPW_Feed_Pin;Patch__CPW_Feed_Pin,True,Slot__CPW_Feed_Pin,,Slot__CPW_Feed_Pin,,"{""Slot__CPW_Feed_Pin"": {""geometry_type"": ""MultiLineString"", ""relations"": ""overlaps"", ""wkt"": ""MULTILINESTRING ((0.5 21.87, 0 21.87), (0 21.87, -0.5 21.87))""}}",True,,,True,sobol
260,54.247457267809665,1.9267050962895154,6.0214586282148961,2.6390579257532956,1.915496727079153,14.891664819326252,4.0775606594979763,0.24076525401324034,0.79129711259156466,0.67894753254950047,0.49405398219823837,0.94163513649255037,0.017393257468938828,0.47947122994810343,0.87820637784898281,0.76659158989787102,0.31605211645364761,0.51273888070136309,0.011786524206399918,0.54460343439131975,0.19148848112672567,0.85711979400366545,0.20657427702099085,True,,1,0,Slot__Patch;Slot__CPW_Feed_Pin;Patch__CPW_Feed_Pin,True,Slot__CPW_Feed_Pin,,Slot__CPW_Feed_Pin,,"{""Slot__CPW_Feed_Pin"": {""geometry_type"": ""MultiLineString"", ""relations"": ""overlaps"", ""wkt"": ""MULTILINESTRING ((0.5 21.92, 0 21.92), (0 21.92, -0.5 21.92))""}}",True,,,True,sobol
261,52.075293580070138,2.0699768261983991,5.9407806694507599,2.5233478938974438,2.0656298182904722,15.339984443038702,3.8067179951816796,0.74403322674334049,0.10846144519746304,0.13251898437738419,0.74883947800844908,0.053549694828689098,0.79729573056101799,0.71244832873344421,0.1335113812237978,0.36137488298118114,0.85158068500459194,0.049033570103347301,0.8835333064198494,0.20121041405946016,0.92814892344176769,0.33157594967633486,0.72288099303841591,True,,1,0,Slot__Patch;Slot__CPW_Feed_Pin;Patch__CPW_Feed_Pin,True,Slot__CPW_Feed_Pin,,Slot__CPW_Feed_Pin,,"{""Slot__CPW_Feed_Pin"": {""geometry_type"": ""MultiLineString"", ""relations"": ""overlaps"", ""wkt"": ""MULTILINESTRING ((0.5 21.94, 0 21.94), (0 21.94, -0.5 21.94))""}}",True,,,True,sobol
262,51.552551767043767,1.9794452842324972,6.1678312333300713,2.6707341445609929,2.0031184038147329,15.690485011786222,4.1181201264262199,0.81840217020362616,0.32244415674358606,0.28574424050748348,0.93540619686245918,0.45417909976094961,0.275216368958354,0.20324947964400053,0.28620785661041737,0.66397851705551147,0.53214881476014853,0.94038557447493076,0.67420776560902596,0.78088263794779778,0.32681595254689455,0.22561774961650372,0.48300488386303186,True,,1,0,Slot__Patch;Slot__CPW_Feed_Pin;Patch__CPW_Feed_Pin,True,Slot__CPW_Feed_Pin,,Slot__CPW_Feed_Pin,,"{""Slot__CPW_Feed_Pin"": {""geometry_type"": ""MultiLineString"", ""relations"": ""overlaps"", ""wkt"": ""MULTILINESTRING ((0.5 22.1, 0 22.1), (0 22.1, -0.5 22.1))""}}",True,,,True,sobol
263,54.759882919397207,2.0234744193032386,5.7938216798007485,2.5587031730450689,1.953252281807363,14.451121868100017,3.9976068925112487,0.32166966609656811,0.51510434038937092,0.76961958780884743,0.18260789569467306,0.53514826390892267,0.55512837879359722,0.97200843878090382,0.54582240246236324,0.19247769005596638,0.011033781804144382,0.49784420803189278,0.30352290719747543,0.49631186202168465,0.55939463898539543,0.71209806203842163,0.96207443252205849,True,,1,0,Slot__Patch;Slot__CPW_Feed_Pin;Patch__CPW_Feed_Pin,True,Slot__CPW_Feed_Pin,,Slot__CPW_Feed_Pin,,"{""Slot__CPW_Feed_Pin"": {""geometry_type"": ""MultiLineString"", ""relations"": ""overlaps"", ""wkt"": ""MULTILINESTRING ((0.5 21.97, 0 21.97), (0 21.97, -0.5 21.97))""}}",True,,,True,sobol
264,54.546694303397089,1.9037570605054497,6.2131966391578324,2.5105283562652767,2.0287970338016748,14.310334317851812,4.0735346730798483,0.15938701573759317,0.86110043060034513,0.47377125732600689,0.22023555170744658,0.68734918907284737,0.8389928936958313,0.16307250782847404,0.12459868006408215,0.81403452344238758,0.90857619792222977,0.72363728750497103,0.12106727529317141,0.89688775129616261,0.1305091381072998,0.29178144689649343,0.41570735443383455,True,,1,0,Slot__Patch;Slot__CPW_Feed_Pin;Patch__CPW_Feed_Pin,True,Slot__CPW_Feed_Pin,,Slot__CPW_Feed_Pin,,"{""Slot__CPW_Feed_Pin"": {""geometry_type"": ""MultiLineString"", ""relations"": ""overlaps"", ""wkt"": ""MULTILINESTRING ((0.5 22, 0 22), (0 22, -0.5 22))""}}",True,,,True,sobol
265,51.129099051654336,2.0995716739445927,5.8251956149935715,2.6539087133854631,1.977369186654687,15.549520771019161,3.8419971287250516,0.66832988709211349,0.051380179822444916,0.95865347608923912,0.97523454576730728,0.32538527436554432,0.11963354051113129,0.89603789616376162,0.86368356086313725,0.28455887734889984,0.38454488478600979,0.21313328575342894,0.99934481922537088,0.36504795588552952,0.99205430690199137,0.77044933382421732,0.90441106259822845,True,,1,0,Slot__Patch;Slot__CPW_Feed_Pin;Patch__CPW_Feed_Pin,True,Slot__CPW_Feed_Pin,,Slot__CPW_Feed_Pin,,"{""Slot__CPW_Feed_Pin"": {""geometry_type"": ""MultiLineString"", ""relations"": ""overlaps"", ""wkt"": ""MULTILINESTRING ((0.5 21.92, 0 21.92), (0 21.92, -0.5 21.92))""}}",True,,,True,sobol
266,51.941683212853967,1.9525910103693604,6.0475592778995635,2.5392845524661243,1.9413699069991708,15.106041694991291,4.1331340629607443,0.7692499877884984,0.26722444500774145,0.61572426743805408,0.66183178778737783,0.16693169437348843,0.5812880415469408,0.40249006263911724,0.7126996461302042,0.74074880592525005,0.18863475974649191,0.79198515601456165,0.69291422236710787,0.66050161700695753,0.26474537141621113,0.65667855925858021,0.14526296127587557,True,,1,0,Slot__Patch;Slot__CPW_Feed_Pin;Patch__CPW_Feed_Pin,True,Slot__CPW_Feed_Pin,,Slot__CPW_Feed_Pin,,"{""Slot__CPW_Feed_Pin"": {""geometry_type"": ""MultiLineString"", ""relations"": ""overlaps"", ""wkt"": ""MULTILINESTRING ((0.5 22.03, 0 22.03), (0 22.03, -0.5 22.03))""}}",True,,,True,sobol
267,53.74442634312436,2.0444755289703607,5.990247807651758,2.6881215151399376,2.0899427989497781,14.657911636400968,3.9513399995863439,0.27819333598017693,0.58298502489924431,0.068410500884056091,0.40875894203782082,0.83603523671627045,0.36192678101360798,0.67120679374784231,0.45527009479701519,0.14498892053961754,0.729059555567801,0.27124251052737236,0.31362340692430735,0.070297579281032085,0.62243766617029905,0.15457228943705559,0.65922950208187103,True,,1,0,Slot__Patch;Slot__CPW_Feed_Pin;Patch__CPW_Feed_Pin,True,Slot__CPW_Feed_Pin,,Slot__CPW_Feed_Pin,,"{""Slot__CPW_Feed_Pin"": {""geometry_type"": ""MultiLineString"", ""relations"": ""overlaps"", ""wkt"": ""MULTILINESTRING ((0.5 22.08, 0 22.08), (0 22.08, -0.5 22.08))""}}",True,,,True,sobol
268,53.004442073032259,1.9887284997850656,5.755142885819077,2.7164242102578284,2.0613888442516326,14.585593024268746,4.1809379063546661,0.8967272462323308,0.44360189791768789,0.83577611669898033,0.53479526005685329,0.92568730469793081,0.66395724005997181,0.77972762379795313,0.36048563569784164,0.077284217812120914,0.5976911997422576,0.42300650291144848,0.5380511861294508,0.85656180139631033,0.040451589040458202,0.47626847866922617,0.076801805756986141,True,,1,0,Slot__Patch;Slot__CPW_Feed_Pin;Patch__CPW_Feed_Pin,True,Slot__CPW_Feed_Pin,,Slot__CPW_Feed_Pin,,"{""Slot__CPW_Feed_Pin"": {""geometry_type"": ""MultiLineString"", ""relations"": ""overlaps"", ""wkt"": ""MULTILINESTRING ((0.5 22.23, 0 22.23), (0 22.23, -0.5 22.23))""}}",True,,,True,sobol
269,52.650835251528768,2.0079535299912097,6.2815007647499446,2.5678248711116614,1.9072495222091674,15.648987143766135,3.9095945630222557,0.39974726364016533,0.62832208350300789,0.3509244155138731,0.28567435313016176,0.063533366657793522,0.38112513907253742,0.043969698250293732,0.61998213455080986,0.54474918823689222,0.077815168537199497,0.88875646889209747,0.40855340845882893,0.38937412109225988,0.83894732035696507,0.96244249399751425,0.61825559474527836,True,,1,0,Slot__Patch;Slot__CPW_Feed_Pin;Patch__CPW_Feed_Pin,True,Slot__CPW_Feed_Pin,,Slot__CPW_Feed_Pin,,"{""Slot__CPW_Feed_Pin"": {""geometry_type"": ""MultiLineString"", ""relations"": ""overlaps"", ""wkt"": ""MULTILINESTRING ((0.5 21.82, 0 21.82), (0 21.82, -0.5 21.82))""}}",True,,,True,sobol
270,50.482154407259074,1.9422259170562028,5.9091378103941681,2.6177190660312775,1.9740105224773288,15.193801030050963,4.0155737206339834,0.037840717472136021,0.91244727652519941,0.1918395608663559,0.10114682652056217,0.41289920080453157,0.92185091972351074,0.53580777626484632,0.96041872724890709,0.49239740986377001,0.25708623975515366,0.12386932317167521,0.14894346706569195,0.5929479356855154,0.40997882280498743,0.60648521408438683,0.36299803759902716,True,,1,0,Slot__Patch;Slot__CPW_Feed_Pin;Patch__CPW_Feed_Pin,True,Slot__CPW_Feed_Pin,,Slot__CPW_Feed_Pin,,"{""Slot__CPW_Feed_Pin"": {""geometry_type"": ""MultiLineString"", ""relations"": ""overlaps"", ""wkt"": ""MULTILINESTRING ((0.5 21.93, 0 21.93), (0 21.93, -0.5 21.93))""}}",True,,,True,sobol
271,55.183429009281106,2.0606939176097514,6.1280924392864113,2.4735615132935345,2.0198719872161748,14.944877916947007,3.8939010094851256,0.54086025804281235,0.22168675065040588,0.73924488015472889,0.84444248024374247,0.58217893820255995,0.13900928199291229,0.27330119349062443,0.21536154299974442,0.90114650037139654,0.79384784959256649,0.5643660044297576,0.77750233002007008,0.18412449769675732,0.70474375039339066,0.081245886161923409,0.81643340922892094,True,,1,0,Slot__Patch;Slot__CPW_Feed_Pin;Patch__CPW_Feed_Pin,True,Slot__CPW_Feed_Pin,,Slot__CPW_Feed_Pin,,"{""Slot__CPW_Feed_Pin"": {""geometry_type"": ""MultiLineString"", ""relations"": ""overlaps"", ""wkt"": ""MULTILINESTRING ((0.5 21.97, 0 21.97), (0 21.97, -0.5 21.97))""}}",True,,,True,sobol
272,55.044863283261662,1.9486533384770155,5.8396650804206729,2.6793663512170318,1.9275303827598691,15.568970111198723,3.9312013156712053,0.00049796421080827713,0.011960308067500591,0.16039750073105097,0.84075810667127371,0.97712932806462049,0.51066162623465061,0.46790860686451197,0.81896803714334965,0.057477048598229885,0.96505202446132898,0.77492135297507048,0.19753449317067862,0.74889312405139208,0.96588475443422794,0.19595759734511375,0.8598518269136548,True,,1,0,Slot__Patch;Slot__CPW_Feed_Pin;Patch__CPW_Feed_Pin,True,Slot__CPW_Feed_Pin,,Slot__CPW_Feed_Pin,,"{""Slot__CPW_Feed_Pin"": {""geometry_type"": ""MultiLineString"", ""relations"": ""overlaps"", ""wkt"": ""MULTILINESTRING ((0.5 21.8, 0 21.8), (0 21.8, -0.5 21.8))""}}",True,,,True,sobol
273,50.636105932015923,2.0546692090108989,6.196978838369251,2.5642895924113689,2.0788368748500945,14.570029097143561,4.1595162142068149,0.51554292067885399,0.82167858630418777,0.64521105866879225,0.089634869247674942,0.025868122465908527,0.29227880574762821,0.73079634457826614,0.075562296435236931,0.58609915245324373,0.49176585581153631,0.28782003093510866,0.82706945668905973,0.028790612705051899,0.17130185943096876,0.74078919179737568,0.32012224197387695,True,,1,0,Slot__Patch;Slot__CPW_Feed_Pin;Patch__CPW_Feed_Pin,True,Slot__CPW_Feed_Pin,,Slot__CPW_Feed_Pin,,"{""Slot__CPW_Feed_Pin"": {""geometry_type"": ""MultiLineString"", ""relations"": ""overlaps"", ""wkt"": ""MULTILINESTRING ((0.5 22.3, 0 22.3), (0 22.3, -0.5 22.3))""}}",True,,,True,sobol
274,52.432088530715554,1.9951923545449972,5.9746156236156818,2.6466768319904808,2.0399079199880363,14.960808041039854,3.8652542799711225,0.92188484314829111,0.6058057239279151,0.804302585311234,0.27428400050848722,0.49779039714485407,0.75289621204137802,0.22458385210484266,0.4695002268999815,0.38848825823515654,0.18700477294623852,0.7094573937356472,0.61348048504441977,0.95013001188635826,0.58562370389699936,0.814519920386374,0.57560776639729738,True,,1,0,Slot__Patch;Slot__CPW_Feed_Pin;Patch__CPW_Feed_Pin,True,Slot__CPW_Feed_Pin,,Slot__CPW_Feed_Pin,,"{""Slot__CPW_Feed_Pin"": {""geometry_type"": ""MultiLineString"", ""relations"": ""overlaps"", ""wkt"": ""MULTILINESTRING ((0.5 21.9, 0 21.9), (0 21.9, -0.5 21.9))""}}",True,,,True,sobol
275,53.238493760488929,2.0018679739907386,6.0626143578439953,2.5340106095932424,1.9912151988595723,15.274184298701584,4.0440209891647099,0.43692932277917862,0.29004329070448875,0.25692015793174505,0.53123248368501663,0.51497458573430777,0.034511484205722809,0.95953274704515934,0.72971760667860508,0.98363874200731516,0.64536194503307343,0.22780345566570759,0.48495880793780088,0.29617497697472572,0.28694379422813654,0.37125361617654562,0.11999034881591797,True,,1,0,Slot__Patch;Slot__CPW_Feed_Pin;Patch__CPW_Feed_Pin,True,Slot__CPW_Feed_Pin,,Slot__CPW_Feed_Pin,,"{""Slot__CPW_Feed_Pin"": {""geometry_type"": ""MultiLineString"", ""relations"": ""overlaps"", ""wkt"": ""MULTILINESTRING ((0.5 22.04, 0 22.04), (0 22.04, -0.5 22.04))""}}",True,,,True,sobol
276,53.833860983792697,1.9586766572669148,6.2786770261824136,2.497804832551628,1.9573820611461996,15.480856185313314,3.8237987618893383,0.8022898817434907,0.68336699064821005,0.52227314095944166,0.40507320500910282,0.7233114093542099,0.99041172116994858,0.60125730559229851,0.57047415897250175,0.80118798092007637,0.52575106732547283,0.07585635781288147,0.64774167165160179,0.50553467124700546,0.86117912176996469,0.005688520148396492,0.6479146322235465,True,,1,0,Slot__Patch;Slot__CPW_Feed_Pin;Patch__CPW_Feed_Pin,True,Slot__CPW_Feed_Pin,,Slot__CPW_Feed_Pin,,"{""Slot__CPW_Feed_Pin"": {""geometry_type"": ""MultiLineString"", ""relations"": ""overlaps"", ""wkt"": ""MULTILINESTRING ((0.5 21.74, 0 21.74), (0 21.74, -0.5 21.74))""}}",True,,,True,sobol
277,51.826592043042183,2.0380113925784826,5.7597155319526783,2.6097256227955223,2.0114458998665214,14.282685332000256,4.0919194355607029,0.30750859528779984,0.49864864721894264,0.037368030287325382,0.65031834784895182,0.27173621021211147,0.2105092778801918,0.3328607277944684,0.31624551862478256,0.33457846008241177,0.048803597688674927,0.61189262382686138,0.26942692697048187,0.22465702891349792,0.0035470277070999146,0.5585150234401226,0.15699842013418674,True,,1,0,Slot__Patch;Slot__CPW_Feed_Pin;Patch__CPW_Feed_Pin,True,Slot__CPW_Feed_Pin,,Slot__CPW_Feed_Pin,,"{""Slot__CPW_Feed_Pin"": {""geometry_type"": ""MultiLineString"", ""relations"": ""overlaps"", ""wkt"": ""MULTILINESTRING ((0.5 22.14, 0 22.14), (0 22.14, -0.5 22.14))""}}",True,,,True,sobol
278,51.303809636272483,1.909781484492123,6.132078896462918,2.5925766537524759,2.0698084495961666,14.685194380581379,3.9828152779489754,0.12992632109671831,0.21449102740734816,0.38029056694358587,0.96384364925324917,0.23585480637848377,0.74824389256536961,0.8412699531763792,0.2328539565205574,0.62841036170721054,0.36825096700340509,0.37726709898561239,0.040267329663038254,0.80429778341203928,0.74550500046461821,0.89005922432988882,0.91640494670718908,True,,1,0,Slot__Patch;Slot__CPW_Feed_Pin;Patch__CPW_Feed_Pin,True,Slot__CPW_Feed_Pin,,Slot__CPW_Feed_Pin,,"{""Slot__CPW_Feed_Pin"": {""geometry_type"": ""MultiLineString"", ""relations"": ""overlaps"", ""wkt"": ""MULTILINESTRING ((0.5 21.96, 0 21.96), (0 21.96, -0.5 21.96))""}}",True,,,True,sobol
279,54.346246357541531,2.0931443464010955,5.9057278851047155,2.7079227995499973,1.9238730274140834,15.174340089317411,4.1014606587588789,0.63514551147818565,0.90525351464748383,0.92764247674494982,0.21667235065251589,0.75333534553647041,0.46833191253244877,0.1074345326051116,0.97417822107672691,0.22027258016169071,0.83075390662997961,0.93498609308153391,0.91952094435691833,0.4572726646438241,0.38389796204864979,0.42317112628370523,0.40413215197622776,True,,1,0,Slot__Patch;Slot__CPW_Feed_Pin;Patch__CPW_Feed_Pin,True,Slot__CPW_Feed_Pin,,Slot__CPW_Feed_Pin,,"{""Slot__CPW_Feed_Pin"": {""geometry_type"": ""MultiLineString"", ""relations"": ""overlaps"", ""wkt"": ""MULTILINESTRING ((0.5 22.12, 0 22.12), (0 22.12, -0.5 22.12))""}}",True,,,True,sobol
280,54.960535887349401,1.9859208825975656,6.0872308306396006,2.6273668996244672,2.0988135078921917,15.315631364006549,3.8274860866367817,0.84395613800734282,0.71902864519506693,0.31721702869981527,0.13149891141802073,0.90557777974754572,0.18432999029755592,0.79263695422559977,0.42671256139874458,0.84865465201437473,0.2457145880907774,0.16177006810903549,0.71936554927378893,0.93597356136888266,0.79727671854197979,0.56510628573596478,0.9817578149959445,True,,1,0,Slot__Patch;Slot__CPW_Feed_Pin;Patch__CPW_Feed_Pin,True,Slot__CPW_Feed_Pin,,Slot__CPW_Feed_Pin,,"{""Slot__CPW_Feed_Pin"": {""geometry_type"": ""MultiLineString"", ""relations"": ""overlaps"", ""wkt"": ""MULTILINESTRING ((0.5 21.91, 0 21.91), (0 21.91, -0.5 21.91))""}}",True,,,True,sobol
281,51.377878775075075,2.0174017721787094,5.8750087710097425,2.4781323057226836,1.9450663367286325,14.826296134851873,4.0569852579385044,0.35876076854765415,0.41119488514959812,0.8636226849630475,0.87646927870810032,0.10708027239888906,0.9036894328892231,0.024290233850479126,0.6865677535533905,0.25776902586221695,0.70335179567337036,0.65097709558904171,0.34770363662391901,0.34158810880035162,0.064515761099755764,0.12165573239326477,0.463757349178195,True,,1,0,Slot__Patch;Slot__CPW_Feed_Pin;Patch__CPW_Feed_Pin,True,Slot__CPW_Feed_Pin,,Slot__CPW_Feed_Pin,,"{""Slot__CPW_Feed_Pin"": {""geometry_type"": ""MultiLineString"", ""relations"": ""overlaps"", ""wkt"": ""MULTILINESTRING ((0.5 22.02, 0 22.02), (0 22.02, -0.5 22.02))""}}",True,,,True,sobol
282,52.190503845922649,1.9331194717437028,6.2520590186119085,2.7230274934321645,1.9861910436302423,14.516856788657606,3.9682378500699995,0.20381958689540625,0.12517566699534655,0.71039075683802366,0.69002509582787752,0.38516085129231215,0.42662370763719082,0.51704081427305937,0.76824580132961273,0.70514356158673763,0.89924690220504999,0.35385146643966436,0.092602220363914967,0.63707323931157589,0.68244969472289085,0.44538738857954741,0.70337312947958708,True,,1,0,Slot__Patch;Slot__CPW_Feed_Pin;Patch__CPW_Feed_Pin,True,Slot__CPW_Feed_Pin,,Slot__CPW_Feed_Pin,,"{""Slot__CPW_Feed_Pin"": {""geometry_type"": ""MultiLineString"", ""relations"": ""overlaps"", ""wkt"": ""MULTILINESTRING ((0.5 21.89, 0 21.89), (0 21.89, -0.5 21.89))""}}",True,,,True,sobol
283,54.158307889010757,2.0639409879222512,5.7095935905352224,2.5795032098703086,2.0324446592479943,15.715204287786037,4.1472851302474742,0.71862374059855938,0.94283775798976421,0.22655355278402567,0.44306754134595394,0.61772966850548983,0.64598505757749081,0.28322473354637623,0.024722013622522354,0.17272955551743507,0.42524625267833471,0.83339966926723719,0.96337194833904505,0.10935382358729839,0.44597319234162569,0.9904014365747571,0.22651608102023602,True,,1,0,Slot__Patch;Slot__CPW_Feed_Pin;Patch__CPW_Feed_Pin,True,Slot__CPW_Feed_Pin,,Slot__CPW_Feed_Pin,,"{""Slot__CPW_Feed_Pin"": {""geometry_type"": ""MultiLineString"", ""relations"": ""overlaps"", ""wkt"": ""MULTILINESTRING ((0.5 22.24, 0 22.24), (0 22.24, -0.5 22.24))""}}",True,,,True,sobol
284,53.418038357049227,1.9192599901929497,5.9443930892273782,2.5509627372212709,2.0157864345237613,15.040017714723945,3.9208275895565747,0.083251877687871456,0.0856431620195508,0.9903772072866559,0.56690819934010506,0.64398527331650257,0.31252140365540981,0.14369804039597511,0.18189163692295551,0.10518034640699625,0.31050299201160669,0.98589605372399092,0.18523669801652431,0.81747789867222309,0.90295926947146654,0.6404460221529007,0.51011648867279291,True,,1,0,Slot__Patch;Slot__CPW_Feed_Pin;Patch__CPW_Feed_Pin,True,Slot__CPW_Feed_Pin,,Slot__CPW_Feed_Pin,,"{""Slot__CPW_Feed_Pin"": {""geometry_type"": ""MultiLineString"", ""relations"": ""overlaps"", ""wkt"": ""MULTILINESTRING ((0.5 21.86, 0 21.86), (0 21.86, -0.5 21.86))""}}",True,,,True,sobol
285,52.899536788556723,2.0774281192570925,6.0184049304574732,2.6947244564071302,1.965528936497867,14.726451936643571,4.1886428967118263,0.58822263590991497,0.76847686432301998,0.44400206860154867,0.31605950649827719,0.34531157091259956,0.59535359404981136,0.90656703431159258,0.92357802949845791,0.50905332993716002,0.7718031695112586,0.4518434526398778,0.80567742325365543,0.41283587552607059,0.23324774578213692,0.17374229244887829,0.060459692031145096,True,,1,0,Slot__Patch;Slot__CPW_Feed_Pin;Patch__CPW_Feed_Pin,True,Slot__CPW_Feed_Pin,,Slot__CPW_Feed_Pin,,"{""Slot__CPW_Feed_Pin"": {""geometry_type"": ""MultiLineString"", ""relations"": ""overlaps"", ""wkt"": ""MULTILINESTRING ((0.5 22.23, 0 22.23), (0 22.23, -0.5 22.23))""}}",True,,,True,sobol
286,50.73089653803035,1.9743927681818605,5.7913536703214046,2.5150993046350774,1.9032128214836119,14.428742873948067,3.8866157654672859,0.97436487209051847,0.55452656839042902,0.099126213230192661,0.00067811459302902222,0.1311977356672287,0.07040506973862648,0.41601449809968472,0.52744640968739986,0.46545784641057253,0.5925170760601759,0.56098068132996559,0.50377251766622066,0.61637822072952986,0.5215912451967597,0.25528544653207064,0.80399742815643549,True,,1,0,Slot__Patch;Slot__CPW_Feed_Pin;Patch__CPW_Feed_Pin,True,Slot__CPW_Feed_Pin,,Slot__CPW_Feed_Pin,,"{""Slot__CPW_Feed_Pin"": {""geometry_type"": ""MultiLineString"", ""relations"": ""overlaps"", ""wkt"": ""MULTILINESTRING ((0.5 21.77, 0 21.77), (0 21.77, -0.5 21.77))""}}",True,,,True,sobol
287,55.597065571136781,2.0285331461578608,6.1720293391495948,2.6635568869486455,2.0529560625553129,15.427860533818603,4.0039063565433022,0.47933610714972019,0.36186453886330128,0.58305497001856565,0.75741309951990843,0.86395657621324062,0.85324679687619209,0.65091413166373968,0.27333575673401356,0.93585909064859152,0.11436136066913605,0.0012780521064996719,0.38226988352835178,0.14507016073912382,0.34804210625588894,0.80792961549013853,0.25095279887318611,True,,1,0,Slot__Patch;Slot__CPW_Feed_Pin;Patch__CPW_Feed_Pin,True,Slot__CPW_Feed_Pin,,Slot__CPW_Feed_Pin,,"{""Slot__CPW_Feed_Pin"": {""geometry_type"": ""MultiLineString"", ""relations"": ""overlaps"", ""wkt"": ""MULTILINESTRING ((0.5 22.08, 0 22.08), (0 22.08, -0.5 22.08))""}}",True,,,True,sobol
288,55.560504799429332,1.9180447762832045,6.0441898394376041,2.713263580668718,1.952742082066834,15.74250473594293,3.8716771792620421,0.37371985428035259,0.83609738014638424,0.052649971097707748,0.72161970287561417,0.091586995869874954,0.097600605338811874,0.1358191454783082,0.24886735342442989,0.11900967266410589,0.041534221731126308,0.37143451534211636,0.92682732362300158,0.034290573559701443,0.43221327755600214,0.31242134142667055,0.24317103438079357,True,,1,0,Slot__Patch;Slot__CPW_Feed_Pin;Patch__CPW_Feed_Pin,True,Slot__CPW_Feed_Pin,,Slot__CPW_Feed_Pin,,"{""Slot__CPW_Feed_Pin"": {""geometry_type"": ""MultiLineString"", ""relations"": ""overlaps"", ""wkt"": ""MULTILINESTRING ((0.5 21.74, 0 21.74), (0 21.74, -0.5 21.74))""}}",True,,,True,sobol
289,50.779087555408474,2.0848764650523663,5.9936166381463405,2.597423612959683,2.0033901812508703,14.491616316139698,4.0377972170710565,0.86117781605571508,0.028750051744282246,0.50526745431125164,0.47445216309279203,0.92102527804672718,0.81476084515452385,0.93006376922130585,0.98941290564835072,0.52653707284480333,0.5010990584269166,0.81582600623369217,0.0485802898183465,0.68821547832340002,0.69622509926557541,0.75178163778036833,0.70185489486902952,True,,1,0,Slot__Patch;Slot__CPW_Feed_Pin;Patch__CPW_Feed_Pin,True,Slot__CPW_Feed_Pin,,Slot__CPW_Feed_Pin,,"{""Slot__CPW_Feed_Pin"": {""geometry_type"": ""MultiLineString"", ""relations"": ""overlaps"", ""wkt"": ""MULTILINESTRING ((0.5 22.12, 0 22.12), (0 22.12, -0.5 22.12))""}}",True,,,True,sobol
290,52.958073385991156,1.9629118105396628,6.216566085442901,2.612525698710233,2.065364546701312,14.853092662990093,3.9373341117054226,0.70135676302015781,0.30498859472572803,0.91240681707859039,0.16284966841340065,0.57116950117051601,0.35539510659873486,0.4236375791952014,0.58647228963673115,0.45193942170590162,0.82207975536584854,0.17543912027031183,0.26111021358519793,0.26677761040627956,0.047040092758834362,0.67707812786102295,0.44147187285125256,True,,1,0,Slot__Patch;Slot__CPW_Feed_Pin;Patch__CPW_Feed_Pin,True,Slot__CPW_Feed_Pin,,Slot__CPW_Feed_Pin,,"{""Slot__CPW_Feed_Pin"": {""geometry_type"": ""MultiLineString"", ""relations"": ""overlaps"", ""wkt"": ""MULTILINESTRING ((0.5 21.96, 0 21.96), (0 21.96, -0.5 21.96))""}}",True,,,True,sobol
291,53.391825060825795,2.0337716259062288,5.8218267766758798,2.5011304928734899,1.9160118591040372,15.289521520491689,4.1531980238854889,0.1888142479583621,0.62216043565422297,0.39722040481865406,0.90809868928045034,0.43167524039745331,0.57256106846034527,0.62765698321163654,0.33149546943604946,0.91818270180374384,0.34610236249864101,0.63730193581432104,0.64043153915554285,0.98684969358146191,0.81476739980280399,0.13615254871547222,0.98793001007288694,True,,1,0,Slot__Patch;Slot__CPW_Feed_Pin;Patch__CPW_Feed_Pin,True,Slot__CPW_Feed_Pin,,Slot__CPW_Feed_Pin,,"{""Slot__CPW_Feed_Pin"": {""geometry_type"": ""MultiLineString"", ""relations"": ""overlaps"", ""wkt"": ""MULTILINESTRING ((0.5 22.11, 0 22.11), (0 22.11, -0.5 22.11))""}}",True,,,True,sobol
292,54.018244197592139,1.9767745323479176,5.9242254400625827,2.5296713074296711,1.9326578771695495,15.455263626761734,3.9767372287809848,0.57395019568502903,0.48420032300055027,0.63192803971469402,0.032060463912785053,0.3300469433888793,0.40547928027808666,0.80038734152913094,0.48475258052349091,0.86662470921874046,0.48138081282377243,0.53949317056685686,0.47667629085481167,0.21134242601692677,0.27184310741722584,0.48688239883631468,0.27934173122048378,True,,1,0,Slot__Patch;Slot__CPW_Feed_Pin;Patch__CPW_Feed_Pin,True,Slot__CPW_Feed_Pin,,Slot__CPW_Feed_Pin,,"{""Slot__CPW_Feed_Pin"": {""geometry_type"": ""MultiLineString"", ""relations"": ""overlaps"", ""wkt"": ""MULTILINESTRING ((0.5 21.89, 0 21.89), (0 21.89, -0.5 21.89))""}}",True,,,True,sobol
293,52.300822017807512,2.020293461345136,6.1130042731761938,2.6408278979174793,2.0860144471749664,14.403582873288542,4.1077363092452286,0.067205126397311687,0.66654770914465189,0.17928003892302513,0.78901282511651516,0.65929567907005548,0.68611226789653301,0.00090865511447191238,0.74571714177727699,0.27110798470675945,0.94461431168019772,0.022759753279387951,0.60614354349672794,0.55839815177023411,0.59780573379248381,0.94986400473862886,0.79074521455913782,True,,1,0,Slot__Patch;Slot__CPW_Feed_Pin;Patch__CPW_Feed_Pin,True,Slot__CPW_Feed_Pin,,Slot__CPW_Feed_Pin,,"{""Slot__CPW_Feed_Pin"": {""geometry_type"": ""MultiLineString"", ""relations"": ""overlaps"", ""wkt"": ""MULTILINESTRING ((0.5 22.21, 0 22.21), (0 22.21, -0.5 22.21))""}}",True,,,True,sobol
294,51.498552635964003,1.9295757554471493,5.7400552662089463,2.5604562740772963,2.0452314890921115,14.753351824823767,3.8174309790134426,0.49533660523593426,0.89033965580165386,0.27024844475090504,0.59853416029363871,0.81725883949548006,0.14761420711874962,0.50904317758977413,0.83420513942837715,0.68796123564243317,0.64028792735189199,0.97613480128347874,0.83441003225743771,0.47885538917034864,0.15321092307567596,0.61734708957374096,0.034283194690942764,True,,1,0,Slot__Patch;Slot__CPW_Feed_Pin;Patch__CPW_Feed_Pin,True,Slot__CPW_Feed_Pin,,Slot__CPW_Feed_Pin,,"{""Slot__CPW_Feed_Pin"": {""geometry_type"": ""MultiLineString"", ""relations"": ""overlaps"", ""wkt"": ""MULTILINESTRING ((0.5 21.79, 0 21.79), (0 21.79, -0.5 21.79))""}}",True,,,True,sobol
295,54.830829780362549,2.0737544333562257,6.296588920801879,2.6770744292251769,1.9985873199999333,15.01398762781173,4.098100298270583,0.98859201278537512,0.19816775340586901,0.78534330427646637,0.34741468168795109,0.17794125061482191,0.92826054617762566,0.30683927144855261,0.091577082872390747,0.15872875042259693,0.1601574057713151,0.46161391213536263,0.20582064427435398,0.75976393651217222,0.9830111050978303,0.06842707097530365,0.52017970476299524,True,,1,0,Slot__Patch;Slot__CPW_Feed_Pin;Patch__CPW_Feed_Pin,True,Slot__CPW_Feed_Pin,,Slot__CPW_Feed_Pin,,"{""Slot__CPW_Feed_Pin"": {""geometry_type"": ""MultiLineString"", ""relations"": ""overlaps"", ""wkt"": ""MULTILINESTRING ((0.5 22.17, 0 22.17), (0 22.17, -0.5 22.17))""}}",True,,,True,sobol
296,54.487600252777341,1.9536281390115617,5.7292464176192874,2.6602489980496467,2.0240374172106383,15.248933052644134,3.9745163630694149,0.52931562811136246,0.42614627256989479,0.45801704563200474,0.30539061687886715,0.041090553626418114,0.70884144492447376,0.62462720368057489,0.51243866235017776,0.78712202794849873,0.76287057250738144,0.68796781171113253,0.40620850678533316,0.34734770376235247,0.33587533701211214,0.92764762695878744,0.097827062010765076,True,,1,0,Slot__Patch;Slot__CPW_Feed_Pin;Patch__CPW_Feed_Pin,True,Slot__CPW_Feed_Pin,,Slot__CPW_Feed_Pin,,"{""Slot__CPW_Feed_Pin"": {""geometry_type"": ""MultiLineString"", ""relations"": ""overlaps"", ""wkt"": ""MULTILINESTRING ((0.5 21.96, 0 21.96), (0 21.96, -0.5 21.96))""}}",True,,,True,sobol
297,51.194789269659665,2.0492932096123697,6.2341373965144165,2.5122814572975036,1.9695830250158906,14.988119173329324,4.1412103220820429,0.017013915814459324,0.73537824209779501,0.97417975217103958,0.56212947238236666,0.96189163625240326,0.48875157721340656,0.32510676234960556,0.25709160789847374,0.31733110547065735,0.28763627074658871,0.24928311537951231,0.52670359145849943,0.8750362740829587,0.53670718893408775,0.38654006365686655,0.58165777195245028,True,,1,0,Slot__Patch;Slot__CPW_Feed_Pin;Patch__CPW_Feed_Pin,True,Slot__CPW_Feed_Pin,,Slot__CPW_Feed_Pin,,"{""Slot__CPW_Feed_Pin"": {""geometry_type"": ""MultiLineString"", ""relations"": ""overlaps"", ""wkt"": ""MULTILINESTRING ((0.5 22.16, 0 22.16), (0 22.16, -0.5 22.16))""}}",True,,,True,sobol
298,51.707213499676435,1.9025231240317224,5.8565003441646688,2.6898914873041218,1.9116598803550005,14.543908480089158,3.8336640868335961,0.42042910680174828,0.95724759995937347,0.56899376772344112,0.87162029184401035,0.56175218895077705,0.96658062934875488,0.817643734626472,0.16689915582537651,0.64169239811599255,0.10780819412320852,0.76515826769173145,0.78274295385926962,0.079697292298078537,0.21613665577024221,0.061835693195462227,0.33714352548122406,True,,1,0,Slot__Patch;Slot__CPW_Feed_Pin;Patch__CPW_Feed_Pin,True,Slot__CPW_Feed_Pin,,Slot__CPW_Feed_Pin,,"{""Slot__CPW_Feed_Pin"": {""geometry_type"": ""MultiLineString"", ""relations"": ""overlaps"", ""wkt"": ""MULTILINESTRING ((0.5 21.65, 0 21.65), (0 21.65, -0.5 21.65))""}}",True,,,True,sobol
299,53.964859861321749,2.0941604435443879,6.1062968708574772,2.5456079659983515,2.0572047013789416,15.59577732346952,4.0506142340600491,0.90812691766768694,0.14197530131787062,0.11539945378899574,0.12077535036951303,0.45099753327667713,0.24648503959178925,0.11542859114706516,0.90731861442327499,0.23818559572100639,0.56812542024999857,0.29758868739008904,0.16129467915743589,0.67405207827687263,0.92106546275317669,0.50137975439429283,0.8579672621563077,True,,1,0,Slot__Patch;Slot__CPW_Feed_Pin;Patch__CPW_Feed_Pin,True,Slot__CPW_Feed_Pin,,Slot__CPW_Feed_Pin,,"{""Slot__CPW_Feed_Pin"": {""geometry_type"": ""MultiLineString"", ""relations"": ""overlaps"", ""wkt"": ""MULTILINESTRING ((0.5 22.2, 0 22.2), (0 22.2, -0.5 22.2))""}}",True,,,True,sobol
300,53.276349652279166,1.9390420585870742,6.1524506751447916,2.5818130892515181,2.0910500464960933,15.149192203301936,3.8803952373564243,0.29204216226935387,0.75355691462755203,0.85151506215333939,0.99473718833178282,0.28727931249886751,0.79015380144119263,0.44440781697630882,0.75198875181376934,0.039743618108332157,0.69850570615381002,0.3948481660336256,0.94041043147444725,0.39926210790872574,0.49526835046708584,0.86774992290884256,0.37807784415781498,True,,1,0,Slot__Patch;Slot__CPW_Feed_Pin;Patch__CPW_Feed_Pin,True,Slot__CPW_Feed_Pin,,Slot__CPW_Feed_Pin,,"{""Slot__CPW_Feed_Pin"": {""geometry_type"": ""MultiLineString"", ""relations"": ""overlaps"", ""wkt"": ""MULTILINESTRING ((0.5 21.91, 0 21.91), (0 21.91, -0.5 21.91))""}}",True,,,True,sobol
301,52.385190086439252,2.0580259947106243,5.8092028459534042,2.7268428543768826,1.9401341078802943,14.712585269473493,4.0103321153670546,0.78554504830390215,0.069325010292232037,0.33544390834867954,0.24778338521718979,0.70778356771916151,0.0085443109273910522,0.73866403568536043,0.0097309891134500504,0.57252380531281233,0.21961585525423288,0.91741041839122772,0.068694159388542175,0.87060053646564484,0.63414963986724615,0.31901176925748587,0.92634597327560186,False,ValueError: producer reported invalid exported polygon(s): Patch,,0,Slot__Patch;Slot__CPW_Feed_Pin;Patch__CPW_Feed_Pin,True,Slot__CPW_Feed_Pin,,Slot__CPW_Feed_Pin,,"{""Slot__CPW_Feed_Pin"": {""geometry_type"": ""MultiLineString"", ""relations"": ""overlaps"", ""wkt"": ""MULTILINESTRING ((0.5 22.01, 0 22.01), (0 22.01, -0.5 22.01))""}}",True,,ValueError: producer reported invalid exported polygon(s): Patch,False,sobol
302,50.578859419934446,1.9925028547644614,6.0368391763418909,2.4839950439333913,1.9786236569285394,14.256667359732091,3.9145061552524565,0.6519051268696785,0.34742515906691551,0.23861584439873695,0.43621141370385885,0.79982327576726675,0.53224104829132557,0.24783694557845592,0.41047076322138309,0.4059069724753499,0.41411448270082474,0.08952366653829813,0.3716152124106884,0.16691251937299967,0.11094273999333382,0.23649583384394646,0.18575368262827396,True,,1,0,Slot__Patch;Slot__CPW_Feed_Pin;Patch__CPW_Feed_Pin,True,Slot__CPW_Feed_Pin,,Slot__CPW_Feed_Pin,,"{""Slot__CPW_Feed_Pin"": {""geometry_type"": ""MultiLineString"", ""relations"": ""overlaps"", ""wkt"": ""MULTILINESTRING ((0.5 21.89, 0 21.89), (0 21.89, -0.5 21.89))""}}",True,,,True,sobol
303,55.072374266292904,2.0108274174854159,5.9253995133563873,2.6316923976503315,2.0277069792151452,15.507743869442493,4.1947728332132099,0.14540848974138498,0.53769740369170904,0.69224067591130733,0.68118565157055855,0.18938213679939508,0.25061820633709431,0.95189846213907003,0.6715614777058363,0.9974029203876853,0.87857935391366482,0.59821569081395864,0.74233058094978333,0.5715847322717309,0.75379891414195299,0.69929355569183826,0.63429608847945929,True,,1,0,Slot__Patch;Slot__CPW_Feed_Pin;Patch__CPW_Feed_Pin,True,Slot__CPW_Feed_Pin,,Slot__CPW_Feed_Pin,,"{""Slot__CPW_Feed_Pin"": {""geometry_type"": ""MultiLineString"", ""relations"": ""overlaps"", ""wkt"": ""MULTILINESTRING ((0.5 22.24, 0 22.24), (0 22.24, -0.5 22.24))""}}",True,,,True,sobol
304,55.311843382287776,1.9985762901604176,6.2557214392349128,2.5538560593500734,1.9196457516402006,14.631835700478405,4.0301219813525675,0.68524257466197014,0.69691725447773933,0.14462708402425051,0.63068600930273533,0.37243372295051813,0.87896963208913803,0.75610857829451561,0.30245205387473106,0.091103888116776943,0.86277252528816462,0.80956825148314238,0.29520576167851686,0.010846929624676704,0.5149970194324851,0.58548201248049736,0.68554317951202393,True,,1,0,Slot__Patch;Slot__CPW_Feed_Pin;Patch__CPW_Feed_Pin,True,Slot__CPW_Feed_Pin,,Slot__CPW_Feed_Pin,,"{""Slot__CPW_Feed_Pin"": {""geometry_type"": ""MultiLineString"", ""relations"": ""overlaps"", ""wkt"": ""MULTILINESTRING ((0.5 21.95, 0 21.95), (0 21.95, -0.5 21.95))""}}",True,,,True,sobol
305,50.365370279923077,2.0043510785326362,5.705931777879595,2.6653930220194164,2.0741757225245236,15.132895778864622,3.8604006651788949,0.17465509194880724,0.38768725749105215,0.6607211297377944,0.37788394931703806,0.6403465187177062,0.16180942207574844,0.051970903761684895,0.56083012372255325,0.56223853398114443,0.33678166475147009,0.25366886425763369,0.66689818445593119,0.72728697396814823,0.37220104597508907,0.10321405716240406,0.13506256509572268,True,,1,0,Slot__Patch;Slot__CPW_Feed_Pin;Patch__CPW_Feed_Pin,True,Slot__CPW_Feed_Pin,,Slot__CPW_Feed_Pin,,"{""Slot__CPW_Feed_Pin"": {""geometry_type"": ""MultiLineString"", ""relations"": ""overlaps"", ""wkt"": ""MULTILINESTRING ((0.5 21.94, 0 21.94), (0 21.94, -0.5 21.94))""}}",True,,,True,sobol
306,52.544396072439845,1.9450786851346493,6.0835684200748803,2.5200223890319466,2.0070728780701756,15.524406518787146,4.1648219004273415,0.26287900656461716,0.16578546166419983,0.75755777303129435,0.1893343236297369,0.85201679449528456,0.63676937855780125,0.55918675474822521,0.89446582645177841,0.47887719701975584,0.015815986320376396,0.7373063825070858,0.89083925355225801,0.30581763666123152,0.88076105434447527,0.46600344125181437,0.87591516971588135,True,,1,0,Slot__Patch;Slot__CPW_Feed_Pin;Patch__CPW_Feed_Pin,True,Slot__CPW_Feed_Pin,,Slot__CPW_Feed_Pin,,"{""Slot__CPW_Feed_Pin"": {""geometry_type"": ""MultiLineString"", ""relations"": ""overlaps"", ""wkt"": ""MULTILINESTRING ((0.5 22.11, 0 22.11), (0 22.11, -0.5 22.11))""}}",True,,,True,sobol
307,53.143204553332183,2.0516108786687255,5.8786705736070868,2.6362581902928652,1.9616021098569034,14.33778311451897,3.9446491103619339,0.75229200068861246,0.98105961363762617,0.30389479827135801,0.94411594141274691,0.15099591482430696,0.41960344649851322,0.265556282363832,0.14850385114550591,0.8834835821762681,0.55818936228752136,0.19945813901722431,0.020100035704672337,0.96343561541289091,0.2418178953230381,0.97171180602163076,0.42906652856618166,True,,1,0,Slot__Patch;Slot__CPW_Feed_Pin;Patch__CPW_Feed_Pin,True,Slot__CPW_Feed_Pin,,Slot__CPW_Feed_Pin,,"{""Slot__CPW_Feed_Pin"": {""geometry_type"": ""MultiLineString"", ""relations"": ""overlaps"", ""wkt"": ""MULTILINESTRING ((0.5 21.96, 0 21.96), (0 21.96, -0.5 21.96))""}}",True,,,True,sobol
308,53.769342850893736,1.9089383309707044,5.7759730853140345,2.6079556491784754,1.9901682712137698,14.91872223559767,4.1242437627166506,0.38352122157812119,0.12341096252202988,0.53799778874963522,0.070277190767228603,0.11071938462555408,0.61799624003469944,0.18633177969604731,0.057617479935288429,0.83201423659920692,0.67682745866477489,0.10238176584243774,0.86256992630660534,0.23478797730058432,0.65974218770861626,0.65131648071110249,0.83882560767233372,True,,1,0,Slot__Patch;Slot__CPW_Feed_Pin;Patch__CPW_Feed_Pin,True,Slot__CPW_Feed_Pin,,Slot__CPW_Feed_Pin,,"{""Slot__CPW_Feed_Pin"": {""geometry_type"": ""MultiLineString"", ""relations"": ""overlaps"", ""wkt"": ""MULTILINESTRING ((0.5 22.02, 0 22.02), (0 22.02, -0.5 22.02))""}}",True,,,True,sobol
309,51.887021185550836,2.0881235353648662,6.187410460598767,2.491481420472264,2.0412054695188999,15.22055176505819,3.9912795513868331,0.88263409677892923,0.80764102470129728,0.021873225457966328,0.8132941909134388,0.8784555085003376,0.33736328221857548,0.8884098157286644,0.79785035364329815,0.29789223335683346,0.15498994290828705,0.58584768883883953,0.24209867604076862,0.51932856347411871,0.45499541331082582,0.16093015298247337,0.35671912040561438,True,,1,0,Slot__Patch;Slot__CPW_Feed_Pin;Patch__CPW_Feed_Pin,True,Slot__CPW_Feed_Pin,,Slot__CPW_Feed_Pin,,"{""Slot__CPW_Feed_Pin"": {""geometry_type"": ""MultiLineString"", ""relations"": ""overlaps"", ""wkt"": ""MULTILINESTRING ((0.5 22.12, 0 22.12), (0 22.12, -0.5 22.12))""}}",True,,,True,sobol
310,51.084792081546034,1.9601041933521628,5.9597736820578575,2.7015825134329501,2.077546594105661,15.623792430851609,4.0839805115014318,0.55490810796618462,0.52951226755976677,0.42705063056200743,0.50368083547800779,0.59793184697628021,0.86014499515295029,0.37899735849350691,0.65366828255355358,0.72356826812028885,0.45933134946972132,0.41324520763009787,0.4504080843180418,0.4398172702640295,0.79021522216498852,0.2659079497680068,0.60146322287619114,True,,1,0,Slot__Patch;Slot__CPW_Feed_Pin;Patch__CPW_Feed_Pin,True,Slot__CPW_Feed_Pin,,Slot__CPW_Feed_Pin,,"{""Slot__CPW_Feed_Pin"": {""geometry_type"": ""MultiLineString"", ""relations"": ""overlaps"", ""wkt"": ""MULTILINESTRING ((0.5 22.12, 0 22.12), (0 22.12, -0.5 22.12))""}}",True,,,True,sobol
311,54.581969027407467,2.043219868093729,6.0030238011851909,2.5908235541731122,1.9285830056294799,14.612939187325537,3.8004911668598651,0.054020506329834461,0.3392380615696311,0.88062205258756876,0.25476991385221481,0.39710051380097866,0.079498685896396637,0.6790825966745615,0.397112051025033,0.13097464479506016,0.99803584720939398,0.89852691534906626,0.57188019342720509,0.78317992202937603,0.089199191890656948,0.79535780195146799,0.07845745887607336,False,ValueError: producer reported invalid exported polygon(s): Patch,,0,Slot__Patch;Slot__CPW_Feed_Pin;Patch__CPW_Feed_Pin,True,Slot__CPW_Feed_Pin,,Slot__CPW_Feed_Pin,,"{""Slot__CPW_Feed_Pin"": {""geometry_type"": ""MultiLineString"", ""relations"": ""overlaps"", ""wkt"": ""MULTILINESTRING ((0.5 21.77, 0 21.77), (0 21.77, -0.5 21.77))""}}",True,,ValueError: producer reported invalid exported polygon(s): Patch,False,sobol
312,54.736261669918896,1.9355996757745741,5.9712462119758127,2.4763792061433194,2.053428925946355,14.378497475758195,4.1268095843493935,0.4658383522182703,0.036937540397047997,0.36420695763081312,0.3433631993830204,0.26026957016438246,0.29905504547059536,0.48710336163640022,0.94518399424850941,0.75252027250826359,0.082827208563685417,0.12584119290113449,0.75456733908504248,0.32388868182897568,0.72083584498614073,0.21634954027831554,0.53205151669681072,True,,1,0,Slot__Patch;Slot__CPW_Feed_Pin;Patch__CPW_Feed_Pin,True,Slot__CPW_Feed_Pin,,Slot__CPW_Feed_Pin,,"{""Slot__CPW_Feed_Pin"": {""geometry_type"": ""MultiLineString"", ""relations"": ""overlaps"", ""wkt"": ""MULTILINESTRING ((0.5 22.12, 0 22.12), (0 22.12, -0.5 22.12))""}}",True,,,True,sobol
313,51.608506545145062,2.0673277525231244,6.0659832330420613,2.6210266135074201,1.9029051382094622,15.389162584673613,3.9574668768793346,0.95549119543284178,0.8442830191925168,0.81689310166984797,0.58665498252958059,0.74260569084435701,0.51914500258862972,0.68920026440173388,0.19934817217290401,0.34413742274045944,0.62447847425937653,0.68738632462918758,0.12500185053795576,0.91412314772605896,0.39097570069134235,0.72236181795597076,0.022830064408481121,True,,1,0,Slot__Patch;Slot__CPW_Feed_Pin;Patch__CPW_Feed_Pin,True,Slot__CPW_Feed_Pin,,Slot__CPW_Feed_Pin,,"{""Slot__CPW_Feed_Pin"": {""geometry_type"": ""MultiLineString"", ""relations"": ""overlaps"", ""wkt"": ""MULTILINESTRING ((0.5 21.92, 0 21.92), (0 21.92, -0.5 21.92))""}}",True,,,True,sobol
314,52.120890813227739,1.9828593000769614,5.8430344820022579,2.5731797977909445,1.965856053866446,15.080454855691642,4.0673049822449681,0.60695135407149792,0.56807689554989338,0.7259161164984107,0.77701110392808914,0.78093063924461603,0.056788031011819839,0.19537772797048092,0.34523565135896206,0.67724684439599514,0.80429105553776026,0.32728397753089666,0.43249151017516851,0.11875269655138254,0.85217123571783304,0.83515218924731016,0.77906413190066814,True,,1,0,Slot__Patch;Slot__CPW_Feed_Pin;Patch__CPW_Feed_Pin,True,Slot__CPW_Feed_Pin,,Slot__CPW_Feed_Pin,,"{""Slot__CPW_Feed_Pin"": {""geometry_type"": ""MultiLineString"", ""relations"": ""overlaps"", ""wkt"": ""MULTILINESTRING ((0.5 22.01, 0 22.01), (0 22.01, -0.5 22.01))""}}",True,,,True,sobol
315,54.213480368815368,2.0138303471729158,6.193609973229468,2.7212575198151177,2.0153315270319583,14.778803447261453,3.848413739725947,0.096604674123227596,0.25090308580547571,0.21079836506396532,0.027886445634067059,0.23171215411275625,0.77688371017575264,0.99551235046237707,0.60398401506245136,0.21039225533604622,0.27758785989135504,0.85948644671589136,0.5609826622530818,0.65062262210994959,0.02627071738243103,0.35257828701287508,0.29144340287894011,True,,1,0,Slot__Patch;Slot__CPW_Feed_Pin;Patch__CPW_Feed_Pin,True,Slot__CPW_Feed_Pin,,Slot__CPW_Feed_Pin,,"{""Slot__CPW_Feed_Pin"": {""geometry_type"": ""MultiLineString"", ""relations"": ""overlaps"", ""wkt"": ""MULTILINESTRING ((0.5 21.88, 0 21.88), (0 21.88, -0.5 21.88))""}}",True,,,True,sobol
316,53.525250998977576,1.969375209324062,6.147166481427849,2.6843058147095147,2.0360725983977317,14.477883376646787,4.0217486646026375,0.72661319188773632,0.64273513294756413,0.94337201211601496,0.90404763165861368,0.0065734833478927612,0.2021479643881321,0.57253898028284311,0.696700070053339,0.011861571110785007,0.39328101370483637,0.95796659868210554,0.33753443136811256,0.42272303719073534,0.57706782966852188,0.016542762517929077,0.94516010954976082,True,,1,0,Slot__Patch;Slot__CPW_Feed_Pin;Patch__CPW_Feed_Pin,True,Slot__CPW_Feed_Pin,,Slot__CPW_Feed_Pin,,"{""Slot__CPW_Feed_Pin"": {""geometry_type"": ""MultiLineString"", ""relations"": ""overlaps"", ""wkt"": ""MULTILINESTRING ((0.5 22.02, 0 22.02), (0 22.02, -0.5 22.02))""}}",True,,,True,sobol
317,52.798990918695928,2.0276867642998697,5.8906396921724076,2.5369745166599751,1.9827885553240776,15.664318646304309,3.8875269383192061,0.22597402241080999,0.46038971189409494,0.49077742081135511,0.15097103454172611,0.98859608732163906,0.98375754430890083,0.36835156381130219,0.44001774489879608,0.60823183786123991,0.93078489508479834,0.48026852030307055,0.71587968617677689,0.83151557017117739,0.30915825162082911,0.54568858258426189,0.48478248808532953,True,,1,0,Slot__Patch;Slot__CPW_Feed_Pin;Patch__CPW_Feed_Pin,True,Slot__CPW_Feed_Pin,,Slot__CPW_Feed_Pin,,"{""Slot__CPW_Feed_Pin"": {""geometry_type"": ""MultiLineString"", ""relations"": ""overlaps"", ""wkt"": ""MULTILINESTRING ((0.5 21.89, 0 21.89), (0 21.89, -0.5 21.89))""}}",True,,,True,sobol
318,50.992619974352415,1.9244713662192225,6.2635894333943734,2.64958355775103,1.9484509227797389,15.367341379635036,4.187207268550992,0.33647663332521915,0.23662638477981091,0.083646637387573719,0.4624519245699048,0.51911688037216663,0.44422233663499355,0.85997594427317381,0.10858383774757385,0.43280765879899263,0.73627076856791973,0.52640614286065102,0.97638275101780891,0.12785902246832848,0.94174014963209629,0.90066551137715578,0.74490709975361824,True,,1,0,Slot__Patch;Slot__CPW_Feed_Pin;Patch__CPW_Feed_Pin,True,Slot__CPW_Feed_Pin,,Slot__CPW_Feed_Pin,,"{""Slot__CPW_Feed_Pin"": {""geometry_type"": ""MultiLineString"", ""relations"": ""overlaps"", ""wkt"": ""MULTILINESTRING ((0.5 22.06, 0 22.06), (0 22.06, -0.5 22.06))""}}",True,,,True,sobol
319,55.321235019247986,2.0788528263568877,5.7748037327080963,2.5046657715737819,2.095166092924774,14.866459422279149,3.9035105951130391,0.83583698701113462,0.92880013305693865,0.5987949064001441,0.71744704805314541,0.470195222645998,0.72584526799619198,0.066326247528195381,0.84844647720456123,0.96264954563230276,0.21322286128997803,0.035356620326638222,0.097159646451473236,0.59501609578728676,0.17791226785629988,0.4105850113555789,0.20066145155578852,True,,1,0,Slot__Patch;Slot__CPW_Feed_Pin;Patch__CPW_Feed_Pin,True,Slot__CPW_Feed_Pin,,Slot__CPW_Feed_Pin,,"{""Slot__CPW_Feed_Pin"": {""geometry_type"": ""MultiLineString"", ""relations"": ""overlaps"", ""wkt"": ""MULTILINESTRING ((0.5 22.08, 0 22.08), (0 22.08, -0.5 22.08))""}}",True,,,True,sobol
320,55.396638756338511,1.9312480369582772,6.2866631079465156,2.6232789805717767,2.0053641643375157,14.598788288421929,3.9862471207976342,0.7585930684581399,0.61201626993715763,0.11910235229879618,0.41789779160171747,0.61191129498183727,0.047577175311744213,0.36609987448900938,0.0024665771052241325,0.61687303334474564,0.8462977260351181,0.20453853253275156,0.8032663045451045,0.37856704369187355,0.97055005002766848,0.14161437749862671,0.26968442741781473,False,ValueError: producer reported invalid exported polygon(s): Patch,,0,Slot__Patch;Slot__CPW_Feed_Pin;Patch__CPW_Feed_Pin,True,Slot__CPW_Feed_Pin,,Slot__CPW_Feed_Pin,,"{""Slot__CPW_Feed_Pin"": {""geometry_type"": ""MultiLineString"", ""relations"": ""overlaps"", ""wkt"": ""MULTILINESTRING ((0.5 21.93, 0 21.93), (0 21.93, -0.5 21.93))""}}",True,,ValueError: producer reported invalid exported polygon(s): Patch,False,sobol
321,50.947118484973906,2.0720821756869556,5.7511522388085714,2.4741589492931961,1.950811305269599,15.632862287107855,4.1044776570051908,0.25746317207813263,0.30461565498262644,0.57175059150904417,0.66874660737812519,0.37543255835771561,0.76670004706829786,0.56794901378452778,0.75925118383020163,0.020861441269516945,0.32151868753135204,0.73271269258111715,0.17397406604140997,0.84375589713454247,0.14422218129038811,0.67112432233989239,0.78477085754275322,True,,1,0,Slot__Patch;Slot__CPW_Feed_Pin;Patch__CPW_Feed_Pin,True,Slot__CPW_Feed_Pin,,Slot__CPW_Feed_Pin,,"{""Slot__CPW_Feed_Pin"": {""geometry_type"": ""MultiLineString"", ""relations"": ""overlaps"", ""wkt"": ""MULTILINESTRING ((0.5 22.13, 0 22.13), (0 22.13, -0.5 22.13))""}}",True,,,True,sobol
322,52.7845431888476,1.9752968305721879,6.124101972207427,2.7190657758899035,1.9179370360448955,15.20992553466931,3.8203735016286373,0.17997935879975557,0.018384514376521111,0.97882773447781801,0.98424984235316515,0.10125942155718803,0.30531993601471186,0.074435272254049778,0.66100212093442678,0.93820593133568764,0.0017830720171332359,0.27983678691089153,0.38376307766884565,0.17341666389256716,0.60489854868501425,0.77708347607403994,0.040255659259855747,True,,1,0,Slot__Patch;Slot__CPW_Feed_Pin;Patch__CPW_Feed_Pin,True,Slot__CPW_Feed_Pin,,Slot__CPW_Feed_Pin,,"{""Slot__CPW_Feed_Pin"": {""geometry_type"": ""MultiLineString"", ""relations"": ""overlaps"", ""wkt"": ""MULTILINESTRING ((0.5 21.72, 0 21.72), (0 21.72, -0.5 21.72))""}}",True,,,True,sobol
323,53.548897891025995,2.0217711869627237,5.9143003312870857,2.5754031560197475,2.0633849160745741,14.931683016009629,4.0889090154319998,0.67884993925690651,0.83548804838210344,0.46373311337083578,0.22751521877944469,0.89584814943373203,0.52442945633083582,0.87432213127613068,0.42102814000099897,0.40847845934331417,0.54146011266857386,0.78291022777557373,0.51203919854015112,0.58027167338877916,0.27448898367583752,0.28663515578955412,0.5298236720263958,True,,1,0,Slot__Patch;Slot__CPW_Feed_Pin;Patch__CPW_Feed_Pin,True,Slot__CPW_Feed_Pin,,Slot__CPW_Feed_Pin,,"{""Slot__CPW_Feed_Pin"": {""geometry_type"": ""MultiLineString"", ""relations"": ""overlaps"", ""wkt"": ""MULTILINESTRING ((0.5 22.17, 0 22.17), (0 22.17, -0.5 22.17))""}}",True,,,True,sobol
324,54.185304668173195,1.9645592723041772,5.8294790888205164,2.5387374199181796,2.0848218135535719,14.300091629382223,3.8686617869883775,0.060323421843349934,0.19268692098557949,0.69825763534754515,0.853307094424963,0.87368762213736773,0.4496938893571496,0.70159321092069149,0.26191507745534182,0.36827201675623655,0.66108409967273474,0.88023086078464985,0.35499807447195053,0.36798147950321436,0.82531659863889217,0.090307025238871574,0.23743519466370344,True,,1,0,Slot__Patch;Slot__CPW_Feed_Pin;Patch__CPW_Feed_Pin,True,Slot__CPW_Feed_Pin,,Slot__CPW_Feed_Pin,,"{""Slot__CPW_Feed_Pin"": {""geometry_type"": ""MultiLineString"", ""relations"": ""overlaps"", ""wkt"": ""MULTILINESTRING ((0.5 21.92, 0 21.92), (0 21.92, -0.5 21.92))""}}",True,,,True,sobol
325,52.13727946104482,2.0321241402998567,6.2077411830425264,2.6826384982280436,1.9338075034320354,15.556833676993847,4.0470621325075626,0.54949042573571205,0.87508759368211031,0.24563991371542215,0.10833685006946325,0.1370174391195178,0.73228950891643763,0.49716563429683447,0.50761714670807123,0.77727293316274881,0.13997203204780817,0.43202802166342735,0.73355742171406746,0.90182013157755136,0.061916097067296505,0.59595148265361786,0.69195904396474361,True,,1,0,Slot__Patch;Slot__CPW_Feed_Pin;Patch__CPW_Feed_Pin,True,Slot__CPW_Feed_Pin,,Slot__CPW_Feed_Pin,,"{""Slot__CPW_Feed_Pin"": {""geometry_type"": ""MultiLineString"", ""relations"": ""overlaps"", ""wkt"": ""MULTILINESTRING ((0.5 22.02, 0 22.02), (0 22.02, -0.5 22.02))""}}",True,,,True,sobol
326,51.655948952492324,1.9165918458253144,5.984792462177575,2.5030011806637047,1.9974434902891516,15.098729141056538,3.9278002019971607,0.8879602113738656,0.66128824837505817,0.33654848393052816,0.29490284621715546,0.35504014696925879,0.19177755992859602,0.98896913602948189,0.91641359124332666,0.20120552834123373,0.4450514018535614,0.57289208937436342,0.95894951373338699,0.073131859302520752,0.69495609775185585,0.95972407888621092,0.45136580150574446,True,,1,0,Slot__Patch;Slot__CPW_Feed_Pin;Patch__CPW_Feed_Pin,True,Slot__CPW_Feed_Pin,,Slot__CPW_Feed_Pin,,"{""Slot__CPW_Feed_Pin"": {""geometry_type"": ""MultiLineString"", ""relations"": ""overlaps"", ""wkt"": ""MULTILINESTRING ((0.5 21.84, 0 21.84), (0 21.84, -0.5 21.84))""}}",True,,,True,sobol
327,54.656329124234617,2.0863293716683984,6.051842855662108,2.6513432395271961,2.0464299669489265,14.668153961654752,4.156481456756592,0.37712673842906952,0.46918465290218592,0.8517346577718854,0.54186076205223799,0.64980363193899393,0.97436745744198561,0.19507927913218737,0.15780613292008638,0.66892220545560122,0.98057700507342815,0.11484732758253813,0.079452220350503922,0.66530435532331467,0.42759597022086382,0.4775143014267087,0.99365248344838619,True,,1,0,Slot__Patch;Slot__CPW_Feed_Pin;Patch__CPW_Feed_Pin,True,Slot__CPW_Feed_Pin,,Slot__CPW_Feed_Pin,,"{""Slot__CPW_Feed_Pin"": {""geometry_type"": ""MultiLineString"", ""relations"": ""overlaps"", ""wkt"": ""MULTILINESTRING ((0.5 22.29, 0 22.29), (0 22.29, -0.5 22.29))""}}",True,,,True,sobol
328,54.650172350555664,1.9908307613804936,5.9365680137649175,2.6672719625569883,1.9715687815099954,14.901907060761005,3.8833858117461202,0.10202073212713003,0.15503784269094467,0.39952951576560736,0.61098268534988165,0.50514031574130058,0.63142376858741045,0.87735188286751509,0.73527987021952868,0.2895027743652463,0.067573024891316891,0.85675613023340702,0.27775702718645334,0.19051016680896282,0.762384251691401,0.52637289650738239,0.38380890246480703,True,,1,0,Slot__Patch;Slot__CPW_Feed_Pin;Patch__CPW_Feed_Pin,True,Slot__CPW_Feed_Pin,,Slot__CPW_Feed_Pin,,"{""Slot__CPW_Feed_Pin"": {""geometry_type"": ""MultiLineString"", ""relations"": ""overlaps"", ""wkt"": ""MULTILINESTRING ((0.5 21.85, 0 21.85), (0 21.85, -0.5 21.85))""}}",True,,,True,sobol
329,51.025464394781736,2.0124994870275259,6.0268429800868031,2.5520727055892349,2.0221185091882945,15.332671805284917,4.0010912548750639,0.60065050981938839,0.96446018945425749,0.9156009079888463,0.36573789641261101,0.49186032451689243,0.41327739972621202,0.17296611703932285,0.49518790189176798,0.82276262994855642,0.60799482557922602,0.33050457015633583,0.64917526114732027,0.53193484805524349,0.12386823445558548,0.036350574344396591,0.93624848313629627,True,,1,0,Slot__Patch;Slot__CPW_Feed_Pin;Patch__CPW_Feed_Pin,True,Slot__CPW_Feed_Pin,,Slot__CPW_Feed_Pin,,"{""Slot__CPW_Feed_Pin"": {""geometry_type"": ""MultiLineString"", ""relations"": ""overlaps"", ""wkt"": ""MULTILINESTRING ((0.5 22.04, 0 22.04), (0 22.04, -0.5 22.04))""}}",True,,,True,sobol
330,51.879449751507487,1.9405195729807019,5.7992062138393514,2.6344557459093632,2.0591416547074912,15.697798012755811,3.9240641258656979,0.96188357751816511,0.74867717549204826,0.51047666650265455,0.052334415726363659,0.016036329790949821,0.8892142167314887,0.68036902043968439,0.084678896702826023,0.15566999558359385,0.78757250308990479,0.65886877197772264,0.90831791702657938,0.48549723532050848,0.63093251269310713,0.39231071528047323,0.17586450930684805,True,,1,0,Slot__Patch;Slot__CPW_Feed_Pin;Patch__CPW_Feed_Pin,True,Slot__CPW_Feed_Pin,,Slot__CPW_Feed_Pin,,"{""Slot__CPW_Feed_Pin"": {""geometry_type"": ""MultiLineString"", ""relations"": ""overlaps"", ""wkt"": ""MULTILINESTRING ((0.5 21.92, 0 21.92), (0 21.92, -0.5 21.92))""}}",True,,,True,sobol
331,53.806493085809052,2.0565484564751388,6.1636187531054025,2.5219199242815376,1.9096921214833855,14.440879274625331,4.1914645764976743,0.46051383204758167,0.43358023371547461,0.056852073408663273,0.79950582981109619,0.97120059281587601,0.17108119931071997,0.38649045675992966,0.84110137540847063,0.74764573108404875,0.26354418508708477,0.15387270133942366,0.037792791612446308,0.76806903537362814,0.48868575133383274,0.92139262799173594,0.62856692261993885,True,,1,0,Slot__Patch;Slot__CPW_Feed_Pin;Patch__CPW_Feed_Pin,True,Slot__CPW_Feed_Pin,,Slot__CPW_Feed_Pin,,"{""Slot__CPW_Feed_Pin"": {""geometry_type"": ""MultiLineString"", ""relations"": ""overlaps"", ""wkt"": ""MULTILINESTRING ((0.5 22.16, 0 22.16), (0 22.16, -0.5 22.16))""}}",True,,,True,sobol
332,53.107995236385612,1.9008758496493101,6.0975434962660078,2.4938399066030978,1.9389296919107437,14.790710678324103,3.9650320071727037,0.8412548927590251,0.54025985673069954,0.79290665406733751,0.17529776878654957,0.75926460232585669,0.86947417166084051,0.057510761544108391,0.99838582705706358,0.53785214386880398,0.37827004492282867,0.056124852038919926,0.81385699100792408,0.055062050931155682,0.9066405463963747,0.70945481583476067,0.10747961420565844,True,,1,0,Slot__Patch;Slot__CPW_Feed_Pin;Patch__CPW_Feed_Pin,True,Slot__CPW_Feed_Pin,,Slot__CPW_Feed_Pin,,"{""Slot__CPW_Feed_Pin"": {""geometry_type"": ""MultiLineString"", ""relations"": ""overlaps"", ""wkt"": ""MULTILINESTRING ((0.5 21.8, 0 21.8), (0 21.8, -0.5 21.8))""}}",True,,,True,sobol
333,52.547438697889447,2.0958077417686582,5.864082272909581,2.6056292732618749,2.0921877950429919,15.069142762105912,4.1444457270205026,0.33017394132912159,0.35583757515996695,0.27674370910972357,0.92642136011272669,0.24568586889654398,0.089808179996907711,0.75934824999421835,0.23989641573280096,0.066603023558855057,0.91503464989364147,0.50612825062125921,0.19317070953547955,0.71461749356240034,0.20519740413874388,0.22681892104446888,0.58763881772756577,True,,1,0,Slot__Patch;Slot__CPW_Feed_Pin;Patch__CPW_Feed_Pin,True,Slot__CPW_Feed_Pin,,Slot__CPW_Feed_Pin,,"{""Slot__CPW_Feed_Pin"": {""geometry_type"": ""MultiLineString"", ""relations"": ""overlaps"", ""wkt"": ""MULTILINESTRING ((0.5 22.33, 0 22.33), (0 22.33, -0.5 22.33))""}}",True,,,True,sobol
334,50.420169158093628,1.9550808813422917,6.2417188894003637,2.5884840385615826,2.0265513701364397,15.399101364891976,3.8306983228772875,0.23236825224012136,0.071651071310043335,0.17997595760971308,0.7418940793722868,0.27766793686896563,0.61161315161734819,0.25023737177252769,0.33595274295657873,0.89241851307451725,0.71881696488708258,0.49075244925916195,0.49909202940762043,0.26007498241961002,0.54185187816619873,0.3405906492844224,0.33117584604769945,True,,1,0,Slot__Patch;Slot__CPW_Feed_Pin;Patch__CPW_Feed_Pin,True,Slot__CPW_Feed_Pin,,Slot__CPW_Feed_Pin,,"{""Slot__CPW_Feed_Pin"": {""geometry_type"": ""MultiLineString"", ""relations"": ""overlaps"", ""wkt"": ""MULTILINESTRING ((0.5 21.81, 0 21.81), (0 21.81, -0.5 21.81))""}}",True,,,True,sobol
335,55.245580977108332,2.0478404911234973,5.7204926205798978,2.7039536433480684,1.9798102600499987,14.364850675687194,4.0598310470581058,0.72128682397305965,0.76174795906990767,0.63357003312557936,0.48494571167975664,0.73314381670206785,0.33195288199931383,0.55008206237107515,0.58201699983328581,0.4874536320567131,0.19893793854862452,0.94699668139219284,0.6208373885601759,0.97848330624401569,0.33655592147260904,0.84666301961988211,0.84831663221120834,True,,1,0,Slot__Patch;Slot__CPW_Feed_Pin;Patch__CPW_Feed_Pin,True,Slot__CPW_Feed_Pin,,Slot__CPW_Feed_Pin,,"{""Slot__CPW_Feed_Pin"": {""geometry_type"": ""MultiLineString"", ""relations"": ""overlaps"", ""wkt"": ""MULTILINESTRING ((0.5 22.08, 0 22.08), (0 22.08, -0.5 22.08))""}}",True,,,True,sobol
336,55.148341261316098,1.9615563426166773,6.0130227221176025,2.514680480249226,2.0722495215013623,15.023915656842291,4.115100187435746,0.19902347307652235,0.97189760953187943,0.21095739305019379,0.45001097302883863,0.83013678621500731,0.96030387934297323,0.74581762962043285,0.44716050568968058,0.58127756416797638,0.058008333668112755,0.64241285994648933,0.41975073050707579,0.41760802362114191,0.08213284146040678,0.99353274051100016,0.82894510682672262,True,,1,0,Slot__Patch;Slot__CPW_Feed_Pin;Patch__CPW_Feed_Pin,True,Slot__CPW_Feed_Pin,,Slot__CPW_Feed_Pin,,"{""Slot__CPW_Feed_Pin"": {""geometry_type"": ""MultiLineString"", ""relations"": ""overlaps"", ""wkt"": ""MULTILINESTRING ((0.5 22.15, 0 22.15), (0 22.15, -0.5 22.15))""}}",True,,,True,sobol
337,50.532471186295147,2.0417676949873567,5.9486033152788877,2.6579453139193356,1.9216273622587323,14.739624223206192,3.9941720776259899,0.69203277118504047,0.16247723530977964,0.72708219476044178,0.69913151860237122,0.15713065583258867,0.24118097778409719,0.44604901131242514,0.68955917377024889,0.048627110198140144,0.51636277884244919,0.17081495560705662,0.54051998909562826,0.82034277264028788,0.78748899884521961,0.44467472191900015,0.35096793062984943,True,,1,0,Slot__Patch;Slot__CPW_Feed_Pin;Patch__CPW_Feed_Pin,True,Slot__CPW_Feed_Pin,,Slot__CPW_Feed_Pin,,"{""Slot__CPW_Feed_Pin"": {""geometry_type"": ""MultiLineString"", ""relations"": ""overlaps"", ""wkt"": ""MULTILINESTRING ((0.5 21.96, 0 21.96), (0 21.96, -0.5 21.96))""}}",True,,,True,sobol
338,52.369854980520905,1.9072900880128145,6.1762396713718779,2.5433089872077108,1.9596270587295292,14.41557095060125,4.0805742066353563,0.87041024025529623,0.37828886136412621,0.82385661825537682,0.8837813725695014,0.31948547903448343,0.71803376544266939,0.93889519199728966,0.85912832338362932,0.97283535823225975,0.83611389342695475,0.84196342807263136,0.76917033921927214,0.14997206628322601,0.46743763331323862,0.11312956735491753,0.6072010463103652,True,,1,0,Slot__Patch;Slot__CPW_Feed_Pin;Patch__CPW_Feed_Pin,True,Slot__CPW_Feed_Pin,,Slot__CPW_Feed_Pin,,"{""Slot__CPW_Feed_Pin"": {""geometry_type"": ""MultiLineString"", ""relations"": ""overlaps"", ""wkt"": ""MULTILINESTRING ((0.5 21.94, 0 21.94), (0 21.94, -0.5 21.94))""}}",True,,,True,sobol
339,53.300560434069482,2.0897717544808985,5.7859715703874821,2.6922853090055292,2.0090056862682104,15.443962239660323,3.8101464226841926,0.36341906152665615,0.69338765647262335,0.37028543464839458,0.14048559591174126,0.67754568066447973,0.49892421532422304,0.23643187154084444,0.097903856076300144,0.38171316497027874,0.36283045168966055,0.34480705577880144,0.14750795718282461,0.61934221535921097,0.66881890594959259,0.57605108805000782,0.08833603747189045,True,,1,0,Slot__Patch;Slot__CPW_Feed_Pin;Patch__CPW_Feed_Pin,True,Slot__CPW_Feed_Pin,,Slot__CPW_Feed_Pin,,"{""Slot__CPW_Feed_Pin"": {""geometry_type"": ""MultiLineString"", ""relations"": ""overlaps"", ""wkt"": ""MULTILINESTRING ((0.5 21.9, 0 21.9), (0 21.9, -0.5 21.9))""}}",True,,,True,sobol
340,53.937414216250183,1.9465556541457771,5.8710913695394993,2.7287127406708902,2.0423505177721379,15.322967247571796,4.0334546476602551,0.99879927095025778,0.3327750600874424,0.60444945283234119,0.76457069627940655,0.59198106080293655,0.54259291756898165,0.31565493624657393,0.19464731123298407,0.34135319571942091,0.49712533596903086,0.44334836211055517,0.98521730303764343,0.32894240692257881,0.24299129098653793,0.80088246520608664,0.67955371458083391,True,,1,0,Slot__Patch;Slot__CPW_Feed_Pin;Patch__CPW_Feed_Pin,True,Slot__CPW_Feed_Pin,,Slot__CPW_Feed_Pin,,"{""Slot__CPW_Feed_Pin"": {""geometry_type"": ""MultiLineString"", ""relations"": ""overlaps"", ""wkt"": ""MULTILINESTRING ((0.5 22.02, 0 22.02), (0 22.02, -0.5 22.02))""}}",True,,,True,sobol
341,51.72319557825103,2.0501339334994553,6.0923199282959102,2.5799750652164222,1.9889680078253149,14.816030647605658,3.850818284973502,0.48601458035409451,0.5171954995021224,0.088355168700218201,0.0095713408663868904,0.41880017332732677,0.25999726820737123,0.60967069305479527,0.94988302420824766,0.81199100706726313,0.95963100250810385,0.99488705489784479,0.11371610686182976,0.92523516342043877,0.88542008493095636,0.25989870075136423,0.12542036920785904,True,,1,0,Slot__Patch;Slot__CPW_Feed_Pin;Patch__CPW_Feed_Pin,True,Slot__CPW_Feed_Pin,,Slot__CPW_Feed_Pin,,"{""Slot__CPW_Feed_Pin"": {""geometry_type"": ""MultiLineString"", ""relations"": ""overlaps"", ""wkt"": ""MULTILINESTRING ((0.5 21.89, 0 21.89), (0 21.89, -0.5 21.89))""}}",True,,,True,sobol
342,51.241824475955212,1.9969032758846879,5.7146828636527056,2.6298808990232647,1.9297769062221051,14.527121912688017,4.1739406891167166,0.076435583643615246,0.80141441524028778,0.4934727381914854,0.32309639640152454,0.07333415187895298,0.78467038925737143,0.11902302596718073,0.59476750623434782,0.22912287618964911,0.65456712804734707,0.0097736194729804993,0.32683776319026947,0.096578364260494709,0.36175508238375187,0.18616511113941669,0.88554402906447649,True,,1,0,Slot__Patch;Slot__CPW_Feed_Pin;Patch__CPW_Feed_Pin,True,Slot__CPW_Feed_Pin,,Slot__CPW_Feed_Pin,,"{""Slot__CPW_Feed_Pin"": {""geometry_type"": ""MultiLineString"", ""relations"": ""overlaps"", ""wkt"": ""MULTILINESTRING ((0.5 22.1, 0 22.1), (0 22.1, -0.5 22.1))""}}",True,,,True,sobol
343,54.408398394472897,2.0060241166502237,6.2481417993083603,2.4858379089087244,2.0763951353728771,15.707868756260723,3.9417806077748536,0.56365136988461018,0.11131556611508131,0.94713547453284264,0.57616911921650171,0.93158579990267754,0.0020804619416594505,0.82284408062696457,0.35445032920688391,0.63323230762034655,0.17761693149805069,0.55198920331895351,0.6972799263894558,0.62623572070151567,0.50008692126721144,0.62558930739760399,0.43505410104990005,False,ValueError: producer reported invalid exported polygon(s): Patch,,0,Slot__Patch;Slot__CPW_Feed_Pin;Patch__CPW_Feed_Pin,True,Slot__CPW_Feed_Pin,,Slot__CPW_Feed_Pin,,"{""Slot__CPW_Feed_Pin"": {""geometry_type"": ""MultiLineString"", ""relations"": ""overlaps"", ""wkt"": ""MULTILINESTRING ((0.5 22.02, 0 22.02), (0 22.02, -0.5 22.02))""}}",True,,ValueError: producer reported invalid exported polygon(s): Patch,False,sobol
344,54.898469845578077,1.9230194043368101,5.7637083224952219,2.5991477150842548,1.9009663948789237,15.473520748782903,4.018391985073686,0.91745113302022219,0.26495161093771458,0.30559735558927059,0.5220021428540349,0.78694247547537088,0.34516155067831278,0.014884820207953453,0.80816597398370504,0.26259076315909624,0.77812401298433542,0.29488890524953604,0.88203437719494104,0.22956652473658323,0.18104189541190863,0.36268053483217955,0.95115626696497202,True,,1,0,Slot__Patch;Slot__CPW_Feed_Pin;Patch__CPW_Feed_Pin,True,Slot__CPW_Feed_Pin,,Slot__CPW_Feed_Pin,,"{""Slot__CPW_Feed_Pin"": {""geometry_type"": ""MultiLineString"", ""relations"": ""overlaps"", ""wkt"": ""MULTILINESTRING ((0.5 21.84, 0 21.84), (0 21.84, -0.5 21.84))""}}",True,,,True,sobol
345,51.440111693460494,2.0803048120811582,6.2735122533515106,2.7115713408030575,2.0553978988900781,14.292950551025569,3.8971340946853159,0.41022010520100594,0.57235037628561258,0.75819218531250954,0.26721653155982494,0.21019561495631933,0.56330783013254404,0.80888165440410376,0.047303694300353527,0.85750467982143164,0.30412060674279928,0.76834838930517435,0.0035141380503773689,0.50850634556263685,0.94834206067025661,0.82554215658456087,0.49441992864012718,True,,1,0,Slot__Patch;Slot__CPW_Feed_Pin;Patch__CPW_Feed_Pin,True,Slot__CPW_Feed_Pin,,Slot__CPW_Feed_Pin,,"{""Slot__CPW_Feed_Pin"": {""geometry_type"": ""MultiLineString"", ""relations"": ""overlaps"", ""wkt"": ""MULTILINESTRING ((0.5 22.03, 0 22.03), (0 22.03, -0.5 22.03))""}}",True,,,True,sobol
346,52.294137959834188,1.9710232641547918,5.9005632162094113,2.4994271008297799,2.0133439306169749,14.674928809516132,4.1781132500618696,0.02731445524841547,0.85855291597545147,0.66727694310247898,0.080772102810442448,0.29783792328089476,0.10296582709997892,0.30264221504330635,0.4041327266022563,0.18353284988552332,0.12452790699899197,0.22073505818843842,0.30593210551887751,0.46203725971281528,0.30065278429538012,0.7439961414784193,0.7352715814486146,True,,1,0,Slot__Patch;Slot__CPW_Feed_Pin;Patch__CPW_Feed_Pin,True,Slot__CPW_Feed_Pin,,Slot__CPW_Feed_Pin,,"{""Slot__CPW_Feed_Pin"": {""geometry_type"": ""MultiLineString"", ""relations"": ""overlaps"", ""wkt"": ""MULTILINESTRING ((0.5 22.17, 0 22.17), (0 22.17, -0.5 22.17))""}}",True,,,True,sobol
347,54.054830542765558,2.0260387333109975,6.1360717976465828,2.6142604571022092,1.9677762214094401,15.181675889063627,3.9063550904393196,0.52008295059204102,0.0414474131539464,0.1521289125084877,0.83357005007565022,0.68953644949942827,0.8210987551137805,0.50641382951289415,0.64664944168180227,0.71191850584000349,0.58216787129640579,0.71602988056838512,0.68546850699931383,0.80715495534241199,0.56411539390683174,0.19519980251789093,0.1946786604821682,True,,1,0,Slot__Patch;Slot__CPW_Feed_Pin;Patch__CPW_Feed_Pin,True,Slot__CPW_Feed_Pin,,Slot__CPW_Feed_Pin,,"{""Slot__CPW_Feed_Pin"": {""geometry_type"": ""MultiLineString"", ""relations"": ""overlaps"", ""wkt"": ""MULTILINESTRING ((0.5 21.9, 0 21.9), (0 21.9, -0.5 21.9))""}}",True,,,True,sobol
348,53.355885688308625,1.9813825191929937,6.2024364380165942,2.6430870876275003,1.9839461429044605,15.585071722045541,4.1359764486551285,0.15473073814064264,0.93037660978734493,0.88488567247986794,0.20765508711338043,0.54093586839735508,0.15401690732687712,0.92938766907900572,0.55197981093078852,0.50227850489318371,0.71351789496839046,0.61901442334055901,0.46311917342245579,0.016007600352168083,0.02116059884428978,0.43564098048955202,0.54193868022412062,True,,1,0,Slot__Patch;Slot__CPW_Feed_Pin;Patch__CPW_Feed_Pin,True,Slot__CPW_Feed_Pin,,Slot__CPW_Feed_Pin,,"{""Slot__CPW_Feed_Pin"": {""geometry_type"": ""MultiLineString"", ""relations"": ""overlaps"", ""wkt"": ""MULTILINESTRING ((0.5 22.1, 0 22.1), (0 22.1, -0.5 22.1))""}}",True,,,True,sobol
349,52.96152258068323,2.0153071042150259,5.8353791769593952,2.5275074565410613,2.0348849697038531,14.556857078801841,3.9545487727969886,0.64169809222221375,0.24797790218144655,0.43219929002225399,0.95656213443726301,0.46387739107012749,0.93368280958384275,0.12966884858906269,0.31130050588399172,0.094377171248197556,0.23536493629217148,0.069215210154652596,0.59237231872975826,0.73804790340363979,0.85138789284974337,0.87512495648115873,0.028576469048857689,True,,1,0,Slot__Patch;Slot__CPW_Feed_Pin;Patch__CPW_Feed_Pin,True,Slot__CPW_Feed_Pin,,Slot__CPW_Feed_Pin,,"{""Slot__CPW_Feed_Pin"": {""geometry_type"": ""MultiLineString"", ""relations"": ""overlaps"", ""wkt"": ""MULTILINESTRING ((0.5 22.01, 0 22.01), (0 22.01, -0.5 22.01))""}}",True,,,True,sobol
350,50.834293634630733,1.9372725026682018,6.058328632079065,2.6748895079456272,2.0963725298643112,14.973980411421508,4.0706857033073902,0.79584362078458071,0.46174481697380543,0.025128819048404694,0.64118146523833275,0.059338636696338654,0.39616113249212503,0.63810453657060862,0.14392504561692476,0.92700894363224506,0.43156760279089212,0.92786381673067808,0.84793723560869694,0.28353686537593603,0.40535841695964336,0.55139234662055969,0.7733196197077632,True,,1,0,Slot__Patch;Slot__CPW_Feed_Pin;Patch__CPW_Feed_Pin,True,Slot__CPW_Feed_Pin,,Slot__CPW_Feed_Pin,,"{""Slot__CPW_Feed_Pin"": {""geometry_type"": ""MultiLineString"", ""relations"": ""overlaps"", ""wkt"": ""MULTILINESTRING ((0.5 22.11, 0 22.11), (0 22.11, -0.5 22.11))""}}",True,,,True,sobol
351,55.493511706870052,2.0656549017876387,5.9800734031945471,2.5627360382676123,1.947312095761299,15.258082324638963,3.8387817788869141,0.28281145170331001,0.65385025832802057,0.54024633206427097,0.3981602331623435,0.95133590511977673,0.67582131270319223,0.43566049635410309,0.89904277119785547,0.46063598990440369,0.89286502357572317,0.38390872348099947,0.21962202154099941,0.93939929362386465,0.73187022563070059,0.010346783325076103,0.2815695758908987,True,,1,0,Slot__Patch;Slot__CPW_Feed_Pin;Patch__CPW_Feed_Pin,True,Slot__CPW_Feed_Pin,,Slot__CPW_Feed_Pin,,"{""Slot__CPW_Feed_Pin"": {""geometry_type"": ""MultiLineString"", ""relations"": ""overlaps"", ""wkt"": ""MULTILINESTRING ((0.5 21.85, 0 21.85), (0 21.85, -0.5 21.85))""}}",True,,,True,sobol
352,55.622570910304788,1.9809222234413029,5.8049193788319817,2.4805308347009118,2.047476485557854,15.162387014832348,4.086801600456238,0.42772740125656128,0.17889254260808229,0.072097164578735828,0.11212293431162834,0.2259027473628521,0.43580028507858515,0.92139003239572048,0.61101118195801973,0.51585587114095688,0.95101884007453918,0.23831562045961618,0.70559455547481775,0.86560713779181242,0.55040113627910614,0.51380489766597748,0.21256948634982109,True,,1,0,Slot__Patch;Slot__CPW_Feed_Pin;Patch__CPW_Feed_Pin,True,Slot__CPW_Feed_Pin,,Slot__CPW_Feed_Pin,,"{""Slot__CPW_Feed_Pin"": {""geometry_type"": ""MultiLineString"", ""relations"": ""overlaps"", ""wkt"": ""MULTILINESTRING ((0.5 22.11, 0 22.11), (0 22.11, -0.5 22.11))""}}",True,,,True,sobol
353,50.716854725871229,2.0219974562525751,6.1579061245545752,2.6250637094676494,1.9961471052840352,14.696460675448179,3.8037275310605763,0.93221613857895136,0.98678143881261349,0.61852595116943121,0.86519941594451666,0.77122008241713047,0.65614195261150599,0.15328338649123907,0.36945854220539331,0.11211262084543705,0.47503681294620037,0.6984546547755599,0.33414581138640642,0.39626753609627485,0.31435201410204172,0.046976892277598381,0.7325174743309617,True,,1,0,Slot__Patch;Slot__CPW_Feed_Pin;Patch__CPW_Feed_Pin,True,Slot__CPW_Feed_Pin,,Slot__CPW_Feed_Pin,,"{""Slot__CPW_Feed_Pin"": {""geometry_type"": ""MultiLineString"", ""relations"": ""overlaps"", ""wkt"": ""MULTILINESTRING ((0.5 21.82, 0 21.82), (0 21.82, -0.5 21.82))""}}",True,,,True,sobol
354,52.854439360927792,1.9250320522114635,5.9308548565953965,2.5772047289274633,1.9350989501923321,14.272792305797338,4.1214284874498848,0.50536419823765755,0.71023792121559381,0.96334815118461847,0.55359667539596558,0.73679876141250134,0.17809948604553938,0.64585492387413979,0.21090623829513788,0.91323893144726753,0.17052970733493567,0.30855570547282696,0.1064038285985589,0.56672097183763981,0.93078997917473316,0.37949476111680269,0.47337032482028008,True,,1,0,Slot__Patch;Slot__CPW_Feed_Pin;Patch__CPW_Feed_Pin,True,Slot__CPW_Feed_Pin,,Slot__CPW_Feed_Pin,,"{""Slot__CPW_Feed_Pin"": {""geometry_type"": ""MultiLineString"", ""relations"": ""overlaps"", ""wkt"": ""MULTILINESTRING ((0.5 21.98, 0 21.98), (0 21.98, -0.5 21.98))""}}",True,,,True,sobol
355,53.495302476175134,2.0716498464345934,6.0325556008145211,2.7254208172857766,2.0837687831372023,15.494548694696277,3.9880490083247424,0.0098524587228894234,0.39264610596001148,0.47947304230183363,0.29860119801014662,0.25056035071611404,0.89843161683529615,0.41227891761809587,0.96487598586827517,0.44321144185960293,0.63009917829185724,0.75467190146446228,0.97689844388514757,0.16401718743145466,0.19857847224920988,0.9322592718526721,0.95609258953481913,True,,1,0,Slot__Patch;Slot__CPW_Feed_Pin;Patch__CPW_Feed_Pin,True,Slot__CPW_Feed_Pin,,Slot__CPW_Feed_Pin,,"{""Slot__CPW_Feed_Pin"": {""geometry_type"": ""MultiLineString"", ""relations"": ""overlaps"", ""wkt"": ""MULTILINESTRING ((0.5 22.15, 0 22.15), (0 22.15, -0.5 22.15))""}}",True,,,True,sobol
356,54.080396797228609,1.9146760344505309,6.2289750600233678,2.6965948405489328,2.0676110690459608,15.238690816797316,4.1676675174385309,0.6259455569088459,0.50080978218466043,0.74524757172912359,0.67280735168606043,0.4799047252163291,0.064967903308570385,0.022507901303470135,0.87411886733025312,0.2798360837623477,0.51147091295570135,0.90637473948299885,0.14016934670507908,0.88778115622699261,0.65559505205601454,0.69076899997889996,0.31116392277181149,True,,1,0,Slot__Patch;Slot__CPW_Feed_Pin;Patch__CPW_Feed_Pin,True,Slot__CPW_Feed_Pin,,Slot__CPW_Feed_Pin,,"{""Slot__CPW_Feed_Pin"": {""geometry_type"": ""MultiLineString"", ""relations"": ""overlaps"", ""wkt"": ""MULTILINESTRING ((0.5 22.15, 0 22.15), (0 22.15, -0.5 22.15))""}}",True,,,True,sobol
357,52.23883613683283,2.0823904452845454,5.7332370579242697,2.5491242153383791,1.9135701185092329,14.995431816671044,3.9478607557713987,0.14025564957410097,0.31792082823812962,0.19891033787280321,0.42951545305550098,0.52492379490286112,0.8468291936442256,0.78562450595200062,0.11416139360517263,0.87156859878450632,0.031345025636255741,0.40538793429732323,0.76088615320622921,0.35809372924268246,0.48161856271326542,0.24743878841400146,0.75886199157685041,True,,1,0,Slot__Patch;Slot__CPW_Feed_Pin;Patch__CPW_Feed_Pin,True,Slot__CPW_Feed_Pin,,Slot__CPW_Feed_Pin,,"{""Slot__CPW_Feed_Pin"": {""geometry_type"": ""MultiLineString"", ""relations"": ""overlaps"", ""wkt"": ""MULTILINESTRING ((0.5 21.94, 0 21.94), (0 21.94, -0.5 21.94))""}}",True,,,True,sobol
358,51.395155450515446,1.9666719868779181,6.1102873357012868,2.661744894348085,1.9551846809685229,14.536595484707505,4.0272819887846705,0.29733183979988098,0.094433796592056751,0.35207383614033461,0.23903751093894243,0.99830805975943804,0.32285752985626459,0.29476332012563944,0.46216631587594748,0.16562568303197622,0.35250739753246307,0.60925184655934572,0.54880828596651554,0.68666732218116522,0.77139696571975946,0.32214515935629606,0.0036053862422704697,True,,1,0,Slot__Patch;Slot__CPW_Feed_Pin;Patch__CPW_Feed_Pin,True,Slot__CPW_Feed_Pin,,Slot__CPW_Feed_Pin,,"{""Slot__CPW_Feed_Pin"": {""geometry_type"": ""MultiLineString"", ""relations"": ""overlaps"", ""wkt"": ""MULTILINESTRING ((0.5 21.95, 0 21.95), (0 21.95, -0.5 21.95))""}}",True,,,True,sobol
359,54.934383575525139,2.0366567118093371,5.851337825506925,2.5169426635839045,2.0011429913341998,15.606019922532141,3.857194648683071,0.81164240930229425,0.78702567331492901,0.83597946260124445,0.98816181533038616,0.012381742708384991,0.60471691284328699,0.52991056442260742,0.70580144505947828,0.69864231813699007,0.81573626212775707,0.078983421437442303,0.42709345184266567,0.090344077907502651,0.10113602131605148,0.86703493166714907,0.55079648178070784,True,,1,0,Slot__Patch;Slot__CPW_Feed_Pin;Patch__CPW_Feed_Pin,True,Slot__CPW_Feed_Pin,,Slot__CPW_Feed_Pin,,"{""Slot__CPW_Feed_Pin"": {""geometry_type"": ""MultiLineString"", ""relations"": ""overlaps"", ""wkt"": ""MULTILINESTRING ((0.5 21.9, 0 21.9), (0 21.9, -0.5 21.9))""}}",True,,,True,sobol
360,54.384122205618773,1.9407491659745573,6.1180958071723586,2.5660141885094343,1.9761811548843979,15.465506309643388,4.1841966390609739,0.70829266868531704,0.58920959290117025,0.41525415610522032,0.91464348323643208,0.14114504866302013,0.75821518804877996,0.33890802972018719,0.12868988048285246,0.32801245618611574,0.22899582888931036,0.82047636248171329,0.24255476426333189,0.5535420635715127,0.71767403557896614,0.129032077267766,0.066920341923832893,True,,1,0,Slot__Patch;Slot__CPW_Feed_Pin;Patch__CPW_Feed_Pin,True,Slot__CPW_Feed_Pin,,Slot__CPW_Feed_Pin,,"{""Slot__CPW_Feed_Pin"": {""geometry_type"": ""MultiLineString"", ""relations"": ""overlaps"", ""wkt"": ""MULTILINESTRING ((0.5 22.1, 0 22.1), (0 22.1, -0.5 22.1))""}}",True,,,True,sobol
361,51.298423926532266,2.0621706925332548,5.9203058883547781,2.6776736173778777,2.029954265989363,14.39626996172592,3.9000847812741992,0.21302173193544149,0.27929896488785744,0.90010609570890665,0.17162612173706293,0.84607661515474319,0.040803148411214352,0.60203640814870596,0.88302986230701208,0.79401916917413473,0.68930839095264673,0.36628824844956398,0.87187752779573202,0.20845467690378428,0.41856701392680407,0.68173442408442497,0.61250346060842276,True,,1,0,Slot__Patch;Slot__CPW_Feed_Pin;Patch__CPW_Feed_Pin,True,Slot__CPW_Feed_Pin,,Slot__CPW_Feed_Pin,,"{""Slot__CPW_Feed_Pin"": {""geometry_type"": ""MultiLineString"", ""relations"": ""overlaps"", ""wkt"": ""MULTILINESTRING ((0.5 21.99, 0 21.99), (0 21.99, -0.5 21.99))""}}",True,,,True,sobol
362,51.769446961022908,1.9904013564810157,6.2926692651584748,2.532306719701737,2.0888036180287601,14.760664373170584,4.024765107780695,0.34940602071583271,0.057856637053191662,0.5572367375716567,0.48111766390502453,0.6304931752383709,0.50044381339102983,0.095522236078977585,0.53672939445823431,0.24312927667051554,0.8839925080537796,0.63265205640345812,0.56842815410345793,0.75476282835006714,0.83236945234239101,0.7642532205209136,0.36873680539429188,True,,1,0,Slot__Patch;Slot__CPW_Feed_Pin;Patch__CPW_Feed_Pin,True,Slot__CPW_Feed_Pin,,Slot__CPW_Feed_Pin,,"{""Slot__CPW_Feed_Pin"": {""geometry_type"": ""MultiLineString"", ""relations"": ""overlaps"", ""wkt"": ""MULTILINESTRING ((0.5 22.11, 0 22.11), (0 22.11, -0.5 22.11))""}}",True,,,True,sobol
363,53.902793118637057,2.0062806971371172,5.7451466895639891,2.6484120882302524,1.942575942352414,15.00374529697001,3.8909585732966661,0.85413460712879896,0.87344186007976532,0.009831656701862812,0.73002846259623766,0.36649220623075962,0.28304131049662828,0.83071177173405886,0.29530284833163023,0.6504202289506793,0.40876287035644054,0.18058491032570601,0.44018255826085806,0.47585325688123703,0.037237375043332577,0.29748558346182108,0.82631295081228018,True,,1,0,Slot__Patch;Slot__CPW_Feed_Pin;Patch__CPW_Feed_Pin,True,Slot__CPW_Feed_Pin,,Slot__CPW_Feed_Pin,,"{""Slot__CPW_Feed_Pin"": {""geometry_type"": ""MultiLineString"", ""relations"": ""overlaps"", ""wkt"": ""MULTILINESTRING ((0.5 21.84, 0 21.84), (0 21.84, -0.5 21.84))""}}",True,,,True,sobol
364,53.172796488925812,1.9511390306055545,5.9978293005377052,2.6119843146577479,1.9092189041897654,15.729309477377683,4.0642696712166071,0.46900700218975544,0.23108718823641539,0.77713622990995646,0.35423467960208654,0.40304368454962969,0.73894148785620928,0.72219141107052565,0.38813271839171648,0.56379561685025692,0.2930489182472229,0.027356223203241825,0.66155877709388733,0.70082301273941994,0.61150320526212454,0.07163551077246666,0.40971692651510239,True,,1,0,Slot__Patch;Slot__CPW_Feed_Pin;Patch__CPW_Feed_Pin,True,Slot__CPW_Feed_Pin,,Slot__CPW_Feed_Pin,,"{""Slot__CPW_Feed_Pin"": {""geometry_type"": ""MultiLineString"", ""relations"": ""overlaps"", ""wkt"": ""MULTILINESTRING ((0.5 21.93, 0 21.93), (0 21.93, -0.5 21.93))""}}",True,,,True,sobol
365,52.488586640078573,2.0459274848923088,6.0388054808601739,2.4956414795108137,2.0594504622742535,14.507741178385913,3.8450124166905879,0.98356505017727613,0.91599775105714798,0.29225377272814512,0.60703637823462486,0.60778332781046629,0.45805670041590929,0.4540430698543787,0.63139755371958017,0.034799579530954361,0.75751845352351665,0.53441604878753424,0.282968919724226,0.044929798692464828,0.25032330863177776,0.61658756621181965,0.89476792234927416,True,,1,0,Slot__Patch;Slot__CPW_Feed_Pin;Patch__CPW_Feed_Pin,True,Slot__CPW_Feed_Pin,,Slot__CPW_Feed_Pin,,"{""Slot__CPW_Feed_Pin"": {""geometry_type"": ""MultiLineString"", ""relations"": ""overlaps"", ""wkt"": ""MULTILINESTRING ((0.5 21.95, 0 21.95), (0 21.95, -0.5 21.95))""}}",True,,,True,sobol
366,50.640844669099891,1.9054050974547863,5.8164422404021021,2.7057383722439412,2.0217925146222115,14.836968163959682,4.1298505198210478,0.57886985503137112,0.63747063186019659,0.13323115278035402,0.79546416085213423,0.88439620938152075,0.99676817562431097,0.96226509008556604,0.79215069953352213,0.99050613678991795,0.57750584091991186,0.45701696537435055,0.026481315493583679,0.9996022479608655,0.99273962248116732,0.94129289034754038,0.15489276498556137,True,,1,0,Slot__Patch;Slot__CPW_Feed_Pin;Patch__CPW_Feed_Pin,True,Slot__CPW_Feed_Pin,,Slot__CPW_Feed_Pin,,"{""Slot__CPW_Feed_Pin"": {""geometry_type"": ""MultiLineString"", ""relations"": ""overlaps"", ""wkt"": ""MULTILINESTRING ((0.5 22.05, 0 22.05), (0 22.05, -0.5 22.05))""}}",True,,,True,sobol
367,55.010222298465671,2.097923613153398,6.2207785679027445,2.5948559239692988,1.9720233336091042,15.302716427017003,3.9608738288283347,0.093428379856050014,0.44688546285033226,0.68054468091577291,0.040682420134544373,0.12056952062994242,0.2158852955326438,0.2286779060959816,0.032067072577774525,0.39522597938776016,0.098611325956881046,0.98121239989995956,0.90594809874892235,0.27753121871501207,0.13565674051642418,0.49790242966264486,0.66521803755313158,True,,1,0,Slot__Patch;Slot__CPW_Feed_Pin;Patch__CPW_Feed_Pin,True,Slot__CPW_Feed_Pin,,Slot__CPW_Feed_Pin,,"{""Slot__CPW_Feed_Pin"": {""geometry_type"": ""MultiLineString"", ""relations"": ""overlaps"", ""wkt"": ""MULTILINESTRING ((0.5 22.03, 0 22.03), (0 22.03, -0.5 22.03))""}}",True,,,True,sobol
368,55.208365404233341,1.9114289641380309,5.8945570958778264,2.6561605826020243,2.0799869041889907,14.461781760212034,3.8141916919499632,0.61620515771210194,0.2877306854352355,0.22669634595513344,0.021433142945170403,0.44508629385381937,0.5875381575897336,0.034018057398498058,0.93242649640887976,0.55143535137176514,0.14469415508210659,0.67644934728741646,0.072140493430197239,0.84219294600188732,0.38116892985999584,0.34985790494829416,0.65364472754299641,True,,1,0,Slot__Patch;Slot__CPW_Feed_Pin;Patch__CPW_Feed_Pin,True,Slot__CPW_Feed_Pin,,Slot__CPW_Feed_Pin,,"{""Slot__CPW_Feed_Pin"": {""geometry_type"": ""MultiLineString"", ""relations"": ""overlaps"", ""wkt"": ""MULTILINESTRING ((0.5 21.81, 0 21.81), (0 21.81, -0.5 21.81))""}}",True,,,True,sobol
369,50.469005025643852,2.0914968905970457,6.1420773815363647,2.5083085972629484,1.9263381045311689,15.677490659058094,4.0952762193977836,0.118738385848701,0.59763934090733528,0.71160169504582882,0.76838729996234179,0.5519296070560813,0.36719646025449038,0.76722405292093754,0.17304133903235197,0.084329055622220039,0.68706265836954117,0.13629751838743687,0.95063022244721651,0.43530768714845181,0.73843384440988302,0.83640021737664938,0.16689998563379049,True,,1,0,Slot__Patch;Slot__CPW_Feed_Pin;Patch__CPW_Feed_Pin,True,Slot__CPW_Feed_Pin,,Slot__CPW_Feed_Pin,,"{""Slot__CPW_Feed_Pin"": {""geometry_type"": ""MultiLineString"", ""relations"": ""overlaps"", ""wkt"": ""MULTILINESTRING ((0.5 22.12, 0 22.12), (0 22.12, -0.5 22.12))""}}",True,,,True,sobol
370,52.6066296226345,1.9572237446904182,5.7697144528850908,2.6859302651882175,1.9924140306189657,15.354169003665447,3.9799708928912878,0.44384147785604,0.81911409180611372,0.87063289433717728,0.57983695156872272,0.95598174165934324,0.82982734497636557,0.27349664364010096,0.27791271638125181,0.87866173312067986,0.99158478621393442,0.87042294722050428,0.74187260214239359,0.60579259600490332,0.012620877474546432,0.73142146691679955,0.90651671774685383,True,,1,0,Slot__Patch;Slot__CPW_Feed_Pin;Patch__CPW_Feed_Pin,True,Slot__CPW_Feed_Pin,,Slot__CPW_Feed_Pin,,"{""Slot__CPW_Feed_Pin"": {""geometry_type"": ""MultiLineString"", ""relations"": ""overlaps"", ""wkt"": ""MULTILINESTRING ((0.5 21.93, 0 21.93), (0 21.93, -0.5 21.93))""}}",True,,,True,sobol
371,53.081137879751623,2.0394643289968371,6.2675066594034439,2.5415074167214335,2.0387644918635486,14.882561390753835,4.1105547577142714,0.94637518282979727,0.0035270154476165771,0.32328122295439243,0.33486282918602228,0.031270441599190235,0.1094951843842864,0.54245398193597794,0.52286761905997992,0.47002705745398998,0.46559879835695028,0.31682812888175249,0.36230569053441286,0.14057343360036612,0.87361659575253725,0.20581753738224506,0.39840394910424948,True,,1,0,Slot__Patch;Slot__CPW_Feed_Pin;Patch__CPW_Feed_Pin,True,Slot__CPW_Feed_Pin,,Slot__CPW_Feed_Pin,,"{""Slot__CPW_Feed_Pin"": {""geometry_type"": ""MultiLineString"", ""relations"": ""overlaps"", ""wkt"": ""MULTILINESTRING ((0.5 22.19, 0 22.19), (0 22.19, -0.5 22.19))""}}",True,,,True,sobol
372,53.66578961843625,1.9968646062538027,6.0713654436171058,2.5695882683433591,2.0095147140324117,14.385832917876542,3.9341193392872809,0.31637405417859554,0.89194112550467253,0.58869524858891964,0.71077969949692488,0.19920199550688267,0.91152582224458456,0.90073086135089397,0.67625398281961679,0.30674225371330976,0.33033111039549112,0.46926335897296667,0.52032801695168018,0.91119725536555052,0.29160001594573259,0.41721742507070303,0.86950341612100601,True,,1,0,Slot__Patch;Slot__CPW_Feed_Pin;Patch__CPW_Feed_Pin,True,Slot__CPW_Feed_Pin,,Slot__CPW_Feed_Pin,,"{""Slot__CPW_Feed_Pin"": {""geometry_type"": ""MultiLineString"", ""relations"": ""overlaps"", ""wkt"": ""MULTILINESTRING ((0.5 21.94, 0 21.94), (0 21.94, -0.5 21.94))""}}",True,,,True,sobol
373,51.990417650341982,2.0001956984400748,5.9670359836891294,2.7147563998028641,1.9593556828796863,15.378897371236235,4.1503492396324875,0.82482715602964163,0.20703240483999252,0.10388145223259926,0.45404119789600372,0.80573321506381035,0.12966450210660696,0.16522120591253042,0.43702819664031267,0.83683596644550562,0.86904048081487417,0.96847584936767817,0.39110539667308331,0.31905548553913832,0.58679229393601418,0.89552071038633585,0.32610234338790178,True,,1,0,Slot__Patch;Slot__CPW_Feed_Pin;Patch__CPW_Feed_Pin,True,Slot__CPW_Feed_Pin,,Slot__CPW_Feed_Pin,,"{""Slot__CPW_Feed_Pin"": {""geometry_type"": ""MultiLineString"", ""relations"": ""overlaps"", ""wkt"": ""MULTILINESTRING ((0.5 22.11, 0 22.11), (0 22.11, -0.5 22.11))""}}",True,,,True,sobol
374,51.146777241863305,1.9471756068989634,6.1893996343016626,2.4718964245356618,1.9218930369243026,15.090720432344824,3.8748861365020275,0.73776081390678883,0.48558814730495214,0.44674223102629185,0.14442808832973242,0.71760476380586624,0.66941401828080416,0.65674997493624687,0.01770318765193224,0.13774959649890661,0.54789312742650509,0.046362258493900299,0.16663597710430622,0.64759760536253452,0.15638889279216528,0.53272846527397633,0.56964103132486343,True,,1,0,Slot__Patch;Slot__CPW_Feed_Pin;Patch__CPW_Feed_Pin,True,Slot__CPW_Feed_Pin,,Slot__CPW_Feed_Pin,,"{""Slot__CPW_Feed_Pin"": {""geometry_type"": ""MultiLineString"", ""relations"": ""overlaps"", ""wkt"": ""MULTILINESTRING ((0.5 21.74, 0 21.74), (0 21.74, -0.5 21.74))""}}",True,,,True,sobol
375,54.519816990476102,2.0561469167470934,5.8484165886417028,2.6194792456552389,2.0717332189902664,14.771467653103173,4.0406401816755535,0.24621343892067671,0.67617527768015862,0.99412441998720169,0.89527314528822899,0.29319172911345959,0.38755460549145937,0.39449166227132082,0.77526649180799723,0.73437156993895769,0.026050738990306854,0.51589641533792019,0.79498171620070934,0.11378973908722401,0.9554340448230505,0.030990492552518845,0.11034068185836077,True,,1,0,Slot__Patch;Slot__CPW_Feed_Pin;Patch__CPW_Feed_Pin,True,Slot__CPW_Feed_Pin,,Slot__CPW_Feed_Pin,,"{""Slot__CPW_Feed_Pin"": {""geometry_type"": ""MultiLineString"", ""relations"": ""overlaps"", ""wkt"": ""MULTILINESTRING ((0.5 22.17, 0 22.17), (0 22.17, -0.5 22.17))""}}",True,,,True,sobol
376,54.79832771169022,1.9727454759180545,6.1819528631865985,2.7011696874350313,1.9462037313729523,14.911386346444488,3.917935149744153,0.2717704214155674,0.94807634223252535,0.25857785530388355,0.95285996794700623,0.42199678253382444,0.23391907941550016,0.70934980642050505,0.32094453368335962,0.3549404563382268,0.92529570404440165,0.25834973808377981,0.59689362626522779,0.53011273220181465,0.35464691556990147,0.98072441946715117,0.5004582367837429,True,,1,0,Slot__Patch;Slot__CPW_Feed_Pin;Patch__CPW_Feed_Pin,True,Slot__CPW_Feed_Pin,,Slot__CPW_Feed_Pin,,"{""Slot__CPW_Feed_Pin"": {""geometry_type"": ""MultiLineString"", ""relations"": ""overlaps"", ""wkt"": ""MULTILINESTRING ((0.5 21.84, 0 21.84), (0 21.84, -0.5 21.84))""}}",True,,,True,sobol
377,51.546273626759643,2.0301804145798088,5.7802589865401384,2.5852062307111918,2.0976086903363469,15.23081724671647,4.1977865763008593,0.77454397547990084,0.14018929563462734,0.80495323240756989,0.19590772967785597,0.56539284903556108,0.95133102964609861,0.47379023022949696,0.56577328313142061,0.75929501559585333,0.39858760591596365,0.804391467012465,0.47615489270538092,0.24750996753573418,0.5247255889698863,0.45554899144917727,0.05448437575250864,True,,1,0,Slot__Patch;Slot__CPW_Feed_Pin;Patch__CPW_Feed_Pin,True,Slot__CPW_Feed_Pin,,Slot__CPW_Feed_Pin,,"{""Slot__CPW_Feed_Pin"": {""geometry_type"": ""MultiLineString"", ""relations"": ""overlaps"", ""wkt"": ""MULTILINESTRING ((0.5 22.33, 0 22.33), (0 22.33, -0.5 22.33))""}}",True,,,True,sobol
378,52.017256699316199,1.9207127146422862,6.0073095202445987,2.6003041162341836,2.0336308592930434,15.613527301233262,3.8769606199115514,0.66288329660892487,0.41670037899166346,0.65178115479648113,0.38626409694552422,0.91134547535330057,0.47615676466375589,0.98097961489111185,0.98339288402348757,0.21521419379860163,0.20388798974454403,0.19477774202823639,0.21610385458916426,0.7938495920971036,0.22029814869165421,0.10056920163333416,0.80997085198760033,True,,1,0,Slot__Patch;Slot__CPW_Feed_Pin;Patch__CPW_Feed_Pin,True,Slot__CPW_Feed_Pin,,Slot__CPW_Feed_Pin,,"{""Slot__CPW_Feed_Pin"": {""geometry_type"": ""MultiLineString"", ""relations"": ""overlaps"", ""wkt"": ""MULTILINESTRING ((0.5 21.83, 0 21.83), (0 21.83, -0.5 21.83))""}}",True,,,True,sobol
379,54.316957715060568,2.0759753709658981,5.9543159091845155,2.4890403039567173,1.9850350791588425,14.620274713262916,4.0073127418756487,0.16565732751041651,0.73429416306316853,0.16785263642668724,0.63738393690437078,0.085807873867452145,0.69355917815119028,0.21870189905166626,0.22363743279129267,0.68609713297337294,0.74554415792226791,0.74248269014060497,0.83779676165431738,0.45239436347037554,0.89445857796818018,0.58668503165245056,0.26059771422296762,True,,1,0,Slot__Patch;Slot__CPW_Feed_Pin;Patch__CPW_Feed_Pin,True,Slot__CPW_Feed_Pin,,Slot__CPW_Feed_Pin,,"{""Slot__CPW_Feed_Pin"": {""geometry_type"": ""MultiLineString"", ""relations"": ""overlaps"", ""wkt"": ""MULTILINESTRING ((0.5 22.07, 0 22.07), (0 22.07, -0.5 22.07))""}}",True,,,True,sobol
380,53.587403667718171,1.9314474081620574,5.7019389895722261,2.5257058860547841,1.9636103883385658,14.647937763947994,3.8370683863759041,0.53443549573421478,0.37225095275789499,0.93185938894748688,0.26330074388533831,0.18371874839067459,0.26884805504232645,0.35822812281548977,0.068421385250985622,0.59938190691173077,0.61514404974877834,0.59047467634081841,0.06076040118932724,0.7242542514577508,0.44519274774938822,0.78244460094720125,0.97602102719247341,True,,1,0,Slot__Patch;Slot__CPW_Feed_Pin;Patch__CPW_Feed_Pin,True,Slot__CPW_Feed_Pin,,Slot__CPW_Feed_Pin,,"{""Slot__CPW_Feed_Pin"": {""geometry_type"": ""MultiLineString"", ""relations"": ""overlaps"", ""wkt"": ""MULTILINESTRING ((0.5 21.74, 0 21.74), (0 21.74, -0.5 21.74))""}}",True,,,True,sobol
381,52.737005126569422,2.0656130753457544,6.2608862098306428,2.6367320438101891,2.0177725985646249,15.119723497889936,4.0536524813622234,0.043136552907526493,0.55513794161379337,0.38545349426567554,0.51046840660274029,0.82694053463637829,0.54973275307565928,0.59145292546600103,0.82611078303307295,0.0070399902760982513,0.092101044952869415,0.09727412648499012,0.93223108723759651,0.0058764154091477394,0.67734429240226746,0.28027824591845274,0.45386053901165724,True,,1,0,Slot__Patch;Slot__CPW_Feed_Pin;Patch__CPW_Feed_Pin,True,Slot__CPW_Feed_Pin,,Slot__CPW_Feed_Pin,,"{""Slot__CPW_Feed_Pin"": {""geometry_type"": ""MultiLineString"", ""relations"": ""overlaps"", ""wkt"": ""MULTILINESTRING ((0.5 22.13, 0 22.13), (0 22.13, -0.5 22.13))""}}",True,,,True,sobol
382,50.889222877752033,1.9873984267935156,5.8838352357968686,2.5563641552813352,2.050988712720573,15.537578447721899,3.9711062483489514,0.39429882541298866,0.7785963686183095,0.040639873594045639,0.82194857392460108,0.66507183946669102,0.026677126996219158,0.082067403942346573,0.71903761010617018,0.95587444491684437,0.27209816221147776,0.89389945100992918,0.62526596337556839,0.96051739156246185,0.075552980415523052,0.16748692095279694,0.71326801739633083,True,,1,0,Slot__Patch;Slot__CPW_Feed_Pin;Patch__CPW_Feed_Pin,True,Slot__CPW_Feed_Pin,,Slot__CPW_Feed_Pin,,"{""Slot__CPW_Feed_Pin"": {""geometry_type"": ""MultiLineString"", ""relations"": ""overlaps"", ""wkt"": ""MULTILINESTRING ((0.5 22.01, 0 22.01), (0 22.01, -0.5 22.01))""}}",True,,,True,sobol
383,55.424788883514708,2.0159242518246172,6.0795755255967379,2.6731047766283158,1.9051501361653207,14.321681414265186,4.138166255131364,0.90299940574914217,0.086002646014094353,0.52447683922946453,0.076699914410710335,0.33972616121172905,0.80755991768091917,0.85107406694442034,0.48018205817788839,0.42200426757335663,0.80959714110940695,0.41835332382470369,0.25479329004883766,0.30099201947450638,0.81166421063244343,0.64621680788695812,0.23223950248211622,True,,1,0,Slot__Patch;Slot__CPW_Feed_Pin;Patch__CPW_Feed_Pin,True,Slot__CPW_Feed_Pin,,Slot__CPW_Feed_Pin,,"{""Slot__CPW_Feed_Pin"": {""geometry_type"": ""MultiLineString"", ""relations"": ""overlaps"", ""wkt"": ""MULTILINESTRING ((0.5 22.06, 0 22.06), (0 22.06, -0.5 22.06))""}}",True,,,True,sobol
384,55.413923349138358,1.9022975049912929,5.7171652285382146,2.5404829394258557,2.0629854600876572,15.284439986106008,3.8788524858653544,0.78991630300879478,0.48919264506548643,0.95587320066988468,0.19440967496484518,0.39087596163153648,0.91526405978947878,0.20877847075462341,0.64331121370196342,0.94485307019203901,0.73243851587176323,0.22468569222837687,0.55764143541455269,0.00088188517838716507,0.73613397125154734,0.89443253166973591,0.72998508717864752,True,,1,0,Slot__Patch;Slot__CPW_Feed_Pin;Patch__CPW_Feed_Pin,True,Slot__CPW_Feed_Pin,,Slot__CPW_Feed_Pin,,"{""Slot__CPW_Feed_Pin"": {""geometry_type"": ""MultiLineString"", ""relations"": ""overlaps"", ""wkt"": ""MULTILINESTRING ((0.5 21.84, 0 21.84), (0 21.84, -0.5 21.84))""}}",True,,,True,sobol
385,50.92033158000558,2.0947643375024199,6.2456414099782709,2.6889543781802061,1.9181989770382641,14.853875510394573,4.0118657115846874,0.28878456074744463,0.67355210334062576,0.47105943411588669,0.93770544603466988,0.59634570218622684,0.1334046171978116,0.97532858792692423,0.39965655654668808,0.41158561501652002,0.19300726242363453,0.71207692380994558,0.43717735260725021,0.72193029243499041,0.37861727178096771,0.41979392990469933,0.21504179574549198,True,,1,0,Slot__Patch;Slot__CPW_Feed_Pin;Patch__CPW_Feed_Pin,True,Slot__CPW_Feed_Pin,,Slot__CPW_Feed_Pin,,"{""Slot__CPW_Feed_Pin"": {""geometry_type"": ""MultiLineString"", ""relations"": ""overlaps"", ""wkt"": ""MULTILINESTRING ((0.5 22.03, 0 22.03), (0 22.03, -0.5 22.03))""}}",True,,,True,sobol
386,52.726660824939607,1.9542442329227925,5.8732781862840051,2.5093170746602116,1.9505590708926319,14.489464469254017,3.9129666343331335,0.14880294352769852,0.89505740907043219,0.063920175656676292,0.62805561255663633,0.88028566353023052,0.65737586375325918,0.48346004076302052,0.051372654736042023,0.60993598308414221,0.3879886893555522,0.29093560390174389,0.13032570853829384,0.29963721707463264,0.87054544221609831,0.024774647317826748,0.95954069402068853,True,,1,0,Slot__Patch;Slot__CPW_Feed_Pin;Patch__CPW_Feed_Pin,True,Slot__CPW_Feed_Pin,,Slot__CPW_Feed_Pin,,"{""Slot__CPW_Feed_Pin"": {""geometry_type"": ""MultiLineString"", ""relations"": ""overlaps"", ""wkt"": ""MULTILINESTRING ((0.5 21.82, 0 21.82), (0 21.82, -0.5 21.82))""}}",True,,,True,sobol
387,53.617900156695399,2.0490798046812415,6.0901145149022344,2.6530887449905278,2.0057718487456442,15.74621727084741,4.1963093023747211,0.64767167810350657,0.20489745959639549,0.61130239441990852,0.3789350613951683,0.11669971793889999,0.37551451381295919,0.71523537766188383,0.81190761551260948,0.017952647991478443,0.91300593037158251,0.77229960262775421,0.75180498510599136,0.95453844591975212,0.0088249165564775467,0.53847856167703867,0.46986023522913456,True,,1,0,Slot__Patch;Slot__CPW_Feed_Pin;Patch__CPW_Feed_Pin,True,Slot__CPW_Feed_Pin,,Slot__CPW_Feed_Pin,,"{""Slot__CPW_Feed_Pin"": {""geometry_type"": ""MultiLineString"", ""relations"": ""overlaps"", ""wkt"": ""MULTILINESTRING ((0.5 22.25, 0 22.25), (0 22.25, -0.5 22.25))""}}",True,,,True,sobol
388,54.285809198953217,1.9934976061806082,6.1737598769366748,2.6163917490839959,2.0459495611488818,15.020533290691674,3.9729737903922797,0.029137171804904938,0.81551060732454062,0.34387814253568649,0.50509416498243809,0.15282776858657598,0.58397828694432974,0.85671460349112749,0.90279296971857548,0.19649618864059448,0.78947724681347609,0.92406344600021839,0.099646448157727718,0.24566687643527985,0.59083960391581059,0.84239272400736809,0.76224953401833773,True,,1,0,Slot__Patch;Slot__CPW_Feed_Pin;Patch__CPW_Feed_Pin,True,Slot__CPW_Feed_Pin,,Slot__CPW_Feed_Pin,,"{""Slot__CPW_Feed_Pin"": {""geometry_type"": ""MultiLineString"", ""relations"": ""overlaps"", ""wkt"": ""MULTILINESTRING ((0.5 22.02, 0 22.02), (0 22.02, -0.5 22.02))""}}",True,,,True,sobol
389,52.028242919128388,2.0094297863543034,5.7884699614718551,2.4728575802408157,1.9976704008877277,14.742324369493872,4.1427437394857405,0.51830602530390024,0.0061510838568210602,0.82878346182405949,0.25202144030481577,0.85799924377351999,0.36364609654992819,0.091980341821908951,0.14798927120864391,0.66775296814739704,0.25370537955313921,0.38770676776766777,0.97133074980229139,0.52364549785852432,0.29637210350483656,0.34437692351639271,0.30783836543560028,True,,1,0,Slot__Patch;Slot__CPW_Feed_Pin;Patch__CPW_Feed_Pin,True,Slot__CPW_Feed_Pin,,Slot__CPW_Feed_Pin,,"{""Slot__CPW_Feed_Pin"": {""geometry_type"": ""MultiLineString"", ""relations"": ""overlaps"", ""wkt"": ""MULTILINESTRING ((0.5 22.15, 0 22.15), (0 22.15, -0.5 22.15))""}}",True,,,True,sobol
390,51.515816951636225,1.9376566296443343,6.0108333170413974,2.7177644199132924,1.9335720246657728,14.413058223668486,3.8321243871003388,0.91927432641386986,0.28461529593914747,0.73781468346714973,0.063496371731162071,0.63411979097872972,0.84168909955769777,0.58555877115577459,0.30681954137980938,0.37317971512675285,0.073379721492528915,0.62281305063515902,0.71141038741916418,0.44691154453903437,0.96066414564847946,0.20717113558202982,0.54844576586037874,True,,1,0,Slot__Patch;Slot__CPW_Feed_Pin;Patch__CPW_Feed_Pin,True,Slot__CPW_Feed_Pin,,Slot__CPW_Feed_Pin,,"{""Slot__CPW_Feed_Pin"": {""geometry_type"": ""MultiLineString"", ""relations"": ""overlaps"", ""wkt"": ""MULTILINESTRING ((0.5 21.7, 0 21.7), (0 21.7, -0.5 21.7))""}}",True,,,True,sobol
391,54.808551327884203,2.0590329580008984,5.9508107447996732,2.5685159114561973,2.0852920776233077,15.447165858931839,4.0521508820354937,0.40844270307570696,0.59977529942989349,0.1904629822820425,0.81849572528153658,0.37084593903273344,0.12134737242013216,0.34854972921311855,0.54865019954741001,0.77815225534141064,0.59425310976803303,0.065414498560130596,0.34066304843872786,0.79103734437376261,0.1618707487359643,0.72862531896680593,0.0060161799192428589,True,,1,0,Slot__Patch;Slot__CPW_Feed_Pin;Patch__CPW_Feed_Pin,True,Slot__CPW_Feed_Pin,,Slot__CPW_Feed_Pin,,"{""Slot__CPW_Feed_Pin"": {""geometry_type"": ""MultiLineString"", ""relations"": ""overlaps"", ""wkt"": ""MULTILINESTRING ((0.5 22.2, 0 22.2), (0 22.2, -0.5 22.2))""}}",True,,,True,sobol
392,54.509962341003124,1.9635160371661187,6.0608110047876833,2.4879682250507176,1.9108184982091188,15.587764671072364,3.9751488916575908,0.070721888914704323,0.77402000967413187,0.54905642196536064,0.77866845671087503,0.47617564909160137,0.28033868502825499,0.53247231990098953,0.094404237344861031,0.14877860061824322,0.44695423822849989,0.83810412324965,0.017461730167269707,0.31282476987689734,0.52803303021937609,0.27528470754623413,0.61589099559932947,True,,1,0,Slot__Patch;Slot__CPW_Feed_Pin;Patch__CPW_Feed_Pin,True,Slot__CPW_Feed_Pin,,Slot__CPW_Feed_Pin,,"{""Slot__CPW_Feed_Pin"": {""geometry_type"": ""MultiLineString"", ""relations"": ""overlaps"", ""wkt"": ""MULTILINESTRING ((0.5 21.85, 0 21.85), (0 21.85, -0.5 21.85))""}}",True,,,True,sobol
393,51.177764646615827,2.0335459602996706,5.9775730060413483,2.6033123542740944,2.0578533519059419,14.553478959482163,4.1093215946108099,0.56934982072561979,0.091560328379273415,0.0026505570858716965,0.025870511308312416,0.5209471806883812,0.56122150551527739,0.26778750214725733,0.85481352172791958,0.74478259310126305,0.97074010688811541,0.34866820648312569,0.89579886384308338,0.91010948177427053,0.35820611193776131,0.78892646543681622,0.063594792038202286,True,,1,0,Slot__Patch;Slot__CPW_Feed_Pin;Patch__CPW_Feed_Pin,True,Slot__CPW_Feed_Pin,,Slot__CPW_Feed_Pin,,"{""Slot__CPW_Feed_Pin"": {""geometry_type"": ""MultiLineString"", ""relations"": ""overlaps"", ""wkt"": ""MULTILINESTRING ((0.5 22.2, 0 22.2), (0 22.2, -0.5 22.2))""}}",True,,,True,sobol
394,51.980032922793178,1.9178313225507735,6.2046232625842102,2.5861671064980327,2.0233921105042101,14.977176833432168,3.8158393874764442,0.99308509938418865,0.36816294211894274,0.40783688426017761,0.33731492329388857,0.98701008781790733,0.022509613074362278,0.77695579268038273,0.69427736662328243,0.29619580693542957,0.6668965183198452,0.64627438504248857,0.67146012000739574,0.11171755008399487,0.89652219321578741,0.64390810299664736,0.82396222744137049,True,,1,0,Slot__Patch;Slot__CPW_Feed_Pin;Patch__CPW_Feed_Pin,True,Slot__CPW_Feed_Pin,,Slot__CPW_Feed_Pin,,"{""Slot__CPW_Feed_Pin"": {""geometry_type"": ""MultiLineString"", ""relations"": ""overlaps"", ""wkt"": ""MULTILINESTRING ((0.5 21.76, 0 21.76), (0 21.76, -0.5 21.76))""}}",True,,,True,sobol
395,53.697377863898872,2.0854928938671948,5.8331737557426093,2.6980819748714571,1.9704262251034379,15.255573844537139,4.0996827345341442,0.49171350803226233,0.56020729057490826,0.89167387969791889,0.59210053645074368,0.00034902431070804596,0.80339434091001749,0.039965677075088024,0.45025289244949818,0.82591567933559418,0.12622459419071674,0.16695504169911146,0.29222889430820942,0.6423360463231802,0.22308654151856899,0.16932987701147795,0.37114760652184486,True,,1,0,Slot__Patch;Slot__CPW_Feed_Pin;Patch__CPW_Feed_Pin,True,Slot__CPW_Feed_Pin,,Slot__CPW_Feed_Pin,,"{""Slot__CPW_Feed_Pin"": {""geometry_type"": ""MultiLineString"", ""relations"": ""overlaps"", ""wkt"": ""MULTILINESTRING ((0.5 22.15, 0 22.15), (0 22.15, -0.5 22.15))""}}",True,,,True,sobol
396,53.050191552471368,1.9281783638522028,5.8980834318324922,2.6700331550091509,1.9809290245175362,15.511358414310962,3.8700886394828555,0.8724465798586607,0.42127775121480227,0.12577110342681408,0.46825957670807838,0.23012445587664843,0.22249422315508127,0.40019603539258242,0.35753797367215157,0.89737210888415575,0.015406530350446701,0.013787359930574894,0.57512879837304354,0.43274720944464207,0.67235047928988934,0.45763423852622509,0.89223552774637938,True,,1,0,Slot__Patch;Slot__CPW_Feed_Pin;Patch__CPW_Feed_Pin,True,Slot__CPW_Feed_Pin,,Slot__CPW_Feed_Pin,,"{""Slot__CPW_Feed_Pin"": {""geometry_type"": ""MultiLineString"", ""relations"": ""overlaps"", ""wkt"": ""MULTILINESTRING ((0.5 21.78, 0 21.78), (0 21.78, -0.5 21.78))""}}",True,,,True,sobol
397,52.616362323053181,2.074749040603638,6.1385701786726719,2.5573729125969114,2.0252035275101661,14.254427536390722,4.0393827050924305,0.36136747803539038,0.72873737476766109,0.67214645072817802,0.71128081437200308,0.77470406424254179,0.93989666644483805,0.66672686859965324,0.59949424862861633,0.48837885167449713,0.53552752919495106,0.54797731246799231,0.44557047728449106,0.8364430982619524,0.43947412725538015,0.97915069758892059,0.41218924336135387,True,,1,0,Slot__Patch;Slot__CPW_Feed_Pin;Patch__CPW_Feed_Pin,True,Slot__CPW_Feed_Pin,,Slot__CPW_Feed_Pin,,"{""Slot__CPW_Feed_Pin"": {""geometry_type"": ""MultiLineString"", ""relations"": ""overlaps"", ""wkt"": ""MULTILINESTRING ((0.5 22.14, 0 22.14), (0 22.14, -0.5 22.14))""}}",True,,,True,sobol
398,50.437375702708955,1.9777813537046314,5.7615189274773,2.6397559388726952,2.0935514895245433,14.713270126841962,3.9357427228242159,0.20106028951704502,0.95216524694114923,0.76897438056766987,0.90166149288415909,0.74858829285949469,0.48025653790682554,0.15926691051572561,0.94557683169841766,0.53318846318870783,0.85601064842194319,0.43933585844933987,0.23692633677273989,0.13385442923754454,0.80738064274191856,0.59194387029856443,0.66866613458842039,True,,1,0,Slot__Patch;Slot__CPW_Feed_Pin;Patch__CPW_Feed_Pin,True,Slot__CPW_Feed_Pin,,Slot__CPW_Feed_Pin,,"{""Slot__CPW_Feed_Pin"": {""geometry_type"": ""MultiLineString"", ""relations"": ""overlaps"", ""wkt"": ""MULTILINESTRING ((0.5 22.01, 0 22.01), (0 22.01, -0.5 22.01))""}}",True,,,True,sobol
399,55.218872080836448,2.0189082697033882,6.2757196728140121,2.5246811307780446,1.9378252057358623,15.144022692460567,4.1547802574932575,0.6899807108566165,0.13512095995247364,0.28504583239555359,0.15275445114821196,0.26210150960832834,0.69766851793974638,0.89099244587123394,0.19114289060235023,0.065479445271193981,0.31949569005519152,0.99890116602182388,0.86542465630918741,0.60421653371304274,0.071017627604305744,0.093867813237011433,0.15138268284499645,True,,1,0,Slot__Patch;Slot__CPW_Feed_Pin;Patch__CPW_Feed_Pin,True,Slot__CPW_Feed_Pin,,Slot__CPW_Feed_Pin,,"{""Slot__CPW_Feed_Pin"": {""geometry_type"": ""MultiLineString"", ""relations"": ""overlaps"", ""wkt"": ""MULTILINESTRING ((0.5 22.11, 0 22.11), (0 22.11, -0.5 22.11))""}}",True,,,True,sobol
400,55.000367658864711,1.9841958483681084,5.9826030615717176,2.7223334475979213,2.0079835982993246,14.338472978677601,4.0202120136469599,0.23034480027854443,0.099013068713247776,0.86242932360619307,0.15643929410725832,0.1726931119337678,0.077007518149912357,0.8365458445623517,0.83753496967256069,0.97174235712736845,0.42966095544397831,0.66278887167572975,0.1566087119281292,0.03992190957069397,0.31640774663537741,0.24562797974795103,0.17138645146042109,True,,1,0,Slot__Patch;Slot__CPW_Feed_Pin;Patch__CPW_Feed_Pin,True,Slot__CPW_Feed_Pin,,Slot__CPW_Feed_Pin,,"{""Slot__CPW_Feed_Pin"": {""geometry_type"": ""MultiLineString"", ""relations"": ""overlaps"", ""wkt"": ""MULTILINESTRING ((0.5 22.01, 0 22.01), (0 22.01, -0.5 22.01))""}}",True,,,True,sobol
401,50.671832063980396,2.0128721691668034,6.0540502807125449,2.5781660057045519,1.9608778389170765,15.519232001155615,3.8890666410326955,0.72335606720298529,0.78147459961473942,0.31609211955219507,0.91317391954362392,0.81469651963561773,0.85886687133461237,0.10538468882441521,0.08043469674885273,0.37683604005724192,0.90270573273301125,0.14995027519762516,0.78608405590057373,0.69851621240377426,0.55319693498313427,0.69310588110238314,0.64922024682164192,True,,1,0,Slot__Patch;Slot__CPW_Feed_Pin;Patch__CPW_Feed_Pin,True,Slot__CPW_Feed_Pin,,Slot__CPW_Feed_Pin,,"{""Slot__CPW_Feed_Pin"": {""geometry_type"": ""MultiLineString"", ""relations"": ""overlaps"", ""wkt"": ""MULTILINESTRING ((0.5 21.87, 0 21.87), (0 21.87, -0.5 21.87))""}}",True,,,True,sobol
402,52.478201902657744,1.9346536999568342,5.8269992899149656,2.6280718564614656,1.9203619223088024,15.136515330523252,4.1856738481670623,0.83923191763460636,0.50490060169249773,0.21925561036914587,0.72267069760710001,0.66210230719298124,0.31911789160221815,0.5959676718339324,0.4999766368418932,0.58205013629049063,0.70770928729325533,0.85283333342522383,0.52946582064032555,0.27619357500225306,0.20189376641064882,0.86058616451919079,0.39300176594406366,True,,1,0,Slot__Patch;Slot__CPW_Feed_Pin;Patch__CPW_Feed_Pin,True,Slot__CPW_Feed_Pin,,Slot__CPW_Feed_Pin,,"{""Slot__CPW_Feed_Pin"": {""geometry_type"": ""MultiLineString"", ""relations"": ""overlaps"", ""wkt"": ""MULTILINESTRING ((0.5 22.04, 0 22.04), (0 22.04, -0.5 22.04))""}}",True,,,True,sobol
403,53.204384744260459,2.0686765126883984,6.210239578597248,2.4794585988856848,2.0732553761452439,14.629590870346874,3.9050531707704068,0.33224270772188902,0.31285822205245495,0.7031612666323781,0.47182188369333744,0.33505104202777147,0.60097915213555098,0.3292993139475584,0.73830552957952023,0.053672079928219318,0.24910856317728758,0.33442528266459703,0.40088452398777008,0.99360994342714548,0.93434179946780205,0.3271678239107132,0.91197897866368294,True,,1,0,Slot__Patch;Slot__CPW_Feed_Pin;Patch__CPW_Feed_Pin,True,Slot__CPW_Feed_Pin,,Slot__CPW_Feed_Pin,,"{""Slot__CPW_Feed_Pin"": {""geometry_type"": ""MultiLineString"", ""relations"": ""overlaps"", ""wkt"": ""MULTILINESTRING ((0.5 22.04, 0 22.04), (0 22.04, -0.5 22.04))""}}",True,,,True,sobol
404,53.871846781484784,1.9239039503037929,6.1262887934222823,2.5159183131717144,2.0753654843196272,14.602001854218543,4.1252731122076511,0.96761492826044559,0.70565966237336397,0.43927513156086206,0.59578580409288406,0.43448398448526859,0.42394857387989759,0.21882594376802444,0.58504930138587952,0.23206212371587753,0.11090825963765383,0.4869215777143836,0.74738270696252584,0.20662875939160585,0.47732711210846901,0.053710152395069599,0.32076262962073088,True,,1,0,Slot__Patch;Slot__CPW_Feed_Pin;Patch__CPW_Feed_Pin,True,Slot__CPW_Feed_Pin,,Slot__CPW_Feed_Pin,,"{""Slot__CPW_Feed_Pin"": {""geometry_type"": ""MultiLineString"", ""relations"": ""overlaps"", ""wkt"": ""MULTILINESTRING ((0.5 22.12, 0 22.12), (0 22.12, -0.5 22.12))""}}",True,,,True,sobol
405,51.779179671313614,2.0790172671899199,5.9120949134230614,2.6647691284120087,1.9309681003913284,15.630428215954453,3.9590064007788897,0.45482827257364988,0.3981980737298727,0.98570388834923506,0.34882789384573698,0.57617529854178429,0.64428067486733198,0.95644150767475367,0.34073101356625557,0.63995579816401005,0.58809664379805326,0.9508252302184701,0.36912853550165892,0.54706148523837328,0.65106710512191057,0.50857403408735991,0.87478305213153362,True,,1,0,Slot__Patch;Slot__CPW_Feed_Pin;Patch__CPW_Feed_Pin,True,Slot__CPW_Feed_Pin,,Slot__CPW_Feed_Pin,,"{""Slot__CPW_Feed_Pin"": {""geometry_type"": ""MultiLineString"", ""relations"": ""overlaps"", ""wkt"": ""MULTILINESTRING ((0.5 21.97, 0 21.97), (0 21.97, -0.5 21.97))""}}",True,,,True,sobol
406,51.266794613469386,1.9695518501102924,6.2891454683616761,2.5501328196190296,1.9877926118671894,15.212544119451195,4.0657713830471041,0.10775160603225231,0.17480261716991663,0.5805261405184865,0.037261877208948135,0.91577550023794174,0.18164937291294336,0.46366036869585514,0.23564169183373451,0.33858178928494453,0.76840727962553501,0.05995400995016098,0.065565667115151882,0.47035709396004677,0.09615006111562252,0.93386581540107727,0.11464356910437346,True,,1,0,Slot__Patch;Slot__CPW_Feed_Pin;Patch__CPW_Feed_Pin,True,Slot__CPW_Feed_Pin,,Slot__CPW_Feed_Pin,,"{""Slot__CPW_Feed_Pin"": {""geometry_type"": ""MultiLineString"", ""relations"": ""overlaps"", ""wkt"": ""MULTILINESTRING ((0.5 22.02, 0 22.02), (0 22.02, -0.5 22.02))""}}",True,,,True,sobol
407,54.394628872349863,2.0271315624937416,5.7486518539488314,2.6935231240093711,2.0433944888412952,14.928287708200514,3.8499564941972491,0.5949654271826148,0.99184505827724934,0.096651001833379269,0.78223212715238333,0.089022500440478325,0.90199101064354181,0.72826873045414686,0.99482612311840057,0.80494708381593227,0.30614741519093513,0.50229700468480587,0.94487985502928495,0.75196775421500206,0.76567096915096045,0.37743843905627728,0.56527615897357464,True,,1,0,Slot__Patch;Slot__CPW_Feed_Pin;Patch__CPW_Feed_Pin,True,Slot__CPW_Feed_Pin,,Slot__CPW_Feed_Pin,,"{""Slot__CPW_Feed_Pin"": {""geometry_type"": ""MultiLineString"", ""relations"": ""overlaps"", ""wkt"": ""MULTILINESTRING ((0.5 21.92, 0 21.92), (0 21.92, -0.5 21.92))""}}",True,,,True,sobol
408,54.923518031276764,1.9441207466647028,6.2395294988527903,2.6453405896201732,1.9683533066883683,14.788283804431558,4.1226615261286499,0.88615038245916367,0.63387286197394133,0.6443294333294034,0.86960424017161131,0.19438614975661039,0.74310658778995275,0.41804915387183428,0.41776051372289658,0.18438183329999447,0.64094175864011049,0.27594695147126913,0.63547204993665218,0.35188017226755619,0.41550371330231428,0.61086949054151773,0.049144669435918331,True,,1,0,Slot__Patch;Slot__CPW_Feed_Pin;Patch__CPW_Feed_Pin,True,Slot__CPW_Feed_Pin,,Slot__CPW_Feed_Pin,,"{""Slot__CPW_Feed_Pin"": {""geometry_type"": ""MultiLineString"", ""relations"": ""overlaps"", ""wkt"": ""MULTILINESTRING ((0.5 22.03, 0 22.03), (0 22.03, -0.5 22.03))""}}",True,,,True,sobol
409,51.426264162641019,2.0529472827911377,5.7227000355720516,2.5333156019635497,2.0130199605599044,15.072352081071585,3.9928709432482719,0.37892132345587015,0.44951143115758896,0.15944700594991446,0.12243282049894333,0.80262975115329027,0.46222373750060797,0.65565342083573341,0.65645916387438774,0.71703988686203957,0.1835514260455966,0.78680191282182932,0.26374864019453526,0.88668002374470234,0.7138706985861063,0.077879658900201321,0.50573786534368992,True,,1,0,Slot__Patch;Slot__CPW_Feed_Pin;Patch__CPW_Feed_Pin,True,Slot__CPW_Feed_Pin,,Slot__CPW_Feed_Pin,,"{""Slot__CPW_Feed_Pin"": {""geometry_type"": ""MultiLineString"", ""relations"": ""overlaps"", ""wkt"": ""MULTILINESTRING ((0.5 22.06, 0 22.06), (0 22.06, -0.5 22.06))""}}",True,,,True,sobol
410,52.228491845075041,1.9999249083921313,6.0950637074187402,2.6806976354494694,2.0557316292077301,15.395713254343718,4.0823950204998258,0.058514069765806198,0.22797752823680639,0.25042436365038157,0.31083629187196493,0.70522109512239695,0.98527990002185106,0.14727479126304388,0.76325341686606407,0.26157393492758274,0.48741050995886326,0.20843055844306946,0.051557278260588646,0.088258530013263226,0.034929619170725346,0.4953588955104351,0.26490060891956091,True,,1,0,Slot__Patch;Slot__CPW_Feed_Pin;Patch__CPW_Feed_Pin,True,Slot__CPW_Feed_Pin,,Slot__CPW_Feed_Pin,,"{""Slot__CPW_Feed_Pin"": {""geometry_type"": ""MultiLineString"", ""relations"": ""overlaps"", ""wkt"": ""MULTILINESTRING ((0.5 22.14, 0 22.14), (0 22.14, -0.5 22.14))""}}",True,,,True,sobol
411,54.110893276333812,2.0034053400158882,5.8665806584060185,2.5649895581789313,1.9003974962979555,14.367465013638139,3.8020797096192833,0.55128453392535448,0.9181356243789196,0.79773792158812284,0.55608107522130013,0.28203108813613653,0.20439514238387346,0.91184133850038052,0.0062787607312202454,0.85270372778177261,0.96165590360760689,0.72882227413356304,0.92226550914347172,0.68142292182892561,0.82982520014047623,0.94241032190620899,0.80560597218573093,True,,1,0,Slot__Patch;Slot__CPW_Feed_Pin;Patch__CPW_Feed_Pin,True,Slot__CPW_Feed_Pin,,Slot__CPW_Feed_Pin,,"{""Slot__CPW_Feed_Pin"": {""geometry_type"": ""MultiLineString"", ""relations"": ""overlaps"", ""wkt"": ""MULTILINESTRING ((0.5 21.7, 0 21.7), (0 21.7, -0.5 21.7))""}}",True,,,True,sobol
412,53.464153969939801,1.9602689668536186,5.8013930428773159,2.5937839680723846,1.9478082804009318,14.864312582183629,4.0285395421087742,0.18592433258891106,0.061455420218408108,0.032451204024255276,0.43004505895078182,0.44843294471502304,0.75410632509738207,0.52011683583259583,0.16160785965621471,0.92431371379643679,0.83421296812593937,0.57687532529234886,0.21065813023597002,0.39369371440261602,0.25556126236915588,0.68456233199685812,0.45834701228886843,True,,1,0,Slot__Patch;Slot__CPW_Feed_Pin;Patch__CPW_Feed_Pin,True,Slot__CPW_Feed_Pin,,Slot__CPW_Feed_Pin,,"{""Slot__CPW_Feed_Pin"": {""geometry_type"": ""MultiLineString"", ""relations"": ""overlaps"", ""wkt"": ""MULTILINESTRING ((0.5 21.94, 0 21.94), (0 21.94, -0.5 21.94))""}}",True,,,True,sobol
413,52.865425570867956,2.0426524056121709,6.1614133274182681,2.7087467352300885,2.0960134832188486,15.371048907749355,3.8619922596961258,0.67288972157984972,0.87081678584218025,0.51730311382561922,0.68699342478066683,0.55650226585566998,0.036703852005302906,0.28899785224348307,0.92042247392237186,0.45366824325174093,0.37266543880105019,0.11086593754589558,0.83116130623966455,0.85987446364015341,0.6169776851311326,0.1277065658941865,0.97159653902053833,True,,1,0,Slot__Patch;Slot__CPW_Feed_Pin;Patch__CPW_Feed_Pin,True,Slot__CPW_Feed_Pin,,Slot__CPW_Feed_Pin,,"{""Slot__CPW_Feed_Pin"": {""geometry_type"": ""MultiLineString"", ""relations"": ""overlaps"", ""wkt"": ""MULTILINESTRING ((0.5 22, 0 22), (0 22, -0.5 22))""}}",True,,,True,sobol
414,50.686398040875787,1.9083830803632735,5.9390503820031881,2.4966024783067402,2.0352354064583777,15.659242118708789,4.1632366120815281,0.76453756541013718,0.59232014697045088,0.92443379294127226,0.99652072228491306,0.96689728833734989,0.5118776997551322,0.79517987556755543,0.50308089889585972,0.50529416743665934,0.052197818644344807,0.87624889146536589,0.60328869242221117,0.15731535665690899,0.13969616778194904,0.30299927480518818,0.22683732677251101,True,,1,0,Slot__Patch;Slot__CPW_Feed_Pin;Patch__CPW_Feed_Pin,True,Slot__CPW_Feed_Pin,,Slot__CPW_Feed_Pin,,"{""Slot__CPW_Feed_Pin"": {""geometry_type"": ""MultiLineString"", ""relations"": ""overlaps"", ""wkt"": ""MULTILINESTRING ((0.5 22.1, 0 22.1), (0 22.1, -0.5 22.1))""}}",True,,,True,sobol
415,55.632794536370788,2.0883005110546948,6.0243425874039529,2.6088967270404102,1.9834398701786995,14.478661217261106,3.94623745046556,0.25150343123823404,0.277162104845047,0.37702868226915598,0.24539712909609079,0.043899204581975937,0.29446568991988897,0.028523172251880169,0.25863693468272686,0.10117707680910826,0.5301083130761981,0.4360116021707654,0.4818485090509057,0.56513156555593014,0.99751911591738462,0.75828975066542625,0.71873027086257935,True,,1,0,Slot__Patch;Slot__CPW_Feed_Pin;Patch__CPW_Feed_Pin,True,Slot__CPW_Feed_Pin,,Slot__CPW_Feed_Pin,,"{""Slot__CPW_Feed_Pin"": {""geometry_type"": ""MultiLineString"", ""relations"": ""overlaps"", ""wkt"": ""MULTILINESTRING ((0.5 22.01, 0 22.01), (0 22.01, -0.5 22.01))""}}",True,,,True,sobol
416,55.525058884732431,1.9520358558744191,6.1918794242665172,2.6912311710231007,2.0832266049459576,14.348038100637496,4.1793463118374348,0.39641336817294359,0.79829819872975349,0.97164270095527172,0.27947391010820866,0.75540964119136333,0.53882037755101919,0.51236049551516771,0.22062062658369541,0.90633590798825026,0.5637526772916317,0.19085525814443827,0.96781270764768124,0.7393858078867197,0.78469322249293327,0.26248020119965076,0.7871199045330286,True,,1,0,Slot__Patch;Slot__CPW_Feed_Pin;Patch__CPW_Feed_Pin,True,Slot__CPW_Feed_Pin,,Slot__CPW_Feed_Pin,,"{""Slot__CPW_Feed_Pin"": {""geometry_type"": ""MultiLineString"", ""relations"": ""overlaps"", ""wkt"": ""MULTILINESTRING ((0.5 22.22, 0 22.22), (0 22.22, -0.5 22.22))""}}",True,,,True,sobol
417,50.823869103100144,2.0446522178128363,5.8459182020276783,2.546299532279372,1.9354120509698987,15.417474722955376,3.9111770022660495,0.90090013667941093,0.11345045920461416,0.45554838702082634,0.52444803062826395,0.24159099906682968,0.25623042043298483,0.31237300112843513,0.97859911434352398,0.44033679459244013,0.10442947037518024,0.74640368577092886,0.089506084099411964,0.021999629214406013,0.080077101476490498,0.79980454966425896,0.26727339532226324,True,,1,0,Slot__Patch;Slot__CPW_Feed_Pin;Patch__CPW_Feed_Pin,True,Slot__CPW_Feed_Pin,,Slot__CPW_Feed_Pin,,"{""Slot__CPW_Feed_Pin"": {""geometry_type"": ""MultiLineString"", ""relations"": ""overlaps"", ""wkt"": ""MULTILINESTRING ((0.5 21.89, 0 21.89), (0 21.89, -0.5 21.89))""}}",True,,,True,sobol
418,52.992548525799066,1.9039215486496686,6.0735548352822661,2.6589202253334228,1.9958482827991246,15.052330455277115,4.0139853805303574,0.53655051533132792,0.32917049527168274,0.11066596396267414,0.83799836598336697,0.2662440799176693,0.79674290586262941,0.80316965188831091,0.57001298479735851,0.5224689831957221,0.28320630174130201,0.26227015070617199,0.34518448077142239,0.94440738391131163,0.6652671080082655,0.63134392257779837,0.52643636800348759,True,,1,0,Slot__Patch;Slot__CPW_Feed_Pin;Patch__CPW_Feed_Pin,True,Slot__CPW_Feed_Pin,,Slot__CPW_Feed_Pin,,"{""Slot__CPW_Feed_Pin"": {""geometry_type"": ""MultiLineString"", ""relations"": ""overlaps"", ""wkt"": ""MULTILINESTRING ((0.5 21.91, 0 21.91), (0 21.91, -0.5 21.91))""}}",True,,,True,sobol
419,53.346073370054363,2.099004306085408,5.9648285675793886,2.511578980013728,2.0480345156043769,14.809083589352667,3.895486297830939,0.041036807000637054,0.51981872599571943,0.56432867050170898,0.091044207103550434,0.72099284268915653,0.014147226698696613,0.004900297150015831,0.32451925612986088,0.1151856305077672,0.75942700821906328,0.80046932399272919,0.72444621659815311,0.2858434496447444,0.46412233170121908,0.17996000591665506,0.043582885526120663,True,,1,0,Slot__Patch;Slot__CPW_Feed_Pin;Patch__CPW_Feed_Pin,True,Slot__CPW_Feed_Pin,,Slot__CPW_Feed_Pin,,"{""Slot__CPW_Feed_Pin"": {""geometry_type"": ""MultiLineString"", ""relations"": ""overlaps"", ""wkt"": ""MULTILINESTRING ((0.5 22.04, 0 22.04), (0 22.04, -0.5 22.04))""}}",True,,,True,sobol
420,54.06529488814995,1.9435746299102903,5.7672320835292332,2.4827842902019617,2.0006115248426797,14.459131659474224,4.0719432812184095,0.65712192002683878,0.38140406459569931,0.32815442606806755,0.96488325949758291,0.50948027987033129,0.96388285327702761,0.42592112720012665,0.48376348242163658,0.17056025564670563,0.88195997755974531,0.89772889204323292,0.37697469908744097,0.51400272455066442,0.88994805421680212,0.43920018896460533,0.6885102242231369,True,,1,0,Slot__Patch;Slot__CPW_Feed_Pin;Patch__CPW_Feed_Pin,True,Slot__CPW_Feed_Pin,,Slot__CPW_Feed_Pin,,"{""Slot__CPW_Feed_Pin"": {""geometry_type"": ""MultiLineString"", ""relations"": ""overlaps"", ""wkt"": ""MULTILINESTRING ((0.5 22.01, 0 22.01), (0 22.01, -0.5 22.01))""}}",True,,,True,sobol
421,52.262470096535978,2.0597478937357665,6.2700070532038819,2.6308719013817612,1.9555542221292852,15.680923115462065,3.8435793653130528,0.17143397778272629,0.69125186931341887,0.84427925758063793,0.21403819695115089,0.49547019135206938,0.24477327335625887,0.6321492874994874,0.72326678782701492,0.69954863376915455,0.41848532576113939,0.41452239081263542,0.50650249514728785,0.23236139770597219,0.24728273414075375,0.99953405745327473,0.24094409216195345,True,,1,0,Slot__Patch;Slot__CPW_Feed_Pin;Patch__CPW_Feed_Pin,True,Slot__CPW_Feed_Pin,,Slot__CPW_Feed_Pin,,"{""Slot__CPW_Feed_Pin"": {""geometry_type"": ""MultiLineString"", ""relations"": ""overlaps"", ""wkt"": ""MULTILINESTRING ((0.5 21.86, 0 21.86), (0 21.86, -0.5 21.86))""}}",True,,,True,sobol
422,51.449884197860953,1.9877702744677663,5.8923702657222741,2.5830129339173435,1.9131843976676464,15.350923921912909,4.1315455202013256,0.26600856799632311,0.97550128027796745,0.69105362892150879,0.39865132700651884,0.027944116853177547,0.70615296717733145,0.13964288122951984,0.82130654901266098,0.27509986981749535,0.2230537049472332,0.58664408791810274,0.80905113834887743,0.8089811485260725,0.50581294018775225,0.57326186541467905,0.99618606269359589,True,,1,0,Slot__Patch;Slot__CPW_Feed_Pin;Patch__CPW_Feed_Pin,True,Slot__CPW_Feed_Pin,,Slot__CPW_Feed_Pin,,"{""Slot__CPW_Feed_Pin"": {""geometry_type"": ""MultiLineString"", ""relations"": ""overlaps"", ""wkt"": ""MULTILINESTRING ((0.5 22.03, 0 22.03), (0 22.03, -0.5 22.03))""}}",True,,,True,sobol
423,54.867564585898073,2.0092900302261114,6.1442828083410861,2.7276742597110575,2.0681278340518476,14.885032610502094,3.9529254905879498,0.78032110258936882,0.15985299553722143,0.23748247511684895,0.65538982301950455,0.98286763671785593,0.48703003581613302,0.9350891811773181,0.065411221235990524,0.87037236802279949,0.70294138975441456,0.10110298823565245,0.18052229378372431,0.46851757727563381,0.36674103513360023,0.11449149902909994,0.44889420736581087,True,,1,0,Slot__Patch;Slot__CPW_Feed_Pin;Patch__CPW_Feed_Pin,True,Slot__CPW_Feed_Pin,,Slot__CPW_Feed_Pin,,"{""Slot__CPW_Feed_Pin"": {""geometry_type"": ""MultiLineString"", ""relations"": ""overlaps"", ""wkt"": ""MULTILINESTRING ((0.5 22.03, 0 22.03), (0 22.03, -0.5 22.03))""}}",True,,,True,sobol
424,54.438934687431903,1.9134007949382066,5.8863150335848324,2.6132221940718594,1.9435596892610192,14.651363112498075,4.0760211355984213,0.73960069846361876,0.46583289466798306,0.50206746906042099,0.69179724529385567,0.8616381548345089,0.14249954465776682,0.24231839645653963,0.51905039325356483,0.24978828243911266,0.35047295968979597,0.8743151668459177,0.49016351625323296,0.92732049524784088,0.95214540511369705,0.88161371648311615,0.93279967084527016,True,,1,0,Slot__Patch;Slot__CPW_Feed_Pin;Patch__CPW_Feed_Pin,True,Slot__CPW_Feed_Pin,,Slot__CPW_Feed_Pin,,"{""Slot__CPW_Feed_Pin"": {""geometry_type"": ""MultiLineString"", ""relations"": ""overlaps"", ""wkt"": ""MULTILINESTRING ((0.5 21.94, 0 21.94), (0 21.94, -0.5 21.94))""}}",True,,,True,sobol
425,51.231521241925655,2.0832872906699778,6.0770771311596041,2.5024652475118634,2.0875663766637444,15.117077733390033,3.8082544673234224,0.24432779289782047,0.64878085721284151,0.049381056800484657,0.44067741092294455,0.12570569850504398,0.92215975467115641,0.94856595620512962,0.27391932904720306,0.65353913232684135,0.82546062488108873,0.31293787434697151,0.61059707403182983,0.33418700844049454,0.18410517368465662,0.43065580539405346,0.38731779251247644,True,,1,0,Slot__Patch;Slot__CPW_Feed_Pin;Patch__CPW_Feed_Pin,True,Slot__CPW_Feed_Pin,,Slot__CPW_Feed_Pin,,"{""Slot__CPW_Feed_Pin"": {""geometry_type"": ""MultiLineString"", ""relations"": ""overlaps"", ""wkt"": ""MULTILINESTRING ((0.5 21.98, 0 21.98), (0 21.98, -0.5 21.98))""}}",True,,,True,sobol
426,51.754261949285862,1.9677527014166116,5.7041283890604966,2.712562127169222,2.0311813656240703,15.540042559616268,4.1165773719549179,0.31821441557258368,0.93495290167629719,0.39231060817837715,0.12532105296850204,0.35104785673320293,0.4003553194925189,0.44040084537118673,0.17759260535240173,0.32115508802235126,0.50553451105952263,0.67255970556288958,0.82384940609335899,0.63244900200515985,0.56665965355932713,0.012196158058941364,0.63110050931572914,True,,1,0,Slot__Patch;Slot__CPW_Feed_Pin;Patch__CPW_Feed_Pin,True,Slot__CPW_Feed_Pin,,Slot__CPW_Feed_Pin,,"{""Slot__CPW_Feed_Pin"": {""geometry_type"": ""MultiLineString"", ""relations"": ""overlaps"", ""wkt"": ""MULTILINESTRING ((0.5 22.11, 0 22.11), (0 22.11, -0.5 22.11))""}}",True,,,True,sobol
427,53.926510141510519,2.0351731890812514,6.2586787858977919,2.5960938164591791,1.9751888398081063,14.318440668750554,3.9991404917091131,0.82294103316962719,0.24242027197033167,0.90742809139192104,0.88227329682558775,0.64605971425771713,0.68002125155180693,0.73589706234633923,0.93568961694836617,0.79119017720222473,0.04497230239212513,0.14018936734646559,0.20233960449695587,0.097679757513105869,0.30296051781624556,0.54909248184412718,0.17339290771633387,True,,1,0,Slot__Patch;Slot__CPW_Feed_Pin;Patch__CPW_Feed_Pin,True,Slot__CPW_Feed_Pin,,Slot__CPW_Feed_Pin,,"{""Slot__CPW_Feed_Pin"": {""geometry_type"": ""MultiLineString"", ""relations"": ""overlaps"", ""wkt"": ""MULTILINESTRING ((0.5 22.01, 0 22.01), (0 22.01, -0.5 22.01))""}}",True,,,True,sobol
428,53.310822590626778,1.978499593771994,6.0048271609470252,2.5596348179504274,1.9730909390375018,14.949956590309739,4.1693633060902355,0.43780544307082891,0.85446382500231266,0.17277530767023563,0.006112285889685154,0.6234681298956275,0.35662833880633116,0.81316664069890976,0.77851909585297108,0.98581558186560869,0.15677845105528831,0.042380453087389469,0.91492653544992208,0.82704434264451265,0.8459134204313159,0.82397298328578472,0.58998787216842175,True,,1,0,Slot__Patch;Slot__CPW_Feed_Pin;Patch__CPW_Feed_Pin,True,Slot__CPW_Feed_Pin,,Slot__CPW_Feed_Pin,,"{""Slot__CPW_Feed_Pin"": {""geometry_type"": ""MultiLineString"", ""relations"": ""overlaps"", ""wkt"": ""MULTILINESTRING ((0.5 22.12, 0 22.12), (0 22.12, -0.5 22.12))""}}",True,,,True,sobol
429,52.339440636616196,2.024823084846139,5.9568162929266695,2.6758646353520454,2.0205873949453235,15.193026765715331,3.9399131551384925,0.95236545614898205,0.046515920199453831,0.62537016719579697,0.75136094726622105,0.38723693136125803,0.57476129662245512,0.11312982533127069,0.022261163219809532,0.39407540764659643,0.63591541536152363,0.51988018956035376,0.043272743932902813,0.41919770557433367,0.015922622755169868,0.36477649211883545,0.10506857465952635,True,,1,0,Slot__Patch;Slot__CPW_Feed_Pin;Patch__CPW_Feed_Pin,True,Slot__CPW_Feed_Pin,,Slot__CPW_Feed_Pin,,"{""Slot__CPW_Feed_Pin"": {""geometry_type"": ""MultiLineString"", ""relations"": ""overlaps"", ""wkt"": ""MULTILINESTRING ((0.5 21.98, 0 21.98), (0 21.98, -0.5 21.98))""}}",True,,,True,sobol
430,50.543416338507079,1.9280415484681726,6.1797660430893302,2.5304977236315609,2.0606638103723527,15.651136129628867,4.034956336393952,0.61016864608973265,0.26037442497909069,0.78445488773286343,0.56488076318055391,0.10476015228778124,0.098824062384665012,0.61958649195730686,0.43304145894944668,0.56877608690410852,0.94117050152271986,0.47324675880372524,0.27203657384961843,0.62191583588719368,0.72709073964506388,0.18850343953818083,0.84492933563888073,True,,1,0,Slot__Patch;Slot__CPW_Feed_Pin;Patch__CPW_Feed_Pin,True,Slot__CPW_Feed_Pin,,Slot__CPW_Feed_Pin,,"{""Slot__CPW_Feed_Pin"": {""geometry_type"": ""MultiLineString"", ""relations"": ""overlaps"", ""wkt"": ""MULTILINESTRING ((0.5 22.02, 0 22.02), (0 22.02, -0.5 22.02))""}}",True,,,True,sobol
431,55.117152941226962,2.0690189350396397,5.7824644032865757,2.6420327317155898,1.9081610053777693,14.581889072433114,3.8557623855769632,0.12472913600504398,0.57790699321776628,0.26930688694119453,0.31771310232579708,0.90008362662047148,0.81697037164121866,0.3212983338162303,0.67242630012333393,0.035751792602241039,0.47695108968764544,0.96449465304613113,0.64281442295759916,0.15570495650172234,0.40131896734237671,0.74926521349698305,0.33450306486338377,True,,1,0,Slot__Patch;Slot__CPW_Feed_Pin;Patch__CPW_Feed_Pin,True,Slot__CPW_Feed_Pin,,Slot__CPW_Feed_Pin,,"{""Slot__CPW_Feed_Pin"": {""geometry_type"": ""MultiLineString"", ""relations"": ""overlaps"", ""wkt"": ""MULTILINESTRING ((0.5 21.83, 0 21.83), (0 21.83, -0.5 21.83))""}}",True,,,True,sobol
432,55.276117260195321,1.9341263877227901,6.1081005100160839,2.5723494143038987,2.037599780783057,15.276339721865952,3.9192421015352008,0.58488921727985144,0.65719725750386715,0.8154546832665801,0.36821227520704269,0.53624590765684843,0.43762760143727064,0.3769427165389061,0.29153715074062347,0.87940014433115721,0.27412878908216953,0.62869903817772865,0.31671942584216595,0.71597257163375616,0.14677381701767445,0.5982833756133914,0.34666480496525764,True,,1,0,Slot__Patch;Slot__CPW_Feed_Pin;Patch__CPW_Feed_Pin,True,Slot__CPW_Feed_Pin,,Slot__CPW_Feed_Pin,,"{""Slot__CPW_Feed_Pin"": {""geometry_type"": ""MultiLineString"", ""relations"": ""overlaps"", ""wkt"": ""MULTILINESTRING ((0.5 21.89, 0 21.89), (0 21.89, -0.5 21.89))""}}",True,,,True,sobol
433,50.409865933936082,2.0625555109232665,5.8535432478412979,2.7200566533021631,1.9937158789485694,14.957097651902586,4.1902314364910129,0.087424291297793388,0.47424744535237551,0.36283693183213472,0.6232077581807971,0.46089218277484179,0.72021746914833784,0.67436137888580561,0.53268066421151161,0.47503798548132181,0.79987658932805061,0.18453643657267094,0.68847334571182728,0.061040735803544521,0.97284993063658476,0.088485945947468281,0.83330831024795771,True,,1,0,Slot__Patch;Slot__CPW_Feed_Pin;Patch__CPW_Feed_Pin,True,Slot__CPW_Feed_Pin,,Slot__CPW_Feed_Pin,,"{""Slot__CPW_Feed_Pin"": {""geometry_type"": ""MultiLineString"", ""relations"": ""overlaps"", ""wkt"": ""MULTILINESTRING ((0.5 22.25, 0 22.25), (0 22.25, -0.5 22.25))""}}",True,,,True,sobol
434,52.578505078796297,1.9845232041552663,6.2264926861971626,2.4771966949850319,1.925026168115437,14.575114207807928,3.8850335318595168,0.47502588760107756,0.1881078202277422,0.20374553930014372,0.80981047824025154,0.047080853022634983,0.19554393086582422,0.1827674750238657,0.88752584531903267,0.55037651117891073,0.62108426261693239,0.82442727964371443,0.9942640345543623,0.98347805254161358,0.27828492224216461,0.48253245465457439,0.093677420169115067,True,,1,0,Slot__Patch;Slot__CPW_Feed_Pin;Patch__CPW_Feed_Pin,True,Slot__CPW_Feed_Pin,,Slot__CPW_Feed_Pin,,"{""Slot__CPW_Feed_Pin"": {""geometry_type"": ""MultiLineString"", ""relations"": ""overlaps"", ""wkt"": ""MULTILINESTRING ((0.5 21.79, 0 21.79), (0 21.79, -0.5 21.79))""}}",True,,,True,sobol
435,53.097091151773931,2.0183964755386112,5.7357374561950554,2.6222403746657075,2.0811430053785442,15.568189409561455,4.0054977454245089,0.97756143845617771,0.88063848111778498,0.71893168333917856,0.056734002195298672,0.94029351975768805,0.97813952062278986,0.88312498014420271,0.13200446963310242,0.079485972411930561,0.0784699572250247,0.36233560461550951,0.12358631379902363,0.2623987402766943,0.60796970967203379,0.95326456427574158,0.60192164871841669,True,,1,0,Slot__Patch;Slot__CPW_Feed_Pin;Patch__CPW_Feed_Pin,True,Slot__CPW_Feed_Pin,,Slot__CPW_Feed_Pin,,"{""Slot__CPW_Feed_Pin"": {""geometry_type"": ""MultiLineString"", ""relations"": ""overlaps"", ""wkt"": ""MULTILINESTRING ((0.5 22.11, 0 22.11), (0 22.11, -0.5 22.11))""}}",True,,,True,sobol
436,53.816755252238366,1.9741794105619193,5.9330442527309062,2.650288978535682,2.0706524126231671,15.164868315216154,3.8259008012711999,0.34755232464522123,0.022474491968750954,0.48629555571824312,0.93277192581444979,0.79017087072134018,0.059470877982676029,0.55609828699380159,0.035390278324484825,0.13495118170976639,0.21764305699616671,0.46081590559333563,0.7747724698856473,0.53741786815226078,0.057143987156450748,0.66588700283318758,0.13082136027514935,True,,1,0,Slot__Patch;Slot__CPW_Feed_Pin;Patch__CPW_Feed_Pin,True,Slot__CPW_Feed_Pin,,Slot__CPW_Feed_Pin,,"{""Slot__CPW_Feed_Pin"": {""geometry_type"": ""MultiLineString"", ""relations"": ""overlaps"", ""wkt"": ""MULTILINESTRING ((0.5 21.87, 0 21.87), (0 21.87, -0.5 21.87))""}}",True,,,True,sobol
437,51.849035397730766,2.0291492881253363,6.0303481802344319,2.5059916007891294,1.9232269577682017,14.693294294178486,4.0585735950618984,0.85600357688963413,0.83042436186224222,0.9389438247308135,0.18364762328565121,0.21464238874614239,0.7785803684964776,0.25979369506239891,0.7966418880969286,0.72730075754225254,0.7397241098806262,0.97741197142750025,0.15423876885324717,0.1933221984654665,0.82126929610967636,0.14833883475512266,0.6740907384082675,True,,1,0,Slot__Patch;Slot__CPW_Feed_Pin;Patch__CPW_Feed_Pin,True,Slot__CPW_Feed_Pin,,Slot__CPW_Feed_Pin,,"{""Slot__CPW_Feed_Pin"": {""geometry_type"": ""MultiLineString"", ""relations"": ""overlaps"", ""wkt"": ""MULTILINESTRING ((0.5 22.01, 0 22.01), (0 22.01, -0.5 22.01))""}}",True,,,True,sobol
438,51.036409537121649,1.9198639314621686,5.8073991643264886,2.6836132866330447,1.9580299487337469,14.276143245398998,3.9666554138064383,0.70643944945186377,0.6165944766253233,0.59602094534784555,0.4991255784407258,0.30863521434366703,0.30172811727970839,0.7535856431350112,0.62734408862888813,0.30970850959420204,0.93514023162424564,0.023556165397167206,0.41326793003827333,0.76991238724440336,0.42211409192532301,0.28457190096378326,0.43056835047900677,True,,1,0,Slot__Patch;Slot__CPW_Feed_Pin;Patch__CPW_Feed_Pin,True,Slot__CPW_Feed_Pin,,Slot__CPW_Feed_Pin,,"{""Slot__CPW_Feed_Pin"": {""geometry_type"": ""MultiLineString"", ""relations"": ""overlaps"", ""wkt"": ""MULTILINESTRING ((0.5 21.84, 0 21.84), (0 21.84, -0.5 21.84))""}}",True,,,True,sobol
439,54.618984040338546,2.0772025482729077,6.1554077424108984,2.5356357947364447,2.0106052806600929,15.491885786410421,4.1488767217844726,0.21489022485911846,0.29906375426799059,0.080926354043185711,0.7424174789339304,0.70203932747244835,0.52085095923393965,0.047719893977046013,0.38437557779252529,0.84358634613454342,0.39667714014649391,0.53821437619626522,0.5346775883808732,0.49196419399231672,0.68972600437700748,0.77868169359862804,0.88996970187872648,True,,1,0,Slot__Patch;Slot__CPW_Feed_Pin;Patch__CPW_Feed_Pin,True,Slot__CPW_Feed_Pin,,Slot__CPW_Feed_Pin,,"{""Slot__CPW_Feed_Pin"": {""geometry_type"": ""MultiLineString"", ""relations"": ""overlaps"", ""wkt"": ""MULTILINESTRING ((0.5 22.24, 0 22.24), (0 22.24, -0.5 22.24))""}}",True,,,True,sobol
440,54.687876311969013,1.9938072109594942,5.8142554247751832,2.5188185770809648,1.9854694370180368,15.726150203961879,3.8222653444856403,0.3030765438452363,0.074760559946298599,0.66008462104946375,0.65944177471101284,0.58083716873079538,0.86527470964938402,0.86471246182918549,0.96180383674800396,0.21423152647912502,0.56164247263222933,0.31241739448159933,0.85811327770352364,0.90389211941510439,0.12030903063714504,0.23305616620928049,0.49982091225683689,True,,1,0,Slot__Patch;Slot__CPW_Feed_Pin;Patch__CPW_Feed_Pin,True,Slot__CPW_Feed_Pin,,Slot__CPW_Feed_Pin,,"{""Slot__CPW_Feed_Pin"": {""geometry_type"": ""MultiLineString"", ""relations"": ""overlaps"", ""wkt"": ""MULTILINESTRING ((0.5 21.8, 0 21.8), (0 21.8, -0.5 21.8))""}}",True,,,True,sobol
441,51.645524411089717,2.0028748426586391,6.2229839801788334,2.6354307522438467,2.0333580438047649,14.510218142531812,4.0934620082378386,0.80585194379091263,0.75961027201265097,0.14392164628952742,0.41053097415715456,0.40643027331680059,0.085614469833672047,0.068365582264959812,0.20616399683058262,0.68133022263646126,0.02023641299456358,0.75081218127161264,0.2286074087023735,0.37324325460940599,0.75907683279365301,0.7037283843383193,0.9456932982429862,True,,1,0,Slot__Patch;Slot__CPW_Feed_Pin;Patch__CPW_Feed_Pin,True,Slot__CPW_Feed_Pin,,Slot__CPW_Feed_Pin,,"{""Slot__CPW_Feed_Pin"": {""geometry_type"": ""MultiLineString"", ""relations"": ""overlaps"", ""wkt"": ""MULTILINESTRING ((0.5 22.13, 0 22.13), (0 22.13, -0.5 22.13))""}}",True,,,True,sobol
442,52.168305396288631,1.9496479937806726,5.9953469367697831,2.5550628457963467,2.0978958258405327,14.834312363527715,3.9812786299735308,0.63168978411704302,0.54385779798030853,0.2971539469435811,0.22603944875299931,0.070246363990008831,0.62313572969287634,0.57780860550701618,0.37374971248209476,0.35575527884066105,0.34017754532396793,0.23445647954940796,0.4538860060274601,0.67153481021523476,0.48589735105633736,0.84777402505278587,0.19019290246069431,True,,1,0,Slot__Patch;Slot__CPW_Feed_Pin;Patch__CPW_Feed_Pin,True,Slot__CPW_Feed_Pin,,Slot__CPW_Feed_Pin,,"{""Slot__CPW_Feed_Pin"": {""geometry_type"": ""MultiLineString"", ""relations"": ""overlaps"", ""wkt"": ""MULTILINESTRING ((0.5 22.02, 0 22.02), (0 22.02, -0.5 22.02))""}}",True,,,True,sobol
443,54.175492359790951,2.0532718647271393,6.0413058690726755,2.6662174855731431,1.9457851717248558,15.306063030380756,4.1030003584921362,0.13446566089987755,0.35321142058819532,0.750747992657125,0.9690568083897233,0.92678479570895433,0.34346976783126593,0.37193108629435301,0.61453062109649181,0.76438235491514206,0.86712810769677162,0.70231599919497967,0.58243677765130997,0.074219908565282822,0.62886891979724169,0.33803828246891499,0.73969726171344519,True,,1,0,Slot__Patch;Slot__CPW_Feed_Pin;Patch__CPW_Feed_Pin,True,Slot__CPW_Feed_Pin,,Slot__CPW_Feed_Pin,,"{""Slot__CPW_Feed_Pin"": {""geometry_type"": ""MultiLineString"", ""relations"": ""overlaps"", ""wkt"": ""MULTILINESTRING ((0.5 22.11, 0 22.11), (0 22.11, -0.5 22.11))""}}",True,,,True,sobol
444,53.559362226538362,1.9103978652507065,6.2948586691170938,2.7029152534343304,1.905595251917839,15.42717925272882,3.929667719453573,0.50323584396392107,0.74556667357683182,0.01671126764267683,0.09509479533880949,0.84274987317621708,0.63555167522281408,0.20115564484149218,0.70931608229875565,0.95891711581498384,0.99362113513052464,0.60523953661322594,0.30051737930625677,0.85047462582588196,0.21091601718217134,0.035020521841943264,0.024273335933685303,True,,1,0,Slot__Patch;Slot__CPW_Feed_Pin;Patch__CPW_Feed_Pin,True,Slot__CPW_Feed_Pin,,Slot__CPW_Feed_Pin,,"{""Slot__CPW_Feed_Pin"": {""geometry_type"": ""MultiLineString"", ""relations"": ""overlaps"", ""wkt"": ""MULTILINESTRING ((0.5 21.75, 0 21.75), (0 21.75, -0.5 21.75))""}}",True,,,True,sobol
445,52.752875335421415,2.0929308453574778,5.7429392611607906,2.5915220641717314,2.0507722884416579,14.433914530556649,4.1610589656978849,0.011935051530599594,0.43571702670305967,0.53278268966823816,0.8498765304684639,0.16803136095404625,0.41741868760436773,0.99858548119664192,0.46646609529852867,0.42883106227964163,0.45587252452969551,0.082997696474194527,0.6788020608946681,0.38014336675405502,0.91163438186049461,0.52919008675962687,0.5463018910959363,True,,1,0,Slot__Patch;Slot__CPW_Feed_Pin;Patch__CPW_Feed_Pin,True,Slot__CPW_Feed_Pin,,Slot__CPW_Feed_Pin,,"{""Slot__CPW_Feed_Pin"": {""geometry_type"": ""MultiLineString"", ""relations"": ""overlaps"", ""wkt"": ""MULTILINESTRING ((0.5 22.31, 0 22.31), (0 22.31, -0.5 22.31))""}}",True,,,True,sobol
446,50.956890999246383,1.9584509436041115,6.1205756004899747,2.606619932744652,2.0179727895185353,14.722840968053788,3.8637178108096122,0.42559952381998301,0.15143900737166405,0.87765844073146582,0.53644873853772879,0.32404138892889023,0.87776122707873583,0.49133919086307287,0.10942770168185234,0.59665966872125864,0.15063246060162783,0.91038867365568876,0.88846044149249792,0.58283193502575159,0.34109126683324575,0.91542414017021656,0.28691095113754272,True,,1,0,Slot__Patch;Slot__CPW_Feed_Pin;Patch__CPW_Feed_Pin,True,Slot__CPW_Feed_Pin,,Slot__CPW_Feed_Pin,,"{""Slot__CPW_Feed_Pin"": {""geometry_type"": ""MultiLineString"", ""relations"": ""overlaps"", ""wkt"": ""MULTILINESTRING ((0.5 21.84, 0 21.84), (0 21.84, -0.5 21.84))""}}",True,,,True,sobol
447,55.365733486786489,2.0386155718937515,5.917807498387992,2.490785886906087,1.9631506128236651,15.042259683832526,4.0455605100840328,0.93429825454950333,0.96708533074706793,0.42403387743979692,0.28364703431725502,0.68087856285274029,0.15961488801985979,0.69173838756978512,0.87104197591543198,4.5354478061199188e-05,0.67343347799032927,0.40137620735913515,0.0091767637059092522,0.1791667127981782,0.54613546840846539,0.39781416580080986,0.76804022956639528,True,,1,0,Slot__Patch;Slot__CPW_Feed_Pin;Patch__CPW_Feed_Pin,True,Slot__CPW_Feed_Pin,,Slot__CPW_Feed_Pin,,"{""Slot__CPW_Feed_Pin"": {""geometry_type"": ""MultiLineString"", ""relations"": ""overlaps"", ""wkt"": ""MULTILINESTRING ((0.5 22.05, 0 22.05), (0 22.05, -0.5 22.05))""}}",True,,,True,sobol
448,55.351852173917003,1.9894429340958595,6.1342866031453021,2.6332499202899635,1.9373796176165341,15.501092927064747,4.0627270985394714,0.97223507054150105,0.52725446969270706,0.92081602942198515,0.58515656273812056,0.29184815660119057,0.61380762606859207,0.98571379389613867,0.029036819003522396,0.42031380906701088,0.25911063980311155,0.35768257640302181,0.84040454775094986,0.83360112551599741,0.36794804781675339,0.15838482137769461,0.69840703625231981,True,,1,0,Slot__Patch;Slot__CPW_Feed_Pin;Patch__CPW_Feed_Pin,True,Slot__CPW_Feed_Pin,,Slot__CPW_Feed_Pin,,"{""Slot__CPW_Feed_Pin"": {""geometry_type"": ""MultiLineString"", ""relations"": ""overlaps"", ""wkt"": ""MULTILINESTRING ((0.5 21.98, 0 21.98), (0 21.98, -0.5 21.98))""}}",True,,,True,sobol
449,50.982559364940968,2.0076173944398761,5.9035387750715014,2.5210944999009368,2.0812894593924285,14.261763419955969,3.846545834094286,0.48142011743038893,0.34247527550905943,0.40469143632799387,0.3282080739736557,0.71113403327763081,0.33316134661436081,0.18960755132138729,0.77174542378634214,0.94979711435735226,0.78413251508027315,0.82957040518522263,0.21117476001381874,0.42796741519123316,0.51049223635345697,0.6524345213547349,0.24668087810277939,True,,1,0,Slot__Patch;Slot__CPW_Feed_Pin;Patch__CPW_Feed_Pin,True,Slot__CPW_Feed_Pin,,Slot__CPW_Feed_Pin,,"{""Slot__CPW_Feed_Pin"": {""geometry_type"": ""MultiLineString"", ""relations"": ""overlaps"", ""wkt"": ""MULTILINESTRING ((0.5 21.93, 0 21.93), (0 21.93, -0.5 21.93))""}}",True,,,True,sobol
450,52.830299914348871,1.9420980632305145,6.2811751222237948,2.6684807646088307,2.0499532284215092,14.705934595316648,4.1283108200877905,0.081121599301695824,0.12066506966948509,0.05986886378377676,0.01855896320194006,0.81244822405278683,0.87165887095034122,0.69874889869242907,0.6834753705188632,0.02484942227602005,0.60362613573670387,0.15794114861637354,0.47156243771314621,0.60122966021299362,0.23679361678659916,0.78963935561478138,0.99046264309436083,True,,1,0,Slot__Patch;Slot__CPW_Feed_Pin;Patch__CPW_Feed_Pin,True,Slot__CPW_Feed_Pin,,Slot__CPW_Feed_Pin,,"{""Slot__CPW_Feed_Pin"": {""geometry_type"": ""MultiLineString"", ""relations"": ""overlaps"", ""wkt"": ""MULTILINESTRING ((0.5 22.12, 0 22.12), (0 22.12, -0.5 22.12))""}}",True,,,True,sobol
451,53.514427785947923,2.0612244842574001,5.7572354603558775,2.5528951535373925,1.9938623310998083,15.154287816490978,3.9624104768037798,0.59030712302774191,0.81136634852737188,0.51344025600701571,0.76968219503760338,0.20030149817466736,0.09102594293653965,0.49311201646924019,0.42199437227100134,0.6206169668585062,0.064190248027443886,0.65480762626975775,0.59990100935101509,0.12896013259887695,0.87501196842640638,0.27215318009257317,0.43899931758642197,True,,1,0,Slot__Patch;Slot__CPW_Feed_Pin;Patch__CPW_Feed_Pin,True,Slot__CPW_Feed_Pin,,Slot__CPW_Feed_Pin,,"{""Slot__CPW_Feed_Pin"": {""geometry_type"": ""MultiLineString"", ""relations"": ""overlaps"", ""wkt"": ""MULTILINESTRING ((0.5 22.02, 0 22.02), (0 22.02, -0.5 22.02))""}}",True,,,True,sobol
452,54.223661663662647,1.9055701522156596,5.9724104873836037,2.5898148268833756,1.9543681897222995,15.600936957634985,4.1826538875699049,0.20956570468842983,0.16804224625229836,0.27744910959154367,0.14559739641845226,0.037983275018632412,0.88310767151415348,0.072091655805706978,0.26860901061445475,0.65707162674516439,0.20237984135746956,0.55705986637622118,0.25157520454376936,0.92082500085234642,0.45708959829062223,0.10872478131204844,0.79309522267431021,True,,1,0,Slot__Patch;Slot__CPW_Feed_Pin;Patch__CPW_Feed_Pin,True,Slot__CPW_Feed_Pin,,Slot__CPW_Feed_Pin,,"{""Slot__CPW_Feed_Pin"": {""geometry_type"": ""MultiLineString"", ""relations"": ""overlaps"", ""wkt"": ""MULTILINESTRING ((0.5 22.04, 0 22.04), (0 22.04, -0.5 22.04))""}}",True,,,True,sobol
453,52.090233844704926,2.0973556786775589,6.0648014696314929,2.7046541050262753,2.0017677046358586,14.53737690160051,3.9016183774918316,0.7128318315371871,0.97782150562852621,0.79354318510740995,0.89276869315654039,0.95707960519939661,0.16594176925718784,0.86976973246783018,0.52435876149684191,0.18959905672818422,0.72324859537184238,0.0052007166668772697,0.63007305469363928,0.32547808066010475,0.66256115026772022,0.57952079828828573,0.2769316453486681,True,,1,0,Slot__Patch;Slot__CPW_Feed_Pin;Patch__CPW_Feed_Pin,True,Slot__CPW_Feed_Pin,,Slot__CPW_Feed_Pin,,"{""Slot__CPW_Feed_Pin"": {""geometry_type"": ""MultiLineString"", ""relations"": ""overlaps"", ""wkt"": ""MULTILINESTRING ((0.5 22, 0 22), (0 22, -0.5 22))""}}",True,,,True,sobol
454,51.619209072738883,1.950583298318088,5.8371643960475916,2.492506143786013,2.0669906532391908,14.993278539273888,4.023225586861372,0.8497027326375246,0.69966225326061249,0.64037979114800692,0.704243378713727,0.55058773327618837,0.62530792504549026,0.36233623325824738,0.92708244640380144,0.77320856880396605,0.91841169726103544,0.98981813527643681,0.9374339459463954,0.65319646615535021,0.092476167716085911,0.97453721985220909,0.51679145451635122,True,,1,0,Slot__Patch;Slot__CPW_Feed_Pin;Patch__CPW_Feed_Pin,True,Slot__CPW_Feed_Pin,,Slot__CPW_Feed_Pin,,"{""Slot__CPW_Feed_Pin"": {""geometry_type"": ""MultiLineString"", ""relations"": ""overlaps"", ""wkt"": ""MULTILINESTRING ((0.5 22.05, 0 22.05), (0 22.05, -0.5 22.05))""}}",True,,,True,sobol
455,54.704992488119757,2.0461047515273094,6.1994609260931615,2.6049317860789598,1.9143893813714383,15.242401921190321,3.8924950424581763,0.35296838264912367,0.38396092038601637,0.18671684619039297,0.45899823401123285,0.43861767929047346,0.40814774483442307,0.56298367027193308,0.18619782570749521,0.36445187870413065,0.38264446426182985,0.44792297855019569,0.057875155471265316,0.12448536325246096,0.79374395310878754,0.46468161232769489,0.037609459832310677,True,,1,0,Slot__Patch;Slot__CPW_Feed_Pin;Patch__CPW_Feed_Pin,True,Slot__CPW_Feed_Pin,,Slot__CPW_Feed_Pin,,"{""Slot__CPW_Feed_Pin"": {""geometry_type"": ""MultiLineString"", ""relations"": ""overlaps"", ""wkt"": ""MULTILINESTRING ((0.5 21.85, 0 21.85), (0 21.85, -0.5 21.85))""}}",True,,,True,sobol
456,54.613435343559836,1.9263690821826458,5.7935613848268979,2.7182333787344399,2.0895465809851888,15.007361272349954,4.1660789776593452,0.12807117775082588,0.24181654490530491,0.57617881614714861,0.38816594798117876,0.34082557819783688,0.19007154367864132,0.25569388922303915,0.734193773008883,0.73605448845773935,0.54589198902249336,0.70547344256192446,0.36567743308842182,0.52066618483513594,0.39623626694083214,0.5392361031845212,0.58400777261704206,True,,1,0,Slot__Patch;Slot__CPW_Feed_Pin;Patch__CPW_Feed_Pin,True,Slot__CPW_Feed_Pin,,Slot__CPW_Feed_Pin,,"{""Slot__CPW_Feed_Pin"": {""geometry_type"": ""MultiLineString"", ""relations"": ""overlaps"", ""wkt"": ""MULTILINESTRING ((0.5 22.18, 0 22.18), (0 22.18, -0.5 22.18))""}}",True,,,True,sobol
457,51.074124925397335,2.0706913774833082,6.1698402212932706,2.5742043031752111,1.9416350860148668,14.758425980340689,3.9494462437927722,0.63701589871197939,0.92458938900381327,0.12358419504016638,0.63512350432574749,0.67178669571876526,0.97169444523751736,0.55335262231528759,0.47283845115453005,0.14383470546454191,0.0052247289568185806,0.23178508412092924,0.73715624026954174,0.24078028928488493,0.72634816635400057,0.021567950956523418,0.095416983589529991,True,,1,0,Slot__Patch;Slot__CPW_Feed_Pin;Patch__CPW_Feed_Pin,True,Slot__CPW_Feed_Pin,,Slot__CPW_Feed_Pin,,"{""Slot__CPW_Feed_Pin"": {""geometry_type"": ""MultiLineString"", ""relations"": ""overlaps"", ""wkt"": ""MULTILINESTRING ((0.5 21.97, 0 21.97), (0 21.97, -0.5 21.97))""}}",True,,,True,sobol
458,51.917804506048554,1.9799759663641452,5.9468911930918695,2.6240984850190583,1.9771201932802795,14.396956249605864,4.0256905999034647,0.80043426156044006,0.64841376058757305,0.46645341906696558,0.94656767044216394,0.82046965137124062,0.44799717143177986,0.061579679138958454,0.071820651181042194,0.81901875603944063,0.32589333783835173,0.77890260703861713,0.94533688016235828,0.7881877887994051,0.030287457630038261,0.40877191722393036,0.85457900445908308,True,,1,0,Slot__Patch;Slot__CPW_Feed_Pin;Patch__CPW_Feed_Pin,True,Slot__CPW_Feed_Pin,,Slot__CPW_Feed_Pin,,"{""Slot__CPW_Feed_Pin"": {""geometry_type"": ""MultiLineString"", ""relations"": ""overlaps"", ""wkt"": ""MULTILINESTRING ((0.5 21.98, 0 21.98), (0 21.98, -0.5 21.98))""}}",True,,,True,sobol
459,53.759449670929463,2.0233466884121301,6.0159248510375622,2.4753706948459144,2.0292079592123629,15.460338229313493,3.8587768822908401,0.30937945935875177,0.45569051522761583,0.98160165827721357,0.2015973050147295,0.18237509019672871,0.72960672155022621,0.76217725500464439,0.81489907298237085,0.28551473375409842,0.84967454243451357,0.28383668884634972,0.074872327968478203,0.44212407805025578,0.85691275354474783,0.90300538949668407,0.34046979807317257,True,,1,0,Slot__Patch;Slot__CPW_Feed_Pin;Patch__CPW_Feed_Pin,True,Slot__CPW_Feed_Pin,,Slot__CPW_Feed_Pin,,"{""Slot__CPW_Feed_Pin"": {""geometry_type"": ""MultiLineString"", ""relations"": ""overlaps"", ""wkt"": ""MULTILINESTRING ((0.5 21.91, 0 21.91), (0 21.91, -0.5 21.91))""}}",True,,,True,sobol
460,53.153749760426578,1.9661042919382452,6.2498538924381144,2.5037046497687694,2.0193887278437614,15.294705205131322,4.085213263332844,0.9279056191444397,0.56288572214543819,0.24700991716235876,0.82751244306564331,0.079339166171848774,0.31093790009617805,0.68490623869001865,0.97011399921029806,0.49906004406511784,0.97713724803179502,0.3811571728438139,0.79246439877897501,0.7327831294387579,0.30611756350845098,0.72396730910986662,0.92289810720831156,True,,1,0,Slot__Patch;Slot__CPW_Feed_Pin;Patch__CPW_Feed_Pin,True,Slot__CPW_Feed_Pin,,Slot__CPW_Feed_Pin,,"{""Slot__CPW_Feed_Pin"": {""geometry_type"": ""MultiLineString"", ""relations"": ""overlaps"", ""wkt"": ""MULTILINESTRING ((0.5 22.07, 0 22.07), (0 22.07, -0.5 22.07))""}}",True,,,True,sobol
461,52.512970833759752,2.0368216224014759,5.711780692264437,2.6526710204221309,1.9742345795035363,14.846540073864162,3.8053128164261576,0.43092379067093134,0.25511293578892946,0.69969609100371599,0.070777463726699352,0.91000345628708601,0.53103354945778847,0.38884926121681929,0.2291037617251277,0.90426915138959885,0.44061762560158968,0.93109369277954102,0.17171849776059389,0.013642026111483574,0.57330233417451382,0.21429355908185244,0.38158769533038139,True,,1,0,Slot__Patch;Slot__CPW_Feed_Pin;Patch__CPW_Feed_Pin,True,Slot__CPW_Feed_Pin,,Slot__CPW_Feed_Pin,,"{""Slot__CPW_Feed_Pin"": {""geometry_type"": ""MultiLineString"", ""relations"": ""overlaps"", ""wkt"": ""MULTILINESTRING ((0.5 21.82, 0 21.82), (0 21.82, -0.5 21.82))""}}",True,,,True,sobol
462,50.375385408941654,1.9148531591519713,6.0847301563248042,2.5380468454584477,1.9070111928507685,14.496800269000232,4.1198368959128855,0.0065192170441150665,0.031258018687367439,0.85871905367821455,0.26115886494517326,0.56649056728929281,0.053204914554953575,0.88233255594968796,0.31957513373345137,0.070423221215605736,0.13658950105309486,0.071964570321142673,0.39554417971521616,0.96526152547448874,0.17558182496577501,0.35931096784770489,0.63682871405035257,True,,1,0,Slot__Patch;Slot__CPW_Feed_Pin;Patch__CPW_Feed_Pin,True,Slot__CPW_Feed_Pin,,Slot__CPW_Feed_Pin,,"{""Slot__CPW_Feed_Pin"": {""geometry_type"": ""MultiLineString"", ""relations"": ""overlaps"", ""wkt"": ""MULTILINESTRING ((0.5 21.94, 0 21.94), (0 21.94, -0.5 21.94))""}}",True,,,True,sobol
463,55.281018984317782,2.0818349502980711,5.8774908486753699,2.6812978226877751,2.0618562577292323,15.735951699782163,3.9896314445883037,0.50953691173344851,0.84898120258003473,0.34360133204609156,0.51200756337493658,0.42870952282100916,0.77329484187066555,0.17671442124992609,0.57495512720197439,0.54191644862294197,0.65671516396105289,0.61578232701867819,0.51722991932183504,0.31229823734611273,0.93915792182087898,0.82992309331893921,0.18328113481402397,True,,1,0,Slot__Patch;Slot__CPW_Feed_Pin;Patch__CPW_Feed_Pin,True,Slot__CPW_Feed_Pin,,Slot__CPW_Feed_Pin,,"{""Slot__CPW_Feed_Pin"": {""geometry_type"": ""MultiLineString"", ""relations"": ""overlaps"", ""wkt"": ""MULTILINESTRING ((0.5 22.13, 0 22.13), (0 22.13, -0.5 22.13))""}}",True,,,True,sobol
464,55.103840572573247,1.9213172225281596,6.1653305534273386,2.5001216425746677,1.9917955162003635,14.871625488158315,3.8355319142341613,0.031806096434593201,0.88515419699251652,0.76475008018314838,0.54694180283695459,0.010061279870569706,0.39395154640078545,0.12113779224455357,0.45981304813176394,0.38568597659468651,0.57877008337527514,0.79578576516360044,0.44511152803897858,0.87267274782061577,0.70023395679891109,0.9475568663328886,0.14046450238674879,True,,1,0,Slot__Patch;Slot__CPW_Feed_Pin;Patch__CPW_Feed_Pin,True,Slot__CPW_Feed_Pin,,Slot__CPW_Feed_Pin,,"{""Slot__CPW_Feed_Pin"": {""geometry_type"": ""MultiLineString"", ""relations"": ""overlaps"", ""wkt"": ""MULTILINESTRING ((0.5 21.75, 0 21.75), (0 21.75, -0.5 21.75))""}}",True,,,True,sobol
465,50.568192273657765,2.0757492333650589,5.7963037630543104,2.6155971653573218,2.0395871819928288,15.360806219279766,4.0551920052617785,0.54684908781200647,0.20237950328737497,0.3121020495891571,0.30392092652618885,0.99281398113816977,0.67459791526198387,0.82762533705681562,0.7159672686830163,0.97656394354999065,0.12017423193901777,0.26744375098496675,0.56582024320960045,0.40452365949749947,0.43696220126003027,0.48872449994087219,0.68008116446435452,True,,1,0,Slot__Patch;Slot__CPW_Feed_Pin;Patch__CPW_Feed_Pin,True,Slot__CPW_Feed_Pin,,Slot__CPW_Feed_Pin,,"{""Slot__CPW_Feed_Pin"": {""geometry_type"": ""MultiLineString"", ""relations"": ""overlaps"", ""wkt"": ""MULTILINESTRING ((0.5 22.17, 0 22.17), (0 22.17, -0.5 22.17))""}}",True,,,True,sobol
466,52.415973416808988,1.9725315405055881,6.0192534875124695,2.5984482132643461,2.0791738402098416,15.669484443962574,3.969572649151087,0.89069310203194618,0.47852653078734875,0.15307050757110119,0.11341795045882463,0.53066185396164656,0.15181661956012249,0.31915920227766037,0.85987137351185083,0.060447171330451965,0.3006655890494585,0.71983889862895012,0.86887001991271973,0.57781547028571367,0.82003581896424294,0.063433672301471233,0.42457981687039137,True,,1,0,Slot__Patch;Slot__CPW_Feed_Pin;Patch__CPW_Feed_Pin,True,Slot__CPW_Feed_Pin,,Slot__CPW_Feed_Pin,,"{""Slot__CPW_Feed_Pin"": {""geometry_type"": ""MultiLineString"", ""relations"": ""overlaps"", ""wkt"": ""MULTILINESTRING ((0.5 22.03, 0 22.03), (0 22.03, -0.5 22.03))""}}",True,,,True,sobol
467,53.266456462442875,2.0307971343398092,5.9429677857086061,2.7102395926229659,1.9269647192209958,14.471348663326353,4.1397090096026661,0.40573561657220125,0.67124780733138323,0.66816533729434013,0.86232511512935162,0.48198093939572573,0.93244963698089123,0.61489540431648493,0.1205964433029294,0.59285351820290089,0.77370549365878105,0.21693328209221363,0.2471470944583416,0.16800028551369905,0.052545038051903248,0.62382762599736452,0.88033989630639553,True,,1,0,Slot__Patch;Slot__CPW_Feed_Pin;Patch__CPW_Feed_Pin,True,Slot__CPW_Feed_Pin,,Slot__CPW_Feed_Pin,,"{""Slot__CPW_Feed_Pin"": {""geometry_type"": ""MultiLineString"", ""relations"": ""overlaps"", ""wkt"": ""MULTILINESTRING ((0.5 22.1, 0 22.1), (0 22.1, -0.5 22.1))""}}",True,,,True,sobol
468,53.975405078288169,1.9860005512833596,5.7280821422114965,2.6740660362131896,1.924366352520883,14.772158947773278,3.9163984987884759,0.77108842507004738,0.3101730402559042,0.4354681670665741,0.23653293773531914,0.25629677064716816,0.10905678384006023,0.94192162808030844,0.21135266404598951,0.62915277387946844,0.89722441323101521,0.11991797387599945,0.90114113222807646,0.88175528589636087,0.5954674081876874,0.75704367458820343,0.3524169409647584,True,,1,0,Slot__Patch;Slot__CPW_Feed_Pin;Patch__CPW_Feed_Pin,True,Slot__CPW_Feed_Pin,,Slot__CPW_Feed_Pin,,"{""Slot__CPW_Feed_Pin"": {""geometry_type"": ""MultiLineString"", ""relations"": ""overlaps"", ""wkt"": ""MULTILINESTRING ((0.5 21.82, 0 21.82), (0 21.82, -0.5 21.82))""}}",True,,,True,sobol
469,51.675788251124317,2.0169191522523762,6.2353191599249849,2.56152826000005,2.0694465434178713,15.085547345224768,4.1993262790143495,0.27630910743027925,0.61794779170304537,0.88808568008244038,0.98933124449104071,0.73887280002236366,0.82622277550399303,0.24213251285254955,0.95661700423806906,0.22528738994151354,0.43495967611670494,0.56831919960677624,0.02969952579587698,0.34892374370247126,0.26926828548312187,0.3057179432362318,0.84318977221846581,True,,1,0,Slot__Patch;Slot__CPW_Feed_Pin;Patch__CPW_Feed_Pin,True,Slot__CPW_Feed_Pin,,Slot__CPW_Feed_Pin,,"{""Slot__CPW_Feed_Pin"": {""geometry_type"": ""MultiLineString"", ""relations"": ""overlaps"", ""wkt"": ""MULTILINESTRING ((0.5 22.29, 0 22.29), (0 22.29, -0.5 22.29))""}}",True,,,True,sobol
470,51.204804388806217,1.9324545085430145,5.8623704301193351,2.643915517497808,2.0117934800684454,15.38251835340634,3.8754271995276213,0.16122497618198395,0.84177027828991413,0.54522503539919853,0.67776450514793396,0.76890173554420471,0.35126228258013725,0.74840251076966524,0.62326028104871511,0.80012513976544142,0.23978155571967363,0.42695908900350332,0.28585429023951292,0.67661256343126297,0.97997826989740133,0.13824052084237337,0.083797880448400974,True,,1,0,Slot__Patch;Slot__CPW_Feed_Pin;Patch__CPW_Feed_Pin,True,Slot__CPW_Feed_Pin,,Slot__CPW_Feed_Pin,,"{""Slot__CPW_Feed_Pin"": {""geometry_type"": ""MultiLineString"", ""relations"": ""overlaps"", ""wkt"": ""MULTILINESTRING ((0.5 21.82, 0 21.82), (0 21.82, -0.5 21.82))""}}",True,,,True,sobol
471,54.456775864679372,2.0642274139448999,6.1004459179937838,2.5287102766707537,1.956872931867838,14.383589518256485,4.0088553175330164,0.66644613537937403,0.024048940278589725,0.030038652941584587,0.4229790149256587,0.22041036747395992,0.56842255219817162,0.45036205276846886,0.36502188723534346,0.32973149511963129,0.71697481255978346,0.88480549398809671,0.65635604318231344,0.085447117686271667,0.14943805150687695,0.67550096940249205,0.59618287906050682,True,,1,0,Slot__Patch;Slot__CPW_Feed_Pin;Patch__CPW_Feed_Pin,True,Slot__CPW_Feed_Pin,,Slot__CPW_Feed_Pin,,"{""Slot__CPW_Feed_Pin"": {""geometry_type"": ""MultiLineString"", ""relations"": ""overlaps"", ""wkt"": ""MULTILINESTRING ((0.5 22.03, 0 22.03), (0 22.03, -0.5 22.03))""}}",True,,,True,sobol
472,54.861446944903584,1.9569978466257452,5.9066371405497193,2.5446467173099516,2.0314258122816682,14.618126442655921,3.9325369000434875,0.81264220736920834,0.34968384355306625,0.73431803658604622,0.47885735239833593,0.12264582794159651,0.78639187105000019,0.63330795057117939,0.78583751153200865,0.70818986091762781,0.36622275598347187,0.14331627637147903,0.98161492682993412,0.55975294671952724,0.53169076330959797,0.31279939040541649,0.018527892418205738,True,,1,0,Slot__Patch;Slot__CPW_Feed_Pin;Patch__CPW_Feed_Pin,True,Slot__CPW_Feed_Pin,,Slot__CPW_Feed_Pin,,"{""Slot__CPW_Feed_Pin"": {""geometry_type"": ""MultiLineString"", ""relations"": ""overlaps"", ""wkt"": ""MULTILINESTRING ((0.5 21.92, 0 21.92), (0 21.92, -0.5 21.92))""}}",True,,,True,sobol
473,51.488492016680539,2.0400686927139757,6.1305745124816902,2.6929788289032879,1.9874450648203492,15.617233398836106,4.1519408341497188,0.32744487281888723,0.53446501027792692,0.21824685297906399,0.7319301925599575,0.89013441372662783,0.0047689992934465408,0.43356106709688902,0.04619282390922308,0.17956009786576033,0.84047305211424828,0.66991878114640713,0.10303220711648464,0.21732139401137829,0.3301188750192523,0.87349726445972919,0.53641567379236221,False,ValueError: producer reported invalid exported polygon(s): Patch,,0,Slot__Patch;Slot__CPW_Feed_Pin;Patch__CPW_Feed_Pin,True,Slot__CPW_Feed_Pin,,Slot__CPW_Feed_Pin,,"{""Slot__CPW_Feed_Pin"": {""geometry_type"": ""MultiLineString"", ""relations"": ""overlaps"", ""wkt"": ""MULTILINESTRING ((0.5 22.18, 0 22.18), (0 22.18, -0.5 22.18))""}}",True,,ValueError: producer reported invalid exported polygon(s): Patch,False,sobol
474,52.332131003588437,1.9120455419644713,5.7529377551749343,2.5133536592125889,1.9438041348010302,15.225739288609475,3.8733008481562137,0.23500576801598072,0.7563038282096386,0.37141882628202438,0.92033294122666121,0.60228939447551966,0.54430462419986725,0.92417813837528229,0.37784461583942175,0.84592878539115191,0.51981994230300188,0.34105880465358496,0.33141409792006016,0.7647584592923522,0.91680458188056946,0.69820741657167673,0.29678383190184832,True,,1,0,Slot__Patch;Slot__CPW_Feed_Pin;Patch__CPW_Feed_Pin,True,Slot__CPW_Feed_Pin,,Slot__CPW_Feed_Pin,,"{""Slot__CPW_Feed_Pin"": {""geometry_type"": ""MultiLineString"", ""relations"": ""overlaps"", ""wkt"": ""MULTILINESTRING ((0.5 21.73, 0 21.73), (0 21.73, -0.5 21.73))""}}",True,,,True,sobol
475,54.007420994434511,2.0912831924855708,6.2836878709495076,2.6572408849559728,2.0998226005584004,14.912162756547332,4.0422285217791796,0.74980795662850142,0.065604402683675289,0.82504362799227238,0.16533394157886505,0.40072331484407187,0.26269510388374329,0.12614939454942942,0.63387321960180998,0.25077064242213964,0.062424707226455212,0.84570390079170465,0.71088801883161068,0.48117937054485083,0.21163927856832743,0.23906911071389914,0.77378378063440323,True,,1,0,Slot__Patch;Slot__CPW_Feed_Pin;Patch__CPW_Feed_Pin,True,Slot__CPW_Feed_Pin,,Slot__CPW_Feed_Pin,,"{""Slot__CPW_Feed_Pin"": {""geometry_type"": ""MultiLineString"", ""relations"": ""overlaps"", ""wkt"": ""MULTILINESTRING ((0.5 22.24, 0 22.24), (0 22.24, -0.5 22.24))""}}",True,,,True,sobol
476,53.402006345801055,1.9481708399951458,6.0500573862344025,2.6286681296862664,2.0519235609099269,14.331160340923816,3.8126094553619621,0.11442834325134754,0.95498790219426155,0.090823804959654808,0.78954182751476765,0.36099991202354431,0.71243079006671906,0.29692627396434546,0.54104412812739611,0.46447141654789448,0.17326350230723619,0.94424511771649122,0.4220108101144433,0.6936982749029994,0.63743446860462427,0.38789496012032032,0.49018443282693624,True,,1,0,Slot__Patch;Slot__CPW_Feed_Pin;Patch__CPW_Feed_Pin,True,Slot__CPW_Feed_Pin,,Slot__CPW_Feed_Pin,,"{""Slot__CPW_Feed_Pin"": {""geometry_type"": ""MultiLineString"", ""relations"": ""overlaps"", ""wkt"": ""MULTILINESTRING ((0.5 21.81, 0 21.81), (0 21.81, -0.5 21.81))""}}",True,,,True,sobol
477,52.927416427340361,2.0547489946708084,5.9877677237614986,2.4850194282457232,1.9044011650606989,15.529474242590368,4.0968676112592224,0.61940107028931379,0.14520680066198111,0.60698654130101204,0.046246171928942204,0.62817498110234737,0.49233517050743103,0.50340270064771175,0.28317555133253336,0.93108853697776794,0.65116909425705671,0.49398234207183123,0.55132548231631517,0.037102828733623028,0.4987897053360939,0.92485136911273003,0.93969808705151081,True,,1,0,Slot__Patch;Slot__CPW_Feed_Pin;Patch__CPW_Feed_Pin,True,Slot__CPW_Feed_Pin,,Slot__CPW_Feed_Pin,,"{""Slot__CPW_Feed_Pin"": {""geometry_type"": ""MultiLineString"", ""relations"": ""overlaps"", ""wkt"": ""MULTILINESTRING ((0.5 22.06, 0 22.06), (0 22.06, -0.5 22.06))""}}",True,,,True,sobol
478,50.789790092874313,1.9954788960516452,6.2154043491929771,2.7299145990051334,1.9643506869673728,15.126272737048566,3.9783854018896818,0.94304146431386471,0.4233984649181366,0.95180053450167179,0.35577371530234814,0.84815080650150776,0.95469160564243793,0.010586989112198353,0.13707108143717051,0.10599893145263195,0.95521271415054798,0.50887759402394295,0.76398412976413965,0.98869276233017445,0.75588521640747786,0.50737308617681265,0.19617474731057882,True,,1,0,Slot__Patch;Slot__CPW_Feed_Pin;Patch__CPW_Feed_Pin,True,Slot__CPW_Feed_Pin,,Slot__CPW_Feed_Pin,,"{""Slot__CPW_Feed_Pin"": {""geometry_type"": ""MultiLineString"", ""relations"": ""overlaps"", ""wkt"": ""MULTILINESTRING ((0.5 21.94, 0 21.94), (0 21.94, -0.5 21.94))""}}",True,,,True,sobol
479,55.529235607758167,2.0012031337246299,5.8230065016075967,2.5808044568821789,2.0168275520205499,14.636903871316463,4.11214330047369,0.44801466818898916,0.73909783642739058,0.4982062503695488,0.60489462036639452,0.14688155427575111,0.23460170812904835,0.80628155544400215,0.88246109802275896,0.51414431259036064,0.49367008730769157,0.052892768755555153,0.13573044259101152,0.27324485220015049,0.11376910842955112,0.056353175081312656,0.74933181889355183,True,,1,0,Slot__Patch;Slot__CPW_Feed_Pin;Patch__CPW_Feed_Pin,True,Slot__CPW_Feed_Pin,,Slot__CPW_Feed_Pin,,"{""Slot__CPW_Feed_Pin"": {""geometry_type"": ""MultiLineString"", ""relations"": ""overlaps"", ""wkt"": ""MULTILINESTRING ((0.5 22.13, 0 22.13), (0 22.13, -0.5 22.13))""}}",True,,,True,sobol
480,55.587130059953786,1.9391339588910341,5.9619788138195871,2.5309724909998477,1.9169927524402737,14.939691376872361,3.9634406153112649,0.34241920989006758,0.21723710652440786,0.9050761004909873,0.88872702233493328,0.93659182451665401,0.99458123184740543,0.28929436393082142,0.60797739867120981,0.44723384454846382,0.41220262181013823,0.32348575256764889,0.68029431439936161,0.40660541318356991,0.16655295807868242,0.55962423142045736,0.75650312751531601,True,,1,0,Slot__Patch;Slot__CPW_Feed_Pin;Patch__CPW_Feed_Pin,True,Slot__CPW_Feed_Pin,,Slot__CPW_Feed_Pin,,"{""Slot__CPW_Feed_Pin"": {""geometry_type"": ""MultiLineString"", ""relations"": ""overlaps"", ""wkt"": ""MULTILINESTRING ((0.5 21.82, 0 21.82), (0 21.82, -0.5 21.82))""}}",True,,,True,sobol
481,50.761641318164763,2.0575556049123405,6.0008366938680409,2.6477150669321419,2.0641244517639281,15.200362207833678,4.1460279636085033,0.82987913675606251,0.9015280194580555,0.42017101962119341,0.13394540268927813,0.076142638921737671,0.21466928161680698,0.52665054332464933,0.34905287344008684,0.91701710782945156,0.88842629361897707,0.86328663676977158,0.30878499709069729,0.81638987176120281,0.96187588945031166,0.0031367624178528786,0.29795120377093554,True,,1,0,Slot__Patch;Slot__CPW_Feed_Pin;Patch__CPW_Feed_Pin,True,Slot__CPW_Feed_Pin,,Slot__CPW_Feed_Pin,,"{""Slot__CPW_Feed_Pin"": {""geometry_type"": ""MultiLineString"", ""relations"": ""overlaps"", ""wkt"": ""MULTILINESTRING ((0.5 22.27, 0 22.27), (0 22.27, -0.5 22.27))""}}",True,,,True,sobol
482,52.888909436389802,1.9918257091194391,5.7784737562760702,2.5673434571363032,2.004614430293441,15.643800335470587,3.8291097801178693,0.73255624528974295,0.68562460225075483,0.013093504123389721,0.44749501533806324,0.41623589769005775,0.73674906045198441,0.018458962440490723,0.19608504790812731,0.12391360849142075,0.69269092753529549,0.12964196596294641,0.0067647043615579605,0.1429981654509902,0.28143887128680944,0.42940800078213215,0.55831959098577499,True,,1,0,Slot__Patch;Slot__CPW_Feed_Pin;Patch__CPW_Feed_Pin,True,Slot__CPW_Feed_Pin,,Slot__CPW_Feed_Pin,,"{""Slot__CPW_Feed_Pin"": {""geometry_type"": ""MultiLineString"", ""relations"": ""overlaps"", ""wkt"": ""MULTILINESTRING ((0.5 21.83, 0 21.83), (0 21.83, -0.5 21.83))""}}",True,,,True,sobol
483,53.449545740801845,2.0111016595736144,6.1849283862859012,2.6783755987510087,1.951746916398406,14.592154649086297,4.0614165380597118,0.22001569531857967,0.49541160464286804,0.56044544372707605,0.70029707346111536,0.58673103339970112,0.45684664696455002,0.78277742210775614,0.94063272420316935,0.52741275168955326,0.23336475528776646,0.6835877588018775,0.87719874642789364,0.61111646797508001,0.58035527728497982,0.88433387503027916,0.011760693974792957,True,,1,0,Slot__Patch;Slot__CPW_Feed_Pin;Patch__CPW_Feed_Pin,True,Slot__CPW_Feed_Pin,,Slot__CPW_Feed_Pin,,"{""Slot__CPW_Feed_Pin"": {""geometry_type"": ""MultiLineString"", ""relations"": ""overlaps"", ""wkt"": ""MULTILINESTRING ((0.5 22.03, 0 22.03), (0 22.03, -0.5 22.03))""}}",True,,,True,sobol
484,54.12744242344052,1.9556975537911057,6.0813607089221478,2.7069476382434372,1.9996581634506583,14.664535125251859,3.8817942172288893,0.60514389630407095,0.60306065808981657,0.29320430476218462,0.32438002806156874,0.67498310375958681,0.5065578892827034,0.64129772689193487,0.84388850536197424,0.69460474606603384,0.094179455190896988,0.53035892266780138,0.22418591473251581,0.3390278248116374,0.0061218719929456711,0.73481773678213358,0.72034764476120472,True,,1,0,Slot__Patch;Slot__CPW_Feed_Pin;Patch__CPW_Feed_Pin,True,Slot__CPW_Feed_Pin,,Slot__CPW_Feed_Pin,,"{""Slot__CPW_Feed_Pin"": {""geometry_type"": ""MultiLineString"", ""relations"": ""overlaps"", ""wkt"": ""MULTILINESTRING ((0.5 21.84, 0 21.84), (0 21.84, -0.5 21.84))""}}",True,,,True,sobol
485,52.20047917095944,2.0476265076547859,5.8808596881106494,2.5956779079698027,2.044029607437551,15.10097611695528,4.0026736941188572,0.09839685820043087,0.29376967996358871,0.77801783289760351,0.57329094409942627,0.31423756759613752,0.28817319124937057,0.40993819199502468,0.1053312374278903,0.16183215845376253,0.57406417466700077,0.031405809335410595,0.84496234077960253,0.93022351991385221,0.86351743992418051,0.2014633035287261,0.20904564019292593,True,,1,0,Slot__Patch;Slot__CPW_Feed_Pin;Patch__CPW_Feed_Pin,True,Slot__CPW_Feed_Pin,,Slot__CPW_Feed_Pin,,"{""Slot__CPW_Feed_Pin"": {""geometry_type"": ""MultiLineString"", ""relations"": ""overlaps"", ""wkt"": ""MULTILINESTRING ((0.5 22.09, 0 22.09), (0 22.09, -0.5 22.09))""}}",True,,,True,sobol
486,51.346492076758295,1.9006496647372841,6.2532233297824869,2.6107800067961215,2.0872310362756252,15.556144528090954,3.9224757857620713,0.46403041761368513,0.0097035905346274376,0.68710936699062586,0.75790432002395391,0.16213450487703085,0.76432330347597599,0.91642179805785418,0.44384543132036924,0.85969128739088774,0.75314379762858152,0.95401544310152531,0.58973215613514185,0.10263507254421711,0.3876708559691906,0.36992106959223747,0.9655234832316637,True,,1,0,Slot__Patch;Slot__CPW_Feed_Pin;Patch__CPW_Feed_Pin,True,Slot__CPW_Feed_Pin,,Slot__CPW_Feed_Pin,,"{""Slot__CPW_Feed_Pin"": {""geometry_type"": ""MultiLineString"", ""relations"": ""overlaps"", ""wkt"": ""MULTILINESTRING ((0.5 21.91, 0 21.91), (0 21.91, -0.5 21.91))""}}",True,,,True,sobol
487,54.971123425662519,2.0964122015982869,5.7084118628874414,2.4948145373724397,1.9316032193601131,14.305268292780966,4.1930498648434877,0.95728385634720325,0.82491664215922356,0.13972690980881453,0.014887314289808273,0.83294363413006067,0.045940512791275978,0.14952454343438148,0.7006868114694953,0.2682029390707612,0.28967211116105318,0.48422187939286232,0.46807694155722857,0.63549692369997501,0.74853782821446657,0.8173407930880785,0.47949575539678335,True,,1,0,Slot__Patch;Slot__CPW_Feed_Pin;Patch__CPW_Feed_Pin,True,Slot__CPW_Feed_Pin,,Slot__CPW_Feed_Pin,,"{""Slot__CPW_Feed_Pin"": {""geometry_type"": ""MultiLineString"", ""relations"": ""overlaps"", ""wkt"": ""MULTILINESTRING ((0.5 22.22, 0 22.22), (0 22.22, -0.5 22.22))""}}",True,,,True,sobol
488,54.335461684875192,1.9763042178004979,6.2657945729792122,2.5765126967616379,2.0566596666350963,14.445959378499538,3.8671220842748881,0.56063706148415804,0.54884812701493502,0.62319923285394907,0.082299754023551941,0.94608572497963905,0.3245558924973011,0.9655404482036829,0.15329762455075979,0.6466419929638505,0.62665728107094765,0.74131845403462648,0.14303667843341827,0.21966230496764183,0.070272230543196201,0.17875673342496157,0.90187772177159786,True,,1,0,Slot__Patch;Slot__CPW_Feed_Pin;Patch__CPW_Feed_Pin,True,Slot__CPW_Feed_Pin,,Slot__CPW_Feed_Pin,,"{""Slot__CPW_Feed_Pin"": {""geometry_type"": ""MultiLineString"", ""relations"": ""overlaps"", ""wkt"": ""MULTILINESTRING ((0.5 21.9, 0 21.9), (0 21.9, -0.5 21.9))""}}",True,,,True,sobol
489,51.335160963144148,2.0203854294493793,5.7726166175678371,2.7240815994516021,1.9119701245799661,15.697025178931653,4.0485987834632393,0.048337314277887344,0.36656356416642666,0.076824123971164227,0.83142441790550947,0.056774275377392769,0.60739758983254433,0.23413153272122145,0.89748263638466597,0.23910693358629942,0.16609806753695011,0.19544457923620939,0.77229699119925499,0.50321090593934059,0.80229312181472778,0.63398903142660856,0.41817871015518904,True,,1,0,Slot__Patch;Slot__CPW_Feed_Pin;Patch__CPW_Feed_Pin,True,Slot__CPW_Feed_Pin,,Slot__CPW_Feed_Pin,,"{""Slot__CPW_Feed_Pin"": {""geometry_type"": ""MultiLineString"", ""relations"": ""overlaps"", ""wkt"": ""MULTILINESTRING ((0.5 21.98, 0 21.98), (0 21.98, -0.5 21.98))""}}",True,,,True,sobol
490,51.816490366030479,1.9298500668257474,6.149667160212994,2.4812337759323415,1.9692813429981471,15.334822221659124,3.926257626339793,0.38925065193325281,0.080452815629541874,0.48194823134690523,0.51606830582022667,0.46668579243123531,0.066672226414084435,0.7250233069062233,0.5572554050013423,0.78246234823018312,0.47165975999087095,0.80555407889187336,0.54300862550735474,0.45591760892421007,0.45047057699412107,0.81025922298431396,0.66267856024205685,True,,1,0,Slot__Patch;Slot__CPW_Feed_Pin;Patch__CPW_Feed_Pin,True,Slot__CPW_Feed_Pin,,Slot__CPW_Feed_Pin,,"{""Slot__CPW_Feed_Pin"": {""geometry_type"": ""MultiLineString"", ""relations"": ""overlaps"", ""wkt"": ""MULTILINESTRING ((0.5 21.82, 0 21.82), (0 21.82, -0.5 21.82))""}}",True,,,True,sobol
491,53.864438334479928,2.0730773614719511,5.8881576100364326,2.6263920182362201,2.024592587724328,14.898204539436847,4.1580148771405225,0.87695042788982391,0.77268777973949909,0.96587701793760061,0.27277652826160192,0.54594174027442932,0.8495043870061636,0.45810718927532434,0.29821235593408346,0.31621140893548727,0.94664443004876375,0.25768130645155907,0.41470057889819145,0.79831909108906984,0.68671055324375629,0.25346736423671246,0.14175382535904646,True,,1,0,Slot__Patch;Slot__CPW_Feed_Pin;Patch__CPW_Feed_Pin,True,Slot__CPW_Feed_Pin,,Slot__CPW_Feed_Pin,,"{""Slot__CPW_Feed_Pin"": {""geometry_type"": ""MultiLineString"", ""relations"": ""overlaps"", ""wkt"": ""MULTILINESTRING ((0.5 22.26, 0 22.26), (0 22.26, -0.5 22.26))""}}",True,,,True,sobol
492,53.207264382671568,1.9163781957700847,5.8408267809078094,2.6625658545643094,2.0271787477657197,14.358303582295775,3.9847075968980787,0.26085792575031519,0.13085512164980173,0.2000352693721652,0.64685941953212023,0.69234315212816,0.17247386835515499,0.097878268919885159,0.39288286957889795,0.39901944436132908,0.82016980182379484,0.4093842338770628,0.70260563027113676,0.026947268284857273,0.22972639836370945,0.1195914251729846,0.62164218351244926,True,,1,0,Slot__Patch;Slot__CPW_Feed_Pin;Patch__CPW_Feed_Pin,True,Slot__CPW_Feed_Pin,,Slot__CPW_Feed_Pin,,"{""Slot__CPW_Feed_Pin"": {""geometry_type"": ""MultiLineString"", ""relations"": ""overlaps"", ""wkt"": ""MULTILINESTRING ((0.5 21.93, 0 21.93), (0 21.93, -0.5 21.93))""}}",True,,,True,sobol
493,52.442832125909625,2.0869459968060258,6.1957990776747467,2.5181529533676801,1.9789964331313967,15.410138833802193,4.1060141291469332,0.75435884296894073,0.93813962675631046,0.74644089583307505,0.39186429791152477,0.30284167919307947,0.89183518849313259,0.83525366894900799,0.65008685458451509,0.99454376846551895,0.35594739485532045,0.90238639712333679,0.32407726999372244,0.74242614302784204,0.89967441838234663,0.56670484412461519,0.07347529474645853,True,,1,0,Slot__Patch;Slot__CPW_Feed_Pin;Patch__CPW_Feed_Pin,True,Slot__CPW_Feed_Pin,,Slot__CPW_Feed_Pin,,"{""Slot__CPW_Feed_Pin"": {""geometry_type"": ""MultiLineString"", ""relations"": ""overlaps"", ""wkt"": ""MULTILINESTRING ((0.5 22.17, 0 22.17), (0 22.17, -0.5 22.17))""}}",True,,,True,sobol
494,50.605406632274381,1.9651636840775608,5.9687481125816699,2.6957629693299534,1.9397516191005706,15.059665981214494,3.8188307471573353,0.68322101701050997,0.72421988565474749,0.843208990059793,0.20538339111953974,0.20494761038571596,0.4301801510155201,0.34265165496617556,0.80086051393300295,0.046432783827185631,0.035713721066713333,0.10624162200838327,0.11037291120737791,0.29069196432828903,0.34521574527025223,0.98516353778541088,0.81408364698290825,True,,1,0,Slot__Patch;Slot__CPW_Feed_Pin;Patch__CPW_Feed_Pin,True,Slot__CPW_Feed_Pin,,Slot__CPW_Feed_Pin,,"{""Slot__CPW_Feed_Pin"": {""geometry_type"": ""MultiLineString"", ""relations"": ""overlaps"", ""wkt"": ""MULTILINESTRING ((0.5 21.72, 0 21.72), (0 21.72, -0.5 21.72))""}}",True,,,True,sobol
495,55.055006037745628,2.0318982895463704,6.0684633079916237,2.5479248365573586,2.0915700435638427,14.798818459734321,4.0904426146298647,0.17672241106629372,0.40698498301208019,0.35937175620347261,0.95845999009907246,0.78437975328415632,0.64953956380486488,0.60701985284686089,0.062421710230410099,0.57567286863923073,0.51485368050634861,0.58198610600084066,0.98990119155496359,0.94731795787811279,0.51950492057949305,0.45211361348628998,0.36540978495031595,True,,1,0,Slot__Patch;Slot__CPW_Feed_Pin;Patch__CPW_Feed_Pin,True,Slot__CPW_Feed_Pin,,Slot__CPW_Feed_Pin,,"{""Slot__CPW_Feed_Pin"": {""geometry_type"": ""MultiLineString"", ""relations"": ""overlaps"", ""wkt"": ""MULTILINESTRING ((0.5 22.22, 0 22.22), (0 22.22, -0.5 22.22))""}}",True,,,True,sobol
496,55.172644346486784,1.9712004834786057,5.7375571612268681,2.6011320201680066,1.9620336171239614,15.43449189607054,4.1343911632895471,0.65394383762031794,0.32811789680272341,0.81175429187715054,0.97770976647734642,0.65578583162277937,0.028878999873995781,0.66153608914464712,0.91206085961312056,0.48181281611323357,0.74989759642630816,0.76132954191416502,0.034939782693982124,0.38316081743687391,0.78052385430783033,0.33342689089477062,0.31478158198297024,True,,1,0,Slot__Patch;Slot__CPW_Feed_Pin;Patch__CPW_Feed_Pin,True,Slot__CPW_Feed_Pin,,Slot__CPW_Feed_Pin,,"{""Slot__CPW_Feed_Pin"": {""geometry_type"": ""MultiLineString"", ""relations"": ""overlaps"", ""wkt"": ""MULTILINESTRING ((0.5 22.07, 0 22.07), (0 22.07, -0.5 22.07))""}}",True,,,True,sobol
497,50.513505724258714,2.0254829529672862,6.2990690013393769,2.4902436500228942,2.0067972119897606,14.423672294709831,3.9561371099203826,0.14335450530052185,0.51040430925786495,0.26532577350735664,0.23246075119823217,0.35687222052365541,0.80879103951156139,0.39660347811877728,0.16997130867093801,0.89020332507789135,0.20728601794689894,0.30141938198357821,0.9134919922798872,0.85546041559427977,0.10666085220873356,0.85481907427310944,0.86513050179928541,True,,1,0,Slot__Patch;Slot__CPW_Feed_Pin;Patch__CPW_Feed_Pin,True,Slot__CPW_Feed_Pin,,Slot__CPW_Feed_Pin,,"{""Slot__CPW_Feed_Pin"": {""geometry_type"": ""MultiLineString"", ""relations"": ""overlaps"", ""wkt"": ""MULTILINESTRING ((0.5 21.99, 0 21.99), (0 21.99, -0.5 21.99))""}}",True,,,True,sobol
498,52.640733564645053,1.9224514225497842,5.9220177244395016,2.700344759933651,2.0744600044563413,14.73308356711641,4.069103267043829,0.2940803961828351,0.79648262355476618,0.16855100728571415,0.41906322538852692,0.13542939815670252,0.27105588838458061,0.90595852304250002,0.25357217248529196,0.08833611011505127,0.40300588496029377,0.69179911538958549,0.65401077456772327,0.18203914351761341,0.64647287223488092,0.71858696173876524,0.12429419718682766,True,,1,0,Slot__Patch;Slot__CPW_Feed_Pin;Patch__CPW_Feed_Pin,True,Slot__CPW_Feed_Pin,,Slot__CPW_Feed_Pin,,"{""Slot__CPW_Feed_Pin"": {""geometry_type"": ""MultiLineString"", ""relations"": ""overlaps"", ""wkt"": ""MULTILINESTRING ((0.5 22.06, 0 22.06), (0 22.06, -0.5 22.06))""}}",True,,,True,sobol
499,53.035019433591515,2.0804698187857866,6.115193392150104,2.5839999082125722,1.9192243384197354,15.034946688450873,3.8403733704239129,0.78349154070019722,0.1042496282607317,0.65242638438940048,0.6662307707592845,0.86746112164109945,0.55095839127898216,0.16872061416506767,0.50814749579876661,0.55519835837185383,0.92875095829367638,0.24545401521027088,0.27450634352862835,0.58770334161818027,0.47609653323888779,0.22063124645501375,0.5712438402697444,True,,1,0,Slot__Patch;Slot__CPW_Feed_Pin;Patch__CPW_Feed_Pin,True,Slot__CPW_Feed_Pin,,Slot__CPW_Feed_Pin,,"{""Slot__CPW_Feed_Pin"": {""geometry_type"": ""MultiLineString"", ""relations"": ""overlaps"", ""wkt"": ""MULTILINESTRING ((0.5 21.84, 0 21.84), (0 21.84, -0.5 21.84))""}}",True,,,True,sobol
500,53.713196955434981,1.9363263417035341,6.2190667608752852,2.5556651813350619,1.9290313623845576,15.710025609936565,4.0168064970523121,0.41471301484853029,0.99221038166433573,0.38847922161221504,0.29202479217201471,0.89426222443580627,0.47005809471011162,0.27919445373117924,0.6672616945579648,0.722479029558599,0.80620482750236988,0.093445912003517151,0.62381240073591471,0.36247432790696621,0.92532993853092194,0.39852890372276306,0.16148393973708153,True,,1,0,Slot__Patch;Slot__CPW_Feed_Pin;Patch__CPW_Feed_Pin,True,Slot__CPW_Feed_Pin,,Slot__CPW_Feed_Pin,,"{""Slot__CPW_Feed_Pin"": {""geometry_type"": ""MultiLineString"", ""relations"": ""overlaps"", ""wkt"": ""MULTILINESTRING ((0.5 21.88, 0 21.88), (0 21.88, -0.5 21.88))""}}",True,,,True,sobol
501,51.952426817920056,2.0670038470998406,5.8193446978926655,2.6717725005745891,2.0773334108293056,14.523412954062223,3.8987226344645021,0.91382773593068123,0.18492391146719456,0.93481618724763393,0.54314427264034748,0.09503461979329586,0.68844288215041161,0.54548515658825636,0.40695612225681543,0.12610116321593523,0.26773900911211967,0.59429541043937206,0.49452825356274843,0.89115488342940807,0.18939430359750986,0.91229100339114666,0.64348919037729502,True,,1,0,Slot__Patch;Slot__CPW_Feed_Pin;Patch__CPW_Feed_Pin,True,Slot__CPW_Feed_Pin,,Slot__CPW_Feed_Pin,,"{""Slot__CPW_Feed_Pin"": {""geometry_type"": ""MultiLineString"", ""relations"": ""overlaps"", ""wkt"": ""MULTILINESTRING ((0.5 22.04, 0 22.04), (0 22.04, -0.5 22.04))""}}",True,,,True,sobol
502,51.098399761784819,1.9827192638069391,6.0463949667289851,2.5264018855057655,2.0414088984951375,14.8211171887815,4.176531016454101,0.52360001299530268,0.39881504792720079,0.52969875186681747,0.85862295050173998,0.38141311891376972,0.22782589308917522,0.038326360285282135,0.0128078768029809,0.83278304617851973,0.088643890805542469,0.39092751499265432,0.18821305874735117,0.063596001826226711,0.55586588568985462,0.51824735570698977,0.39873092994093895,True,,1,0,Slot__Patch;Slot__CPW_Feed_Pin;Patch__CPW_Feed_Pin,True,Slot__CPW_Feed_Pin,,Slot__CPW_Feed_Pin,,"{""Slot__CPW_Feed_Pin"": {""geometry_type"": ""MultiLineString"", ""relations"": ""overlaps"", ""wkt"": ""MULTILINESTRING ((0.5 22.2, 0 22.2), (0 22.2, -0.5 22.2))""}}",True,,,True,sobol
503,54.556837048009044,2.0143487298861147,5.9914295352995399,2.6380672943592072,1.9897117337211967,15.322187976446003,3.9079464793205259,0.02271425724029541,0.7160481046885252,0.045792857185006142,0.10167059116065502,0.6137411929666996,0.9462087731808424,0.76981176529079676,0.75672244001179934,0.30293355975300074,0.61072767060250044,0.92133327666670084,0.81649727094918489,0.65891195740550756,0.32353898417204618,0.043544854037463665,0.921868153847754,True,,1,0,Slot__Patch;Slot__CPW_Feed_Pin;Patch__CPW_Feed_Pin,True,Slot__CPW_Feed_Pin,,Slot__CPW_Feed_Pin,,"{""Slot__CPW_Feed_Pin"": {""geometry_type"": ""MultiLineString"", ""relations"": ""overlaps"", ""wkt"": ""MULTILINESTRING ((0.5 21.91, 0 21.91), (0 21.91, -0.5 21.91))""}}",True,,,True,sobol
504,54.749947398342194,1.9067346410825847,6.0343410814180967,2.6871306057646875,2.0141639564186335,15.180993177462369,4.0319210514426231,0.4971616929396987,0.90970031078904867,0.71859431266784668,0.050188662484288216,0.72691746149212122,0.66770012676715851,0.079970805905759335,0.33554419595748186,0.67455548141151667,0.4612393993884325,0.17942068725824356,0.50891266018152237,0.19620233122259378,0.98654197808355093,0.96820057556033134,0.46824286133050919,True,,1,0,Slot__Patch;Slot__CPW_Feed_Pin;Patch__CPW_Feed_Pin,True,Slot__CPW_Feed_Pin,,Slot__CPW_Feed_Pin,,"{""Slot__CPW_Feed_Pin"": {""geometry_type"": ""MultiLineString"", ""relations"": ""overlaps"", ""wkt"": ""MULTILINESTRING ((0.5 21.95, 0 21.95), (0 21.95, -0.5 21.95))""}}",True,,,True,sobol
505,51.583296557050197,2.0899489264935256,5.927879583835602,2.5423383261449635,1.9671550426632165,14.680099035613239,3.852361036464572,0.98681268654763699,0.225407425314188,0.23374264128506184,0.80103360209614038,0.2760799890384078,0.38485845923423767,0.84627274237573147,0.59023798350244761,0.20342849474400282,0.98819271847605705,0.63331887684762478,0.38823447003960609,0.5422968277707696,0.12524859420955181,0.47006061859428883,0.97733238060027361,True,,1,0,Slot__Patch;Slot__CPW_Feed_Pin;Patch__CPW_Feed_Pin,True,Slot__CPW_Feed_Pin,,Slot__CPW_Feed_Pin,,"{""Slot__CPW_Feed_Pin"": {""geometry_type"": ""MultiLineString"", ""relations"": ""overlaps"", ""wkt"": ""MULTILINESTRING ((0.5 21.9, 0 21.9), (0 21.9, -0.5 21.9))""}}",True,,,True,sobol
506,52.064666237775235,1.9617213012650609,6.1502429695799954,2.6549473493173723,1.9015903452411294,14.289338151924312,4.1724042199552063,0.57577480655163527,0.44134326558560133,0.32465777918696404,0.61654279939830303,0.24751803558319807,0.90980644710361958,0.35471340734511614,0.98609831277281046,0.75553206820040941,0.68264604825526476,0.36745087709277868,0.17902433127164841,0.49497396498918533,0.61769614089280367,0.08382942620664835,0.22111485153436661,True,,1,0,Slot__Patch;Slot__CPW_Feed_Pin;Patch__CPW_Feed_Pin,True,Slot__CPW_Feed_Pin,,Slot__CPW_Feed_Pin,,"{""Slot__CPW_Feed_Pin"": {""geometry_type"": ""MultiLineString"", ""relations"": ""overlaps"", ""wkt"": ""MULTILINESTRING ((0.5 22.03, 0 22.03), (0 22.03, -0.5 22.03))""}}",True,,,True,sobol
507,54.278964641690258,2.0412000473588705,5.8113919548690314,2.5074905805476009,2.0545821705833078,15.47576128738001,3.9433201286941766,0.065426276996731758,0.63155440986156464,0.87206312827765942,0.35980394203215837,0.76524694729596376,0.1269743163138628,0.58624056354165077,0.24437136668711901,0.35093334224075079,0.14123723190277815,0.81980791781097651,0.80077778175473213,0.77489058673381805,0.26072865352034569,0.60540407057851553,0.70883634407073259,True,,1,0,Slot__Patch;Slot__CPW_Feed_Pin;Patch__CPW_Feed_Pin,True,Slot__CPW_Feed_Pin,,Slot__CPW_Feed_Pin,,"{""Slot__CPW_Feed_Pin"": {""geometry_type"": ""MultiLineString"", ""relations"": ""overlaps"", ""wkt"": ""MULTILINESTRING ((0.5 22.04, 0 22.04), (0 22.04, -0.5 22.04))""}}",True,,,True,sobol
508,53.621509850677107,1.9982524599879981,5.8590010274201632,2.4705711231939493,2.0940885186195373,15.26902681030333,4.1135667700320484,0.69542704802006483,0.26997242402285337,0.10659329779446125,0.73559802677482367,0.97303064353764057,0.83543791063129902,0.97796362824738026,0.087085898034274578,0.43365264125168324,0.029448536224663258,0.97224329691380262,0.08221259992569685,0.050409149378538132,0.84271280840039253,0.76766140945255756,0.055119024589657784,True,,1,0,Slot__Patch;Slot__CPW_Feed_Pin;Patch__CPW_Feed_Pin,True,Slot__CPW_Feed_Pin,,Slot__CPW_Feed_Pin,,"{""Slot__CPW_Feed_Pin"": {""geometry_type"": ""MultiLineString"", ""relations"": ""overlaps"", ""wkt"": ""MULTILINESTRING ((0.5 22.21, 0 22.21), (0 22.21, -0.5 22.21))""}}",True,,,True,sobol
509,52.690884478949009,2.0050778122618795,6.1038147842511536,2.618773296996951,1.9497880756855011,14.96734033478424,3.9957146503031256,0.19478972442448139,0.57926524430513382,0.59147548675537109,0.49062378332018852,0.022016976028680801,0.11607662029564381,0.21298890840262175,0.83088193740695715,0.96776704490184784,0.55224679689854383,0.4655039282515645,0.95362369623035192,0.70334212854504585,0.043492299504578114,0.29314326867461205,0.51539517100900412,True,,1,0,Slot__Patch;Slot__CPW_Feed_Pin;Patch__CPW_Feed_Pin,True,Slot__CPW_Feed_Pin,,Slot__CPW_Feed_Pin,,"{""Slot__CPW_Feed_Pin"": {""geometry_type"": ""MultiLineString"", ""relations"": ""overlaps"", ""wkt"": ""MULTILINESTRING ((0.5 21.95, 0 21.95), (0 21.95, -0.5 21.95))""}}",True,,,True,sobol
510,50.853498947247857,1.9455971371382474,5.7314515527337786,2.5709264643304048,1.9814660562202335,14.564871876966208,4.0790375586599108,0.36779061611741781,0.86335995700210333,0.99854633025825024,0.17719574552029371,0.48563560843467712,0.59314276278018951,0.70674675703048706,0.74947428610175848,0.010848743841052055,0.8724954891949892,0.54338352754712105,0.7288734195753932,0.25163751561194658,0.70732597075402737,0.14909858163446188,0.25525663979351521,True,,1,0,Slot__Patch;Slot__CPW_Feed_Pin;Patch__CPW_Feed_Pin,True,Slot__CPW_Feed_Pin,,Slot__CPW_Feed_Pin,,"{""Slot__CPW_Feed_Pin"": {""geometry_type"": ""MultiLineString"", ""relations"": ""overlaps"", ""wkt"": ""MULTILINESTRING ((0.5 22, 0 22), (0 22, -0.5 22))""}}",True,,,True,sobol
511,55.46929241539911,2.0514709161594511,6.2319502858445057,2.7154494538158183,2.037166400067508,15.575501957908273,3.8116861224174499,0.86715281568467617,0.04814886674284935,0.45123253390192986,0.92414954304695129,0.50355454348027706,0.37378337979316711,0.46949725691229105,0.48880604933947325,0.60343476757407188,0.33474963530898094,0.018867665901780128,0.35834115650504827,0.97074836958199739,0.41230928804725409,0.66267833951860666,0.7996335094794631,True,,1,0,Slot__Patch;Slot__CPW_Feed_Pin;Patch__CPW_Feed_Pin,True,Slot__CPW_Feed_Pin,,Slot__CPW_Feed_Pin,,"{""Slot__CPW_Feed_Pin"": {""geometry_type"": ""MultiLineString"", ""relations"": ""overlaps"", ""wkt"": ""MULTILINESTRING ((0.5 21.9, 0 21.9), (0 21.9, -0.5 21.9))""}}",True,,,True,sobol
