sample_id,SLOT_MAIN_LENGTH,SLOT_MAIN_HEIGHT,PATCH_BRICK_1_SIDE_MARGIN,PATCH_BRICK_1_TOP_MARGIN,PATCH_BRICK_3_BOTTOM_MARGIN,PATCH_BRICK_2_HEIGHT_MARGIN,PATCH_BRICK_4_MARGIN,UPPER_CORNER_NOTCH_1_K1,UPPER_CORNER_NOTCH_1_K2,UPPER_CORNER_EAR_1_K1,UPPER_CORNER_EAR_1_K2,LOWER_CORNER_NOTCH_1_K1,LOWER_CORNER_NOTCH_1_K2,LOWER_CORNER_EAR_1_K1,LOWER_CORNER_EAR_1_K2,LOWER_CORNER_EAR_2_K1,LOWER_CORNER_EAR_2_K2,BRANCH_UP_1_K,BRANCH_UP_1_K2,BRANCH_UP_1_K3,BRANCH_DOWN_1_K,BRANCH_DOWN_1_K2,BRANCH_DOWN_1_K3,geometry_valid,geometry_error,final_conductor_components,allowed_bottom_y_mm,bottom_contact_pairs,non_bottom_intersection,non_bottom_intersection_pairs,non_bottom_crossing_pairs,non_bottom_overlapping_pairs,non_bottom_touching_pairs,non_bottom_intersection_details,intersection_check_completed,intersection_check_error,doe_rejection_reason,doe_eligible,doe_source
0,37.983716804601301,2.0060221454985774,6.3617494300284232,2.9307113382146581,1.4534345692308817,18.016125376287057,2.7634468495271509,0.69920350427948319,0.40700697192134588,0.23831774162034744,0.75708909449624395,0.44330256955855701,0.70511293123196661,0.43703830607895405,0.20728857969625414,0.0029055066517114604,0.95456208795279196,0.9981410470196217,0.67383723443479682,0.84400164813393297,0.74693260819077645,0.090753121569307371,0.9331378165569657,True,,1,0,Slot__Patch;Slot__CPW_Feed_Pin;Patch__CPW_Feed_Pin,True,Slot__CPW_Feed_Pin,,Slot__CPW_Feed_Pin,,"{""Slot__CPW_Feed_Pin"": {""geometry_type"": ""MultiLineString"", ""relations"": ""overlaps"", ""wkt"": ""MULTILINESTRING ((0.5 20.22, 0 20.22), (0 20.22, -0.5 20.22))""}}",True,,,True,lhs
1,36.654244145415063,2.2466059231796569,8.737201312624757,3.0666620146797841,2.2176116326975324,11.219531255089116,3.2982874464415803,0.54072218375385417,0.022616532652503706,0.057608400306538549,0.13380640505153432,0.28000873405834537,0.54946765825329869,0.85827203896635529,0.34566362074449175,0.465698988422514,0.78378135089591239,0.35103890023395501,0.55216656341453951,0.85508721480864636,0.34929411803390226,0.82967367331800457,0.5661351400578204,True,,1,0,Slot__Patch;Slot__CPW_Feed_Pin;Patch__CPW_Feed_Pin,True,Slot__CPW_Feed_Pin,,Slot__CPW_Feed_Pin,,"{""Slot__CPW_Feed_Pin"": {""geometry_type"": ""MultiLineString"", ""relations"": ""overlaps"", ""wkt"": ""MULTILINESTRING ((0.5 21.76, 0 21.76), (0 21.76, -0.5 21.76))""}}",True,,,True,lhs
2,35.035074183927037,2.1598730987863601,4.9007196468707797,2.5802013281494327,2.7146680769501952,10.28942214021504,4.4820618486199395,0.031630280640814509,0.98470365240690749,0.32840459912961756,0.061147637583626763,0.099296035791877707,0.77144237081218658,0.85000334496011321,0.61384560401151633,0.48527622292234551,0.70505423086279817,0.60450446352010823,0.62650451021383935,0.21660041353801196,0.45892311761525495,0.5129825679033394,0.50099760751702138,True,,1,0,Slot__Patch;Slot__CPW_Feed_Pin;Patch__CPW_Feed_Pin,True,Slot__CPW_Feed_Pin,,Slot__CPW_Feed_Pin,,"{""Slot__CPW_Feed_Pin"": {""geometry_type"": ""MultiLineString"", ""relations"": ""overlaps"", ""wkt"": ""MULTILINESTRING ((0.5 23.36, 0 23.36), (0 23.36, -0.5 23.36))""}}",True,,,True,lhs
3,31.312874925876926,2.4383099262984276,4.2230690436123481,2.5421133191711736,2.928913043122888,11.52600792739582,2.8309405773388163,0.30029454187563842,0.19867803828808886,0.71180747829583646,0.4455036982905079,0.62243232802835391,0.0094530174959427983,0.57675235786800627,0.6484559915696344,0.7242796904907487,0.94429146670258335,0.99724691707009294,0.77657853475459337,0.43421175996469236,0.39416104921189443,0.49065976887472168,0.15242046720696534,True,,1,0,Slot__Patch;Slot__CPW_Feed_Pin;Patch__CPW_Feed_Pin,True,Slot__CPW_Feed_Pin,,Slot__CPW_Feed_Pin,,"{""Slot__CPW_Feed_Pin"": {""geometry_type"": ""MultiLineString"", ""relations"": ""overlaps"", ""wkt"": ""MULTILINESTRING ((0.5 22.2, 0 22.2), (0 22.2, -0.5 22.2))""}}",True,,,True,lhs
4,57.972659735143083,2.6277373540927784,8.9276342401510753,3.4520550158527934,2.9012524921921958,16.354307768085775,5.7908710970717081,0.29479177292232472,0.49703830147284545,0.53973917281077444,0.09798246118733861,0.13640100651734421,0.98189131287529785,0.066394013830728543,0.94471364192613538,0.061445700921898862,0.83371432170999538,0.39424870832750614,0.063842830509866971,0.11233730214473509,0.35767640749458229,0.70732358966803199,0.46954271294227151,True,,1,0,Slot__Patch;Slot__CPW_Feed_Pin;Patch__CPW_Feed_Pin,True,Slot__CPW_Feed_Pin,,Slot__CPW_Feed_Pin,,"{""Slot__CPW_Feed_Pin"": {""geometry_type"": ""MultiLineString"", ""relations"": ""overlaps"", ""wkt"": ""MULTILINESTRING ((0.5 25.32, 0 25.32), (0 25.32, -0.5 25.32))""}}",True,,,True,lhs
5,45.878287856962856,2.232041006902679,8.2224752671604122,3.777738795893903,2.3938471039761335,12.954790588743396,4.7274850430305788,0.53084752136647406,0.19712325379025164,0.77913731568573674,0.6404976243729199,0.084923429924193633,0.81768002963699327,0.075591221358298252,0.94586108680441139,0.77451402549836856,0.068768183507280492,0.060301104265135949,0.47534447831778803,0.13180244927416757,0.072753751794968277,0.83600853349746673,0.68124581054903821,True,,1,0,Slot__Patch;Slot__CPW_Feed_Pin;Patch__CPW_Feed_Pin,True,Slot__CPW_Feed_Pin,,Slot__CPW_Feed_Pin,,"{""Slot__CPW_Feed_Pin"": {""geometry_type"": ""MultiLineString"", ""relations"": ""overlaps"", ""wkt"": ""MULTILINESTRING ((0.5 23.36, 0 23.36), (0 23.36, -0.5 23.36))""}}",True,,,True,lhs
6,35.118447450969981,1.4313773106264205,4.8894064798112948,2.2994531069343238,2.04309544571315,13.92361281017088,3.6586073115480615,0.6069730803044292,0.60243672585431318,0.37339720169797336,0.21557126238116231,0.59182843239021243,0.38402392766707794,0.46714660098026506,0.78988352505457748,0.47880268928695113,0.94662373666159982,0.29365415335352379,0.001459866620796954,0.8848549556212002,0.14082739652476831,0.81789893763918187,0.071818458461422777,True,,1,0,Slot__Patch;Slot__CPW_Feed_Pin;Patch__CPW_Feed_Pin,True,Slot__CPW_Feed_Pin,,Slot__CPW_Feed_Pin,,"{""Slot__CPW_Feed_Pin"": {""geometry_type"": ""MultiLineString"", ""relations"": ""overlaps"", ""wkt"": ""MULTILINESTRING ((0.5 21.14, 0 21.14), (0 21.14, -0.5 21.14))""}}",True,,,True,lhs
7,53.388346211720197,2.1761545920275487,6.2956609730940185,2.162173758673636,1.4155411167250767,16.576134859549889,3.951855636084399,0.10441471469801199,0.46332327682830965,0.69044866823234308,0.10541671533755315,0.09649171408345382,0.41575327121099848,0.45553532820011394,0.64403815092575456,0.30868574241482188,0.074418044791674409,0.1865652313429419,0.10498194466231078,0.44913263552493904,0.03970807074820195,0.094304195361974708,0.79318155491657427,True,,1,0,Slot__Patch;Slot__CPW_Feed_Pin;Patch__CPW_Feed_Pin,True,Slot__CPW_Feed_Pin,,Slot__CPW_Feed_Pin,,"{""Slot__CPW_Feed_Pin"": {""geometry_type"": ""MultiLineString"", ""relations"": ""overlaps"", ""wkt"": ""MULTILINESTRING ((0.5 21.55, 0 21.55), (0 21.55, -0.5 21.55))""}}",True,,,True,lhs
8,37.737265768337565,2.5045042808616174,8.2027984205640454,2.9627178752608838,1.65608170460788,19.85078310439982,2.5872385522728054,0.24533534479620037,0.98790097227171092,0.26985258716541577,0.73389282675548839,0.63212093123980784,0.13145977020380079,0.44108021892265564,0.66718083253417848,0.66478639768800707,0.38819390875370002,0.04655181698645465,0.086485486262144681,0.36312345374418531,0.90518601095161166,0.28366256777598747,0.48981011820848758,True,,1,0,Slot__Patch;Slot__CPW_Feed_Pin;Patch__CPW_Feed_Pin,True,Slot__CPW_Feed_Pin,,Slot__CPW_Feed_Pin,,"{""Slot__CPW_Feed_Pin"": {""geometry_type"": ""MultiLineString"", ""relations"": ""overlaps"", ""wkt"": ""MULTILINESTRING ((0.5 20.75, 0 20.75), (0 20.75, -0.5 20.75))""}}",True,,,True,lhs
9,35.164509009016641,1.0386008398010307,4.6381878545531015,3.1439329855846263,2.612279432025554,7.684911087951467,2.5621806213732636,0.4817810224470146,0.47009462399521146,0.5054798915797053,0.36447165069156917,0.99387086850987072,0.0040645622403423926,0.26490549669589669,0.81344488948781546,0.03467731336450728,0.11817929640415484,0.75083588671555246,0.47048201022936087,0.32000268997236275,0.60036270918612633,0.69345542351411793,0.35868530287922251,False,ValueError: producer reported invalid exported polygon(s): Patch,,0,Slot__Patch;Slot__CPW_Feed_Pin;Patch__CPW_Feed_Pin,True,Slot__CPW_Feed_Pin,,Slot__CPW_Feed_Pin,,"{""Slot__CPW_Feed_Pin"": {""geometry_type"": ""MultiLineString"", ""relations"": ""overlaps"", ""wkt"": ""MULTILINESTRING ((0.5 20.21, 0 20.21), (0 20.21, -0.5 20.21))""}}",True,,ValueError: producer reported invalid exported polygon(s): Patch,False,lhs
10,32.26485931564639,2.7156472686669062,3.0297802294654992,1.7579193833346476,2.1700287571500976,12.058141712775111,2.3412154557723359,0.30419455499634646,0.93019825603026018,0.34760511900450775,0.81486220098455153,0.45276655828576101,0.57233157644674615,0.56445799065512781,0.84063071758716912,0.40441464934826621,0.58588785934292431,0.15993287107081486,0.93360369133327381,0.94899783121748182,0.46350865621524262,0.50983577330692476,0.15867651283692036,True,,1,0,Slot__Patch;Slot__CPW_Feed_Pin;Patch__CPW_Feed_Pin,True,Slot__CPW_Feed_Pin,,Slot__CPW_Feed_Pin,,"{""Slot__CPW_Feed_Pin"": {""geometry_type"": ""MultiLineString"", ""relations"": ""overlaps"", ""wkt"": ""MULTILINESTRING ((0.5 21.23, 0 21.23), (0 21.23, -0.5 21.23))""}}",True,,,True,lhs
11,57.719052265543176,2.2221534615707923,8.7693745906097984,2.3432153876080015,2.6238477473533823,15.345846357816054,5.5752408709692229,0.36728310690102745,0.082653345390798286,0.21740352778311478,0.79169133885737053,0.69651533567584489,0.59530307942977556,0.33665650588524876,0.76929448226268693,0.78426735517971857,0.20787488119988209,0.23273384415377235,0.38639743010987337,0.22616938309406598,0.13573474129784624,0.4302651853594503,0.88742541401508668,True,,1,0,Slot__Patch;Slot__CPW_Feed_Pin;Patch__CPW_Feed_Pin,True,Slot__CPW_Feed_Pin,,Slot__CPW_Feed_Pin,,"{""Slot__CPW_Feed_Pin"": {""geometry_type"": ""MultiLineString"", ""relations"": ""overlaps"", ""wkt"": ""MULTILINESTRING ((0.5 24.42, 0 24.42), (0 24.42, -0.5 24.42))""}}",True,,,True,lhs
12,19.342227554081109,2.9451590582280267,3.7667998711983253,1.9407238382935097,1.2746267591485174,13.575856897005954,3.926855096432722,0.96813012209266991,0.045890730271530282,0.14972955901643525,0.20034034586336408,0.77702193170571032,0.75222674135443213,0.45073581260990625,0.33825864018024598,0.97433766730022864,0.81883627045314955,0.82797328201478515,0.042931298745371146,0.0092582659659907283,0.40240449899028186,0.13577281256373802,0.20637595028066216,True,,1,0,Slot__Patch;Slot__CPW_Feed_Pin;Patch__CPW_Feed_Pin,True,Slot__CPW_Feed_Pin,,Slot__CPW_Feed_Pin,,"{""Slot__CPW_Feed_Pin"": {""geometry_type"": ""MultiLineString"", ""relations"": ""overlaps"", ""wkt"": ""MULTILINESTRING ((0.5 22.14, 0 22.14), (0 22.14, -0.5 22.14))""}}",True,,,True,lhs
13,39.41069592324888,1.9117272701595942,7.0199296455927591,2.9259966914634372,1.0435555360069741,21.423329497466376,4.1771620931336706,0.063371931794821618,0.72800324824479012,0.34931172822267087,0.93708203835333104,0.8312913522019868,0.50475093805507554,0.5384762056787703,0.7192548813102243,0.56277366783356031,0.41583372390349665,0.57954421487325247,0.88508774910299781,0.39634235501289455,0.57564271559504598,0.50380643100102562,0.86571423681052961,True,,1,0,Slot__Patch;Slot__CPW_Feed_Pin;Patch__CPW_Feed_Pin,True,Slot__CPW_Feed_Pin,,Slot__CPW_Feed_Pin,,"{""Slot__CPW_Feed_Pin"": {""geometry_type"": ""MultiLineString"", ""relations"": ""overlaps"", ""wkt"": ""MULTILINESTRING ((0.5 21.14, 0 21.14), (0 21.14, -0.5 21.14))""}}",True,,,True,lhs
14,48.063438743940971,2.5781472754923729,3.8496904810764452,2.4167841198953779,2.3192439107590506,14.99213123469513,2.1577890887475668,0.68959544839730313,0.35583034907264532,0.14325947468780445,0.476797284770001,0.99586296963768062,0.75591436349806651,0.046326040212078902,0.81176511347063851,0.64020630613471097,0.10997574135846637,0.88333643081936342,0.84871290637689678,0.70340184927873839,0.23456567180203747,0.57789419879311954,0.66942491025138628,True,,1,0,Slot__Patch;Slot__CPW_Feed_Pin;Patch__CPW_Feed_Pin,True,Slot__CPW_Feed_Pin,,Slot__CPW_Feed_Pin,,"{""Slot__CPW_Feed_Pin"": {""geometry_type"": ""MultiLineString"", ""relations"": ""overlaps"", ""wkt"": ""MULTILINESTRING ((0.5 21.06, 0 21.06), (0 21.06, -0.5 21.06))""}}",True,,,True,lhs
15,51.612358190199387,1.2011301578381297,4.9400108994381142,3.6899500473525562,1.2915467198467936,22.046704995288827,3.8468914361977475,0.9748408979434644,0.51386205782504046,0.42319225411941325,0.38125548852823665,0.88037504303587044,0.7540916888895729,0.97189911736549872,0.26157608620753603,0.63714340888498489,0.37823938988410533,0.52501059327355359,0.33627812376379279,0.183923996093556,0.31507300457737558,0.99069157026854626,0.53956081492961405,True,,1,0,Slot__Patch;Slot__CPW_Feed_Pin;Patch__CPW_Feed_Pin,True,Slot__CPW_Feed_Pin,,Slot__CPW_Feed_Pin,,"{""Slot__CPW_Feed_Pin"": {""geometry_type"": ""MultiLineString"", ""relations"": ""overlaps"", ""wkt"": ""MULTILINESTRING ((0.5 20.34, 0 20.34), (0 20.34, -0.5 20.34))""}}",True,,,True,lhs
16,43.395071144869284,1.5936356677686021,8.5617552874511897,3.4904489809447909,1.918204604823583,9.0098374122273768,2.0898519527490156,0.8182054725370046,0.54789610426461621,0.12492892690982219,0.28219645499761981,0.95075822927160225,0.20550904764430966,0.67147646264675231,0.18075012451819794,0.17023756455629666,0.55088820752603074,0.89702653077330441,0.15149566003274095,0.38536795719588235,0.76989370020032555,0.39795517941013447,0.69437606141196229,True,,1,0,Slot__Patch;Slot__CPW_Feed_Pin;Patch__CPW_Feed_Pin,True,Slot__CPW_Feed_Pin,,Slot__CPW_Feed_Pin,,"{""Slot__CPW_Feed_Pin"": {""geometry_type"": ""MultiLineString"", ""relations"": ""overlaps"", ""wkt"": ""MULTILINESTRING ((0.5 19.6, 0 19.6), (0 19.6, -0.5 19.6))""}}",True,,,True,lhs
17,23.399337310456303,2.0480485960144925,7.9252706380546449,2.023122392216262,2.6690290047053908,14.593457264048428,4.6766878886218954,0.44406379799409484,0.46670706696256553,0.99355052734281379,0.40920569591580053,0.031766206889280689,0.078888943125025382,0.22696649026821025,0.82563337566652484,0.7575231646563968,0.78618795884164017,0.27195220075817167,0.41251625560122729,0.60750350860780611,0.73250172973010041,0.21938585060442281,0.32908239764599412,True,,1,0,Slot__Patch;Slot__CPW_Feed_Pin;Patch__CPW_Feed_Pin,True,Slot__CPW_Feed_Pin,,Slot__CPW_Feed_Pin,,"{""Slot__CPW_Feed_Pin"": {""geometry_type"": ""MultiLineString"", ""relations"": ""overlaps"", ""wkt"": ""MULTILINESTRING ((0.5 23.39, 0 23.39), (0 23.39, -0.5 23.39))""}}",True,,,True,lhs
18,38.408921413904068,2.1466215944276339,8.6293136234896544,3.0899356645389706,1.2971186676336914,14.946890434667873,4.4754403406857168,0.10023404338071336,0.39545506386827955,0.95823489583605503,0.44774400524534774,0.10542384126889887,0.36422803546823118,0.49698494061240417,0.2120788313442494,0.29558744024822964,0.19369008854051406,0.87824779320512636,0.85312197950430713,0.45633173894043699,0.85500229305915798,0.20597098352365126,0.0029496248343166189,True,,1,0,Slot__Patch;Slot__CPW_Feed_Pin;Patch__CPW_Feed_Pin,True,Slot__CPW_Feed_Pin,,Slot__CPW_Feed_Pin,,"{""Slot__CPW_Feed_Pin"": {""geometry_type"": ""MultiLineString"", ""relations"": ""overlaps"", ""wkt"": ""MULTILINESTRING ((0.5 21.92, 0 21.92), (0 21.92, -0.5 21.92))""}}",True,,,True,lhs
19,18.586679613325884,1.3249303714281968,5.4699772498374353,3.1831210225738209,2.8046028898492015,14.236594720442582,4.6451083447469435,0.51296666485537767,0.96910296361707604,0.9661891529252693,0.99259088912643423,0.18377470878592711,0.53169558594005895,0.17570249599863602,0.42023705443363774,0.082539311695148693,0.32681867305815054,0.57051234834199538,0.8659912341315692,0.91244768914984653,0.029036181610436203,0.36563342500557994,0.55766864504608082,True,,1,0,Slot__Patch;Slot__CPW_Feed_Pin;Patch__CPW_Feed_Pin,True,Slot__CPW_Feed_Pin,,Slot__CPW_Feed_Pin,,"{""Slot__CPW_Feed_Pin"": {""geometry_type"": ""MultiLineString"", ""relations"": ""overlaps"", ""wkt"": ""MULTILINESTRING ((0.5 22.77, 0 22.77), (0 22.77, -0.5 22.77))""}}",True,,,True,lhs
20,42.502871612955602,2.3188607987105172,8.6648810826817755,3.6766559667190446,2.9655794315322717,15.607215889508963,5.2443520612568655,0.80621540447220885,0.08708584907207445,0.64304187454870732,0.74457482487664284,0.53927068391830324,0.60761409473844696,0.56309509741207253,0.15604123858899879,0.36654252434375978,0.39169604222145471,0.19386061199071714,0.8429549089385554,0.95200528671506057,0.61922778652635557,0.095843814093566765,0.49682818356713171,True,,1,0,Slot__Patch;Slot__CPW_Feed_Pin;Patch__CPW_Feed_Pin,True,Slot__CPW_Feed_Pin,,Slot__CPW_Feed_Pin,,"{""Slot__CPW_Feed_Pin"": {""geometry_type"": ""MultiLineString"", ""relations"": ""overlaps"", ""wkt"": ""MULTILINESTRING ((0.5 24.53, 0 24.53), (0 24.53, -0.5 24.53))""}}",True,,,True,lhs
21,59.884663604368356,1.0905844849074393,6.6998939834802407,2.352343182466313,1.6327044000669835,8.8000391138546057,5.0624525882589015,0.35479567934908707,0.86059831963712419,0.030061279510550876,0.83296890132232138,0.95431119146512122,0.9343559518996708,0.41894851940736272,0.056555794503729509,0.25808471731774435,0.61002600841754251,0.50734657192299093,0.59040617329236056,0.18919516939406286,0.50092322514028953,0.84076171052754445,0.21908951546275487,True,,1,0,Slot__Patch;Slot__CPW_Feed_Pin;Patch__CPW_Feed_Pin,True,Slot__CPW_Feed_Pin,,Slot__CPW_Feed_Pin,,"{""Slot__CPW_Feed_Pin"": {""geometry_type"": ""MultiLineString"", ""relations"": ""overlaps"", ""wkt"": ""MULTILINESTRING ((0.5 21.79, 0 21.79), (0 21.79, -0.5 21.79))""}}",True,,,True,lhs
22,35.218317042646255,2.257423578035934,4.1808583881070405,2.2635584931402173,1.9133844007360259,17.943022267993861,2.959912059544624,0.95171834731474969,0.2845006917926301,0.91096424642269169,0.15706061167996357,0.20758280416872957,0.66116356759094563,0.060703351908811362,0.66432946452797492,0.6978465645279438,0.30845937198281559,0.11432949257930519,0.012148164983299018,0.40300791846553441,0.37621237643746652,0.077524485074344507,0.11012597275573381,True,,1,0,Slot__Patch;Slot__CPW_Feed_Pin;Patch__CPW_Feed_Pin,True,Slot__CPW_Feed_Pin,,Slot__CPW_Feed_Pin,,"{""Slot__CPW_Feed_Pin"": {""geometry_type"": ""MultiLineString"", ""relations"": ""overlaps"", ""wkt"": ""MULTILINESTRING ((0.5 21.13, 0 21.13), (0 21.13, -0.5 21.13))""}}",True,,,True,lhs
23,44.104495462890284,1.0648244007225565,8.7105684574401323,3.8513432244656256,2.3326878499737029,17.457221765467331,4.0799475772613478,0.12231525771340161,0.46241090273590152,0.51901609303139262,0.11736972423809273,0.86088791942577303,0.41987315526828189,0.82100606558655631,0.96206522129263805,0.36309150467127027,0.29983504914151105,0.53216904750702132,0.0020623475586639623,0.508240984048829,0.52722771722303552,0.68158851002694298,0.38746783468085355,True,,1,0,Slot__Patch;Slot__CPW_Feed_Pin;Patch__CPW_Feed_Pin,True,Slot__CPW_Feed_Pin,,Slot__CPW_Feed_Pin,,"{""Slot__CPW_Feed_Pin"": {""geometry_type"": ""MultiLineString"", ""relations"": ""overlaps"", ""wkt"": ""MULTILINESTRING ((0.5 21.48, 0 21.48), (0 21.48, -0.5 21.48))""}}",True,,,True,lhs
24,50.952875060598018,2.466394795647326,4.4177520348683421,3.6637268718428819,2.9525850328796932,18.051740194510671,4.639442901178402,0.20978762082790509,0.4261726540482948,0.91847317948834573,0.22377518866975324,0.38825574892503306,0.57583979937055585,0.81238572154785782,0.19176720306657313,0.042880436086880185,0.88703837608101421,0.56063317423359482,0.7873774521671344,0.32968584138546936,0.7219110493826828,0.42931370099302268,0.10004145953824951,True,,1,0,Slot__Patch;Slot__CPW_Feed_Pin;Patch__CPW_Feed_Pin,True,Slot__CPW_Feed_Pin,,Slot__CPW_Feed_Pin,,"{""Slot__CPW_Feed_Pin"": {""geometry_type"": ""MultiLineString"", ""relations"": ""overlaps"", ""wkt"": ""MULTILINESTRING ((0.5 24.06, 0 24.06), (0 24.06, -0.5 24.06))""}}",True,,,True,lhs
25,46.491648713564345,1.1639616576938472,7.1526295316762862,3.847623170158772,2.1741406916326627,7.9731753449686273,4.5046880206537967,0.53214542328754622,0.47844655710493927,0.062337891525632502,0.07435261116635053,0.21351918948803597,0.9236465269642663,0.88859151182133889,0.50753016212162372,0.35690472596000217,0.34624592216597777,0.11042575690158389,0.59505269326244237,0.8669232879339559,0.27516230139748543,0.54794675171559792,0.23307958785556573,True,,1,0,Slot__Patch;Slot__CPW_Feed_Pin;Patch__CPW_Feed_Pin,True,Slot__CPW_Feed_Pin,,Slot__CPW_Feed_Pin,,"{""Slot__CPW_Feed_Pin"": {""geometry_type"": ""MultiLineString"", ""relations"": ""overlaps"", ""wkt"": ""MULTILINESTRING ((0.5 21.84, 0 21.84), (0 21.84, -0.5 21.84))""}}",True,,,True,lhs
26,28.580748503312677,1.6903624745713319,5.5766511109138897,1.8903427320105211,1.6092807157256543,8.3958763757537156,4.7396291617782165,0.62042008040507934,0.48261896312691549,0.25393239674191354,0.83837455893783053,0.58021469243213308,0.67343528386872131,0.52581655068559108,0.72426335970547295,0.65060335322027729,0.13887626968708425,0.85871416271068524,0.018662758157123878,0.74935927619318021,0.97073875060710935,0.33906632300098044,0.4069395779494529,True,,1,0,Slot__Patch;Slot__CPW_Feed_Pin;Patch__CPW_Feed_Pin,True,Slot__CPW_Feed_Pin,,Slot__CPW_Feed_Pin,,"{""Slot__CPW_Feed_Pin"": {""geometry_type"": ""MultiLineString"", ""relations"": ""overlaps"", ""wkt"": ""MULTILINESTRING ((0.5 22.04, 0 22.04), (0 22.04, -0.5 22.04))""}}",True,,,True,lhs
27,28.522058922403581,1.4436787531200554,5.7364224120807243,3.6125103348857319,1.8354625248723493,8.6860215512207475,3.2288992799250451,0.38202638553440865,0.35024979113258931,0.81499083332369593,0.2289852334972384,0.80970788808697858,0.72965550506866084,0.58053522398923907,0.97124047065406893,0.13427404977261931,0.25552187838361118,0.16512576865930154,0.62149835470964843,0.080807974427936469,0.77281752792584502,0.54005213578261779,0.12272684594850092,True,,1,0,Slot__Patch;Slot__CPW_Feed_Pin;Patch__CPW_Feed_Pin,True,Slot__CPW_Feed_Pin,,Slot__CPW_Feed_Pin,,"{""Slot__CPW_Feed_Pin"": {""geometry_type"": ""MultiLineString"", ""relations"": ""overlaps"", ""wkt"": ""MULTILINESTRING ((0.5 20.51, 0 20.51), (0 20.51, -0.5 20.51))""}}",True,,,True,lhs
28,25.429454684465576,2.9407883902380862,8.7821105788259786,1.9755976514344544,2.6359831567943308,11.036575650246927,3.0222128410705711,0.21857597400497805,0.35532148963689475,0.48617597857558204,0.55629224546469969,0.64567180032492477,0.28968193624249122,0.15355581256273196,0.86971910075510173,0.36033383508732553,0.27552442118731202,0.20312911117535956,0.2925727375291583,0.9562092254620741,0.90959428825142719,0.70047616453421757,0.65566034528219497,True,,1,0,Slot__Patch;Slot__CPW_Feed_Pin;Patch__CPW_Feed_Pin,True,Slot__CPW_Feed_Pin,,Slot__CPW_Feed_Pin,,"{""Slot__CPW_Feed_Pin"": {""geometry_type"": ""MultiLineString"", ""relations"": ""overlaps"", ""wkt"": ""MULTILINESTRING ((0.5 22.6, 0 22.6), (0 22.6, -0.5 22.6))""}}",True,,,True,lhs
29,52.111046332145214,2.8501150981754515,3.3197317563473665,1.7013484825413305,2.498789893108746,10.733020504266417,2.3449899863730614,0.15407734358044028,0.23686173920699383,0.36369707838879972,0.76571571773293357,0.48883509237818706,0.82437462374317894,0.61264355727589925,0.98630430824212301,0.52973416571155529,0.36572177186603871,0.61437535603725646,0.18765636534699595,0.65511819499882751,0.23861179183485137,0.083037078009409862,0.54823940948813044,True,,1,0,Slot__Patch;Slot__CPW_Feed_Pin;Patch__CPW_Feed_Pin,True,Slot__CPW_Feed_Pin,,Slot__CPW_Feed_Pin,,"{""Slot__CPW_Feed_Pin"": {""geometry_type"": ""MultiLineString"", ""relations"": ""overlaps"", ""wkt"": ""MULTILINESTRING ((0.5 21.7, 0 21.7), (0 21.7, -0.5 21.7))""}}",True,,,True,lhs
30,27.438737902251997,2.986220826553192,8.4154394762853642,2.4599949552848659,2.2395919532485964,16.691177694368321,2.080000056157286,0.61106877227062351,0.055462082690179743,0.0064912855934340062,0.32771954444956081,0.13749401504075981,0.25321140280685428,0.61062367588201572,0.14163574043918783,0.70695765360775997,0.60276398195913905,0.27348676031246583,0.39013924946358985,0.14828282289614625,0.46660995409833322,0.77825312871835339,0.45301458239993914,True,,1,0,Slot__Patch;Slot__CPW_Feed_Pin;Patch__CPW_Feed_Pin,True,Slot__CPW_Feed_Pin,,Slot__CPW_Feed_Pin,,"{""Slot__CPW_Feed_Pin"": {""geometry_type"": ""MultiLineString"", ""relations"": ""overlaps"", ""wkt"": ""MULTILINESTRING ((0.5 21.3, 0 21.3), (0 21.3, -0.5 21.3))""}}",True,,,True,lhs
31,15.945146596579061,1.860303283710032,8.8076151014703346,1.7898847589244609,2.5011811881795554,7.771163098972516,3.4802787417466527,0.99199849982928145,0.50559747015607936,0.57036201707880507,0.027120896425853303,0.40470513506261935,0.81574542326609767,0.20366517858319988,0.60845212400366955,0.22837627089391788,0.65400842152082428,0.68154802756084187,0.49571940890454497,0.45341813973842027,0.05280481067099712,0.61132316859382574,0.44609220739128058,True,,1,0,Slot__Patch;Slot__CPW_Feed_Pin;Patch__CPW_Feed_Pin,True,Slot__CPW_Feed_Pin,,Slot__CPW_Feed_Pin,,"{""Slot__CPW_Feed_Pin"": {""geometry_type"": ""MultiLineString"", ""relations"": ""overlaps"", ""wkt"": ""MULTILINESTRING ((0.5 21.84, 0 21.84), (0 21.84, -0.5 21.84))""}}",True,,,True,lhs
32,29.380843224110656,2.6670850803022437,3.8056457769374719,3.793630554389595,1.2016082108796831,9.6366461874702978,3.5105565035147084,0.47918398024742243,0.75756665150983371,0.77474668633723343,0.48451483845029225,0.5577707652745737,0.73616040998066401,0.10036440800349229,0.90857082016405855,0.67811248865647933,0.056451317980482967,0.48889781494891404,0.88081227267743711,0.070986124840512019,0.7646164193316517,0.87453878055670264,0.73211963172498562,True,,1,0,Slot__Patch;Slot__CPW_Feed_Pin;Patch__CPW_Feed_Pin,True,Slot__CPW_Feed_Pin,,Slot__CPW_Feed_Pin,,"{""Slot__CPW_Feed_Pin"": {""geometry_type"": ""MultiLineString"", ""relations"": ""overlaps"", ""wkt"": ""MULTILINESTRING ((0.5 21.38, 0 21.38), (0 21.38, -0.5 21.38))""}}",True,,,True,lhs
33,40.662758505578665,2.0233401645179101,5.4415824246834523,2.1100886546962503,1.4387434417314773,9.329677354221948,2.7534967800668979,0.58403396742337998,0.75410153486265685,0.30628110111254558,0.76294734117903262,0.54591546401781044,0.7194068562306285,0.97465037283319256,0.83078707892116321,0.57635877248345024,0.49991936953707017,0.80244561559915062,0.070529365679182832,0.96274914565827641,0.25268699087451285,0.7936312620608853,0.29270554883938632,True,,1,0,Slot__Patch;Slot__CPW_Feed_Pin;Patch__CPW_Feed_Pin,True,Slot__CPW_Feed_Pin,,Slot__CPW_Feed_Pin,,"{""Slot__CPW_Feed_Pin"": {""geometry_type"": ""MultiLineString"", ""relations"": ""overlaps"", ""wkt"": ""MULTILINESTRING ((0.5 20.21, 0 20.21), (0 20.21, -0.5 20.21))""}}",True,,,True,lhs
34,17.471861982793058,2.8591587069297013,7.0394415556021137,2.5484035430065943,1.117693112972689,19.511070944929315,5.7668317758004068,0.11017683087887825,0.78273739288211119,0.27693869899386481,0.95539727388951257,0.51017751416071588,0.82640689412968193,0.54035614751896333,0.76490502402144456,0.33880741658074864,0.88448509684403187,0.51126786932027757,0.61549071425261548,0.72082583964191294,0.49121034142019093,0.12839404220306072,0.90065813419331142,True,,1,0,Slot__Patch;Slot__CPW_Feed_Pin;Patch__CPW_Feed_Pin,True,Slot__CPW_Feed_Pin,,Slot__CPW_Feed_Pin,,"{""Slot__CPW_Feed_Pin"": {""geometry_type"": ""MultiLineString"", ""relations"": ""overlaps"", ""wkt"": ""MULTILINESTRING ((0.5 23.74, 0 23.74), (0 23.74, -0.5 23.74))""}}",True,,,True,lhs
35,15.066644592067892,1.5363015030418887,7.8054544120035683,2.0874453583280164,1.3317467121616076,8.4975029713977452,4.4461736788588446,0.45978177858550234,0.45793793243152231,0.29594504793599957,0.93086929847911415,0.66635031241619369,0.11701741406310424,0.62215636239450256,0.83947431983917087,0.19995178774813741,0.60477866537955582,0.72223314138563055,0.1873920140781106,0.15008622305928279,0.23215993842328084,0.18370065922944678,0.74383334798964251,True,,1,0,Slot__Patch;Slot__CPW_Feed_Pin;Patch__CPW_Feed_Pin,True,Slot__CPW_Feed_Pin,,Slot__CPW_Feed_Pin,,"{""Slot__CPW_Feed_Pin"": {""geometry_type"": ""MultiLineString"", ""relations"": ""overlaps"", ""wkt"": ""MULTILINESTRING ((0.5 21.32, 0 21.32), (0 21.32, -0.5 21.32))""}}",True,,,True,lhs
36,18.163346488563214,2.1736252291167468,7.474197433745692,2.065789732277362,2.6584256412289893,13.030185945216456,4.2850829807113886,0.81402710489668506,0.22228617849246765,0.51348757711870252,0.60248709630285113,0.75015082574800251,0.52597876525112552,0.69980863069609078,0.045816648651690148,0.35784959628545721,0.14585642351417066,0.57285777927584247,0.56628154003627162,0.54851325182428357,0.25626461798405831,0.92096352118043068,0.64520229745501034,True,,1,0,Slot__Patch;Slot__CPW_Feed_Pin;Patch__CPW_Feed_Pin,True,Slot__CPW_Feed_Pin,,Slot__CPW_Feed_Pin,,"{""Slot__CPW_Feed_Pin"": {""geometry_type"": ""MultiLineString"", ""relations"": ""overlaps"", ""wkt"": ""MULTILINESTRING ((0.5 23.12, 0 23.12), (0 23.12, -0.5 23.12))""}}",True,,,True,lhs
37,29.183341792578108,1.7777030427273854,5.8792524854358899,3.3635019356279932,1.9414907439663431,20.808492072609425,3.901293066498507,0.93244952415116655,0.88348761629193762,0.72162312506617043,0.90330045137740811,0.77132365234387412,0.82331028437658871,0.13362433703525972,0.2024536188832925,0.095942353536009523,0.48696549369561232,0.32933190835313308,0.024313633448285625,0.70024869642348708,0.99856685384019106,0.77499233405901768,0.072645533153267688,True,,1,0,Slot__Patch;Slot__CPW_Feed_Pin;Patch__CPW_Feed_Pin,True,Slot__CPW_Feed_Pin,,Slot__CPW_Feed_Pin,,"{""Slot__CPW_Feed_Pin"": {""geometry_type"": ""MultiLineString"", ""relations"": ""overlaps"", ""wkt"": ""MULTILINESTRING ((0.5 21.62, 0 21.62), (0 21.62, -0.5 21.62))""}}",True,,,True,lhs
38,18.333789079278493,1.9245540340208829,5.1054856428004189,2.6681092953160448,1.352314507374218,21.992961482520041,2.2192435839209219,0.97283373581323929,0.66113500130860992,0.89258179163675921,0.34002809470027279,0.68949925412288526,0.61010606533212253,0.16257826797092736,0.6020022420766501,0.40680993709847602,0.52679204536894531,0.70056259894834949,0.86140805252483021,0.50188549444065855,0.75741038482279011,0.57943343570189165,0.95207606364647623,True,,1,0,Slot__Patch;Slot__CPW_Feed_Pin;Patch__CPW_Feed_Pin,True,Slot__CPW_Feed_Pin,,Slot__CPW_Feed_Pin,,"{""Slot__CPW_Feed_Pin"": {""geometry_type"": ""MultiLineString"", ""relations"": ""overlaps"", ""wkt"": ""MULTILINESTRING ((0.5 19.49, 0 19.49), (0 19.49, -0.5 19.49))""}}",True,,,True,lhs
39,32.745422550831407,2.4422100093028325,4.2631779763449034,2.1418508450696891,1.0957423279202037,10.814253762560295,3.3816127522653008,0.36957973049653853,0.34497532423671373,0.6355437089715601,0.34424796159458654,0.77525800059719163,0.080197115521192061,0.0097419731383183716,0.59571055740714129,0.76067363734464477,0.73802672177342032,0.16254403269783357,0.96474184373973371,0.71935431827944274,0.63344956981120093,0.59783777450712294,0.72631633339166912,True,,1,0,Slot__Patch;Slot__CPW_Feed_Pin;Patch__CPW_Feed_Pin,True,Slot__CPW_Feed_Pin,,Slot__CPW_Feed_Pin,,"{""Slot__CPW_Feed_Pin"": {""geometry_type"": ""MultiLineString"", ""relations"": ""overlaps"", ""wkt"": ""MULTILINESTRING ((0.5 20.92, 0 20.92), (0 20.92, -0.5 20.92))""}}",True,,,True,lhs
40,43.727597876322257,1.9005280802915292,3.2045671641313755,2.7820475490897638,2.6407443357437104,12.235398984345125,2.9369425831974931,0.59077747677834624,0.37386147426157812,0.77948604137114796,0.28520350987561899,0.046662174211604422,0.070401506550413495,0.72903642925912759,0.024358837374580375,0.75529061810152642,0.59504333195332282,0.035675120414751252,0.048296159257423525,0.68805967247632915,0.37362558873719359,0.078229066620319421,0.79118064515667852,True,,1,0,Slot__Patch;Slot__CPW_Feed_Pin;Patch__CPW_Feed_Pin,True,Slot__CPW_Feed_Pin,,Slot__CPW_Feed_Pin,,"{""Slot__CPW_Feed_Pin"": {""geometry_type"": ""MultiLineString"", ""relations"": ""overlaps"", ""wkt"": ""MULTILINESTRING ((0.5 21.48, 0 21.48), (0 21.48, -0.5 21.48))""}}",True,,,True,lhs
41,31.602342159105163,1.7980030349415439,4.8565725815971774,3.592119289093775,1.1133994450947051,18.149282740919183,4.4181492422585258,0.90523187298934427,0.9683103331253774,0.23781630072434745,0.26664419217683077,0.25802080870539673,0.51728755479100152,0.25379375634603391,0.63421760614046929,0.64566025844716513,0.0039429101923753318,0.40463692970688242,0.50220346986888043,0.22781271285286048,0.50334450883393633,0.047459121771669943,0.43649602942029686,True,,1,0,Slot__Patch;Slot__CPW_Feed_Pin;Patch__CPW_Feed_Pin,True,Slot__CPW_Feed_Pin,,Slot__CPW_Feed_Pin,,"{""Slot__CPW_Feed_Pin"": {""geometry_type"": ""MultiLineString"", ""relations"": ""overlaps"", ""wkt"": ""MULTILINESTRING ((0.5 21.33, 0 21.33), (0 21.33, -0.5 21.33))""}}",True,,,True,lhs
42,38.203651379469065,1.6135097106413061,3.4888402650323558,3.5958024584919963,1.0902617495992273,9.0266350308812875,2.8968394581946275,0.090503769470595685,0.060272246866965994,0.46852869480223169,0.72021717325714318,0.88547266916076239,0.13482652716862109,0.29826139091872289,0.49402858981571623,0.45870427885893972,0.8458859246687026,0.39463125182636732,0.5822919741328817,0.98558134892484806,0.16070360261858962,0.79718390067383227,0.63550892515671464,True,,1,0,Slot__Patch;Slot__CPW_Feed_Pin;Patch__CPW_Feed_Pin,True,Slot__CPW_Feed_Pin,,Slot__CPW_Feed_Pin,,"{""Slot__CPW_Feed_Pin"": {""geometry_type"": ""MultiLineString"", ""relations"": ""overlaps"", ""wkt"": ""MULTILINESTRING ((0.5 19.6, 0 19.6), (0 19.6, -0.5 19.6))""}}",True,,,True,lhs
43,18.243160721521541,2.2108614267137612,6.9107676410477108,2.4524284491490667,2.9711354777271679,9.9572243473983235,3.1853694429596073,0.83322957714141155,0.22701341562721533,0.81936998564662278,0.0536032964100382,0.95286674870989552,0.19355763921894373,0.86351678320899106,0.61546980021502262,0.42187408246865149,0.51036358793153669,0.34666177976399354,0.91538102956088263,0.51994065140684498,0.25811263530218592,0.85585632153611657,0.24302617835465049,True,,1,0,Slot__Patch;Slot__CPW_Feed_Pin;Patch__CPW_Feed_Pin,True,Slot__CPW_Feed_Pin,,Slot__CPW_Feed_Pin,,"{""Slot__CPW_Feed_Pin"": {""geometry_type"": ""MultiLineString"", ""relations"": ""overlaps"", ""wkt"": ""MULTILINESTRING ((0.5 22.37, 0 22.37), (0 22.37, -0.5 22.37))""}}",True,,,True,lhs
44,57.555978129397111,2.6221259906033563,4.8153266328787945,3.6331272312637637,1.8772208012438745,16.712633830674527,3.820726560194283,0.53610209068126502,0.73110323191463089,0.091380035633996048,0.32247091287033236,0.90498101472826276,0.95274288209041247,0.018650735516720668,0.18772354212790004,0.79527727863425401,0.41625280723073937,0.92849020088890843,0.038623535806107653,0.13062826298278055,0.24984013060797661,0.41058540835368867,0.19923107905508133,True,,1,0,Slot__Patch;Slot__CPW_Feed_Pin;Patch__CPW_Feed_Pin,True,Slot__CPW_Feed_Pin,,Slot__CPW_Feed_Pin,,"{""Slot__CPW_Feed_Pin"": {""geometry_type"": ""MultiLineString"", ""relations"": ""overlaps"", ""wkt"": ""MULTILINESTRING ((0.5 22.32, 0 22.32), (0 22.32, -0.5 22.32))""}}",True,,,True,lhs
45,59.474004011929402,2.9670105980786721,3.21857899642891,2.2168141939728274,1.0323969802574471,17.869074421672956,2.1182914651910867,0.96536271579571942,0.44179367045997403,0.61994560599068604,0.14405494502948818,0.26927269861824427,0.34829558549706302,0.13956476146530913,0.013071399008874725,0.47176663939047825,0.32313217452295284,0.42576597868144422,0.51789444456630229,0.16540198415510834,0.61832245842982447,0.63834934959735057,0.13279665053767717,True,,1,0,Slot__Patch;Slot__CPW_Feed_Pin;Patch__CPW_Feed_Pin,True,Slot__CPW_Feed_Pin,,Slot__CPW_Feed_Pin,,"{""Slot__CPW_Feed_Pin"": {""geometry_type"": ""MultiLineString"", ""relations"": ""overlaps"", ""wkt"": ""MULTILINESTRING ((0.5 20.11, 0 20.11), (0 20.11, -0.5 20.11))""}}",True,,,True,lhs
46,27.002681590363707,2.4496764992692626,4.7536184303835363,1.3442178499185016,2.9934696879524902,8.4926485885256717,5.9356050768518909,0.82734123150551242,0.72197298286169254,0.25962016436538671,0.40316750080163444,0.18312333580389195,0.70724869007428581,0.62414995910166016,0.53885566981094812,0.99450018908167004,0.80532963341350261,0.14766236614884151,0.23237382203064513,0.62042391911929029,0.69089684361421144,0.64307075597725794,0.1732410198184906,True,,1,0,Slot__Patch;Slot__CPW_Feed_Pin;Patch__CPW_Feed_Pin,True,Slot__CPW_Feed_Pin,,Slot__CPW_Feed_Pin,,"{""Slot__CPW_Feed_Pin"": {""geometry_type"": ""MultiLineString"", ""relations"": ""overlaps"", ""wkt"": ""MULTILINESTRING ((0.5 25.37, 0 25.37), (0 25.37, -0.5 25.37))""}}",True,,,True,lhs
47,50.586626878764278,2.4844983249918222,7.2515501848469679,2.0498621601008602,1.528405556294286,14.083940713964118,3.3142582925269704,0.17929933161545045,0.4445689796865443,0.19859712505872101,0.54345299282085713,0.034608114010777465,0.86135397485021425,0.44483696896349129,0.30721438059900641,0.16379471125812869,0.9098087222633825,0.49589927674054396,0.80667768048450772,0.58013520150935538,0.98663751010461509,0.10652522153848108,0.68973410818979852,True,,1,0,Slot__Patch;Slot__CPW_Feed_Pin;Patch__CPW_Feed_Pin,True,Slot__CPW_Feed_Pin,,Slot__CPW_Feed_Pin,,"{""Slot__CPW_Feed_Pin"": {""geometry_type"": ""MultiLineString"", ""relations"": ""overlaps"", ""wkt"": ""MULTILINESTRING ((0.5 21.32, 0 21.32), (0 21.32, -0.5 21.32))""}}",True,,,True,lhs
48,37.830171734535867,1.3699839920312604,6.760139896389795,2.7613318767680211,1.9823838042741502,17.273849953184456,4.7583133657883554,0.23653999791581695,0.56942132781598809,0.21163466461685415,0.87333284102774555,0.42648089530006955,0.46133558895555465,0.24744513253817538,0.12084058284777625,0.75179423331201367,0.88548782000021597,0.085371853819924681,0.027650602546520884,0.25939358138884477,0.28427394157162778,0.0041712619902794556,0.92757286633823843,True,,1,0,Slot__Patch;Slot__CPW_Feed_Pin;Patch__CPW_Feed_Pin,True,Slot__CPW_Feed_Pin,,Slot__CPW_Feed_Pin,,"{""Slot__CPW_Feed_Pin"": {""geometry_type"": ""MultiLineString"", ""relations"": ""overlaps"", ""wkt"": ""MULTILINESTRING ((0.5 22.11, 0 22.11), (0 22.11, -0.5 22.11))""}}",True,,,True,lhs
49,45.702926233851841,1.8364135807364401,6.8560583977204814,2.8017267853970145,1.6808965044600304,17.545965854662427,5.8082805371846167,0.65496729728443703,0.67180339230704422,0.99944301318990991,0.35027972145984815,0.88944878422156515,0.78000904038301511,0.28401990378659964,0.11159442816745908,0.50257927723053952,0.78002643739468491,0.0091116640261061019,0.25998259621292802,0.91843927227619959,0.78669847003702809,0.20089479054931983,0.45114354211299995,True,,1,0,Slot__Patch;Slot__CPW_Feed_Pin;Patch__CPW_Feed_Pin,True,Slot__CPW_Feed_Pin,,Slot__CPW_Feed_Pin,,"{""Slot__CPW_Feed_Pin"": {""geometry_type"": ""MultiLineString"", ""relations"": ""overlaps"", ""wkt"": ""MULTILINESTRING ((0.5 23.33, 0 23.33), (0 23.33, -0.5 23.33))""}}",True,,,True,lhs
50,56.626409358952706,2.7694368413932766,4.6644957415846227,3.2884810548810792,1.0640625660842966,11.958116963233,2.1344483049492209,0.30602456117825449,0.97837500250796117,0.34365459207449156,0.18047851666854059,0.99935070715807128,0.21226909323690024,0.62075053997925111,0.53130844243337549,0.92556396195519974,0.2837816080017046,0.6216445451048126,0.28245750341619069,0.018309090093956391,0.22999687400544477,0.89918739936501979,0.45494426830762508,True,,1,0,Slot__Patch;Slot__CPW_Feed_Pin;Patch__CPW_Feed_Pin,True,Slot__CPW_Feed_Pin,,Slot__CPW_Feed_Pin,,"{""Slot__CPW_Feed_Pin"": {""geometry_type"": ""MultiLineString"", ""relations"": ""overlaps"", ""wkt"": ""MULTILINESTRING ((0.5 19.96, 0 19.96), (0 19.96, -0.5 19.96))""}}",True,,,True,lhs
51,57.530658068520211,2.5676865920211793,3.8640740482328395,2.7629797894788339,2.0281239161669928,17.070977788555851,5.8640636124064773,0.84768952023136113,0.48169011473975626,0.80567363943145864,0.11230776764434103,0.25419403635294185,0.28358981014109391,0.083800774937222502,0.6954499935241828,0.33678223667850637,0.16407112049180902,0.45594130932393956,0.34130066964705102,0.32226866216826106,0.96665101097591077,0.098894518512733093,0.22201681148847094,True,,1,0,Slot__Patch;Slot__CPW_Feed_Pin;Patch__CPW_Feed_Pin,True,Slot__CPW_Feed_Pin,,Slot__CPW_Feed_Pin,,"{""Slot__CPW_Feed_Pin"": {""geometry_type"": ""MultiLineString"", ""relations"": ""overlaps"", ""wkt"": ""MULTILINESTRING ((0.5 24.46, 0 24.46), (0 24.46, -0.5 24.46))""}}",True,,,True,lhs
52,20.328691449269449,2.6770666217970343,6.366142390812362,3.4004740207279003,2.0200891962792662,14.693712249563673,4.0969018269552917,0.71608961585001596,0.87901864594718859,0.82983209825141047,0.75443372731323677,0.10236612418345131,0.34222291182932296,0.64033705196374657,0.45985620913049369,0.37816548681136797,0.56159757578718905,0.18071384544172886,0.19980544466927558,0.01350383357758296,0.29523111370655031,0.22953584889676759,0.85180689367811568,True,,1,0,Slot__Patch;Slot__CPW_Feed_Pin;Patch__CPW_Feed_Pin,True,Slot__CPW_Feed_Pin,,Slot__CPW_Feed_Pin,,"{""Slot__CPW_Feed_Pin"": {""geometry_type"": ""MultiLineString"", ""relations"": ""overlaps"", ""wkt"": ""MULTILINESTRING ((0.5 22.8, 0 22.8), (0 22.8, -0.5 22.8))""}}",True,,,True,lhs
53,50.423745094930794,2.3865140615539446,3.1487740349736542,2.3576459039329252,2.5825184580857536,18.285897535492456,4.3362017038685696,0.36270359919576656,0.82130669142083823,0.27804275374601556,0.53151965214580676,0.36724385854633523,0.22037681375925769,0.96950094757564731,0.72461474069439591,0.73181789431879574,0.43740627949607297,0.75314870050503058,0.76380601428652295,0.88978001884313052,0.10779652830173667,0.17577253647173344,0.7064464163341071,True,,1,0,Slot__Patch;Slot__CPW_Feed_Pin;Patch__CPW_Feed_Pin,True,Slot__CPW_Feed_Pin,,Slot__CPW_Feed_Pin,,"{""Slot__CPW_Feed_Pin"": {""geometry_type"": ""MultiLineString"", ""relations"": ""overlaps"", ""wkt"": ""MULTILINESTRING ((0.5 23.3, 0 23.3), (0 23.3, -0.5 23.3))""}}",True,,,True,lhs
54,27.671413465172847,1.8721432004303074,6.9846325404106855,3.1870870024976421,2.2776297185464682,17.226339142667751,5.0036427949927749,0.77473057301288861,0.76047305659517694,0.54917064833733897,0.58693350553317392,0.51624000496155598,0.28303367584737288,0.87374235856862481,0.51965601053427257,0.71727186249992014,0.23571966493512631,0.77308112415499908,0.3624260662998004,0.36846629699283046,0.95120434942651522,0.045377241402582105,0.69939314709764555,True,,1,0,Slot__Patch;Slot__CPW_Feed_Pin;Patch__CPW_Feed_Pin,True,Slot__CPW_Feed_Pin,,Slot__CPW_Feed_Pin,,"{""Slot__CPW_Feed_Pin"": {""geometry_type"": ""MultiLineString"", ""relations"": ""overlaps"", ""wkt"": ""MULTILINESTRING ((0.5 23.16, 0 23.16), (0 23.16, -0.5 23.16))""}}",True,,,True,lhs
55,15.233681219839076,2.077925406018406,5.0059185974842499,1.7930228503097307,1.3754260456734269,11.082962672605882,2.6403137096545097,0.49219897289409625,0.89210540812036598,0.57392246140013203,0.48405718965432987,0.48451756684134584,0.065970334576396214,0.34080884973473546,0.33046342829266478,0.85854443179496631,0.9593543221047498,0.78130453965058977,0.046031728989232738,0.6601065242538704,0.062186767914522198,0.96610344126227987,0.6480479104677267,True,,1,0,Slot__Patch;Slot__CPW_Feed_Pin;Patch__CPW_Feed_Pin,True,Slot__CPW_Feed_Pin,,Slot__CPW_Feed_Pin,,"{""Slot__CPW_Feed_Pin"": {""geometry_type"": ""MultiLineString"", ""relations"": ""overlaps"", ""wkt"": ""MULTILINESTRING ((0.5 20.09, 0 20.09), (0 20.09, -0.5 20.09))""}}",True,,,True,lhs
56,16.328862852030085,1.8158056211226363,3.8286040667092642,2.2791306085511152,1.5511085243898497,11.421306476570088,4.9008019829264651,0.34343610170596489,0.78819159552686247,0.82108284969840073,0.61844339356018641,0.69364609040279601,0.12102970415463042,0.60030141455279318,0.31509084342902771,0.16206052080934003,0.22873840289495428,0.31264958947999388,0.24814287620649919,0.47841388841576482,0.18717478807371682,0.34838265981741851,0.7513417742153996,True,,1,0,Slot__Patch;Slot__CPW_Feed_Pin;Patch__CPW_Feed_Pin,True,Slot__CPW_Feed_Pin,,Slot__CPW_Feed_Pin,,"{""Slot__CPW_Feed_Pin"": {""geometry_type"": ""MultiLineString"", ""relations"": ""overlaps"", ""wkt"": ""MULTILINESTRING ((0.5 22.27, 0 22.27), (0 22.27, -0.5 22.27))""}}",True,,,True,lhs
57,39.688715425990985,2.3716495519498459,7.5414373949201838,2.2885937827113123,2.3509571813250991,21.335945975931111,4.7008318111428924,0.43667525825122039,0.76588061622037484,0.59244528281795372,0.14872337276519335,0.41654334708583435,0.58402361790525137,0.72064362399354442,0.85117792730802677,0.45931909876199256,0.81352773445638127,0.46647118287598144,0.93027002051513363,0.021201386077896227,0.97615567466980868,0.90797959771976133,0.34574437579448819,True,,1,0,Slot__Patch;Slot__CPW_Feed_Pin;Patch__CPW_Feed_Pin,True,Slot__CPW_Feed_Pin,,Slot__CPW_Feed_Pin,,"{""Slot__CPW_Feed_Pin"": {""geometry_type"": ""MultiLineString"", ""relations"": ""overlaps"", ""wkt"": ""MULTILINESTRING ((0.5 23.43, 0 23.43), (0 23.43, -0.5 23.43))""}}",True,,,True,lhs
58,59.276108476117038,1.2449395395392591,7.93375720429529,2.0112263548963769,1.1369002388251137,7.9428871019756073,2.1415345521066627,0.55479337835809817,0.77471793440613379,0.32703397607403745,0.35220308519039739,0.80276140218136016,0.19933283907059035,0.71039362047661858,0.32639907552559488,0.4401237789177711,0.4235176657944511,0.10103737069932121,0.22151218465782138,0.77314443271240452,0.55291198066194114,0.17024141462943848,0.73246228106791544,True,,1,0,Slot__Patch;Slot__CPW_Feed_Pin;Patch__CPW_Feed_Pin,True,Slot__CPW_Feed_Pin,,Slot__CPW_Feed_Pin,,"{""Slot__CPW_Feed_Pin"": {""geometry_type"": ""MultiLineString"", ""relations"": ""overlaps"", ""wkt"": ""MULTILINESTRING ((0.5 18.52, 0 18.52), (0 18.52, -0.5 18.52))""}}",True,,,True,lhs
59,52.996563886566499,2.7763767379412934,6.4091961044532928,3.0128576147863457,2.7946253286751519,11.865271247724017,4.6102536011500765,0.064628469121297633,0.95954139548861117,0.10701144564346421,0.66708808146749465,0.092382395339451126,0.31065454408495791,0.68586560218049608,0.062372273902906297,0.4759669900632868,0.001084123717185327,0.96379424445149187,0.48519209895432985,0.78703405127218373,0.88447186968443681,0.90443371781298754,0.27617872506846447,False,ValueError: producer reported invalid exported polygon(s): Patch,,0,Slot__Patch;Slot__CPW_Feed_Pin;Patch__CPW_Feed_Pin,True,Slot__CPW_Feed_Pin,,Slot__CPW_Feed_Pin,,"{""Slot__CPW_Feed_Pin"": {""geometry_type"": ""MultiLineString"", ""relations"": ""overlaps"", ""wkt"": ""MULTILINESTRING ((0.5 24.18, 0 24.18), (0 24.18, -0.5 24.18))""}}",True,,ValueError: producer reported invalid exported polygon(s): Patch,False,lhs
60,19.704264522565857,1.4478089981820652,8.1753553625974291,3.8602611489540308,2.1828583364761984,17.116723299918412,3.5987777844114746,0.61540216422966609,0.16758843639846371,0.7523217263469073,0.99213293291325744,0.57619038380303311,0.79773596878655606,0.92714715374126211,0.8022588690701602,0.2223852516729056,0.43053327971405203,0.53630134979655575,0.32412878673013512,0.71545209785189379,0.35375306811486229,0.25540934584912522,0.82899697029856589,True,,1,0,Slot__Patch;Slot__CPW_Feed_Pin;Patch__CPW_Feed_Pin,True,Slot__CPW_Feed_Pin,,Slot__CPW_Feed_Pin,,"{""Slot__CPW_Feed_Pin"": {""geometry_type"": ""MultiLineString"", ""relations"": ""overlaps"", ""wkt"": ""MULTILINESTRING ((0.5 21.23, 0 21.23), (0 21.23, -0.5 21.23))""}}",True,,,True,lhs
61,54.417522035462071,2.5986627378860478,8.3486597268091067,1.5642270352991168,2.8456681114492781,19.098003433939461,2.6665228210499339,0.78025901628595906,0.19513927949302648,0.22921265432928348,0.015498363990191423,0.016077905099181989,0.073380762306416047,0.43149133556473129,0.22281289990161521,0.0074245238826348356,0.66980207551456372,0.76200644349165059,0.099684206422443439,0.48561471021856317,0.5482123165818058,0.14779851457044776,0.58485651599544553,False,ValueError: producer reported invalid exported polygon(s): Patch,,0,Slot__Patch;Slot__CPW_Feed_Pin;Patch__CPW_Feed_Pin,True,Slot__CPW_Feed_Pin,,Slot__CPW_Feed_Pin,,"{""Slot__CPW_Feed_Pin"": {""geometry_type"": ""MultiLineString"", ""relations"": ""overlaps"", ""wkt"": ""MULTILINESTRING ((0.5 22.11, 0 22.11), (0 22.11, -0.5 22.11))""}}",True,,ValueError: producer reported invalid exported polygon(s): Patch,False,lhs
62,16.599317771644561,2.4344977865903781,8.3204167282889898,3.7460132346786095,1.3080851972242424,22.464683188675949,2.5671435702724188,0.78661575926302763,0.86652685741669944,0.96148443594651722,0.064914723949488592,0.43365299004596503,0.15510020061002072,0.9113032322669723,0.42275462374773215,0.5545089734326738,0.04417825641419669,0.2256545757605242,0.25253559515049545,0.81432199904075198,0.80445839637198613,0.02361455638741327,0.94741024285022046,True,,1,0,Slot__Patch;Slot__CPW_Feed_Pin;Patch__CPW_Feed_Pin,True,Slot__CPW_Feed_Pin,,Slot__CPW_Feed_Pin,,"{""Slot__CPW_Feed_Pin"": {""geometry_type"": ""MultiLineString"", ""relations"": ""overlaps"", ""wkt"": ""MULTILINESTRING ((0.5 20.31, 0 20.31), (0 20.31, -0.5 20.31))""}}",True,,,True,lhs
63,31.408622065561946,2.120534804880017,5.084543524220611,2.642165165173668,1.3113908812448727,11.111029340266317,2.3107217161303684,0.51787058310699685,0.80664071304974161,0.46186637093721439,0.22532577254695871,0.64234430616369376,0.71283203063798783,0.75490485324502821,0.88159640843146403,0.99206394954797572,0.46606586055680627,0.39187503166306825,0.50926897992834075,0.46928761613911774,0.41059713697676237,0.65053962590496761,0.24863996335632457,True,,1,0,Slot__Patch;Slot__CPW_Feed_Pin;Patch__CPW_Feed_Pin,True,Slot__CPW_Feed_Pin,,Slot__CPW_Feed_Pin,,"{""Slot__CPW_Feed_Pin"": {""geometry_type"": ""MultiLineString"", ""relations"": ""overlaps"", ""wkt"": ""MULTILINESTRING ((0.5 19.74, 0 19.74), (0 19.74, -0.5 19.74))""}}",True,,,True,lhs
64,48.476980448080894,2.8113453671296349,5.4286495207399641,1.5323395011120187,1.7915768037092374,19.352970584904085,2.5026429537435479,0.92315818557833296,0.63104433128981496,0.55727704636719499,0.71426824526056409,0.66870189819997428,0.42160943203105272,0.03371711491955471,0.025525860080016571,0.39925859879027942,0.15623115273215435,0.43381884066723203,0.25830462782388347,0.074023087307428986,0.24282331150381606,0.018678184777077573,0.43101454867296168,True,,1,0,Slot__Patch;Slot__CPW_Feed_Pin;Patch__CPW_Feed_Pin,True,Slot__CPW_Feed_Pin,,Slot__CPW_Feed_Pin,,"{""Slot__CPW_Feed_Pin"": {""geometry_type"": ""MultiLineString"", ""relations"": ""overlaps"", ""wkt"": ""MULTILINESTRING ((0.5 21.11, 0 21.11), (0 21.11, -0.5 21.11))""}}",True,,,True,lhs
65,16.873681564974159,1.66251628403447,3.7499309802023415,2.5119892273551612,2.667721584973719,11.180785520800013,4.3557714029023131,0.95800021178958361,0.44666060378174877,0.29759463042131679,0.10195918532659115,0.58319723503642507,0.59904117272953528,0.81951759291687143,0.43907717912584232,0.52877679133760136,0.31427571897303974,0.38591127230376449,0.6319698469524947,0.88814061481927942,0.15743927086711579,0.45580158882374272,0.76336799679508127,True,,1,0,Slot__Patch;Slot__CPW_Feed_Pin;Patch__CPW_Feed_Pin,True,Slot__CPW_Feed_Pin,,Slot__CPW_Feed_Pin,,"{""Slot__CPW_Feed_Pin"": {""geometry_type"": ""MultiLineString"", ""relations"": ""overlaps"", ""wkt"": ""MULTILINESTRING ((0.5 22.68, 0 22.68), (0 22.68, -0.5 22.68))""}}",True,,,True,lhs
66,21.061907035951045,1.7713126832844748,5.4553032978147522,2.5709606304648265,1.7390030750798444,21.530794536282851,4.8707454500555105,0.030351559346483793,0.39199687848154291,0.11139902684471753,0.20673803417099595,0.51939436015628015,0.23058195080217267,0.13065459941166971,0.29880066092693597,0.5010675584962645,0.98786090481553601,0.28693766849889868,0.8460675634655036,0.95086253152679612,0.5500739316450195,0.76294709500192115,0.71621277340195477,True,,1,0,Slot__Patch;Slot__CPW_Feed_Pin;Patch__CPW_Feed_Pin,True,Slot__CPW_Feed_Pin,,Slot__CPW_Feed_Pin,,"{""Slot__CPW_Feed_Pin"": {""geometry_type"": ""MultiLineString"", ""relations"": ""overlaps"", ""wkt"": ""MULTILINESTRING ((0.5 22.39, 0 22.39), (0 22.39, -0.5 22.39))""}}",True,,,True,lhs
67,54.667652153462711,2.6895258686575882,8.8412285248791882,3.0256338585412532,2.0064102790157974,16.148117432845737,2.3287915296127792,0.22755142774402923,0.18660177001432166,0.35094939697704663,0.64899233183794935,0.64841659276207286,0.73709090273704381,0.73644962989610174,0.19527841343299071,0.2357077896941169,0.89273013538349033,0.83192505778399783,0.74958351192396966,0.86521119900402566,0.31905298658461928,0.62523040865971413,0.20981970288864632,True,,1,0,Slot__Patch;Slot__CPW_Feed_Pin;Patch__CPW_Feed_Pin,True,Slot__CPW_Feed_Pin,,Slot__CPW_Feed_Pin,,"{""Slot__CPW_Feed_Pin"": {""geometry_type"": ""MultiLineString"", ""relations"": ""overlaps"", ""wkt"": ""MULTILINESTRING ((0.5 21.02, 0 21.02), (0 21.02, -0.5 21.02))""}}",True,,,True,lhs
68,29.771908381282081,2.923338714802191,4.9107091114936194,1.353164690675287,1.7453225153906482,13.838396980674652,3.3843043374297475,0.70717241956572618,0.14377523335143139,0.018006864135564557,0.92330489032064167,0.11575889131948358,0.63115929925093461,0.47646515043592313,0.75275372241138228,0.27528458853500659,0.74758188897873734,0.30225329867672585,0.30989390952615892,0.57243289002853825,0.40764041797690004,0.83377888600114425,0.47785961134510768,True,,1,0,Slot__Patch;Slot__CPW_Feed_Pin;Patch__CPW_Feed_Pin,True,Slot__CPW_Feed_Pin,,Slot__CPW_Feed_Pin,,"{""Slot__CPW_Feed_Pin"": {""geometry_type"": ""MultiLineString"", ""relations"": ""overlaps"", ""wkt"": ""MULTILINESTRING ((0.5 22.05, 0 22.05), (0 22.05, -0.5 22.05))""}}",True,,,True,lhs
69,32.500166838071713,2.6154506419320196,4.0547959204153834,1.9071797393346985,2.1178906598621818,13.167966665136063,5.519641498433133,0.034270294420910286,0.87889192309847475,0.6091551896824049,0.04399031269270387,0.3311429173987302,0.44333537804976447,0.87571855662943077,0.032533834265793767,0.61061772162097205,0.44740478175167603,0.25535605788717031,0.067391718470414766,0.56945414014677875,0.67131038143926991,0.62812242730048684,0.35325626573247598,True,,1,0,Slot__Patch;Slot__CPW_Feed_Pin;Patch__CPW_Feed_Pin,True,Slot__CPW_Feed_Pin,,Slot__CPW_Feed_Pin,,"{""Slot__CPW_Feed_Pin"": {""geometry_type"": ""MultiLineString"", ""relations"": ""overlaps"", ""wkt"": ""MULTILINESTRING ((0.5 24.26, 0 24.26), (0 24.26, -0.5 24.26))""}}",True,,,True,lhs
70,16.069823963426913,2.8374491282288155,7.3054663569349252,3.3767187220764772,2.7212239174187811,12.508362307140301,2.439538589879505,0.32730098357874704,0.72901613991163194,0.32384616938978611,0.12930216213157619,0.64966116169790611,0.54700126288711992,0.71290913095979092,0.59402079469458346,0.5998069694357222,0.54839675048094971,0.56835707311390282,0.44416484365290271,0.41942286652779287,0.81322709881382305,0.71545199943746363,0.42556501510205164,True,,1,0,Slot__Patch;Slot__CPW_Feed_Pin;Patch__CPW_Feed_Pin,True,Slot__CPW_Feed_Pin,,Slot__CPW_Feed_Pin,,"{""Slot__CPW_Feed_Pin"": {""geometry_type"": ""MultiLineString"", ""relations"": ""overlaps"", ""wkt"": ""MULTILINESTRING ((0.5 22, 0 22), (0 22, -0.5 22))""}}",True,,,True,lhs
71,56.780281195931302,1.3976024958738726,7.1832659097951179,2.5890764122787626,1.8649415062973183,21.829863688450459,5.5910038145260259,0.0027753577121253357,0.064233542618105932,0.13839481600522388,0.73857047804124876,0.59683280095963653,0.50688897926348186,0.51014690931332651,0.3640175219858211,0.51946289202154672,0.53019404559434513,0.26336535819881052,0.55631177216101046,0.30785897449685529,0.15038865013021774,0.72732684152462801,0.44728312003023779,True,,1,0,Slot__Patch;Slot__CPW_Feed_Pin;Patch__CPW_Feed_Pin,True,Slot__CPW_Feed_Pin,,Slot__CPW_Feed_Pin,,"{""Slot__CPW_Feed_Pin"": {""geometry_type"": ""MultiLineString"", ""relations"": ""overlaps"", ""wkt"": ""MULTILINESTRING ((0.5 22.85, 0 22.85), (0 22.85, -0.5 22.85))""}}",True,,,True,lhs
72,15.831826319956553,1.4277361608076604,3.5335336126924437,2.4851495685509946,1.8470533958673969,9.307180232318629,4.8649388771618352,0.95945112586563652,0.31575386662653754,0.041191732406611406,0.99955826008991966,0.96918980204361049,0.78179849168284754,0.18667914608768219,0.25188434227765721,0.26489369152615483,0.020113483154728579,0.78403657727882936,0.77429337106988949,0.81043638191693368,0.79783807080605718,0.25245064275371809,0.59933732661978734,True,,1,0,Slot__Patch;Slot__CPW_Feed_Pin;Patch__CPW_Feed_Pin,True,Slot__CPW_Feed_Pin,,Slot__CPW_Feed_Pin,,"{""Slot__CPW_Feed_Pin"": {""geometry_type"": ""MultiLineString"", ""relations"": ""overlaps"", ""wkt"": ""MULTILINESTRING ((0.5 22.14, 0 22.14), (0 22.14, -0.5 22.14))""}}",True,,,True,lhs
73,59.727038138358289,1.174736002800848,7.0105740545070088,2.2348980650471795,2.7504157595967795,12.929599226979937,2.369800164669551,0.43872219342389962,0.67469614260181832,0.79328497929584385,0.50814946355509671,0.88370875719746866,0.24937624002871356,0.59265817899876305,0.87732477403388998,0.47806646611656084,0.27462176746955236,0.53492761717265913,0.073117339445902124,0.18988478343106732,0.0020661205788442463,0.50965994068696496,0.36595762473248122,True,,1,0,Slot__Patch;Slot__CPW_Feed_Pin;Patch__CPW_Feed_Pin,True,Slot__CPW_Feed_Pin,,Slot__CPW_Feed_Pin,,"{""Slot__CPW_Feed_Pin"": {""geometry_type"": ""MultiLineString"", ""relations"": ""overlaps"", ""wkt"": ""MULTILINESTRING ((0.5 20.3, 0 20.3), (0 20.3, -0.5 20.3))""}}",True,,,True,lhs
74,36.853454814868357,1.0423798975780245,3.3486792326429535,3.4845721258665021,2.0681184523755505,8.6215297238650734,4.704928997786034,0.21677564425685719,0.56662724841478995,0.20299089891995387,0.58289219370511047,0.82026465566167872,0.94540983915369525,0.041789579036550999,0.24776918425982297,0.47045764592954592,0.24473152369921783,0.54238144751973782,0.040321427996574795,0.088541251363645754,0.13134444497032491,0.8232722730254407,0.69161176603871466,True,,1,0,Slot__Patch;Slot__CPW_Feed_Pin;Patch__CPW_Feed_Pin,True,Slot__CPW_Feed_Pin,,Slot__CPW_Feed_Pin,,"{""Slot__CPW_Feed_Pin"": {""geometry_type"": ""MultiLineString"", ""relations"": ""overlaps"", ""wkt"": ""MULTILINESTRING ((0.5 21.81, 0 21.81), (0 21.81, -0.5 21.81))""}}",True,,,True,lhs
75,34.305626769343391,1.4060663368501702,4.5379687930413333,3.1719877343756666,2.931554213975561,16.128667304887021,2.6944181864363901,0.15185123631807942,0.75292690207840596,0.9694771500124908,0.42457313692845822,0.2297685860810196,0.032067830727289109,0.59617813543105969,0.25527297076013933,0.66605066826000314,0.35608411995714268,0.78607028009650781,0.91770672851635049,0.58368048780800741,0.72745791511281577,0.28866256825654413,0.024678515261118021,True,,1,0,Slot__Patch;Slot__CPW_Feed_Pin;Patch__CPW_Feed_Pin,True,Slot__CPW_Feed_Pin,,Slot__CPW_Feed_Pin,,"{""Slot__CPW_Feed_Pin"": {""geometry_type"": ""MultiLineString"", ""relations"": ""overlaps"", ""wkt"": ""MULTILINESTRING ((0.5 21.03, 0 21.03), (0 21.03, -0.5 21.03))""}}",True,,,True,lhs
76,34.670720040831227,1.6673839078896231,6.4166723753534818,1.8375498529862262,1.1107576751992518,10.141602499863328,3.1245599156343942,0.84469428481147091,0.043772773003879467,0.41234914200624795,0.52591605566629007,0.73899551751852455,0.12301285000933727,0.58784243831287786,0.93926473649451636,0.85180654979140913,0.007492595713692379,0.822176676167095,0.92379509093767553,0.47885561934054222,0.82502260294905716,0.27405513375976465,0.5143050344811162,True,,1,0,Slot__Patch;Slot__CPW_Feed_Pin;Patch__CPW_Feed_Pin,True,Slot__CPW_Feed_Pin,,Slot__CPW_Feed_Pin,,"{""Slot__CPW_Feed_Pin"": {""geometry_type"": ""MultiLineString"", ""relations"": ""overlaps"", ""wkt"": ""MULTILINESTRING ((0.5 19.9, 0 19.9), (0 19.9, -0.5 19.9))""}}",True,,,True,lhs
77,49.826804857945291,2.4111739417040039,7.218054855002892,3.5109336162718066,1.5375414875,20.477744778764059,2.0445679236240468,0.73938951531387942,0.41251549305063012,0.3204292869632453,0.74158168072500985,0.0044876843227390478,0.58796889737817748,0.51994507994490435,0.11572389743168907,0.78993540119927352,0.46215163456605202,0.92601790462659272,0.88396173806312206,0.51780593544114473,0.86514552159746894,0.1578694130899988,0.70851075318491707,True,,1,0,Slot__Patch;Slot__CPW_Feed_Pin;Patch__CPW_Feed_Pin,True,Slot__CPW_Feed_Pin,,Slot__CPW_Feed_Pin,,"{""Slot__CPW_Feed_Pin"": {""geometry_type"": ""MultiLineString"", ""relations"": ""overlaps"", ""wkt"": ""MULTILINESTRING ((0.5 20, 0 20), (0 20, -0.5 20))""}}",True,,,True,lhs
78,35.523153245912923,1.414258588802636,3.9365403176484137,3.5168264015338382,1.8593384975894387,10.965322608444588,5.3923342103440861,0.27276662797577617,0.21243819886525092,0.25052572025438269,0.79593069681567397,0.15495399740043367,0.71394410853760748,0.81643860580615413,0.083957698998550837,0.34359139879072631,0.34982285420979392,0.0026709855420810405,0.69545042397435541,0.57117863698388249,0.68116780665056986,0.12131105972858675,0.31239532610270832,True,,1,0,Slot__Patch;Slot__CPW_Feed_Pin;Patch__CPW_Feed_Pin,True,Slot__CPW_Feed_Pin,,Slot__CPW_Feed_Pin,,"{""Slot__CPW_Feed_Pin"": {""geometry_type"": ""MultiLineString"", ""relations"": ""overlaps"", ""wkt"": ""MULTILINESTRING ((0.5 22.67, 0 22.67), (0 22.67, -0.5 22.67))""}}",True,,,True,lhs
79,21.867944431761245,1.9344541019438277,7.4340115682167838,2.0061929548382098,1.1295750900852,9.7736424890175719,3.0558610445091294,0.78385495702625929,0.43248329636186289,0.91272295257635938,0.68508469968416574,0.31157012459862021,0.10128256437642055,0.61688300947485764,0.10475322980080369,0.24559005604051848,0.04729425107247083,0.99188729732989134,0.22378093770121954,0.6058675962063178,0.2210693748065472,0.88188497794175091,0.77026416247804863,True,,1,0,Slot__Patch;Slot__CPW_Feed_Pin;Patch__CPW_Feed_Pin,True,Slot__CPW_Feed_Pin,,Slot__CPW_Feed_Pin,,"{""Slot__CPW_Feed_Pin"": {""geometry_type"": ""MultiLineString"", ""relations"": ""overlaps"", ""wkt"": ""MULTILINESTRING ((0.5 20.12, 0 20.12), (0 20.12, -0.5 20.12))""}}",True,,,True,lhs
80,54.482376275439414,2.4578788616709586,7.7549730596592443,2.3723189823159121,1.8857463434843309,15.312522376303921,5.3763951322266559,0.28712598483730661,0.44811539702924075,0.65740708486849175,0.61717995180584828,0.94522079017363114,0.85792745332582143,0.90005698459777417,0.27788600327066221,0.32405737085214092,0.049828309273348588,0.47838772658480394,0.55696986483875066,0.13495633812414792,0.9485372951174359,0.78862859525645512,0.68781303800111815,True,,1,0,Slot__Patch;Slot__CPW_Feed_Pin;Patch__CPW_Feed_Pin,True,Slot__CPW_Feed_Pin,,Slot__CPW_Feed_Pin,,"{""Slot__CPW_Feed_Pin"": {""geometry_type"": ""MultiLineString"", ""relations"": ""overlaps"", ""wkt"": ""MULTILINESTRING ((0.5 23.72, 0 23.72), (0 23.72, -0.5 23.72))""}}",True,,,True,lhs
81,26.447976509361428,2.7086763584267501,7.45881399274875,3.3311174663730467,2.9853039259496326,22.422403151454571,4.4659780947093184,0.19076115532789228,0.98316642594577752,0.6302484934074235,0.92008537077414498,0.0082660796258519076,0.87162661041759815,0.13635332273509296,0.64632582673818495,0.83049688894718243,0.94896962100145266,0.043570126455631658,0.83522902335287008,0.38313694736375897,0.1122499018380438,0.38127554636623762,0.81380080332758131,True,,1,0,Slot__Patch;Slot__CPW_Feed_Pin;Patch__CPW_Feed_Pin,True,Slot__CPW_Feed_Pin,,Slot__CPW_Feed_Pin,,"{""Slot__CPW_Feed_Pin"": {""geometry_type"": ""MultiLineString"", ""relations"": ""overlaps"", ""wkt"": ""MULTILINESTRING ((0.5 24.16, 0 24.16), (0 24.16, -0.5 24.16))""}}",True,,,True,lhs
82,38.662550395995851,1.9381862153614997,4.0974167069255376,1.4924894734943681,1.1355760174997038,18.421788285531211,4.0142134868286385,0.056452292538996661,0.7374592175524487,0.67102139610599565,0.90062916067719245,0.98893192171861821,0.63702053769185307,0.69415773831018246,0.32354084196125049,0.58476312160839194,0.04102863102744491,0.90109500226029393,0.14474211234441164,0.15985182007114671,0.38225325740905125,0.20138787822964885,0.4910764327754657,True,,1,0,Slot__Patch;Slot__CPW_Feed_Pin;Patch__CPW_Feed_Pin,True,Slot__CPW_Feed_Pin,,Slot__CPW_Feed_Pin,,"{""Slot__CPW_Feed_Pin"": {""geometry_type"": ""MultiLineString"", ""relations"": ""overlaps"", ""wkt"": ""MULTILINESTRING ((0.5 21.09, 0 21.09), (0 21.09, -0.5 21.09))""}}",True,,,True,lhs
83,41.508901674992387,2.2870709427186173,7.9155348202130575,1.3240395159585541,1.5624867001775891,22.225812416337504,3.4191756125412334,0.20856950024444312,0.36972286719858366,0.074292990331111891,0.9674288383787174,0.8696989901615565,0.10763192467013974,0.79851050460348316,0.18480817338258815,0.52181956812665875,0.75343660837632409,0.52694014117303312,0.20466117981432691,0.29787412250198569,0.059821555692225588,0.40408426549213372,0.15675974292075143,True,,1,0,Slot__Patch;Slot__CPW_Feed_Pin;Patch__CPW_Feed_Pin,True,Slot__CPW_Feed_Pin,,Slot__CPW_Feed_Pin,,"{""Slot__CPW_Feed_Pin"": {""geometry_type"": ""MultiLineString"", ""relations"": ""overlaps"", ""wkt"": ""MULTILINESTRING ((0.5 21.27, 0 21.27), (0 21.27, -0.5 21.27))""}}",True,,,True,lhs
84,46.328616752665312,2.6739280133267611,6.9413484239777077,2.9951726959030323,1.8521547836988552,15.073273982307683,3.3907255271763255,0.47257283742373007,0.77717816182437183,0.28895782610020015,0.78821815387418503,0.10028687907771364,0.80976143153725388,0.043068507412642655,0.73263151974014684,0.8714826378142998,0.17882534047738161,0.24587802587355928,0.28786396986556501,0.80813665154567293,0.16984828643499775,0.68976391319881536,0.30311057962579929,True,,1,0,Slot__Patch;Slot__CPW_Feed_Pin;Patch__CPW_Feed_Pin,True,Slot__CPW_Feed_Pin,,Slot__CPW_Feed_Pin,,"{""Slot__CPW_Feed_Pin"": {""geometry_type"": ""MultiLineString"", ""relations"": ""overlaps"", ""wkt"": ""MULTILINESTRING ((0.5 21.92, 0 21.92), (0 21.92, -0.5 21.92))""}}",True,,,True,lhs
85,52.59876348324331,1.7403443147509088,3.6389995716373473,2.5304979836065611,1.5478536061917323,9.1121646293058571,2.6627027331522455,0.2643786722135123,0.087976853658342527,0.50693359841772956,0.85520465306860771,0.37748305294831158,0.37564788669921639,0.42554663393900505,0.063885948972297574,0.038738865967284444,0.21418691953435373,0.83811119743917106,0.83670794142946625,0.033049281801834349,0.13393764446798864,0.94160555796022771,0.33338341163989205,True,,1,0,Slot__Patch;Slot__CPW_Feed_Pin;Patch__CPW_Feed_Pin,True,Slot__CPW_Feed_Pin,,Slot__CPW_Feed_Pin,,"{""Slot__CPW_Feed_Pin"": {""geometry_type"": ""MultiLineString"", ""relations"": ""overlaps"", ""wkt"": ""MULTILINESTRING ((0.5 19.95, 0 19.95), (0 19.95, -0.5 19.95))""}}",True,,,True,lhs
86,24.150635308917401,2.8080004627314903,7.1253970756119847,2.6751831341634942,1.3172054897473651,19.925197904761749,5.5945080916751131,0.25957384068398387,0.94135198325935232,0.10175121369901009,0.19312016288576309,0.53643082725021352,0.75836277439709876,0.67437624777140204,0.45100179290121606,0.11227026149717098,0.91648967009756133,0.80879081600904235,0.77961442071893028,0.41383793170333077,0.56148269279840246,0.34173812750180055,0.41441526485609409,True,,1,0,Slot__Patch;Slot__CPW_Feed_Pin;Patch__CPW_Feed_Pin,True,Slot__CPW_Feed_Pin,,Slot__CPW_Feed_Pin,,"{""Slot__CPW_Feed_Pin"": {""geometry_type"": ""MultiLineString"", ""relations"": ""overlaps"", ""wkt"": ""MULTILINESTRING ((0.5 23.72, 0 23.72), (0 23.72, -0.5 23.72))""}}",True,,,True,lhs
87,40.167436551264856,2.1398189017688005,3.3568239462939959,2.0416265719783446,1.4770207549609351,9.2605221233269646,3.6684684237415301,0.64563761919147067,0.17751304946606203,0.87167136513792431,0.29714789636602451,0.99780140806568141,0.55218563952997135,0.37447678104421567,0.41740970096741548,0.77724780283775641,0.36803191185907635,0.31967643886358815,0.5427662910906188,0.3874211552133533,0.46220433458684257,0.89798150728199266,0.68200120176299939,True,,1,0,Slot__Patch;Slot__CPW_Feed_Pin;Patch__CPW_Feed_Pin,True,Slot__CPW_Feed_Pin,,Slot__CPW_Feed_Pin,,"{""Slot__CPW_Feed_Pin"": {""geometry_type"": ""MultiLineString"", ""relations"": ""overlaps"", ""wkt"": ""MULTILINESTRING ((0.5 21.29, 0 21.29), (0 21.29, -0.5 21.29))""}}",True,,,True,lhs
88,42.924056644065558,2.1408667715578771,6.4774468417079536,1.4681802806942899,1.1029919345724166,13.460125568061482,2.8752798023128738,0.93934785652572084,0.5590710958590519,0.64510238645882023,0.93836286810342284,0.094869001119495672,0.88291241603344095,0.087242856311056438,0.13990647298502051,0.92127065614412462,0.69726792690808326,0.70237693454871741,0.31920307325913955,0.67710885181836011,0.52321357804179336,0.40504256197551425,0.75472194383878266,True,,1,0,Slot__Patch;Slot__CPW_Feed_Pin;Patch__CPW_Feed_Pin,True,Slot__CPW_Feed_Pin,,Slot__CPW_Feed_Pin,,"{""Slot__CPW_Feed_Pin"": {""geometry_type"": ""MultiLineString"", ""relations"": ""overlaps"", ""wkt"": ""MULTILINESTRING ((0.5 20.12, 0 20.12), (0 20.12, -0.5 20.12))""}}",True,,,True,lhs
89,49.765643638105665,1.0301203078132697,6.649532996411204,2.8932795565618696,1.2221112572238555,17.613417266262573,5.9652739595703066,0.50309634990285179,0.038711230353456534,0.54381763879236467,0.88880142129457584,0.13314355809279735,0.93353471095935303,0.08588525730751273,0.57433259203679743,0.49838442127984889,0.84317409996654946,0.98832066511114436,0.70432364062185382,0.25637883687617546,0.79554028303472768,0.96305263971852328,0.55076230125903425,True,,1,0,Slot__Patch;Slot__CPW_Feed_Pin;Patch__CPW_Feed_Pin,True,Slot__CPW_Feed_Pin,,Slot__CPW_Feed_Pin,,"{""Slot__CPW_Feed_Pin"": {""geometry_type"": ""MultiLineString"", ""relations"": ""overlaps"", ""wkt"": ""MULTILINESTRING ((0.5 22.22, 0 22.22), (0 22.22, -0.5 22.22))""}}",True,,,True,lhs
90,52.89597660510448,1.0771319211020738,7.2920123229949425,2.6609393724453154,1.6955490386351988,21.381808277519667,4.3763340635615062,0.63241527290290356,0.62780046046061166,0.095192165288059585,0.64421389589235656,0.55648118676459724,0.35512361042821311,0.14128203792709684,0.92987648902884579,0.124089988694672,0.54499854623406441,0.4176869677933997,0.25128890374500257,0.86051880349801912,0.65194185482668665,0.28661740013776188,0.82252711172125514,True,,1,0,Slot__Patch;Slot__CPW_Feed_Pin;Patch__CPW_Feed_Pin,True,Slot__CPW_Feed_Pin,,Slot__CPW_Feed_Pin,,"{""Slot__CPW_Feed_Pin"": {""geometry_type"": ""MultiLineString"", ""relations"": ""overlaps"", ""wkt"": ""MULTILINESTRING ((0.5 21.15, 0 21.15), (0 21.15, -0.5 21.15))""}}",True,,,True,lhs
91,15.695012004379068,2.8909177738366862,5.9744164705179292,1.5617783902295188,1.5890369360590091,18.475795512314001,5.0767644984176155,0.38463904979622565,0.17890985885671806,0.47346873504489417,0.87629139228670805,0.83442652483062962,0.47693375664887744,0.30475340905740395,0.93289811788400223,0.80975669630955138,0.18167829385262729,0.24798119667996019,0.52375328265413346,0.56013543498221507,0.30375714576631208,0.83445936189101522,0.95347024649692447,True,,1,0,Slot__Patch;Slot__CPW_Feed_Pin;Patch__CPW_Feed_Pin,True,Slot__CPW_Feed_Pin,,Slot__CPW_Feed_Pin,,"{""Slot__CPW_Feed_Pin"": {""geometry_type"": ""MultiLineString"", ""relations"": ""overlaps"", ""wkt"": ""MULTILINESTRING ((0.5 23.56, 0 23.56), (0 23.56, -0.5 23.56))""}}",True,,,True,lhs
92,56.106239275256065,2.2365056614034375,5.6767136815178159,1.335894634368709,1.3903904952130859,8.592016012314394,2.1985769291051476,0.26179321319030896,0.26291075882538301,0.01052272462184521,0.35989415210056602,0.30690761168272263,0.61939607294565358,0.17326902172950226,0.33225703580834753,0.68451598297736982,0.76637741705820839,0.62061174738996872,0.97015204328713256,0.89526836331041626,0.6977973818130222,0.10326325370615987,0.713811268691108,True,,1,0,Slot__Patch;Slot__CPW_Feed_Pin;Patch__CPW_Feed_Pin,True,Slot__CPW_Feed_Pin,,Slot__CPW_Feed_Pin,,"{""Slot__CPW_Feed_Pin"": {""geometry_type"": ""MultiLineString"", ""relations"": ""overlaps"", ""wkt"": ""MULTILINESTRING ((0.5 19.83, 0 19.83), (0 19.83, -0.5 19.83))""}}",True,,,True,lhs
93,42.662678474175721,2.7517818495524664,8.1902665362225271,1.399663861398305,2.3060621023845509,15.795195431230596,5.8559434080247339,0.39042359117324876,0.74402403120767036,0.73099071991041842,0.67165748314624396,0.26225119792879237,0.22706263459592069,0.45468820241636426,0.73014664588741973,0.032902440660228488,0.14260762086899315,0.35811653736520632,0.37088677804423942,0.66616664645251067,0.55706802935055499,0.52286891000113023,0.95676591410474177,True,,1,0,Slot__Patch;Slot__CPW_Feed_Pin;Patch__CPW_Feed_Pin,True,Slot__CPW_Feed_Pin,,Slot__CPW_Feed_Pin,,"{""Slot__CPW_Feed_Pin"": {""geometry_type"": ""MultiLineString"", ""relations"": ""overlaps"", ""wkt"": ""MULTILINESTRING ((0.5 24.92, 0 24.92), (0 24.92, -0.5 24.92))""}}",True,,,True,lhs
94,42.415751851707455,1.7894468398618093,8.2938674377530823,3.148986546739712,2.1584357745666978,20.478775312138797,5.5358703274657053,0.62536827830022135,0.38882647357364547,0.4455452955613125,0.15249605999953306,0.50697402084494847,0.45473189541067982,0.097555011038819681,0.56151340186141219,0.55707375567625428,0.4956583943300889,0.17868050785770814,0.93201688474848321,0.20721346176152874,0.34388638835330443,0.93548241043823421,0.30522651149156976,True,,1,0,Slot__Patch;Slot__CPW_Feed_Pin;Patch__CPW_Feed_Pin,True,Slot__CPW_Feed_Pin,,Slot__CPW_Feed_Pin,,"{""Slot__CPW_Feed_Pin"": {""geometry_type"": ""MultiLineString"", ""relations"": ""overlaps"", ""wkt"": ""MULTILINESTRING ((0.5 23.48, 0 23.48), (0 23.48, -0.5 23.48))""}}",True,,,True,lhs
95,28.931920302380743,1.9803901597075959,7.760610350565269,2.5141923441505041,1.5117116807751563,11.31692258942239,5.4228674727239934,0.24984684467974053,0.28140979050256926,0.49384576078934661,0.97607345762033892,0.28878449913084608,0.72811239397180594,0.9808559882563771,0.11897822667674025,0.46260160364005437,0.19032090267503704,0.41856970479566297,0.71995641523612519,0.83582388573085664,0.18129874730889065,0.070460883558161783,0.29766232369955709,True,,1,0,Slot__Patch;Slot__CPW_Feed_Pin;Patch__CPW_Feed_Pin,True,Slot__CPW_Feed_Pin,,Slot__CPW_Feed_Pin,,"{""Slot__CPW_Feed_Pin"": {""geometry_type"": ""MultiLineString"", ""relations"": ""overlaps"", ""wkt"": ""MULTILINESTRING ((0.5 22.91, 0 22.91), (0 22.91, -0.5 22.91))""}}",True,,,True,lhs
96,54.727416756403564,1.1187030612140729,7.7771982166395279,3.1288448877529209,2.0892125134839139,21.450056024609886,4.3297341920614034,0.75974798719296832,0.40430328193412407,0.20570828573325067,0.54909480884516915,0.43771502049672123,0.10498144874029855,0.89133325278875297,0.40228654392910818,0.7275048931679825,0.50515418973184234,0.64926728532921174,0.29560221704244338,0.37981099129420803,0.9537503295745583,0.014907652032835991,0.96074634722219887,True,,1,0,Slot__Patch;Slot__CPW_Feed_Pin;Patch__CPW_Feed_Pin,True,Slot__CPW_Feed_Pin,,Slot__CPW_Feed_Pin,,"{""Slot__CPW_Feed_Pin"": {""geometry_type"": ""MultiLineString"", ""relations"": ""overlaps"", ""wkt"": ""MULTILINESTRING ((0.5 21.54, 0 21.54), (0 21.54, -0.5 21.54))""}}",True,,,True,lhs
97,22.387812948992366,2.6583317062052103,7.043711726146423,1.9223687106574179,1.6363178328139338,10.313488565831779,4.4271729349616677,0.41812203014722105,0.15029982554473917,0.77540721957849823,0.89372081963593242,0.38416897626113883,0.97662791633754886,0.96339683766918227,0.67892490788050031,0.60299016396755811,0.40741193929378211,0.42000880631437104,0.33520336183379501,0.33758087523905311,0.52890480292902631,0.51711762180280552,0.91347673561090648,True,,1,0,Slot__Patch;Slot__CPW_Feed_Pin;Patch__CPW_Feed_Pin,True,Slot__CPW_Feed_Pin,,Slot__CPW_Feed_Pin,,"{""Slot__CPW_Feed_Pin"": {""geometry_type"": ""MultiLineString"", ""relations"": ""overlaps"", ""wkt"": ""MULTILINESTRING ((0.5 22.72, 0 22.72), (0 22.72, -0.5 22.72))""}}",True,,,True,lhs
98,20.929713384444398,1.9291459725343589,8.5411628687885965,1.8212694626237691,1.3672184220026993,7.5786150754283703,3.5211725867458457,0.7671779361180584,0.31793539882806277,0.92478852571998604,0.31631166259710908,0.52199058347154581,0.016115567134598507,0.74743208018734875,0.65914756082506121,0.37954015245501438,0.2485578438918587,0.31812380804323975,0.51128880772167307,0.33102642997537562,0.099141445627386623,0.59613041305489656,0.1193120544840769,True,,1,0,Slot__Patch;Slot__CPW_Feed_Pin;Patch__CPW_Feed_Pin,True,Slot__CPW_Feed_Pin,,Slot__CPW_Feed_Pin,,"{""Slot__CPW_Feed_Pin"": {""geometry_type"": ""MultiLineString"", ""relations"": ""overlaps"", ""wkt"": ""MULTILINESTRING ((0.5 20.81, 0 20.81), (0 20.81, -0.5 20.81))""}}",True,,,True,lhs
99,27.803583753858867,2.0990179111774032,7.189891381708776,1.3083720110969344,1.5901924178906999,15.397686455893577,4.5684785554435789,0.12308144597396567,0.6904857025347193,0.18317107143217126,0.19040630103087308,0.57921203105344832,0.76238399092364817,0.040758603743370564,0.77529014303930044,0.066563991597195588,0.63277800949040186,0.95169080842902587,0.43269706080378018,0.7258476610132033,0.97287246224452184,0.31988788507791388,0.37993547761287372,True,,1,0,Slot__Patch;Slot__CPW_Feed_Pin;Patch__CPW_Feed_Pin,True,Slot__CPW_Feed_Pin,,Slot__CPW_Feed_Pin,,"{""Slot__CPW_Feed_Pin"": {""geometry_type"": ""MultiLineString"", ""relations"": ""overlaps"", ""wkt"": ""MULTILINESTRING ((0.5 22.26, 0 22.26), (0 22.26, -0.5 22.26))""}}",True,,,True,lhs
100,54.128720452723442,2.407813426934708,3.5802891713581237,1.9649910262122325,2.1501410511234322,20.143568223670144,4.6680745933771561,0.49214036230381714,0.66310018365209367,0.45909808387393941,0.82320903583249316,0.16732540728300566,0.73369506284828401,0.76179472242486135,0.53086235765053458,0.36399322308444382,0.79904784179357768,0.47228224814120778,0.11601634699606288,0.97928282116423704,0.91989920920858803,0.82023177726198682,0.9573648825043527,True,,1,0,Slot__Patch;Slot__CPW_Feed_Pin;Patch__CPW_Feed_Pin,True,Slot__CPW_Feed_Pin,,Slot__CPW_Feed_Pin,,"{""Slot__CPW_Feed_Pin"": {""geometry_type"": ""MultiLineString"", ""relations"": ""overlaps"", ""wkt"": ""MULTILINESTRING ((0.5 23.22, 0 23.22), (0 23.22, -0.5 23.22))""}}",True,,,True,lhs
101,49.94717968973066,2.8278130299465611,3.6534223841360518,2.6943814552604861,1.4191345346893753,22.494073605620834,5.8699945472908777,0.84360071810669934,0.45048021704506741,0.26677814590210985,0.46723891945768581,0.32420990465317545,0.43969822495133409,0.5419071128970574,0.54307995295794798,0.82939288043252246,0.23115576395308826,0.052995992399252088,0.03101579160568687,0.49055990961361545,0.20366884275652039,0.68597073123521046,0.6375334212883067,True,,1,0,Slot__Patch;Slot__CPW_Feed_Pin;Patch__CPW_Feed_Pin,True,Slot__CPW_Feed_Pin,,Slot__CPW_Feed_Pin,,"{""Slot__CPW_Feed_Pin"": {""geometry_type"": ""MultiLineString"", ""relations"": ""overlaps"", ""wkt"": ""MULTILINESTRING ((0.5 24.11, 0 24.11), (0 24.11, -0.5 24.11))""}}",True,,,True,lhs
102,39.94555488096848,2.6290509173627141,4.6625582312648923,1.6847187784280597,2.4471516721272475,13.134460173819647,3.911567839006012,0.81235005965393414,0.7720969688417636,0.079821878992605538,0.62165023615319948,0.00068875848572760184,0.69305077898366851,0.12085682022150632,0.43715051575731595,0.7815918745124607,0.87873208214824072,0.65365860744235993,0.089449456136450931,0.20972597735758985,0.29394176442624648,0.054146820860043049,0.2773854623094455,False,ValueError: producer reported invalid exported polygon(s): Patch,,0,Slot__Patch;Slot__CPW_Feed_Pin;Patch__CPW_Feed_Pin,True,Slot__CPW_Feed_Pin,,Slot__CPW_Feed_Pin,,"{""Slot__CPW_Feed_Pin"": {""geometry_type"": ""MultiLineString"", ""relations"": ""overlaps"", ""wkt"": ""MULTILINESTRING ((0.5 22.98, 0 22.98), (0 22.98, -0.5 22.98))""}}",True,,ValueError: producer reported invalid exported polygon(s): Patch,False,lhs
103,28.883722658502933,1.7359928764954635,8.4910644044222074,3.6728817217345942,2.3468520236522923,18.365754723614131,4.5733212200070987,0.83419742558908994,0.60714634017943991,0.17037599493542713,0.023136704781414986,0.85104932793330945,0.89857507779107559,0.09491621841303767,0.54053541562698149,0.69540436092949065,0.76010916194507661,0.35938733311693721,0.87141046024113544,0.53482411078397785,0.66549278686251045,0.99422883015128061,0.10254682950823064,True,,1,0,Slot__Patch;Slot__CPW_Feed_Pin;Patch__CPW_Feed_Pin,True,Slot__CPW_Feed_Pin,,Slot__CPW_Feed_Pin,,"{""Slot__CPW_Feed_Pin"": {""geometry_type"": ""MultiLineString"", ""relations"": ""overlaps"", ""wkt"": ""MULTILINESTRING ((0.5 22.66, 0 22.66), (0 22.66, -0.5 22.66))""}}",True,,,True,lhs
104,37.887461603596073,1.8027104698192853,6.8784576781156659,2.2294686660757175,1.9764882441466156,22.383790305762719,3.1795557107405381,0.043808855262744285,0.027241809561412662,0.33200237125632132,0.95787876152431617,0.70016529078093726,0.19276047425763343,0.89695292971311835,0.68509147410452176,0.71175382702752132,0.93992393191640566,0.98269084401989459,0.8448039438663062,0.11871333042012586,0.31345848996083109,0.22540748404285871,0.39788832541863428,True,,1,0,Slot__Patch;Slot__CPW_Feed_Pin;Patch__CPW_Feed_Pin,True,Slot__CPW_Feed_Pin,,Slot__CPW_Feed_Pin,,"{""Slot__CPW_Feed_Pin"": {""geometry_type"": ""MultiLineString"", ""relations"": ""overlaps"", ""wkt"": ""MULTILINESTRING ((0.5 20.96, 0 20.96), (0 20.96, -0.5 20.96))""}}",True,,,True,lhs
105,31.807505820099891,1.2491410522240831,4.2748778274498571,2.14764048937292,2.0828983385686692,14.488671543656549,2.7949575946551626,0.37745594998951792,0.45656513973885632,0.480460465849461,0.30324034923247806,0.41496078071034931,0.31527974465926578,0.015203299407304105,0.81491066794751088,0.56938486952677836,0.33466610456755452,0.58672701190543741,0.17564553021550913,0.79764307163091819,0.59132284022616499,0.11446058079742512,0.31344944701471633,True,,1,0,Slot__Patch;Slot__CPW_Feed_Pin;Patch__CPW_Feed_Pin,True,Slot__CPW_Feed_Pin,,Slot__CPW_Feed_Pin,,"{""Slot__CPW_Feed_Pin"": {""geometry_type"": ""MultiLineString"", ""relations"": ""overlaps"", ""wkt"": ""MULTILINESTRING ((0.5 20.12, 0 20.12), (0 20.12, -0.5 20.12))""}}",True,,,True,lhs
106,18.474495743493357,1.2358599784372859,4.4457570850450079,1.3701622206289696,1.4137124995776784,10.596052258343155,3.1271521331446568,0.92144665894153499,0.72334866467579295,0.41498250373730505,0.63517319972276975,0.96298913196228786,0.070234760452580106,0.088738903051123322,0.89623018251841169,0.81453270854072291,0.61800551844554497,0.37712844132968848,0.50192522966971664,0.59774115932015981,0.90124158568692292,0.91699048935911398,0.38465018622123526,True,,1,0,Slot__Patch;Slot__CPW_Feed_Pin;Patch__CPW_Feed_Pin,True,Slot__CPW_Feed_Pin,,Slot__CPW_Feed_Pin,,"{""Slot__CPW_Feed_Pin"": {""geometry_type"": ""MultiLineString"", ""relations"": ""overlaps"", ""wkt"": ""MULTILINESTRING ((0.5 19.78, 0 19.78), (0 19.78, -0.5 19.78))""}}",True,,,True,lhs
107,41.95912997995422,1.8902593559288974,7.2282962765389041,2.7686288584637371,2.2892808733960912,21.85624073214791,2.5439302352013162,0.23934243545031786,0.19086873739639937,0.69511565137827946,0.00032589144709129305,0.83746608511807219,0.16236474391643474,0.41454009135703568,0.090270837762381081,0.55135965386246877,0.58755579153899051,0.039440991168491403,0.35239679249950018,0.93909690170024274,0.80264459081196993,0.51880316438055951,0.80563732001222299,True,,1,0,Slot__Patch;Slot__CPW_Feed_Pin;Patch__CPW_Feed_Pin,True,Slot__CPW_Feed_Pin,,Slot__CPW_Feed_Pin,,"{""Slot__CPW_Feed_Pin"": {""geometry_type"": ""MultiLineString"", ""relations"": ""overlaps"", ""wkt"": ""MULTILINESTRING ((0.5 20.73, 0 20.73), (0 20.73, -0.5 20.73))""}}",True,,,True,lhs
108,34.887665662506961,1.9427188720466204,6.1388059655527485,3.1367779461688992,2.5622337016873766,9.5871680139542779,2.6322463393111688,0.01144542227275064,0.42232771511588552,0.61017623281988997,0.62347626987188642,0.83001738913282297,0.39450012808585211,0.69752724383611464,0.36979344228294575,0.89747114794519733,0.80155376193081895,0.82253878518086687,0.094789293067207209,0.68199084657113995,0.43079650176500872,0.48187640475622712,0.48011959632257534,True,,1,0,Slot__Patch;Slot__CPW_Feed_Pin;Patch__CPW_Feed_Pin,True,Slot__CPW_Feed_Pin,,Slot__CPW_Feed_Pin,,"{""Slot__CPW_Feed_Pin"": {""geometry_type"": ""MultiLineString"", ""relations"": ""overlaps"", ""wkt"": ""MULTILINESTRING ((0.5 21.14, 0 21.14), (0 21.14, -0.5 21.14))""}}",True,,,True,lhs
109,29.662311324502202,1.0568782086370749,5.9916978396456342,2.2132542123220205,1.6183887212737982,19.327372094963749,2.971671535769671,0.11384646394238827,0.33992116974296133,0.88215628468925955,0.073212081988238642,0.21100755842059266,0.88955551063583282,0.98381702288425221,0.94274400002910019,0.012857113228327006,0.8735358726883713,0.06671566815302761,0.52089120425076674,0.28659508908308379,0.60184301406044161,0.2628033191437561,0.07022304496334722,True,,1,0,Slot__Patch;Slot__CPW_Feed_Pin;Patch__CPW_Feed_Pin,True,Slot__CPW_Feed_Pin,,Slot__CPW_Feed_Pin,,"{""Slot__CPW_Feed_Pin"": {""geometry_type"": ""MultiLineString"", ""relations"": ""overlaps"", ""wkt"": ""MULTILINESTRING ((0.5 19.65, 0 19.65), (0 19.65, -0.5 19.65))""}}",True,,,True,lhs
110,57.440119932937712,2.6070481132476946,6.112061021782222,1.6384879896977909,1.2595353230501669,16.434320511554812,5.5154995789077343,0.67823795233568862,0.35931386167530893,0.11682138247362643,0.91277936906080892,0.14104619447725231,0.88158759392057595,0.935541197805283,0.54513054990239906,0.31916482760133957,0.21943432909400851,0.88234733050509762,0.67836465070822272,0.89756800234300571,0.47938130532168505,0.060488947777218825,0.26362168206467973,True,,1,0,Slot__Patch;Slot__CPW_Feed_Pin;Patch__CPW_Feed_Pin,True,Slot__CPW_Feed_Pin,,Slot__CPW_Feed_Pin,,"{""Slot__CPW_Feed_Pin"": {""geometry_type"": ""MultiLineString"", ""relations"": ""overlaps"", ""wkt"": ""MULTILINESTRING ((0.5 23.38, 0 23.38), (0 23.38, -0.5 23.38))""}}",True,,,True,lhs
111,53.189583791361557,2.9041921813284342,3.1199423506969621,3.0390999602820514,1.8019125337101407,12.682722067364841,4.680140458063299,0.66061940205623415,0.25725889662938251,0.3120962830230492,0.9814506006664484,0.83952984183051282,0.098708269248977326,0.1716855592581574,0.72106547856181424,0.28959804593839233,0.43945170952522178,0.79990824024825524,0.16337091704190174,0.22991989376817926,0.7023865561262348,0.7375838434956703,0.56992229288571084,True,,1,0,Slot__Patch;Slot__CPW_Feed_Pin;Patch__CPW_Feed_Pin,True,Slot__CPW_Feed_Pin,,Slot__CPW_Feed_Pin,,"{""Slot__CPW_Feed_Pin"": {""geometry_type"": ""MultiLineString"", ""relations"": ""overlaps"", ""wkt"": ""MULTILINESTRING ((0.5 23.38, 0 23.38), (0 23.38, -0.5 23.38))""}}",True,,,True,lhs
112,58.0089578406809,1.6413457518263974,3.9465688214679782,3.1199119910262958,1.0224860928267452,8.1008656436645445,3.6875442309104391,0.0051801796700287027,0.44071675867302479,0.1041109385540796,0.79486236093428486,0.46394416567311142,0.9075807108994316,0.57190621798765129,0.66941532676997539,0.85656140433862282,0.38901683061063397,0.038135079361719199,0.4925321759078824,0.10087372702364519,0.49472920571016543,0.35691400940724416,0.73588457783031025,True,,1,0,Slot__Patch;Slot__CPW_Feed_Pin;Patch__CPW_Feed_Pin,True,Slot__CPW_Feed_Pin,,Slot__CPW_Feed_Pin,,"{""Slot__CPW_Feed_Pin"": {""geometry_type"": ""MultiLineString"", ""relations"": ""overlaps"", ""wkt"": ""MULTILINESTRING ((0.5 20.35, 0 20.35), (0 20.35, -0.5 20.35))""}}",True,,,True,lhs
113,43.353185413636666,1.0010400250035043,5.72906875598854,1.937788631588981,1.5019660880064674,17.243076646496668,4.9741971229214119,0.63065349151117878,0.43043706041884505,0.34131426062715137,0.81364885525064745,0.43345555742867942,0.33402741199978908,0.94783126358943981,0.36288709427453103,0.9553133776531767,0.63356326616479486,0.52327081957597965,0.71742630050989453,0.69524839377335734,0.71102787847515503,0.25869490475251927,0.026085795760449341,True,,1,0,Slot__Patch;Slot__CPW_Feed_Pin;Patch__CPW_Feed_Pin,True,Slot__CPW_Feed_Pin,,Slot__CPW_Feed_Pin,,"{""Slot__CPW_Feed_Pin"": {""geometry_type"": ""MultiLineString"", ""relations"": ""overlaps"", ""wkt"": ""MULTILINESTRING ((0.5 21.48, 0 21.48), (0 21.48, -0.5 21.48))""}}",True,,,True,lhs
114,42.962990531779397,1.1978940406924963,7.9472289721966334,1.4232981038822974,2.1780596086220965,19.379949674705241,5.8033043406038214,0.70215165919195255,0.13404746868841647,0.95330543277465296,0.24378989853508842,0.088730235107358502,0.74750071938540652,0.39247370817119209,0.0081278923752657016,0.72217563073190183,0.16382158831357993,0.7753968573758413,0.80976654965292616,0.75625703498280694,0.65690822789812564,0.18100858753016075,0.80731578703693796,True,,1,0,Slot__Patch;Slot__CPW_Feed_Pin;Patch__CPW_Feed_Pin,True,Slot__CPW_Feed_Pin,,Slot__CPW_Feed_Pin,,"{""Slot__CPW_Feed_Pin"": {""geometry_type"": ""MultiLineString"", ""relations"": ""overlaps"", ""wkt"": ""MULTILINESTRING ((0.5 23.18, 0 23.18), (0 23.18, -0.5 23.18))""}}",True,,,True,lhs
115,58.373292643982232,2.8700339841348566,8.109010194271514,1.8705966173193316,1.7299320702513483,17.298151851252783,5.4595439770030794,0.60887360622784747,0.13155683456568185,0.063132449841256752,0.6199361312346201,0.39041135108107866,0.17466970957736441,0.37680620667009346,0.89244676388016464,0.67034851211378199,0.32907179220238741,0.13762967424183159,0.57965401963320451,0.33462200719484164,0.02511811816741772,0.47267710281914821,0.46588757890102739,True,,1,0,Slot__Patch;Slot__CPW_Feed_Pin;Patch__CPW_Feed_Pin,True,Slot__CPW_Feed_Pin,,Slot__CPW_Feed_Pin,,"{""Slot__CPW_Feed_Pin"": {""geometry_type"": ""MultiLineString"", ""relations"": ""overlaps"", ""wkt"": ""MULTILINESTRING ((0.5 24.06, 0 24.06), (0 24.06, -0.5 24.06))""}}",True,,,True,lhs
116,56.326334860993718,1.4963000763898902,8.5675240623279567,3.0840991763468866,1.3987877222746836,18.49843479651463,4.3941707577216089,0.32516286229929087,0.10179238634553102,0.31541856519619565,0.069228491657470553,0.40834427848523575,0.27680257735343194,0.56854289341211917,0.3721406835322133,0.25011363983653756,0.19668703019247835,0.62628985156283301,0.19725502452871677,0.57949590712941779,0.98440578427429759,0.82789668751344603,0.28897867866553995,True,,1,0,Slot__Patch;Slot__CPW_Feed_Pin;Patch__CPW_Feed_Pin,True,Slot__CPW_Feed_Pin,,Slot__CPW_Feed_Pin,,"{""Slot__CPW_Feed_Pin"": {""geometry_type"": ""MultiLineString"", ""relations"": ""overlaps"", ""wkt"": ""MULTILINESTRING ((0.5 21.29, 0 21.29), (0 21.29, -0.5 21.29))""}}",True,,,True,lhs
117,37.088157952745163,2.7699472976974784,7.0553918036811067,2.2208233929791317,2.7705365954325059,21.4781252140154,5.7574713721700235,0.85376308089323782,0.3621575259553636,0.86561530249336804,0.69768990005874754,0.14433075890213518,0.78630213303242014,0.64271735038436117,0.65045972353940185,0.49518355780685686,0.12439981123932382,0.15439115002246742,0.4158566339881189,0.36361002654631419,0.57332156509065646,0.46333550818002006,0.36888547761146817,True,,1,0,Slot__Patch;Slot__CPW_Feed_Pin;Patch__CPW_Feed_Pin,True,Slot__CPW_Feed_Pin,,Slot__CPW_Feed_Pin,,"{""Slot__CPW_Feed_Pin"": {""geometry_type"": ""MultiLineString"", ""relations"": ""overlaps"", ""wkt"": ""MULTILINESTRING ((0.5 25.29, 0 25.29), (0 25.29, -0.5 25.29))""}}",True,,,True,lhs
118,16.449812089375985,2.7319501559724197,3.4260954991458101,1.6223850718947419,1.4506624359813982,18.019437841829124,2.4298198771339985,0.050071383815605219,0.64829764727788364,0.19398413998049216,0.70885514471976407,0.29182118652958605,0.54107709604730592,0.70589939742663554,0.56562395719716985,0.17467599454495938,0.17184067134159128,0.42964598144366123,0.46700204962249137,0.98148208738076403,0.35653735935011843,0.78037867838932928,0.88954712859579887,True,,1,0,Slot__Patch;Slot__CPW_Feed_Pin;Patch__CPW_Feed_Pin,True,Slot__CPW_Feed_Pin,,Slot__CPW_Feed_Pin,,"{""Slot__CPW_Feed_Pin"": {""geometry_type"": ""MultiLineString"", ""relations"": ""overlaps"", ""wkt"": ""MULTILINESTRING ((0.5 20.62, 0 20.62), (0 20.62, -0.5 20.62))""}}",True,,,True,lhs
119,54.635103255259594,1.0248069923549394,7.4270064804495162,1.4275096083187855,1.0073170732007051,17.828537305351613,3.3669214218685801,0.40092230492662934,0.59883854657665991,0.66614504167092892,0.31810558337703831,0.30451090518272572,0.8426855578850041,0.64252769781584917,0.42765976766068697,0.58213985722143691,0.50656770309460486,0.13582653183378751,0.017251121478162216,0.58733961646535704,0.22339302518435428,0.90162532952266294,0.71719928216495965,True,,1,0,Slot__Patch;Slot__CPW_Feed_Pin;Patch__CPW_Feed_Pin,True,Slot__CPW_Feed_Pin,,Slot__CPW_Feed_Pin,,"{""Slot__CPW_Feed_Pin"": {""geometry_type"": ""MultiLineString"", ""relations"": ""overlaps"", ""wkt"": ""MULTILINESTRING ((0.5 19.4, 0 19.4), (0 19.4, -0.5 19.4))""}}",True,,,True,lhs
120,22.749894536663156,1.6917182416664076,5.0297202526876381,3.0705103816288091,2.1892702083643343,9.8974463841113174,5.436449292784916,0.6271439608695788,0.8090133392117036,0.039387162615966337,0.22007889734782304,0.97683757464544174,0.19657018683222308,0.13732559569438324,0.3774580093683802,0.40300069663085797,0.31552801890225279,0.0045079442193661484,0.73946235302936314,0.63167571647426324,0.18898485394755316,0.85191377007958091,0.37798196194197925,True,,1,0,Slot__Patch;Slot__CPW_Feed_Pin;Patch__CPW_Feed_Pin,True,Slot__CPW_Feed_Pin,,Slot__CPW_Feed_Pin,,"{""Slot__CPW_Feed_Pin"": {""geometry_type"": ""MultiLineString"", ""relations"": ""overlaps"", ""wkt"": ""MULTILINESTRING ((0.5 23.32, 0 23.32), (0 23.32, -0.5 23.32))""}}",True,,,True,lhs
121,53.238863311359992,1.5059680142637659,6.5730528164551254,3.2929071796840059,2.5358855508009976,14.109542685368789,2.2695780202677538,0.32409041097113311,0.93713470761266826,0.61296481898111166,0.16482421029180852,0.027857510904650995,0.85004514218609017,0.65455320451718912,0.47953220640032296,0.42655978042573772,0.68446224501785602,0.89519740370213263,0.3433487235536487,0.68673159100086556,0.07982874149347377,0.79550304125219096,0.88294274718005261,True,,1,0,Slot__Patch;Slot__CPW_Feed_Pin;Patch__CPW_Feed_Pin,True,Slot__CPW_Feed_Pin,,Slot__CPW_Feed_Pin,,"{""Slot__CPW_Feed_Pin"": {""geometry_type"": ""MultiLineString"", ""relations"": ""overlaps"", ""wkt"": ""MULTILINESTRING ((0.5 20.31, 0 20.31), (0 20.31, -0.5 20.31))""}}",True,,,True,lhs
122,22.725976511506158,2.3214674788744967,6.884726347850278,2.4100428330784531,2.1027150039326914,11.827255974971596,2.0267009380051935,0.11884063891278852,0.5856045440985872,0.084675563602505624,0.75328059749089793,0.41291882860610635,0.87819987182329451,0.64967434262579493,0.3914757918773919,0.010781542135144356,0.99537502012917378,0.74017628328592677,0.67377260050251497,0.063703875058039483,0.66006196771299319,0.38852754499717174,0.047587671099534594,True,,1,0,Slot__Patch;Slot__CPW_Feed_Pin;Patch__CPW_Feed_Pin,True,Slot__CPW_Feed_Pin,,Slot__CPW_Feed_Pin,,"{""Slot__CPW_Feed_Pin"": {""geometry_type"": ""MultiLineString"", ""relations"": ""overlaps"", ""wkt"": ""MULTILINESTRING ((0.5 20.45, 0 20.45), (0 20.45, -0.5 20.45))""}}",True,,,True,lhs
123,57.228462945388777,1.2959723620759498,5.7148664062886834,1.5346052838263942,1.5076309339653018,13.542568789837636,3.5359945275158111,0.44804229521458983,0.75040329484053214,0.87636059115280029,0.64582915936395113,0.19191216855188209,0.8061005656849467,0.26033687492923518,0.96378188113136865,0.13946744107886178,0.13498905968418959,0.29961771597491987,0.90643794191320481,0.42723623537334043,0.92198760761763998,0.19701345802642428,0.18710147235075655,True,,1,0,Slot__Patch;Slot__CPW_Feed_Pin;Patch__CPW_Feed_Pin,True,Slot__CPW_Feed_Pin,,Slot__CPW_Feed_Pin,,"{""Slot__CPW_Feed_Pin"": {""geometry_type"": ""MultiLineString"", ""relations"": ""overlaps"", ""wkt"": ""MULTILINESTRING ((0.5 20.34, 0 20.34), (0 20.34, -0.5 20.34))""}}",True,,,True,lhs
124,48.249501627707595,1.3291670827420963,5.5940515319222621,2.1504967312431305,2.355256703103402,19.737338858524343,2.726337558169039,0.33993115091052167,0.013927341989772715,0.011745673652486788,0.95929470207719614,0.84070745794555302,0.26311883800605029,0.2747821186078484,0.69158475876270853,0.50645668434616753,0.85111535847261055,0.84198255796140287,0.91351008745718032,0.61495107835795482,0.36194564131749335,0.78193900401208294,0.0067943950411171617,True,,1,0,Slot__Patch;Slot__CPW_Feed_Pin;Patch__CPW_Feed_Pin,True,Slot__CPW_Feed_Pin,,Slot__CPW_Feed_Pin,,"{""Slot__CPW_Feed_Pin"": {""geometry_type"": ""MultiLineString"", ""relations"": ""overlaps"", ""wkt"": ""MULTILINESTRING ((0.5 20.41, 0 20.41), (0 20.41, -0.5 20.41))""}}",True,,,True,lhs
125,49.457313509698267,1.1084250453076783,5.1262718207482365,1.7990564571326171,2.6018138927582375,14.143007765575755,3.8519947581045377,0.53820146675119473,0.33693741017870543,0.83075427432203597,0.72189212641294109,0.17252469012962185,0.023730397604139843,0.21759269552071961,0.95473133730273718,0.89145210614241055,0.67609881559931673,0.46203506062078659,0.59818228512549276,0.92654475465224873,0.48777099380881278,0.74001545843274641,0.80452439465387005,True,,1,0,Slot__Patch;Slot__CPW_Feed_Pin;Patch__CPW_Feed_Pin,True,Slot__CPW_Feed_Pin,,Slot__CPW_Feed_Pin,,"{""Slot__CPW_Feed_Pin"": {""geometry_type"": ""MultiLineString"", ""relations"": ""overlaps"", ""wkt"": ""MULTILINESTRING ((0.5 21.56, 0 21.56), (0 21.56, -0.5 21.56))""}}",True,,,True,lhs
126,25.494778844177844,2.9108940923675783,3.0453732439757033,2.9121967963616022,1.4272782226229932,21.750684274973199,4.6215084374652786,0.074625884366352466,0.012411490571406855,0.29460626039490639,0.055600858947727941,0.64334396364962232,0.65613920550969795,0.77506621244266316,0.65341631521051857,0.87728054865096761,0.51812267002729984,0.7277946337957385,0.42664663253879165,0.70740610396696613,0.82062567889425264,0.88418528360414239,0.48472624196700259,True,,1,0,Slot__Patch;Slot__CPW_Feed_Pin;Patch__CPW_Feed_Pin,True,Slot__CPW_Feed_Pin,,Slot__CPW_Feed_Pin,,"{""Slot__CPW_Feed_Pin"": {""geometry_type"": ""MultiLineString"", ""relations"": ""overlaps"", ""wkt"": ""MULTILINESTRING ((0.5 22.96, 0 22.96), (0 22.96, -0.5 22.96))""}}",True,,,True,lhs
127,34.174452496331682,2.0194383127375293,6.8349006189890957,3.539328151798248,2.9793769949422484,14.799624197343952,4.16114677387647,0.56033557795825883,0.82264243924755109,0.73360022314450679,0.3097076233452869,0.24194374110780864,0.50138606091326809,0.57297681401340506,0.67763187872730757,0.23168474622044635,0.6151083031750596,0.60555306880317161,0.85946290525197977,0.31004855646826113,0.042126942374207312,0.61217023388556002,0.77404809678380571,True,,1,0,Slot__Patch;Slot__CPW_Feed_Pin;Patch__CPW_Feed_Pin,True,Slot__CPW_Feed_Pin,,Slot__CPW_Feed_Pin,,"{""Slot__CPW_Feed_Pin"": {""geometry_type"": ""MultiLineString"", ""relations"": ""overlaps"", ""wkt"": ""MULTILINESTRING ((0.5 23.16, 0 23.16), (0 23.16, -0.5 23.16))""}}",True,,,True,lhs
128,58.944149646873079,2.5500957564576092,7.5892442793652979,1.4195672173582463,1.7224304828170469,22.192764266919284,3.8317822933408316,0.18231444340301267,0.43481108414609487,0.42953909216765651,0.15460639328875167,0.52973248742162227,0.38915683950176128,0.52995317400415454,0.76241554499117847,0.20933780008742869,0.30123180648393805,0.71022626715528725,0.60409196504831619,0.45048827226732963,0.21710096435753373,0.6789228651403133,0.6489848180045984,True,,1,0,Slot__Patch;Slot__CPW_Feed_Pin;Patch__CPW_Feed_Pin,True,Slot__CPW_Feed_Pin,,Slot__CPW_Feed_Pin,,"{""Slot__CPW_Feed_Pin"": {""geometry_type"": ""MultiLineString"", ""relations"": ""overlaps"", ""wkt"": ""MULTILINESTRING ((0.5 22.11, 0 22.11), (0 22.11, -0.5 22.11))""}}",True,,,True,lhs
129,41.282303349735997,2.1561239600497482,6.9018914171213392,2.0957061531580754,2.6148631222331131,16.87881270761493,5.837872734818724,0.1811961786643207,0.16459354162561332,0.049561510237338097,0.44931639104181048,0.27152134158030045,0.18452063040332961,0.10457223025986816,0.89688039287734711,0.28896160317158198,0.26799840741416264,0.032593881353336303,0.54098320276463085,0.26413465441584205,0.53837990280668269,0.65783628241687264,0.31703350386857265,True,,1,0,Slot__Patch;Slot__CPW_Feed_Pin;Patch__CPW_Feed_Pin,True,Slot__CPW_Feed_Pin,,Slot__CPW_Feed_Pin,,"{""Slot__CPW_Feed_Pin"": {""geometry_type"": ""MultiLineString"", ""relations"": ""overlaps"", ""wkt"": ""MULTILINESTRING ((0.5 24.61, 0 24.61), (0 24.61, -0.5 24.61))""}}",True,,,True,lhs
130,57.132765529683674,1.8351023386720642,6.8069653766037099,1.3344914578425688,1.0747811180325646,16.733062874410322,2.7309615994954286,0.44141258734478273,0.18820233329796959,0.57806171284625452,0.53012346017871559,0.34638389700928185,0.1766428725988852,0.19157591134030627,0.057155288085044408,0.24803744486869772,0.9320682436611748,0.048160545608942423,0.47915960637086075,0.38166077433231055,0.43741888347808744,0.3700128516958493,0.60582385324830379,True,,1,0,Slot__Patch;Slot__CPW_Feed_Pin;Patch__CPW_Feed_Pin,True,Slot__CPW_Feed_Pin,,Slot__CPW_Feed_Pin,,"{""Slot__CPW_Feed_Pin"": {""geometry_type"": ""MultiLineString"", ""relations"": ""overlaps"", ""wkt"": ""MULTILINESTRING ((0.5 19.64, 0 19.64), (0 19.64, -0.5 19.64))""}}",True,,,True,lhs
131,44.354679791219596,1.1331936304807428,3.140123641304299,3.3935317982790201,2.8624319447183515,16.645598371875707,2.3597603769972162,0.67540679137525006,0.28979598396121747,0.68895172414532357,0.84348691751423999,0.61893843561618389,0.15403967555967676,0.19829114767212166,0.064454974137058682,0.3898882312362893,0.65213180984443386,0.72399370392045626,0.092051851481800437,0.15572069035443831,0.53952303400034984,0.58995827213320939,0.72194814679698949,True,,1,0,Slot__Patch;Slot__CPW_Feed_Pin;Patch__CPW_Feed_Pin,True,Slot__CPW_Feed_Pin,,Slot__CPW_Feed_Pin,,"{""Slot__CPW_Feed_Pin"": {""geometry_type"": ""MultiLineString"", ""relations"": ""overlaps"", ""wkt"": ""MULTILINESTRING ((0.5 20.36, 0 20.36), (0 20.36, -0.5 20.36))""}}",True,,,True,lhs
132,33.392988751712366,2.8348245738616549,8.1304991254774794,3.8993681130721818,1.7023402744195821,12.375276474946357,2.997278040723061,0.16217136218203365,0.37893472039077275,0.43285158113888494,0.11953593135664003,0.98494846488502641,0.7323127312608293,0.3959353249102584,0.1709616796654464,0.43593400237614022,0.85852107113227771,0.66855791897857952,0.45306014205497497,0.13329482070059342,0.64764696129976718,0.81505251847797855,0.62118925537684089,True,,1,0,Slot__Patch;Slot__CPW_Feed_Pin;Patch__CPW_Feed_Pin,True,Slot__CPW_Feed_Pin,,Slot__CPW_Feed_Pin,,"{""Slot__CPW_Feed_Pin"": {""geometry_type"": ""MultiLineString"", ""relations"": ""overlaps"", ""wkt"": ""MULTILINESTRING ((0.5 21.54, 0 21.54), (0 21.54, -0.5 21.54))""}}",True,,,True,lhs
133,19.272084115950296,1.6781785825029474,5.6217024340256128,3.256990254233501,1.3810044423830832,22.082743994211114,5.9444160361133314,0.9190522550192366,0.27315187297779353,0.7705832115867568,0.56736498221846787,0.050767891329642906,0.92409219790319452,0.5598996146060331,0.99206368204386342,0.075973944285716272,0.608953387855524,0.23705053106485141,0.082605126847550378,0.23423616027779587,0.26345450916558594,0.19000207949402603,0.27045766456291792,True,,1,0,Slot__Patch;Slot__CPW_Feed_Pin;Patch__CPW_Feed_Pin,True,Slot__CPW_Feed_Pin,,Slot__CPW_Feed_Pin,,"{""Slot__CPW_Feed_Pin"": {""geometry_type"": ""MultiLineString"", ""relations"": ""overlaps"", ""wkt"": ""MULTILINESTRING ((0.5 23, 0 23), (0 23, -0.5 23))""}}",True,,,True,lhs
134,50.69506795727132,2.8737995570282679,3.0828089825109379,1.826525915216473,1.4809159376507843,18.375031051034057,4.9431027055052468,0.67026160944319224,0.025056633983171712,0.28576158095501381,0.46335678557318766,0.85228648450693556,0.056862795162267582,0.53230215751841803,0.99298691591203536,0.15172928857831497,0.1775741171025908,0.34513350314633462,0.92881150439161153,0.37121981936298765,0.22466005378434348,0.8898059325823422,0.53248346531525748,False,ValueError: producer reported invalid exported polygon(s): Patch,,0,Slot__Patch;Slot__CPW_Feed_Pin;Patch__CPW_Feed_Pin,True,Slot__CPW_Feed_Pin,,Slot__CPW_Feed_Pin,,"{""Slot__CPW_Feed_Pin"": {""geometry_type"": ""MultiLineString"", ""relations"": ""overlaps"", ""wkt"": ""MULTILINESTRING ((0.5 23.3, 0 23.3), (0 23.3, -0.5 23.3))""}}",True,,ValueError: producer reported invalid exported polygon(s): Patch,False,lhs
135,39.845525997144421,1.0339288030119362,4.7893375816789874,2.4288252628619853,1.6501800290217852,19.153472167411138,3.5475216341271683,0.68900557605488111,0.84042160935262999,0.65392125486377906,0.72651213629058342,0.23530330875094743,0.35868841470759272,0.63135983543607765,0.17331365018440292,0.43063786629563056,0.8683720258076707,0.93843681017311309,0.94086731733238571,0.28061490200566236,0.39897336081769225,0.84865692154248373,0.09302034456942182,True,,1,0,Slot__Patch;Slot__CPW_Feed_Pin;Patch__CPW_Feed_Pin,True,Slot__CPW_Feed_Pin,,Slot__CPW_Feed_Pin,,"{""Slot__CPW_Feed_Pin"": {""geometry_type"": ""MultiLineString"", ""relations"": ""overlaps"", ""wkt"": ""MULTILINESTRING ((0.5 20.23, 0 20.23), (0 20.23, -0.5 20.23))""}}",True,,,True,lhs
136,46.075332811166227,1.126456985032271,7.1031065527989767,3.3050499310823538,1.2537044181443266,11.751289457397705,3.4355474354717344,0.84021435367945663,0.97437558140245251,0.024153681441422367,0.27009576376728883,0.19721254886845324,0.69549241471288969,0.39003690342332509,0.50848736487462809,0.97473577577362935,0.24322867336049059,0.075205479661189456,0.77331219690876196,0.84039134665736648,0.46930242140683054,0.30021108376263111,0.27510511660769082,True,,1,0,Slot__Patch;Slot__CPW_Feed_Pin;Patch__CPW_Feed_Pin,True,Slot__CPW_Feed_Pin,,Slot__CPW_Feed_Pin,,"{""Slot__CPW_Feed_Pin"": {""geometry_type"": ""MultiLineString"", ""relations"": ""overlaps"", ""wkt"": ""MULTILINESTRING ((0.5 19.81, 0 19.81), (0 19.81, -0.5 19.81))""}}",True,,,True,lhs
137,46.94686120129056,1.0730665039406411,5.1572020280044715,1.3177982635721532,2.0030248473123802,19.277021958540423,5.7181736524824283,0.8684398696586888,0.74090664445263754,0.24578298348349309,0.22169761911104799,0.38509730649440083,0.80189037478855696,0.50544843992275601,0.17771270838229403,0.16701955922014922,0.54428635146443194,0.34126762982516778,0.34802562121107389,0.16608256091393642,0.74239717467349375,0.55555408516885352,0.57719404399807928,True,,1,0,Slot__Patch;Slot__CPW_Feed_Pin;Patch__CPW_Feed_Pin,True,Slot__CPW_Feed_Pin,,Slot__CPW_Feed_Pin,,"{""Slot__CPW_Feed_Pin"": {""geometry_type"": ""MultiLineString"", ""relations"": ""overlaps"", ""wkt"": ""MULTILINESTRING ((0.5 22.8, 0 22.8), (0 22.8, -0.5 22.8))""}}",True,,,True,lhs
138,30.770895174394703,2.0445132804657726,4.6963926224643755,2.5253219084301572,2.9546479287751386,20.668088747394261,4.981053286662803,0.3106452510881535,0.29887529339689739,0.22132270137014629,0.69929197176468216,0.94027631477517559,0.03907161023195347,0.069926128608893787,0.073070399144516573,0.072313043138963778,0.2913249073673318,0.188955170957087,0.12321388671317471,0.64232621864090456,0.19442949007077964,0.71847092227329434,0.20275248241128443,True,,1,0,Slot__Patch;Slot__CPW_Feed_Pin;Patch__CPW_Feed_Pin,True,Slot__CPW_Feed_Pin,,Slot__CPW_Feed_Pin,,"{""Slot__CPW_Feed_Pin"": {""geometry_type"": ""MultiLineString"", ""relations"": ""overlaps"", ""wkt"": ""MULTILINESTRING ((0.5 23.98, 0 23.98), (0 23.98, -0.5 23.98))""}}",True,,,True,lhs
139,32.605345995476057,1.8802549695766575,5.3122722186660214,3.3577720508473599,1.0727106729597169,19.109732585333983,2.1285471541804375,0.94946187427245177,0.58189802821899028,0.9326654405276037,0.66206555454973448,0.31417158796354555,0.44490588120414803,0.43764538970017736,0.55972902538032732,0.058196796468466865,0.92931365327555859,0.13950038130413214,0.46308531852719803,0.33372646187685351,0.1953222422443785,0.61972012171375712,0.28359121390863157,True,,1,0,Slot__Patch;Slot__CPW_Feed_Pin;Patch__CPW_Feed_Pin,True,Slot__CPW_Feed_Pin,,Slot__CPW_Feed_Pin,,"{""Slot__CPW_Feed_Pin"": {""geometry_type"": ""MultiLineString"", ""relations"": ""overlaps"", ""wkt"": ""MULTILINESTRING ((0.5 19.08, 0 19.08), (0 19.08, -0.5 19.08))""}}",True,,,True,lhs
140,36.118434765002519,1.2654689573836027,3.7909953680245341,2.4816056644954418,1.8411668027044632,16.02234221168975,5.6838422692294399,0.74669969260827918,0.27096341261053541,0.40581174749384336,0.38556728111006866,0.9908796067527833,0.83186643398988558,0.44611728535874956,0.95996723863508215,0.35035062251283938,0.033294782461889126,0.55066978769016628,0.65277228965765821,0.026639191292254359,0.38936546322107346,0.33394957930822972,0.78861803958098176,True,,1,0,Slot__Patch;Slot__CPW_Feed_Pin;Patch__CPW_Feed_Pin,True,Slot__CPW_Feed_Pin,,Slot__CPW_Feed_Pin,,"{""Slot__CPW_Feed_Pin"": {""geometry_type"": ""MultiLineString"", ""relations"": ""overlaps"", ""wkt"": ""MULTILINESTRING ((0.5 22.79, 0 22.79), (0 22.79, -0.5 22.79))""}}",True,,,True,lhs
141,30.965991531370882,1.451348976794183,4.5049966015907987,3.8017394196774967,1.6149219090192166,18.115292532586572,5.3510145000567046,0.71106750019562237,0.2613190855018685,0.58667153774703129,0.56273601832377407,0.048397233372565553,0.45573873656119007,0.99402608811523807,0.30345037834828248,0.54295506334713983,0.83497227001942453,0.17227188488049899,0.32997696605182164,0.92108782176020021,0.44926622694869439,0.9276502667019163,0.28918946911378351,True,,1,0,Slot__Patch;Slot__CPW_Feed_Pin;Patch__CPW_Feed_Pin,True,Slot__CPW_Feed_Pin,,Slot__CPW_Feed_Pin,,"{""Slot__CPW_Feed_Pin"": {""geometry_type"": ""MultiLineString"", ""relations"": ""overlaps"", ""wkt"": ""MULTILINESTRING ((0.5 22.42, 0 22.42), (0 22.42, -0.5 22.42))""}}",True,,,True,lhs
142,51.68235600013918,1.9612647176782934,6.7638441493468191,1.7491448206786089,2.2838053084812415,8.9697814873652231,2.4028335186553491,0.88626234311677343,0.0091414310311901895,0.81441234110996308,0.058829308629295647,0.14864574381733994,0.53074906792402532,0.8812431971791882,0.67320945971344659,0.37195399048671912,0.89493211592540944,0.67661949092020113,0.032247273061327415,0.43690091432037687,0.44177886588872878,0.86249805526016521,0.83906672550427652,True,,1,0,Slot__Patch;Slot__CPW_Feed_Pin;Patch__CPW_Feed_Pin,True,Slot__CPW_Feed_Pin,,Slot__CPW_Feed_Pin,,"{""Slot__CPW_Feed_Pin"": {""geometry_type"": ""MultiLineString"", ""relations"": ""overlaps"", ""wkt"": ""MULTILINESTRING ((0.5 20.65, 0 20.65), (0 20.65, -0.5 20.65))""}}",True,,,True,lhs
143,23.899311477312374,1.3174131663793101,3.9991984098118429,2.1066752752204314,1.3229301351269964,17.366211706203636,4.6031389075125535,0.57578570359312919,0.51857396529710875,0.24233734772269167,0.99588937437948,0.50450908668256955,0.067532070601643401,0.602664451925919,0.35361069237212828,0.84547983463929621,0.91583372178582056,0.6433887736147037,0.078316367474209628,0.27179154623756269,0.83946690035965932,0.17326801170063677,0.029898916934460732,True,,1,0,Slot__Patch;Slot__CPW_Feed_Pin;Patch__CPW_Feed_Pin,True,Slot__CPW_Feed_Pin,,Slot__CPW_Feed_Pin,,"{""Slot__CPW_Feed_Pin"": {""geometry_type"": ""MultiLineString"", ""relations"": ""overlaps"", ""wkt"": ""MULTILINESTRING ((0.5 21.24, 0 21.24), (0 21.24, -0.5 21.24))""}}",True,,,True,lhs
144,44.498502997938033,1.3215692546686182,3.496163895048523,2.6291873008280904,2.2345065441759173,17.194470770577215,4.598556679884318,0.33124221561165917,0.92127369055345043,0.31696415501775344,0.39101259207907657,0.94642017747897988,0.028829708614173732,0.66369207771174876,0.79467682278879004,0.54038143365279789,0.65732344837612844,0.54717144294416531,0.24109879814512489,0.62576388304225949,0.19151303798302555,0.74504469692883291,0.26508955087256908,True,,1,0,Slot__Patch;Slot__CPW_Feed_Pin;Patch__CPW_Feed_Pin,True,Slot__CPW_Feed_Pin,,Slot__CPW_Feed_Pin,,"{""Slot__CPW_Feed_Pin"": {""geometry_type"": ""MultiLineString"", ""relations"": ""overlaps"", ""wkt"": ""MULTILINESTRING ((0.5 22.15, 0 22.15), (0 22.15, -0.5 22.15))""}}",True,,,True,lhs
145,44.677228356045958,1.7055587806925483,7.4837122097526674,2.4665118274638096,2.0362804054908805,9.2439342456197089,3.5741013005349327,0.24346435923405466,0.70905061317490903,0.66915115939671466,0.46180521830119353,0.42371467534659979,0.030620739949882288,0.64795045998165568,0.26208174053792493,0.95949849495046435,0.29096232817764811,0.59589759351821348,0.61166970087035788,0.61009306844596911,0.97919189553455099,0.49792814533847674,0.034660003113202865,True,,1,0,Slot__Patch;Slot__CPW_Feed_Pin;Patch__CPW_Feed_Pin,True,Slot__CPW_Feed_Pin,,Slot__CPW_Feed_Pin,,"{""Slot__CPW_Feed_Pin"": {""geometry_type"": ""MultiLineString"", ""relations"": ""overlaps"", ""wkt"": ""MULTILINESTRING ((0.5 21.31, 0 21.31), (0 21.31, -0.5 21.31))""}}",True,,,True,lhs
146,40.79866626810368,1.5418636104733476,3.4480689862894209,3.426133721560678,2.8655082519314083,13.296872264355935,4.8327240026039595,0.56547036280907448,0.62943430984007342,0.39812517130942138,0.0058786536437621176,0.20354769435094358,0.64315135575033144,0.39422666726553784,0.24466194537172156,0.92911795272612896,0.01782973977676652,0.29508258604518373,0.61454086699800203,0.6178723928726968,0.71044756754540694,0.71103888168094675,0.051919809284405857,True,,1,0,Slot__Patch;Slot__CPW_Feed_Pin;Patch__CPW_Feed_Pin,True,Slot__CPW_Feed_Pin,,Slot__CPW_Feed_Pin,,"{""Slot__CPW_Feed_Pin"": {""geometry_type"": ""MultiLineString"", ""relations"": ""overlaps"", ""wkt"": ""MULTILINESTRING ((0.5 23.24, 0 23.24), (0 23.24, -0.5 23.24))""}}",True,,,True,lhs
147,50.647434132005586,1.9032688542396867,7.7002440267396581,1.5188634110251493,2.3746787081099194,10.391288315581702,2.3841498692399536,0.26026634691382766,0.23894235114571855,0.86410909235156486,0.82453347541902899,0.17515622330040584,0.13672675240949964,0.051618446984769147,0.99841279087616608,0.67275908940641893,0.71959012843949344,0.65914220990145589,0.31775025878930074,0.54895531525605579,0.4399546788578737,0.56794408204530811,0.85585748371316694,False,ValueError: producer reported invalid exported polygon(s): Patch,,0,Slot__Patch;Slot__CPW_Feed_Pin;Patch__CPW_Feed_Pin,True,Slot__CPW_Feed_Pin,,Slot__CPW_Feed_Pin,,"{""Slot__CPW_Feed_Pin"": {""geometry_type"": ""MultiLineString"", ""relations"": ""overlaps"", ""wkt"": ""MULTILINESTRING ((0.5 20.66, 0 20.66), (0 20.66, -0.5 20.66))""}}",True,,ValueError: producer reported invalid exported polygon(s): Patch,False,lhs
148,56.211918062375496,1.0528297847721286,6.0633237831858731,3.4799511422930474,2.5247481940964653,19.705994396457406,5.1997590642085632,0.64048404028571848,0.25550286217586954,0.79096029246466637,0.84056633373697998,0.020159472856780363,0.29866997858022287,0.9624933561474045,0.91051714480488322,0.58715395912179225,0.26557916143354343,0.63008295060214614,0.74112834071523181,0.31766887965236712,0.34668028606064694,0.64873710580533694,0.4821205779230352,True,,1,0,Slot__Patch;Slot__CPW_Feed_Pin;Patch__CPW_Feed_Pin,True,Slot__CPW_Feed_Pin,,Slot__CPW_Feed_Pin,,"{""Slot__CPW_Feed_Pin"": {""geometry_type"": ""MultiLineString"", ""relations"": ""overlaps"", ""wkt"": ""MULTILINESTRING ((0.5 22.78, 0 22.78), (0 22.78, -0.5 22.78))""}}",True,,,True,lhs
149,25.342059907750443,2.3343985469957582,6.8491208234654515,2.3129997027526281,1.8159513108528844,19.451507913225221,2.0768797709117961,0.25637548783665576,0.1374327940318136,0.52125887611271582,0.49181759797811841,0.89078844258240331,0.18730520105456386,0.96803613225531004,0.96939711568833453,0.77273228164860841,0.91253554869217413,0.90327710072357192,0.54858093120663376,0.59983698354723713,0.51162206013092337,0.39256401140676139,0.88588123811522757,True,,1,0,Slot__Patch;Slot__CPW_Feed_Pin;Patch__CPW_Feed_Pin,True,Slot__CPW_Feed_Pin,,Slot__CPW_Feed_Pin,,"{""Slot__CPW_Feed_Pin"": {""geometry_type"": ""MultiLineString"", ""relations"": ""overlaps"", ""wkt"": ""MULTILINESTRING ((0.5 20.23, 0 20.23), (0 20.23, -0.5 20.23))""}}",True,,,True,lhs
150,33.488691913385516,2.4259050326646689,8.8151444723479564,2.5979480571013509,2.8413503799275199,12.445968353721657,5.0376461324372013,0.39098294669590145,0.87689163896665911,0.81038903598756629,0.16052926558712433,0.68902860828569468,0.022854003140525426,0.27196837341000524,0.73084141718890394,0.93228135396270018,0.90383529682394259,0.36398356283827971,0.043621260305632459,0.10781577076210838,0.44783601642733267,0.50757275959357595,0.34957349778364022,True,,1,0,Slot__Patch;Slot__CPW_Feed_Pin;Patch__CPW_Feed_Pin,True,Slot__CPW_Feed_Pin,,Slot__CPW_Feed_Pin,,"{""Slot__CPW_Feed_Pin"": {""geometry_type"": ""MultiLineString"", ""relations"": ""overlaps"", ""wkt"": ""MULTILINESTRING ((0.5 24.3, 0 24.3), (0 24.3, -0.5 24.3))""}}",True,,,True,lhs
151,39.130361609715528,2.5554297822455672,7.8655031438512353,1.9747008198429428,1.8056409229819586,19.57056502651454,5.72506242208879,0.79077628031499603,0.81248759749705257,0.44975233963257494,0.59018982063470615,0.15800519882972588,0.56971440505219306,0.34869780081603741,0.36667719265870757,0.69154262050416149,0.70763395823069619,0.30398512087374202,0.53036832963534919,0.77821919202153833,0.96857152551650627,0.30272207538396345,0.11376794277404689,True,,1,0,Slot__Patch;Slot__CPW_Feed_Pin;Patch__CPW_Feed_Pin,True,Slot__CPW_Feed_Pin,,Slot__CPW_Feed_Pin,,"{""Slot__CPW_Feed_Pin"": {""geometry_type"": ""MultiLineString"", ""relations"": ""overlaps"", ""wkt"": ""MULTILINESTRING ((0.5 24.09, 0 24.09), (0 24.09, -0.5 24.09))""}}",True,,,True,lhs
152,46.263808274590545,2.7844947778742482,8.6397199603979669,3.1243585088233647,2.8582514083378809,15.951006761860077,5.5426917888981908,0.47602943992331453,0.032527942048989025,0.017334624083324399,0.33404294065373996,0.68354492017564761,0.26582501167250194,0.56700153617967242,0.59098726156006742,0.6319043273821352,0.20572280159010012,0.50288600404924333,0.32785102783197156,0.30215388134809662,0.25009157720097924,0.38605848645435964,0.89839947901656858,True,,1,0,Slot__Patch;Slot__CPW_Feed_Pin;Patch__CPW_Feed_Pin,True,Slot__CPW_Feed_Pin,,Slot__CPW_Feed_Pin,,"{""Slot__CPW_Feed_Pin"": {""geometry_type"": ""MultiLineString"", ""relations"": ""overlaps"", ""wkt"": ""MULTILINESTRING ((0.5 25.18, 0 25.18), (0 25.18, -0.5 25.18))""}}",True,,,True,lhs
153,26.545296087901981,1.35803001586977,6.0782907495280289,3.1930719550145765,2.2629218560634214,14.931609593456603,3.3215312144629694,0.39877160442336218,0.48619137675715624,0.92293110893430852,0.080469136147862566,0.90228804230267323,0.92663903258535518,0.067642145213541283,0.34307544783886196,0.21629779220598067,0.82734584692464175,0.095408152308361263,0.23986534316484762,0.77732111301736662,0.83347139692663741,0.77038954326614451,0.40823260478500473,True,,1,0,Slot__Patch;Slot__CPW_Feed_Pin;Patch__CPW_Feed_Pin,True,Slot__CPW_Feed_Pin,,Slot__CPW_Feed_Pin,,"{""Slot__CPW_Feed_Pin"": {""geometry_type"": ""MultiLineString"", ""relations"": ""overlaps"", ""wkt"": ""MULTILINESTRING ((0.5 20.94, 0 20.94), (0 20.94, -0.5 20.94))""}}",True,,,True,lhs
154,28.115950942942096,2.6972109577402184,6.2264580955250954,3.155421769595061,2.4007575690630416,12.896621840956705,2.9394952128945353,0.25335696137613239,0.18458959150334789,0.39944811678598552,0.99006300065118924,0.41056098772136906,0.24096545662921323,0.90723283031432422,0.22136779651356203,0.32558557885414319,0.0779094461616502,0.020403189975753015,0.48426435410160867,0.35928394465417612,0.54291624511313386,0.720832497105791,0.47513725768507875,True,,1,0,Slot__Patch;Slot__CPW_Feed_Pin;Patch__CPW_Feed_Pin,True,Slot__CPW_Feed_Pin,,Slot__CPW_Feed_Pin,,"{""Slot__CPW_Feed_Pin"": {""geometry_type"": ""MultiLineString"", ""relations"": ""overlaps"", ""wkt"": ""MULTILINESTRING ((0.5 22.04, 0 22.04), (0 22.04, -0.5 22.04))""}}",True,,,True,lhs
155,26.415959891680316,2.9830608612185121,5.2071189486564347,3.6693797927215517,1.0820367003628253,19.617796545589904,5.1513748133375596,0.98829367759148778,0.91487260633987233,0.27254116860156152,0.2769249165945985,0.89918069506831388,0.53372890115305027,0.14710768149812412,0.68751544198053327,0.2935604719152542,0.67361435891885102,0.28025690450720442,0.41072706513766777,0.45836275075568905,0.12322709949541572,0.11617437528450685,0.96733484691070881,True,,1,0,Slot__Patch;Slot__CPW_Feed_Pin;Patch__CPW_Feed_Pin,True,Slot__CPW_Feed_Pin,,Slot__CPW_Feed_Pin,,"{""Slot__CPW_Feed_Pin"": {""geometry_type"": ""MultiLineString"", ""relations"": ""overlaps"", ""wkt"": ""MULTILINESTRING ((0.5 23.21, 0 23.21), (0 23.21, -0.5 23.21))""}}",True,,,True,lhs
156,38.311023241183833,1.6208648122290525,8.933292465859811,3.0732653905714207,2.4036375448723803,14.345840229184255,3.621944770029927,0.69432380120184634,0.072991710384536099,0.4655308720193706,0.72842207467589715,0.36112033558589995,0.23882613443292061,0.10183981147327884,0.23438678556244019,0.10930584865281265,0.45860867080166051,0.9605140493511013,0.02558913530492361,0.35006127450760949,0.42131749086074,0.4359941887398629,0.35420697246252852,True,,1,0,Slot__Patch;Slot__CPW_Feed_Pin;Patch__CPW_Feed_Pin,True,Slot__CPW_Feed_Pin,,Slot__CPW_Feed_Pin,,"{""Slot__CPW_Feed_Pin"": {""geometry_type"": ""MultiLineString"", ""relations"": ""overlaps"", ""wkt"": ""MULTILINESTRING ((0.5 21.65, 0 21.65), (0 21.65, -0.5 21.65))""}}",True,,,True,lhs
157,33.646311442611704,2.5635803726674036,4.0404196634694376,2.2462336449730378,2.7804824575596561,16.494635754126097,2.4465504660456556,0.47460557259244779,0.24827491531275314,0.4899665355788258,0.09632165453779179,0.93067526594001593,0.97041264862039567,0.61401904685768172,0.52284940797113211,0.33587359972439368,0.39962898851471346,0.87281352004215329,0.37709079801550843,0.83129240206908472,0.1741183617452757,0.70962274789711466,0.21740419579500361,True,,1,0,Slot__Patch;Slot__CPW_Feed_Pin;Patch__CPW_Feed_Pin,True,Slot__CPW_Feed_Pin,,Slot__CPW_Feed_Pin,,"{""Slot__CPW_Feed_Pin"": {""geometry_type"": ""MultiLineString"", ""relations"": ""overlaps"", ""wkt"": ""MULTILINESTRING ((0.5 21.79, 0 21.79), (0 21.79, -0.5 21.79))""}}",True,,,True,lhs
158,33.331481518427992,2.1067909458033491,6.9807487301058142,3.0961155665413087,1.2682531236476857,21.817968343122608,3.0725285230655706,0.73015349336124025,0.62014625073568108,0.8802471596762893,0.12373123515290599,0.080520175890070059,0.01372602572925153,0.32020159080920141,0.98960605823026604,0.93618549505176341,0.62612163304671864,0.64512077176118832,0.72982358769357181,0.32127965358903093,0.39135994571460048,0.68194044190245018,0.3426645224223574,True,,1,0,Slot__Patch;Slot__CPW_Feed_Pin;Patch__CPW_Feed_Pin,True,Slot__CPW_Feed_Pin,,Slot__CPW_Feed_Pin,,"{""Slot__CPW_Feed_Pin"": {""geometry_type"": ""MultiLineString"", ""relations"": ""overlaps"", ""wkt"": ""MULTILINESTRING ((0.5 20.44, 0 20.44), (0 20.44, -0.5 20.44))""}}",True,,,True,lhs
159,28.675094622976943,1.7889819121230319,7.9588624322278765,2.8422431209348131,1.4725332607890502,8.2272516886889839,4.7751810683686404,0.62331071264344029,0.14007394941023341,0.7298695408280832,0.14228299500360994,0.061496130981380397,0.076232574724740307,0.27902590095585594,0.63253686110547058,0.72582570733968865,0.38016561162221146,0.45495525217629501,0.21858276762467804,0.44255919001962252,0.97703705261847773,0.16618556176839161,0.9636533320980285,True,,1,0,Slot__Patch;Slot__CPW_Feed_Pin;Patch__CPW_Feed_Pin,True,Slot__CPW_Feed_Pin,,Slot__CPW_Feed_Pin,,"{""Slot__CPW_Feed_Pin"": {""geometry_type"": ""MultiLineString"", ""relations"": ""overlaps"", ""wkt"": ""MULTILINESTRING ((0.5 22.03, 0 22.03), (0 22.03, -0.5 22.03))""}}",True,,,True,lhs
160,41.799978472305568,2.4156844456846636,5.6621879600047702,1.3625179542857977,2.127952349672487,15.908309073510214,5.2937570516259864,0.083846862054546931,0.71657981994488296,0.8433349233507843,0.8004347259213116,0.35843202867840329,0.21031836203934212,0.50958444472365994,0.51505175006742265,0.16442251568444452,0.43471931161515048,0.63721438409936271,0.66619312065307412,0.76552478495349086,0.52056673693496136,0.023076741278207018,0.61707307795203581,True,,1,0,Slot__Patch;Slot__CPW_Feed_Pin;Patch__CPW_Feed_Pin,True,Slot__CPW_Feed_Pin,,Slot__CPW_Feed_Pin,,"{""Slot__CPW_Feed_Pin"": {""geometry_type"": ""MultiLineString"", ""relations"": ""overlaps"", ""wkt"": ""MULTILINESTRING ((0.5 23.84, 0 23.84), (0 23.84, -0.5 23.84))""}}",True,,,True,lhs
161,30.502866655088091,2.211351195681118,3.1027396742453894,2.7459888784968722,1.3457068422271776,20.884928079474726,5.1336660476008742,0.78169455055995418,0.66874589581858979,0.74612327877408724,0.15144373629936339,0.92740047167829498,0.44721280949082021,0.80408557437995609,0.4553177589478869,0.21294409058128386,0.85188454979071981,0.16975848617734379,0.30485098352719808,0.40576363687774136,0.10238148128312938,0.47704531038394193,0.58341966471576934,True,,1,0,Slot__Patch;Slot__CPW_Feed_Pin;Patch__CPW_Feed_Pin,True,Slot__CPW_Feed_Pin,,Slot__CPW_Feed_Pin,,"{""Slot__CPW_Feed_Pin"": {""geometry_type"": ""MultiLineString"", ""relations"": ""overlaps"", ""wkt"": ""MULTILINESTRING ((0.5 22.7, 0 22.7), (0 22.7, -0.5 22.7))""}}",True,,,True,lhs
162,55.136272372476192,1.4909246062502088,5.8610379923133999,3.21190208228073,1.779539370801821,17.332229212770041,4.3724566256365289,0.75086308517564293,0.2029076207540576,0.53281699974014729,0.20232944585976098,0.73098892840485286,0.30956449991498014,0.37980726244371488,0.51826446317769503,0.41363799796229667,0.47766169003016506,0.86184141197015995,0.64256084045896389,0.27455529012186203,0.67364761881956126,0.073874706781146479,0.54339667407660486,True,,1,0,Slot__Patch;Slot__CPW_Feed_Pin;Patch__CPW_Feed_Pin,True,Slot__CPW_Feed_Pin,,Slot__CPW_Feed_Pin,,"{""Slot__CPW_Feed_Pin"": {""geometry_type"": ""MultiLineString"", ""relations"": ""overlaps"", ""wkt"": ""MULTILINESTRING ((0.5 21.65, 0 21.65), (0 21.65, -0.5 21.65))""}}",True,,,True,lhs
163,43.170683281593675,2.035430116224382,7.6713022362723056,1.6665235087566077,1.4417323399834205,8.567119283862688,3.0702518877153424,0.4861126631588234,0.89672842473985392,0.67244015032714655,0.98531603661192024,0.70171640498023624,0.36309343701840174,0.4217785643594143,0.34608454036546121,0.99248999642361291,0.89218389158865807,0.99372149384904607,0.82403753306053118,0.94073106279410101,0.074833372889120384,0.85464719288786928,0.19796949332459607,True,,1,0,Slot__Patch;Slot__CPW_Feed_Pin;Patch__CPW_Feed_Pin,True,Slot__CPW_Feed_Pin,,Slot__CPW_Feed_Pin,,"{""Slot__CPW_Feed_Pin"": {""geometry_type"": ""MultiLineString"", ""relations"": ""overlaps"", ""wkt"": ""MULTILINESTRING ((0.5 20.55, 0 20.55), (0 20.55, -0.5 20.55))""}}",True,,,True,lhs
164,35.874649738406234,1.5229774933122444,5.2626401829808778,2.7252247619445877,1.3650035222567078,12.565542649527416,2.9915131503329095,0.19405953405301313,0.3221209576442613,0.455485399727586,0.76787176383360833,0.48090653065239819,0.74392229846255287,0.82382871342245279,0.58146982558272309,0.38670259872587248,0.38153293530598137,0.58113254619555832,0.60086226847901369,0.53247522756102794,0.58026981486811746,0.53281526567461501,0.14756757275585605,True,,1,0,Slot__Patch;Slot__CPW_Feed_Pin;Patch__CPW_Feed_Pin,True,Slot__CPW_Feed_Pin,,Slot__CPW_Feed_Pin,,"{""Slot__CPW_Feed_Pin"": {""geometry_type"": ""MultiLineString"", ""relations"": ""overlaps"", ""wkt"": ""MULTILINESTRING ((0.5 19.88, 0 19.88), (0 19.88, -0.5 19.88))""}}",True,,,True,lhs
165,46.403035556784474,1.2755814069553701,7.7926023453075661,2.2828656043697677,1.9545931854801397,16.333459294429666,4.4333844622732013,0.57035284244166895,0.94862312167644725,0.73553461888453842,0.09341463289807142,0.42463206039076895,0.60479720986115892,0.99561298707665891,0.38025177702854651,0.79127914326781534,0.026030022471568888,0.25194799708173188,0.11289316039659569,0.66829336925857141,0.39708297284834737,0.95453938821600404,0.016965192207028766,True,,1,0,Slot__Patch;Slot__CPW_Feed_Pin;Patch__CPW_Feed_Pin,True,Slot__CPW_Feed_Pin,,Slot__CPW_Feed_Pin,,"{""Slot__CPW_Feed_Pin"": {""geometry_type"": ""MultiLineString"", ""relations"": ""overlaps"", ""wkt"": ""MULTILINESTRING ((0.5 21.67, 0 21.67), (0 21.67, -0.5 21.67))""}}",True,,,True,lhs
166,52.317757153875959,1.219132278542078,8.5509666106924556,2.8189495959017163,1.3578181754435767,11.857333070493425,2.2326657833051153,0.45450473517777079,0.51732284819898311,0.63273651657933305,0.3076042935980085,0.45749370230989678,0.07614950235494701,0.12172754173880204,0.92564248424000839,0.2289272837329227,0.30910673484200457,0.92366012483868964,0.42370865139293551,0.51505307853845606,0.41970499902324132,0.23950127069125976,0.34452593134903386,True,,1,0,Slot__Patch;Slot__CPW_Feed_Pin;Patch__CPW_Feed_Pin,True,Slot__CPW_Feed_Pin,,Slot__CPW_Feed_Pin,,"{""Slot__CPW_Feed_Pin"": {""geometry_type"": ""MultiLineString"", ""relations"": ""overlaps"", ""wkt"": ""MULTILINESTRING ((0.5 18.81, 0 18.81), (0 18.81, -0.5 18.81))""}}",True,,,True,lhs
167,51.434240625840914,2.198323757623637,8.9455980093188643,2.1719619497018856,1.1937309172280011,20.582421376522547,2.7139834406980663,0.13494708132231176,0.010310565152914692,0.3860821810437261,0.62835068187814924,0.34821776178121161,0.23594771041047252,0.38357174307454928,0.54948763819091928,0.44845540203894269,0.81197408953275285,0.42376826188717526,0.77112814212445036,0.87767734985324808,0.3371207655944064,0.34680181632488144,0.31589166306931027,True,,1,0,Slot__Patch;Slot__CPW_Feed_Pin;Patch__CPW_Feed_Pin,True,Slot__CPW_Feed_Pin,,Slot__CPW_Feed_Pin,,"{""Slot__CPW_Feed_Pin"": {""geometry_type"": ""MultiLineString"", ""relations"": ""overlaps"", ""wkt"": ""MULTILINESTRING ((0.5 20.11, 0 20.11), (0 20.11, -0.5 20.11))""}}",True,,,True,lhs
168,42.300884039099671,1.0177336757854056,8.598212706187832,1.6194827559303262,2.5992321690556954,13.694516584031032,5.8480141181372129,0.17413482563534136,0.96137495228553227,0.12742620048595057,0.80807606532151921,0.75968859132573574,0.56418437411885247,0.89054475224322149,0.67083332237406001,0.702022437208908,0.2461068865464591,0.61005406650239125,0.79999530334054603,0.98419275422594066,0.93917769693178277,0.91256316389971348,0.099140650758734974,True,,1,0,Slot__Patch;Slot__CPW_Feed_Pin;Patch__CPW_Feed_Pin,True,Slot__CPW_Feed_Pin,,Slot__CPW_Feed_Pin,,"{""Slot__CPW_Feed_Pin"": {""geometry_type"": ""MultiLineString"", ""relations"": ""overlaps"", ""wkt"": ""MULTILINESTRING ((0.5 23.47, 0 23.47), (0 23.47, -0.5 23.47))""}}",True,,,True,lhs
169,16.248449342123173,2.12974242313941,4.7015072198042107,2.624613250628177,2.2452195216423805,21.305437442842234,4.1901260462485066,0.79612262923032251,0.50980161999522922,0.71298092541766145,0.56535155789466263,0.5237405025928249,0.47253144180783685,0.82800804808372797,0.060539910182448538,0.47433567879526639,0.19286151290926329,0.89041857930260826,0.2836159471783502,0.63518545360965584,0.16406439325894956,0.51976745777578903,0.41751974474035763,True,,1,0,Slot__Patch;Slot__CPW_Feed_Pin;Patch__CPW_Feed_Pin,True,Slot__CPW_Feed_Pin,,Slot__CPW_Feed_Pin,,"{""Slot__CPW_Feed_Pin"": {""geometry_type"": ""MultiLineString"", ""relations"": ""overlaps"", ""wkt"": ""MULTILINESTRING ((0.5 22.56, 0 22.56), (0 22.56, -0.5 22.56))""}}",True,,,True,lhs
170,43.579935926552501,2.5216540267963383,3.9749134333329632,2.4069961838773533,1.5837445786318243,17.640447479983482,3.0322394191768405,0.021142077046269105,0.61170690570150399,0.30032282394966103,0.0024858919778502097,0.70484916066742853,0.17814500829252039,0.57845944208114297,0.022304342353931618,0.05879649624621007,0.75077840944524576,0.050409642029425043,0.62095487730525956,0.99463279847201824,0.66672745921187404,0.42563653937192042,0.039987602639875393,True,,1,0,Slot__Patch;Slot__CPW_Feed_Pin;Patch__CPW_Feed_Pin,True,Slot__CPW_Feed_Pin,,Slot__CPW_Feed_Pin,,"{""Slot__CPW_Feed_Pin"": {""geometry_type"": ""MultiLineString"", ""relations"": ""overlaps"", ""wkt"": ""MULTILINESTRING ((0.5 21.14, 0 21.14), (0 21.14, -0.5 21.14))""}}",True,,,True,lhs
171,42.799696796666588,2.7793950557672051,4.3085414048957382,2.567354469638798,2.7651192292783064,14.167793210941612,3.2402179153010708,0.45295793619744246,0.90117505279913079,0.76760457973639362,0.86732383945901703,0.45674918228893147,0.42462427962598887,0.93590131171319946,0.77854517739642348,0.648983168502133,0.45201722935520772,0.47987486731717199,0.90153369281367979,0.93262964608534416,0.030327145652533385,0.025983213368944592,0.035663020320842974,True,,1,0,Slot__Patch;Slot__CPW_Feed_Pin;Patch__CPW_Feed_Pin,True,Slot__CPW_Feed_Pin,,Slot__CPW_Feed_Pin,,"{""Slot__CPW_Feed_Pin"": {""geometry_type"": ""MultiLineString"", ""relations"": ""overlaps"", ""wkt"": ""MULTILINESTRING ((0.5 22.79, 0 22.79), (0 22.79, -0.5 22.79))""}}",True,,,True,lhs
172,56.86231021811227,1.2614393719328361,4.6270418341992343,1.7134855230833277,1.4350071130266917,17.924955930623799,5.3228954648968818,0.28200965258450855,0.097523217365929296,0.54516435719119105,0.37976543331506107,0.0075356326952744877,0.42320835228734799,0.38716517848725485,0.068191977018531261,0.41417176250569665,0.28650718074899117,0.98813266922267051,0.86841837770892771,0.75810495187320115,0.80050539247768238,0.44350252104376814,0.78146552560350246,True,,1,0,Slot__Patch;Slot__CPW_Feed_Pin;Patch__CPW_Feed_Pin,True,Slot__CPW_Feed_Pin,,Slot__CPW_Feed_Pin,,"{""Slot__CPW_Feed_Pin"": {""geometry_type"": ""MultiLineString"", ""relations"": ""overlaps"", ""wkt"": ""MULTILINESTRING ((0.5 22.02, 0 22.02), (0 22.02, -0.5 22.02))""}}",True,,,True,lhs
173,32.414903896124713,1.1392272501359817,4.6760564651273917,3.1605982772006342,2.5112074264897646,17.596376095328395,4.2234279572716105,0.5535498513110223,0.64495763755728341,0.91632027793979887,0.32134810940158032,0.050881098946078472,0.68042469023798047,0.037663437674049824,0.040684386524905379,0.19659870415430319,0.83011418403837878,0.66639736525245719,0.28591116195880301,0.73935902664487119,0.5895817493839236,0.63154890048680834,0.85751521512687934,True,,1,0,Slot__Patch;Slot__CPW_Feed_Pin;Patch__CPW_Feed_Pin,True,Slot__CPW_Feed_Pin,,Slot__CPW_Feed_Pin,,"{""Slot__CPW_Feed_Pin"": {""geometry_type"": ""MultiLineString"", ""relations"": ""overlaps"", ""wkt"": ""MULTILINESTRING ((0.5 21.87, 0 21.87), (0 21.87, -0.5 21.87))""}}",True,,,True,lhs
174,31.940493668640038,2.6346003559407141,7.1982712824406461,3.0486915460059798,1.6402360740801312,8.3121341811511229,5.3742591496270418,0.92853618870318677,0.056667184441499839,0.91577050605642496,0.68346230089300453,0.48820425784512489,0.99720411727070979,0.21182459897523492,0.70531014063095709,0.31446916535416292,0.85548734779654856,0.3333427506880427,0.40223102722020215,0.075104829108211646,0.51912399647264507,0.49900979244853549,0.42256453608216454,True,,1,0,Slot__Patch;Slot__CPW_Feed_Pin;Patch__CPW_Feed_Pin,True,Slot__CPW_Feed_Pin,,Slot__CPW_Feed_Pin,,"{""Slot__CPW_Feed_Pin"": {""geometry_type"": ""MultiLineString"", ""relations"": ""overlaps"", ""wkt"": ""MULTILINESTRING ((0.5 23.65, 0 23.65), (0 23.65, -0.5 23.65))""}}",True,,,True,lhs
175,40.544564518225826,2.4460357207075303,4.7137074793002185,2.7850545157598261,1.9794693591036292,8.4162004602310265,3.5677699073890143,0.13345906536216368,0.21633460999805712,0.46943131829284046,0.87753453076017718,0.71151001315833173,0.61763303467585728,0.92847287553250935,0.0043773529221767379,0.14215786340192069,0.31714553820176361,0.54020835000811263,0.36328509348313665,0.097972968774715882,0.46855488898781517,0.55119653416878411,0.52565696725501643,True,,1,0,Slot__Patch;Slot__CPW_Feed_Pin;Patch__CPW_Feed_Pin,True,Slot__CPW_Feed_Pin,,Slot__CPW_Feed_Pin,,"{""Slot__CPW_Feed_Pin"": {""geometry_type"": ""MultiLineString"", ""relations"": ""overlaps"", ""wkt"": ""MULTILINESTRING ((0.5 21.99, 0 21.99), (0 21.99, -0.5 21.99))""}}",True,,,True,lhs
176,58.236959461646592,2.1915530160765861,3.1951760498487127,1.3565824891985616,1.7036172071756739,17.574619899879234,3.1530825687505173,0.4075751265562802,0.65970607518791669,0.64727973314366893,0.91058763094029627,0.67159578020377164,0.62873223949705359,0.20568793012498071,0.048659786171617203,0.23664201293395534,0.87573797587646895,0.016900002569955132,0.76905195009890837,0.53677621128828046,0.77844884180449492,0.33743755322540381,0.64437663134535084,True,,1,0,Slot__Patch;Slot__CPW_Feed_Pin;Patch__CPW_Feed_Pin,True,Slot__CPW_Feed_Pin,,Slot__CPW_Feed_Pin,,"{""Slot__CPW_Feed_Pin"": {""geometry_type"": ""MultiLineString"", ""relations"": ""overlaps"", ""wkt"": ""MULTILINESTRING ((0.5 21.05, 0 21.05), (0 21.05, -0.5 21.05))""}}",True,,,True,lhs
177,23.98921339062866,2.5141483674351495,4.3648909735305086,2.133934359517609,2.5521442132198873,11.719047434556751,5.9945564913955316,0.64824523726380701,0.061554249211872115,0.093554940159272487,0.96371471636723405,0.8752136596409833,0.019037678344160008,0.37697493505352431,0.095569993523118554,0.52555010861969298,0.86377959726825349,0.64058940887298277,0.91144034734837964,0.50642408974488196,0.99261962767236422,0.83135482584941345,0.90309810470779306,True,,1,0,Slot__Patch;Slot__CPW_Feed_Pin;Patch__CPW_Feed_Pin,True,Slot__CPW_Feed_Pin,,Slot__CPW_Feed_Pin,,"{""Slot__CPW_Feed_Pin"": {""geometry_type"": ""MultiLineString"", ""relations"": ""overlaps"", ""wkt"": ""MULTILINESTRING ((0.5 25.06, 0 25.06), (0 25.06, -0.5 25.06))""}}",True,,,True,lhs
178,28.301081196559629,2.6705050886131838,3.4353080353624654,3.5881069175266278,1.3494903566838294,10.645737439628029,4.6925593754205295,0.024718878589191529,0.08448359683989376,0.37154795113217998,0.9409984460807933,0.85376931269668588,0.67549936336679439,0.66915340161156689,0.0016174643168613816,0.65574111876612251,0.3622771941038247,0.6504131377985185,0.77918450109733706,0.42895931967518591,0.25535320733944122,0.4691511504335954,0.1333859849425944,True,,1,0,Slot__Patch;Slot__CPW_Feed_Pin;Patch__CPW_Feed_Pin,True,Slot__CPW_Feed_Pin,,Slot__CPW_Feed_Pin,,"{""Slot__CPW_Feed_Pin"": {""geometry_type"": ""MultiLineString"", ""relations"": ""overlaps"", ""wkt"": ""MULTILINESTRING ((0.5 22.72, 0 22.72), (0 22.72, -0.5 22.72))""}}",True,,,True,lhs
179,40.863426138161586,1.884851510243728,5.8202407898417166,3.3363458506800869,1.8393612825478387,21.271163421301718,2.2973801381531436,0.52672490896388524,0.22930775446230067,0.51722179640157884,0.086526395711442911,0.52860433561036801,0.26035700006484647,0.12427486046056528,0.35307858384872637,0.76642927195483079,0.49621080393546046,0.052367271042095355,0.49940877730414779,0.3249217681225976,0.19907205802168335,0.69852844971322392,0.739348658594976,True,,1,0,Slot__Patch;Slot__CPW_Feed_Pin;Patch__CPW_Feed_Pin,True,Slot__CPW_Feed_Pin,,Slot__CPW_Feed_Pin,,"{""Slot__CPW_Feed_Pin"": {""geometry_type"": ""MultiLineString"", ""relations"": ""overlaps"", ""wkt"": ""MULTILINESTRING ((0.5 20.02, 0 20.02), (0 20.02, -0.5 20.02))""}}",True,,,True,lhs
180,30.123218657405324,2.3072215169343844,4.1883031912180204,1.5803766340640322,1.180518997173716,21.127508381653094,5.4616642837102098,0.55067186139133151,0.82733226253691838,0.86056528824730005,0.48944933154292936,0.65747108029666579,0.042448156582398776,0.013451449123678245,0.63778971112797467,0.27842522328980246,0.9518335471228897,0.84581112364734667,0.62742186426700397,0.91486167554927444,0.66040081974031439,0.75328468163506879,0.17150118019135779,True,,1,0,Slot__Patch;Slot__CPW_Feed_Pin;Patch__CPW_Feed_Pin,True,Slot__CPW_Feed_Pin,,Slot__CPW_Feed_Pin,,"{""Slot__CPW_Feed_Pin"": {""geometry_type"": ""MultiLineString"", ""relations"": ""overlaps"", ""wkt"": ""MULTILINESTRING ((0.5 22.95, 0 22.95), (0 22.95, -0.5 22.95))""}}",True,,,True,lhs
181,41.848001600082341,1.2289655041207497,8.2581140459072273,2.0300495278932043,1.926498526435537,10.016485582047205,4.9947152863618847,0.64157354807788425,0.13066909001967683,0.47541572851179781,0.77571233879208501,0.30982034630193456,0.96648423928442961,0.022738829323983856,0.49932011788712388,0.92367686449541664,0.2570352583047219,0.20572110257796586,0.33148067412066545,0.34574285644051722,0.013635982705983891,0.23642882137835788,0.74088643455460268,True,,1,0,Slot__Patch;Slot__CPW_Feed_Pin;Patch__CPW_Feed_Pin,True,Slot__CPW_Feed_Pin,,Slot__CPW_Feed_Pin,,"{""Slot__CPW_Feed_Pin"": {""geometry_type"": ""MultiLineString"", ""relations"": ""overlaps"", ""wkt"": ""MULTILINESTRING ((0.5 22.15, 0 22.15), (0 22.15, -0.5 22.15))""}}",True,,,True,lhs
182,58.150104360653415,2.2684416753953505,3.8395916115885083,3.2210471834678183,1.9893138966117525,12.749321085164485,2.1879227931543554,0.095520580082954151,0.83658345555042357,0.58087994092985884,0.57416211494957903,0.46822984238467935,0.62553771369805899,0.59848508921322452,0.57859504019373742,0.29265341848258819,0.92426086168438826,0.0062856292633182674,0.96008224773957751,0.14438593143296799,0.56882604875723786,0.061193524780498387,0.29387575220183759,True,,1,0,Slot__Patch;Slot__CPW_Feed_Pin;Patch__CPW_Feed_Pin,True,Slot__CPW_Feed_Pin,,Slot__CPW_Feed_Pin,,"{""Slot__CPW_Feed_Pin"": {""geometry_type"": ""MultiLineString"", ""relations"": ""overlaps"", ""wkt"": ""MULTILINESTRING ((0.5 20.44, 0 20.44), (0 20.44, -0.5 20.44))""}}",True,,,True,lhs
183,55.644384875420052,2.2508478657983209,3.0196394761109087,3.4948088983807981,2.8085163320513771,13.604985005780375,4.8393005629149988,0.97220662214832543,0.42402980479996083,0.53048616987003216,0.41989807341469743,0.87364200682147741,0.74559978795363702,0.794957733656381,0.61004130769009168,0.44482419256942968,0.1070567752368059,0.29046525845672339,0.011717989233633567,0.48282705967765077,0.87415796035328608,0.12589467265258122,0.47130186173807492,True,,1,0,Slot__Patch;Slot__CPW_Feed_Pin;Patch__CPW_Feed_Pin,True,Slot__CPW_Feed_Pin,,Slot__CPW_Feed_Pin,,"{""Slot__CPW_Feed_Pin"": {""geometry_type"": ""MultiLineString"", ""relations"": ""overlaps"", ""wkt"": ""MULTILINESTRING ((0.5 23.9, 0 23.9), (0 23.9, -0.5 23.9))""}}",True,,,True,lhs
184,24.619130989045022,1.9873819780042776,7.3771526527088689,2.6005893518861729,2.3680549625305143,20.047913067603261,3.5236099277810591,0.42799210570655666,0.72540833158211471,0.30819628270095911,0.018785933111848407,0.88154583066317171,0.61368944785334456,0.77129849749937096,0.71496070417618274,0.45405285192416339,0.2696842599866579,0.82943810441592403,0.89976147072770596,0.40733401247667889,0.74155523131466217,0.36240002877679212,0.97748191620711578,True,,1,0,Slot__Patch;Slot__CPW_Feed_Pin;Patch__CPW_Feed_Pin,True,Slot__CPW_Feed_Pin,,Slot__CPW_Feed_Pin,,"{""Slot__CPW_Feed_Pin"": {""geometry_type"": ""MultiLineString"", ""relations"": ""overlaps"", ""wkt"": ""MULTILINESTRING ((0.5 21.88, 0 21.88), (0 21.88, -0.5 21.88))""}}",True,,,True,lhs
185,52.206416111403641,2.352442183504869,3.4606593370828991,1.6922842058740712,2.1363665880215597,12.008367899522462,2.8583722521301551,0.88184390947315472,0.081588341190521219,0.065690506604393864,0.078201505600518556,0.97917007625897623,0.26838635394512078,0.078724384529123101,0.54691388867197455,0.27071149361365981,0.17576213678499064,0.55913553644477487,0.41003004872589138,0.68956191917227971,0.98379624192623472,0.40652411079004142,0.87230150471971479,True,,1,0,Slot__Patch;Slot__CPW_Feed_Pin;Patch__CPW_Feed_Pin,True,Slot__CPW_Feed_Pin,,Slot__CPW_Feed_Pin,,"{""Slot__CPW_Feed_Pin"": {""geometry_type"": ""MultiLineString"", ""relations"": ""overlaps"", ""wkt"": ""MULTILINESTRING ((0.5 21.35, 0 21.35), (0 21.35, -0.5 21.35))""}}",True,,,True,lhs
186,59.369451713882533,2.0823563682142305,6.6649511659937115,1.8585107006618016,1.1705341963633007,15.782091884812315,5.211570772262144,0.9401726949563004,0.42803968147577759,0.78846459275554426,0.89611599109264961,0.3357311021803015,0.78441215387817098,0.99974307673297236,0.33586992845705727,0.75298817221592973,0.34568663455260451,0.1195685023894341,0.90579857705599109,0.1767447251522126,0.83564274026199703,0.76134611658663998,0.68634456264784061,False,ValueError: producer reported invalid exported polygon(s): Patch,,0,Slot__Patch;Slot__CPW_Feed_Pin;Patch__CPW_Feed_Pin,True,Slot__CPW_Feed_Pin,,Slot__CPW_Feed_Pin,,"{""Slot__CPW_Feed_Pin"": {""geometry_type"": ""MultiLineString"", ""relations"": ""overlaps"", ""wkt"": ""MULTILINESTRING ((0.5 22.46, 0 22.46), (0 22.46, -0.5 22.46))""}}",True,,ValueError: producer reported invalid exported polygon(s): Patch,False,lhs
187,41.259607222607855,2.0705444937585584,8.0214327589465206,2.0782147806255251,2.6318311275082422,18.853227664110698,5.6421422308797471,0.69190287803839656,0.28865045784011445,0.76202057093873388,0.4059374220480168,0.70743213912831771,0.5353590841309972,0.5845377677900887,0.69855362671973231,0.044844951160356299,0.3115702382824363,0.59422306936189806,0.18183471989455943,0.48814430028615036,0.8818529614314079,0.40953899275854966,0.12326174671658653,True,,1,0,Slot__Patch;Slot__CPW_Feed_Pin;Patch__CPW_Feed_Pin,True,Slot__CPW_Feed_Pin,,Slot__CPW_Feed_Pin,,"{""Slot__CPW_Feed_Pin"": {""geometry_type"": ""MultiLineString"", ""relations"": ""overlaps"", ""wkt"": ""MULTILINESTRING ((0.5 24.35, 0 24.35), (0 24.35, -0.5 24.35))""}}",True,,,True,lhs
188,47.76612835815132,2.3454529799811854,7.7321665917376752,2.8252613756391551,2.445195735118185,8.1266197483821614,5.1137397016600108,0.59379731482483111,0.05161164512859235,0.86887410224621708,0.97863781462809929,0.72772419240445496,0.59134687238632044,0.23081409224844071,0.82195398281053422,0.68230822811117076,0.8608773477651771,0.41478164326193373,0.58709798916011413,0.31338958731684086,0.56667028749013848,0.6763073518943149,0.22339071525942536,True,,1,0,Slot__Patch;Slot__CPW_Feed_Pin;Patch__CPW_Feed_Pin,True,Slot__CPW_Feed_Pin,,Slot__CPW_Feed_Pin,,"{""Slot__CPW_Feed_Pin"": {""geometry_type"": ""MultiLineString"", ""relations"": ""overlaps"", ""wkt"": ""MULTILINESTRING ((0.5 23.9, 0 23.9), (0 23.9, -0.5 23.9))""}}",True,,,True,lhs
189,58.726006537437513,1.1816083096571521,5.3943624313344154,2.0531982823359667,2.649122414093215,8.6684595774139019,5.0301451234723071,0.39799330277660599,0.45426570953897316,0.45507051950931382,0.13908336455446887,0.55217667556212024,0.4077886515582877,0.86210226775948906,0.36100693682257073,0.5111489545625183,0.72555960676091347,0.50887926455758292,0.15466145268303835,0.80204660617143764,0.59185329091835004,0.55757110581373681,0.84369654767823099,True,,1,0,Slot__Patch;Slot__CPW_Feed_Pin;Patch__CPW_Feed_Pin,True,Slot__CPW_Feed_Pin,,Slot__CPW_Feed_Pin,,"{""Slot__CPW_Feed_Pin"": {""geometry_type"": ""MultiLineString"", ""relations"": ""overlaps"", ""wkt"": ""MULTILINESTRING ((0.5 22.86, 0 22.86), (0 22.86, -0.5 22.86))""}}",True,,,True,lhs
190,36.990824046184301,2.5619071088944807,8.6509398927806487,3.4060650963198373,1.9524035708010861,15.673260849506969,3.0293083926947193,0.079612164370205976,0.85288826212362512,0.64235739125037983,0.67600098675690601,0.93436103246723901,0.97449948708256151,0.5288719091229952,0.34782841132088904,0.14998375287137455,0.080300791012454756,0.76597162911355832,0.8164006352145331,0.943515645966436,0.9321786188993092,0.28178467553326442,0.9829181746482224,True,,1,0,Slot__Patch;Slot__CPW_Feed_Pin;Patch__CPW_Feed_Pin,True,Slot__CPW_Feed_Pin,,Slot__CPW_Feed_Pin,,"{""Slot__CPW_Feed_Pin"": {""geometry_type"": ""MultiLineString"", ""relations"": ""overlaps"", ""wkt"": ""MULTILINESTRING ((0.5 21.54, 0 21.54), (0 21.54, -0.5 21.54))""}}",True,,,True,lhs
191,31.495275460585901,1.6403934193757053,5.7019215252916018,1.4126415883296968,2.1866905127913525,22.003189016566921,5.2306855409398754,0.4840360080013964,0.074509352824244715,0.24896972925488015,0.30530390112551181,0.80010906754660294,0.6487869255190688,0.1167563042224765,0.85199075906954513,0.97082855006047764,0.77182557715642719,0.32279221907879901,0.67752919270345635,0.094755476457139456,0.64301250947397104,0.90283211122293616,0.48260705655396513,True,,1,0,Slot__Patch;Slot__CPW_Feed_Pin;Patch__CPW_Feed_Pin,True,Slot__CPW_Feed_Pin,,Slot__CPW_Feed_Pin,,"{""Slot__CPW_Feed_Pin"": {""geometry_type"": ""MultiLineString"", ""relations"": ""overlaps"", ""wkt"": ""MULTILINESTRING ((0.5 23.06, 0 23.06), (0 23.06, -0.5 23.06))""}}",True,,,True,lhs
192,40.398549339520898,1.3740036780172975,5.5126335933470916,3.6828863344824549,1.9612123967280792,13.992020191629486,2.9114370527619,0.89095082527063552,0.62640636976726483,0.52198580847278586,0.21424660366959725,0.56846928729644441,0.95476455205279065,0.86854377206157818,0.09814076154115764,0.64448818301054556,0.68291497772480181,0.71689313774569885,0.23601208471794111,0.35972242469194199,0.67608350788900318,0.74273139731104942,0.51361657307629283,True,,1,0,Slot__Patch;Slot__CPW_Feed_Pin;Patch__CPW_Feed_Pin,True,Slot__CPW_Feed_Pin,,Slot__CPW_Feed_Pin,,"{""Slot__CPW_Feed_Pin"": {""geometry_type"": ""MultiLineString"", ""relations"": ""overlaps"", ""wkt"": ""MULTILINESTRING ((0.5 20.25, 0 20.25), (0 20.25, -0.5 20.25))""}}",True,,,True,lhs
193,55.527474562570781,2.2455944719819674,7.3148229858307943,1.8631297759651702,2.0816046620423583,12.473796637045151,2.7426929135777747,0.20571394767574436,0.82952010537636234,0.009717746342253893,0.33393246070169796,0.068997927359262731,0.55483262950553058,0.97314406277047327,0.42910714688394896,0.52108067645111544,0.07306541316689491,0.49799335510061504,0.015339189634459138,0.56453035949354535,0.78820411189528472,0.33451084503721495,0.66378312221271019,True,,1,0,Slot__Patch;Slot__CPW_Feed_Pin;Patch__CPW_Feed_Pin,True,Slot__CPW_Feed_Pin,,Slot__CPW_Feed_Pin,,"{""Slot__CPW_Feed_Pin"": {""geometry_type"": ""MultiLineString"", ""relations"": ""overlaps"", ""wkt"": ""MULTILINESTRING ((0.5 21.07, 0 21.07), (0 21.07, -0.5 21.07))""}}",True,,,True,lhs
194,47.155608702713231,1.6725029492170516,5.3752148859177424,1.6295908092132434,2.45625875488291,7.9151483424511104,4.2368454474162451,0.36386287475238943,0.31406081955529519,0.44830082747389149,0.37182814758900629,0.72286983645667968,0.79582300777106063,0.7393431424207848,0.38585482640037766,0.64108014426612647,0.79176356814565185,0.94529754930540588,0.10210654887992762,0.2320007569413462,0.7054179969089539,0.96787626152135131,0.40051941711794736,True,,1,0,Slot__Patch;Slot__CPW_Feed_Pin;Patch__CPW_Feed_Pin,True,Slot__CPW_Feed_Pin,,Slot__CPW_Feed_Pin,,"{""Slot__CPW_Feed_Pin"": {""geometry_type"": ""MultiLineString"", ""relations"": ""overlaps"", ""wkt"": ""MULTILINESTRING ((0.5 22.37, 0 22.37), (0 22.37, -0.5 22.37))""}}",True,,,True,lhs
195,21.98379256895246,1.423458974480867,6.7912640524689447,3.4601708383770049,2.2053338105902736,15.841857364442307,2.1504039690047514,0.85150118922763551,0.25123952012362677,0.89760610844739452,0.65879997120651501,0.15220044984032591,0.32241112203021155,0.7999428628995866,0.46840764666401702,0.089409366391794226,0.3591846631789945,0.21201108761757873,0.65622385645690406,0.34480856975334789,0.88757361927312484,0.2915355833218522,0.98008129951095002,True,,1,0,Slot__Patch;Slot__CPW_Feed_Pin;Patch__CPW_Feed_Pin,True,Slot__CPW_Feed_Pin,,Slot__CPW_Feed_Pin,,"{""Slot__CPW_Feed_Pin"": {""geometry_type"": ""MultiLineString"", ""relations"": ""overlaps"", ""wkt"": ""MULTILINESTRING ((0.5 19.78, 0 19.78), (0 19.78, -0.5 19.78))""}}",True,,,True,lhs
196,45.303538051353655,1.2177038983049333,8.4014057620696896,3.7849792586749285,1.0861152982473685,20.530792714688484,4.2959725227912644,0.46596262837381713,0.34224752938635,0.69589456010247663,0.41315361961468311,0.3965426326628671,0.90987090464337428,0.80501306824406782,0.28412986736781959,0.14477189400475671,0.054438007378980649,0.47058322605299535,0.99091800338549119,0.83653726441647325,0.30803820357577333,0.067503196573745289,0.74965607508411336,True,,1,0,Slot__Patch;Slot__CPW_Feed_Pin;Patch__CPW_Feed_Pin,True,Slot__CPW_Feed_Pin,,Slot__CPW_Feed_Pin,,"{""Slot__CPW_Feed_Pin"": {""geometry_type"": ""MultiLineString"", ""relations"": ""overlaps"", ""wkt"": ""MULTILINESTRING ((0.5 20.6, 0 20.6), (0 20.6, -0.5 20.6))""}}",True,,,True,lhs
197,23.81694700568795,2.8519614305429521,5.233714894493807,3.5538371330374927,2.4877987553908492,11.698381442300061,3.7907779986035774,0.97881711388616333,0.1105202825102338,0.42074664532367639,0.90436075776101377,0.37475658320181093,0.95533271037757106,0.060446507158506767,0.71447786180423001,0.54791164142104676,0.80855123005742147,0.60094859528107913,0.55032530756688136,0.79589065747479759,0.12727258743656181,0.57450718796428601,0.37330878993834116,True,,1,0,Slot__Patch;Slot__CPW_Feed_Pin;Patch__CPW_Feed_Pin,True,Slot__CPW_Feed_Pin,,Slot__CPW_Feed_Pin,,"{""Slot__CPW_Feed_Pin"": {""geometry_type"": ""MultiLineString"", ""relations"": ""overlaps"", ""wkt"": ""MULTILINESTRING ((0.5 23.13, 0 23.13), (0 23.13, -0.5 23.13))""}}",True,,,True,lhs
198,59.803031276957903,1.2083526161295051,4.3310797232461322,1.4092299675949966,1.6782096994983138,12.027862995876216,3.5008977832246635,0.67723112372577443,0.45967993784835282,0.1606340382622034,0.01136954463448079,0.4397895460186072,0.5458852355243341,0.81539324172841154,0.0067593302793274267,0.85545579644237335,0.37352647880588985,0.97963545386806561,0.8337629251982499,0.03568309805925584,0.89579908107178741,0.89614804737849418,0.084611743354875826,True,,1,0,Slot__Patch;Slot__CPW_Feed_Pin;Patch__CPW_Feed_Pin,True,Slot__CPW_Feed_Pin,,Slot__CPW_Feed_Pin,,"{""Slot__CPW_Feed_Pin"": {""geometry_type"": ""MultiLineString"", ""relations"": ""overlaps"", ""wkt"": ""MULTILINESTRING ((0.5 20.38, 0 20.38), (0 20.38, -0.5 20.38))""}}",True,,,True,lhs
199,33.861590862186247,1.5809540227354706,5.5556811738362555,1.5953919500229774,2.9841053733053613,16.590177359360737,5.0663895518600981,0.05171629793220605,0.68762839742197368,0.57837575523984985,0.87017344363315685,0.91534505287466761,0.30193419323003651,0.00088709746267509994,0.95110480073419579,0.94856783388491117,0.42038295868284231,0.39053797946449303,0.56246601171232069,0.76666783699365826,0.91630877127788524,0.90893230568393235,0.99921630779269999,True,,1,0,Slot__Patch;Slot__CPW_Feed_Pin;Patch__CPW_Feed_Pin,True,Slot__CPW_Feed_Pin,,Slot__CPW_Feed_Pin,,"{""Slot__CPW_Feed_Pin"": {""geometry_type"": ""MultiLineString"", ""relations"": ""overlaps"", ""wkt"": ""MULTILINESTRING ((0.5 23.63, 0 23.63), (0 23.63, -0.5 23.63))""}}",True,,,True,lhs
200,45.418411172061553,1.7005944965457993,6.6300312267343173,2.1948576859168383,1.159229013070199,15.746356809366738,4.4582707865497273,0.87800157565115999,0.55285476048748405,0.85896569707635695,0.69480972813224573,0.78858552754443656,0.38805827723473896,0.9874853192276144,0.071622997731852683,0.76950101286540717,0.34074255108828666,0.0572546557098422,0.76051241718729712,0.064633250019879754,0.63150846935874616,0.6712995921131375,0.042913168675683837,True,,1,0,Slot__Patch;Slot__CPW_Feed_Pin;Patch__CPW_Feed_Pin,True,Slot__CPW_Feed_Pin,,Slot__CPW_Feed_Pin,,"{""Slot__CPW_Feed_Pin"": {""geometry_type"": ""MultiLineString"", ""relations"": ""overlaps"", ""wkt"": ""MULTILINESTRING ((0.5 21.32, 0 21.32), (0 21.32, -0.5 21.32))""}}",True,,,True,lhs
201,25.009078889468576,2.5095863351436281,4.8192627078427934,3.2153237176255116,1.7838061727306871,9.1935254746108619,2.647688376318682,0.27811948347557175,0.8886325151932144,0.66241526481143531,0.86088471058168059,0.49818110237582658,0.40171834307775423,0.80701199861409512,0.43367202062558385,0.12659609478339989,0.63005533392525714,0.60186560540233647,0.57038222072562461,0.97230234883642763,0.49331248533728239,0.84496094361110241,0.51971204523175552,True,,1,0,Slot__Patch;Slot__CPW_Feed_Pin;Patch__CPW_Feed_Pin,True,Slot__CPW_Feed_Pin,,Slot__CPW_Feed_Pin,,"{""Slot__CPW_Feed_Pin"": {""geometry_type"": ""MultiLineString"", ""relations"": ""overlaps"", ""wkt"": ""MULTILINESTRING ((0.5 20.94, 0 20.94), (0 20.94, -0.5 20.94))""}}",True,,,True,lhs
202,47.514672618238905,2.0136997920110646,7.847182254207425,2.7175330331957648,1.2782261530063574,9.7947125480009483,5.8261256545319728,0.80001652744371721,0.61750276792164149,0.72278259927936539,0.96514980829873021,0.61279320909908541,0.10602246134565264,0.94555914901936344,0.18949247655613821,0.30783228810507213,0.92309266560157255,0.95559258040245554,0.08088282312285934,0.33988366173033896,0.39475129106356455,0.55018207055634838,0.11289714140846982,True,,1,0,Slot__Patch;Slot__CPW_Feed_Pin;Patch__CPW_Feed_Pin,True,Slot__CPW_Feed_Pin,,Slot__CPW_Feed_Pin,,"{""Slot__CPW_Feed_Pin"": {""geometry_type"": ""MultiLineString"", ""relations"": ""overlaps"", ""wkt"": ""MULTILINESTRING ((0.5 23.12, 0 23.12), (0 23.12, -0.5 23.12))""}}",True,,,True,lhs
203,15.102191747988636,2.3983205608134806,4.0127877685810933,3.6055128497244402,2.0531853911600249,11.549541796907317,5.6585815046039549,0.8560066767355613,0.15505883780144272,0.69292603288280608,0.077384342319907762,0.3545842129103412,0.62443287306334216,0.90857034454967545,0.0037614046128590642,0.0016968066446973308,0.19849512214954573,0.08698827837751566,0.54418900875512277,0.007216610591572541,0.59426865974320986,0.52792839334721953,0.94633687822755497,False,ValueError: producer reported invalid exported polygon(s): Patch,,0,Slot__Patch;Slot__CPW_Feed_Pin;Patch__CPW_Feed_Pin,True,Slot__CPW_Feed_Pin,,Slot__CPW_Feed_Pin,,"{""Slot__CPW_Feed_Pin"": {""geometry_type"": ""MultiLineString"", ""relations"": ""overlaps"", ""wkt"": ""MULTILINESTRING ((0.5 24.11, 0 24.11), (0 24.11, -0.5 24.11))""}}",True,,ValueError: producer reported invalid exported polygon(s): Patch,False,lhs
204,20.697332956246075,2.5920789569467511,4.5797817325044843,1.6589192961717307,2.9757716231143849,8.7802715206045292,4.5553058269711197,0.80292471877087779,0.65031114897653197,0.18985288020945304,0.64837021828818364,0.88730003090706078,0.7174388452047108,0.9027176636581774,0.38959178264237943,0.45077329354513557,0.93786347276122173,0.58810323521044905,0.34425551993919545,0.8194012495571118,0.53454082249624013,0.25995833023991155,0.055211831340025073,True,,1,0,Slot__Patch;Slot__CPW_Feed_Pin;Patch__CPW_Feed_Pin,True,Slot__CPW_Feed_Pin,,Slot__CPW_Feed_Pin,,"{""Slot__CPW_Feed_Pin"": {""geometry_type"": ""MultiLineString"", ""relations"": ""overlaps"", ""wkt"": ""MULTILINESTRING ((0.5 24.13, 0 24.13), (0 24.13, -0.5 24.13))""}}",True,,,True,lhs
205,27.989053556033188,2.4690099790485727,8.1119214519065892,2.2691248826711479,2.988314286779139,9.5760215021617618,2.4619518543915708,0.82422694866684199,0.58645576571138036,0.16763908288325477,0.17347007419027827,0.56500482283552556,0.8389105035451021,0.18512107834587579,0.21548805812889432,0.81245082418174042,0.64069959533710519,0.001948521199040874,0.42537333480411665,0.14168891642500811,0.56012799569558258,0.43840311436376972,0.41109628463391018,True,,1,0,Slot__Patch;Slot__CPW_Feed_Pin;Patch__CPW_Feed_Pin,True,Slot__CPW_Feed_Pin,,Slot__CPW_Feed_Pin,,"{""Slot__CPW_Feed_Pin"": {""geometry_type"": ""MultiLineString"", ""relations"": ""overlaps"", ""wkt"": ""MULTILINESTRING ((0.5 21.91, 0 21.91), (0 21.91, -0.5 21.91))""}}",True,,,True,lhs
206,27.386595586603203,1.6325764737992534,3.2665284532715329,3.1385351825563976,2.2992391880169141,9.5067931174469358,2.0992960497337534,0.45021879968424194,0.37289965696015015,0.87084799053919582,0.36237678903491166,0.76704552935380899,0.83726300480502336,0.35141222306811737,0.11034879595855085,0.40923008080703543,0.060764528108011084,0.43687533984229265,0.14671627548108773,0.058865640565845166,0.005066194138199696,0.89278008490101868,0.84034393412487363,True,,1,0,Slot__Patch;Slot__CPW_Feed_Pin;Patch__CPW_Feed_Pin,True,Slot__CPW_Feed_Pin,,Slot__CPW_Feed_Pin,,"{""Slot__CPW_Feed_Pin"": {""geometry_type"": ""MultiLineString"", ""relations"": ""overlaps"", ""wkt"": ""MULTILINESTRING ((0.5 20.03, 0 20.03), (0 20.03, -0.5 20.03))""}}",True,,,True,lhs
207,51.901531519323619,1.8583608307446662,8.9152633129174088,2.3029076166362383,2.960651586183459,16.781242442650289,5.9560636526084352,0.43037140230675053,0.76898753697468414,0.20874824431363073,0.91573445412915377,0.30193872131283073,0.46623425312979416,0.99005988264910505,0.69963081540794458,0.73407513132599778,0.18561071028708603,0.73468419799733564,0.72363063810557016,0.14491476316561677,0.49620050843589719,0.4541541114583223,0.22929933271433936,True,,1,0,Slot__Patch;Slot__CPW_Feed_Pin;Patch__CPW_Feed_Pin,True,Slot__CPW_Feed_Pin,,Slot__CPW_Feed_Pin,,"{""Slot__CPW_Feed_Pin"": {""geometry_type"": ""MultiLineString"", ""relations"": ""overlaps"", ""wkt"": ""MULTILINESTRING ((0.5 24.78, 0 24.78), (0 24.78, -0.5 24.78))""}}",True,,,True,lhs
208,23.010431416205861,1.908012307337728,3.4214855784039848,1.958855382994249,1.2059657812800124,7.611023066129543,3.2475083456036451,0.093180091799342279,0.52936880472399417,0.59065435650766096,0.85274626490326644,0.9068061023749926,0.50792201293499584,0.077765331126589218,0.67526655632602761,0.17726811419815938,0.011285245481065602,0.22056892005047105,0.10588313931070463,0.862485171986068,0.71763216157224641,0.65608403961787909,0.72837218598537867,True,,1,0,Slot__Patch;Slot__CPW_Feed_Pin;Patch__CPW_Feed_Pin,True,Slot__CPW_Feed_Pin,,Slot__CPW_Feed_Pin,,"{""Slot__CPW_Feed_Pin"": {""geometry_type"": ""MultiLineString"", ""relations"": ""overlaps"", ""wkt"": ""MULTILINESTRING ((0.5 20.36, 0 20.36), (0 20.36, -0.5 20.36))""}}",True,,,True,lhs
209,18.905617842062913,1.3529674940681506,4.2053495221620665,2.551081429408427,2.8882641279164867,10.936768313573122,4.2286093629170054,0.38064414532026403,0.61699839394210199,0.67565545600776533,0.65508578059614475,0.79400874065806537,0.22881119853449172,0.71708770138540479,0.21437552138641452,0.2764908260796351,0.34932267506805814,0.32215132495356519,0.99753468704471093,0.43250994641218649,0.98136496665906214,0.13888108016567038,0.19114693731026033,True,,1,0,Slot__Patch;Slot__CPW_Feed_Pin;Patch__CPW_Feed_Pin,True,Slot__CPW_Feed_Pin,,Slot__CPW_Feed_Pin,,"{""Slot__CPW_Feed_Pin"": {""geometry_type"": ""MultiLineString"", ""relations"": ""overlaps"", ""wkt"": ""MULTILINESTRING ((0.5 22.47, 0 22.47), (0 22.47, -0.5 22.47))""}}",True,,,True,lhs
210,37.258733882945592,1.0450193140749509,5.2000402993566963,2.0732794438977171,2.7159754430628462,19.21036079542634,5.082166203194836,0.18441839474816696,0.70807853544350152,0.21560383853441428,0.43136289065268824,0.075285536931525884,0.2168713015904882,0.50006178448428273,0.95819223892934824,0.26605285756068187,0.98297291886066385,0.49831663843340329,0.68050331933965869,0.10332061467235748,0.75292467332031221,0.88665875871718902,0.78383210714185014,True,,1,0,Slot__Patch;Slot__CPW_Feed_Pin;Patch__CPW_Feed_Pin,True,Slot__CPW_Feed_Pin,,Slot__CPW_Feed_Pin,,"{""Slot__CPW_Feed_Pin"": {""geometry_type"": ""MultiLineString"", ""relations"": ""overlaps"", ""wkt"": ""MULTILINESTRING ((0.5 22.84, 0 22.84), (0 22.84, -0.5 22.84))""}}",True,,,True,lhs
211,45.204964010913706,1.2897812658157735,4.1145816709903187,2.5752837855434541,2.2867227312183496,13.824107689394697,4.5834758247732026,0.29616351408671904,0.67647693314269919,0.47101566929768024,0.46516537879417402,0.58465315730088074,0.61267786503198696,0.70361785733601523,0.4961835872419792,0.031135562330009803,0.35335492540587249,0.37052602998525092,0.95026329158191691,0.98866708363244193,0.9690927903405222,0.028897083777120452,0.57077572932969101,True,,1,0,Slot__Patch;Slot__CPW_Feed_Pin;Patch__CPW_Feed_Pin,True,Slot__CPW_Feed_Pin,,Slot__CPW_Feed_Pin,,"{""Slot__CPW_Feed_Pin"": {""geometry_type"": ""MultiLineString"", ""relations"": ""overlaps"", ""wkt"": ""MULTILINESTRING ((0.5 22.16, 0 22.16), (0 22.16, -0.5 22.16))""}}",True,,,True,lhs
212,29.119934939007337,2.0345931977502678,6.5898570362516136,3.0031263252610572,1.9342116881057583,9.8473757751260305,4.064966428698165,0.94724899690577991,0.38797325314122783,0.42743143378393855,0.98406562244700524,0.71310323251126562,0.48828889331071029,0.8252478086977898,0.87242261082668981,0.51664747235952557,0.028189904000939677,0.17178694280034684,0.37551961715730414,0.077933966083262474,0.6144093143375895,0.34388691040759845,0.23513700790461303,True,,1,0,Slot__Patch;Slot__CPW_Feed_Pin;Patch__CPW_Feed_Pin,True,Slot__CPW_Feed_Pin,,Slot__CPW_Feed_Pin,,"{""Slot__CPW_Feed_Pin"": {""geometry_type"": ""MultiLineString"", ""relations"": ""overlaps"", ""wkt"": ""MULTILINESTRING ((0.5 22.04, 0 22.04), (0 22.04, -0.5 22.04))""}}",True,,,True,lhs
213,51.152437676690013,2.2998983990350701,3.4740128971795428,1.946937357792673,1.1267339129477323,9.0689462628533857,4.308593076458334,0.46137795905021278,0.041246155365961844,0.29040707256748738,0.90000842904040712,0.92458558032898575,0.8069302537287959,0.24899632878593345,0.75908625877385816,0.076590893815772387,0.52911380823242582,0.42661712831332194,0.21549608633724571,0.54283964444041333,0.047258894033606738,0.35008824090837731,0.71095251112951796,True,,1,0,Slot__Patch;Slot__CPW_Feed_Pin;Patch__CPW_Feed_Pin,True,Slot__CPW_Feed_Pin,,Slot__CPW_Feed_Pin,,"{""Slot__CPW_Feed_Pin"": {""geometry_type"": ""MultiLineString"", ""relations"": ""overlaps"", ""wkt"": ""MULTILINESTRING ((0.5 21.74, 0 21.74), (0 21.74, -0.5 21.74))""}}",True,,,True,lhs
214,20.109397051507791,2.2063050455541608,3.7016166722364492,2.186984136372268,1.640715051212581,13.210357745154679,4.3858092813037874,0.4135400249531101,0.83444910681262807,0.72589834519177177,0.68810441156068813,0.91111085950984239,0.0034958387222326637,0.48457561540537797,0.26810124439901301,0.99636203560167924,0.53487520288699675,0.73799330457929946,0.7348369749309176,0.62447671420149542,0.82773693497775602,0.26795817694768082,0.2694876543127645,True,,1,0,Slot__Patch;Slot__CPW_Feed_Pin;Patch__CPW_Feed_Pin,True,Slot__CPW_Feed_Pin,,Slot__CPW_Feed_Pin,,"{""Slot__CPW_Feed_Pin"": {""geometry_type"": ""MultiLineString"", ""relations"": ""overlaps"", ""wkt"": ""MULTILINESTRING ((0.5 22.23, 0 22.23), (0 22.23, -0.5 22.23))""}}",True,,,True,lhs
215,58.559645191658085,1.6812191823152001,5.587144559730211,2.0033113173679062,2.1396336904045272,21.183868942217195,5.9109661429876823,0.71956275990052077,0.73885689996052739,0.82659378932665084,0.53745414609523778,0.96770841134497987,0.8477071193601986,0.60719171730740207,0.35891732406495169,0.045489345606536793,0.16152062752985921,0.78791228485886344,0.72155097945656288,0.35238604393459722,0.026891520061577856,0.33114644961152878,0.19624613236573502,True,,1,0,Slot__Patch;Slot__CPW_Feed_Pin;Patch__CPW_Feed_Pin,True,Slot__CPW_Feed_Pin,,Slot__CPW_Feed_Pin,,"{""Slot__CPW_Feed_Pin"": {""geometry_type"": ""MultiLineString"", ""relations"": ""overlaps"", ""wkt"": ""MULTILINESTRING ((0.5 23.73, 0 23.73), (0 23.73, -0.5 23.73))""}}",True,,,True,lhs
216,17.986178717189343,2.972231204555789,7.3640547989604235,2.6913666675645378,2.7658397825156413,11.006803819829994,5.2505704208973007,0.65199667346317636,0.37537313523863625,0.44001605098589353,0.18781893187240833,0.27614363056233154,0.36711026008583481,0.0054918187597176975,0.93749197394341521,0.48654933717459264,0.99636747918223245,0.36603819083996736,0.46231262539997314,0.22267812252507824,0.043083205970100846,0.98145989690293789,0.059135758850016831,True,,1,0,Slot__Patch;Slot__CPW_Feed_Pin;Patch__CPW_Feed_Pin,True,Slot__CPW_Feed_Pin,,Slot__CPW_Feed_Pin,,"{""Slot__CPW_Feed_Pin"": {""geometry_type"": ""MultiLineString"", ""relations"": ""overlaps"", ""wkt"": ""MULTILINESTRING ((0.5 24.99, 0 24.99), (0 24.99, -0.5 24.99))""}}",True,,,True,lhs
217,37.330256295065325,2.6027164663736073,5.3344345488019149,3.8738524046007203,1.7997801213033453,10.559074750736693,3.8753514756536567,0.78886245468588945,0.59408474810242851,0.12249088178582672,0.19442023006027073,0.012429954464603377,0.11759584697750285,0.76671594014100242,0.63057469134189625,0.0050598561167983546,0.18931219550357029,0.6921732479359648,0.58926728506825909,0.49686791852145812,0.38458009122905251,0.52368577582584097,0.80267063201532762,True,,1,0,Slot__Patch;Slot__CPW_Feed_Pin;Patch__CPW_Feed_Pin,True,Slot__CPW_Feed_Pin,,Slot__CPW_Feed_Pin,,"{""Slot__CPW_Feed_Pin"": {""geometry_type"": ""MultiLineString"", ""relations"": ""overlaps"", ""wkt"": ""MULTILINESTRING ((0.5 22.28, 0 22.28), (0 22.28, -0.5 22.28))""}}",True,,,True,lhs
218,45.130623349379221,2.7294026434875223,7.638791799020348,3.5240658196194055,1.3610009756711152,20.798733367923283,3.1447386443238243,0.91213087547666205,0.70224097492835413,0.49111849916372213,0.737181510746173,0.77315603275504519,0.56205574523386637,0.054337227278998909,0.74664141532173534,0.42423989266992151,0.066778458112580513,0.34917763289587594,0.78574477971497414,0.67801570639492603,0.48830307307944903,0.16398725129676228,0.88254214088927641,True,,1,0,Slot__Patch;Slot__CPW_Feed_Pin;Patch__CPW_Feed_Pin,True,Slot__CPW_Feed_Pin,,Slot__CPW_Feed_Pin,,"{""Slot__CPW_Feed_Pin"": {""geometry_type"": ""MultiLineString"", ""relations"": ""overlaps"", ""wkt"": ""MULTILINESTRING ((0.5 21.23, 0 21.23), (0 21.23, -0.5 21.23))""}}",True,,,True,lhs
219,24.678807829415526,1.3021288341839496,7.7940829764287258,3.6470005300494837,2.7918378640703434,10.506047962416053,5.0533498058126325,0.77010689066560345,0.079613740684589429,0.44261106650927645,0.39336624297436051,0.98749003582529582,0.0016377627378051053,0.16411001942120038,0.40645746394019888,0.90913679000974001,0.44019946887249134,0.26429700759224917,0.076546819839707708,0.35378642660134124,0.84290874398861426,0.96028311163455826,0.67447732106479696,True,,1,0,Slot__Patch;Slot__CPW_Feed_Pin;Patch__CPW_Feed_Pin,True,Slot__CPW_Feed_Pin,,Slot__CPW_Feed_Pin,,"{""Slot__CPW_Feed_Pin"": {""geometry_type"": ""MultiLineString"", ""relations"": ""overlaps"", ""wkt"": ""MULTILINESTRING ((0.5 23.15, 0 23.15), (0 23.15, -0.5 23.15))""}}",True,,,True,lhs
220,22.146149987624483,2.1608630515418277,3.7120538055459771,3.6574025482096966,1.6849358504203162,10.108605103914485,5.1786358920583178,0.85318631528425792,0.065370219843333244,0.67777636767693183,0.24094412494261624,0.81066709155769312,0.37185855716135652,0.11234514415519894,0.76723426475276491,0.98484490530118707,0.52436425310183543,0.86874256955372586,0.64881655636812874,0.87619873741648824,0.75004366990603011,0.49524697889880298,0.89427393437850156,True,,1,0,Slot__Patch;Slot__CPW_Feed_Pin;Patch__CPW_Feed_Pin,True,Slot__CPW_Feed_Pin,,Slot__CPW_Feed_Pin,,"{""Slot__CPW_Feed_Pin"": {""geometry_type"": ""MultiLineString"", ""relations"": ""overlaps"", ""wkt"": ""MULTILINESTRING ((0.5 23.02, 0 23.02), (0 23.02, -0.5 23.02))""}}",True,,,True,lhs
221,18.684656509635225,2.2590325088161123,4.7432706980973371,3.3558328317478816,2.7813273633271085,20.54814752012053,2.10337849683635,0.8943867382241717,0.17153009201857944,0.20063916091786441,0.5769430265034361,0.24723455880838582,0.46772112968462143,0.91305420665633319,0.91943624039016536,0.25543903184794209,0.57194917682306323,0.1993512617065554,0.64627955644798052,0.12787766226953598,0.00063712066287708582,0.78458658807776682,0.058505015623733767,False,ValueError: producer reported invalid exported polygon(s): Slot,,0,Slot__Patch;Slot__CPW_Feed_Pin;Patch__CPW_Feed_Pin,True,Slot__CPW_Feed_Pin,,Slot__CPW_Feed_Pin,,"{""Slot__CPW_Feed_Pin"": {""geometry_type"": ""MultiLineString"", ""relations"": ""overlaps"", ""wkt"": ""MULTILINESTRING ((0.5 21.14, 0 21.14), (0 21.14, -0.5 21.14))""}}",True,,ValueError: producer reported invalid exported polygon(s): Slot,False,lhs
222,55.855455091909342,2.4538909999577121,8.3821051028475004,1.7827328041444765,2.2463242689769132,9.6568635909378919,4.743827046752445,0.23613279335690476,0.68731827627029196,0.40706373401237478,0.81073647537255022,0.46671767005265324,0.45044631554782383,0.97768346616396395,0.23703508161042214,0.83509805708900442,0.18493992127014061,0.36279087165797352,0.346973291463546,0.052666208356131013,0.71537110236255086,0.97895584737899133,0.43816992095085805,True,,1,0,Slot__Patch;Slot__CPW_Feed_Pin;Patch__CPW_Feed_Pin,True,Slot__CPW_Feed_Pin,,Slot__CPW_Feed_Pin,,"{""Slot__CPW_Feed_Pin"": {""geometry_type"": ""MultiLineString"", ""relations"": ""overlaps"", ""wkt"": ""MULTILINESTRING ((0.5 23.45, 0 23.45), (0 23.45, -0.5 23.45))""}}",True,,,True,lhs
223,18.983882207384106,1.7567785402555516,7.9718175731231709,3.7324879327984331,2.6799840750281856,21.220511327988767,3.6453932777854936,0.069605897550023443,0.03096934841371116,0.13646860410567696,0.71051577929066656,0.70902495428038914,0.95005559938022532,0.40892951649417214,0.70768139659777995,0.35211056442071598,0.45605518365801073,0.090694194611453019,0.14278738163097204,0.64308852835991581,0.31202779072467729,0.70124211763236155,0.81195607933390324,True,,1,0,Slot__Patch;Slot__CPW_Feed_Pin;Patch__CPW_Feed_Pin,True,Slot__CPW_Feed_Pin,,Slot__CPW_Feed_Pin,,"{""Slot__CPW_Feed_Pin"": {""geometry_type"": ""MultiLineString"", ""relations"": ""overlaps"", ""wkt"": ""MULTILINESTRING ((0.5 22.08, 0 22.08), (0 22.08, -0.5 22.08))""}}",True,,,True,lhs
224,46.125757100521412,1.1896236718091768,6.1242493291806852,2.7901840149937209,2.0611338074458128,9.9800353066829715,2.6042896282069083,0.63745229590882668,0.352016511630589,0.62254901733870938,0.3763512977681806,0.50321710610228165,0.088948649290812476,0.19397175543526665,0.9977638678637879,0.64734485339383585,0.1087214046499998,0.91170105763643761,0.45491727148151745,0.37089299716560747,0.014306640063231756,0.16422288121114864,0.16348810455338111,True,,1,0,Slot__Patch;Slot__CPW_Feed_Pin;Patch__CPW_Feed_Pin,True,Slot__CPW_Feed_Pin,,Slot__CPW_Feed_Pin,,"{""Slot__CPW_Feed_Pin"": {""geometry_type"": ""MultiLineString"", ""relations"": ""overlaps"", ""wkt"": ""MULTILINESTRING ((0.5 19.85, 0 19.85), (0 19.85, -0.5 19.85))""}}",True,,,True,lhs
225,38.478884781365977,1.84625229602281,6.3965449597598614,3.7190916049698792,2.7885683374844468,20.2019285475291,2.5487582900732777,0.64325376091876052,0.57350077125163623,0.4638303440384749,0.43370541815952268,0.29312103212102997,0.17177052850496544,0.65184032441915407,0.48167565251384492,0.12820025549806086,0.59983870739461165,0.74739737936510608,0.44776061065536005,0.96622089046088822,0.80916930906402318,0.86579497495999735,0.33750993433638404,True,,1,0,Slot__Patch;Slot__CPW_Feed_Pin;Patch__CPW_Feed_Pin,True,Slot__CPW_Feed_Pin,,Slot__CPW_Feed_Pin,,"{""Slot__CPW_Feed_Pin"": {""geometry_type"": ""MultiLineString"", ""relations"": ""overlaps"", ""wkt"": ""MULTILINESTRING ((0.5 21.18, 0 21.18), (0 21.18, -0.5 21.18))""}}",True,,,True,lhs
226,39.9876631445808,1.8122145817919946,8.6072474278463567,1.6707072632363458,1.1840568122953516,9.4809502515966226,2.1674956075532763,0.64940367964497203,0.20807236190554254,0.79742567566197053,0.12690983787031496,0.27083109616855433,0.17989640559204467,0.96534824952671872,0.83764231551409818,0.96165589955598163,0.87118063124719081,0.79536468301312091,0.95617771342468549,0.41549599579521523,0.17359431683613069,0.85038923950116196,0.99567984630476991,True,,1,0,Slot__Patch;Slot__CPW_Feed_Pin;Patch__CPW_Feed_Pin,True,Slot__CPW_Feed_Pin,,Slot__CPW_Feed_Pin,,"{""Slot__CPW_Feed_Pin"": {""geometry_type"": ""MultiLineString"", ""relations"": ""overlaps"", ""wkt"": ""MULTILINESTRING ((0.5 19.17, 0 19.17), (0 19.17, -0.5 19.17))""}}",True,,,True,lhs
227,44.543494387332039,2.149250847462441,7.1008634880522798,2.9902640199775679,1.5344571025669933,21.103895079292492,3.4934358136983468,0.14356852439499479,0.82025112265558009,0.88433081774488842,0.5173699736036832,0.49368060830772637,0.025603751863458171,0.37304055133550751,0.97961643574815738,0.62804475490575873,0.90227391042222782,0.84457176412649404,0.50600423587449728,0.23820313435916202,0.63737956344894398,0.59369100411460873,0.85034931117577528,True,,1,0,Slot__Patch;Slot__CPW_Feed_Pin;Patch__CPW_Feed_Pin,True,Slot__CPW_Feed_Pin,,Slot__CPW_Feed_Pin,,"{""Slot__CPW_Feed_Pin"": {""geometry_type"": ""MultiLineString"", ""relations"": ""overlaps"", ""wkt"": ""MULTILINESTRING ((0.5 21.17, 0 21.17), (0 21.17, -0.5 21.17))""}}",True,,,True,lhs
228,29.579826119046952,1.2513856641956567,8.1451838172060995,3.2678251063242914,2.7016678802777654,19.563229721167119,5.2362192321967109,0.29852612669559031,0.036706099839084051,0.17302234143557471,0.43620519311315531,0.49723911888740391,0.66683328414942,0.55623009113072941,0.45335869927215494,0.4913219854607252,0.55900525475253382,0.37535488806847167,0.37379316027232135,0.88169338504115047,0.17180062020432812,0.82464089666237117,0.022838549013308403,True,,1,0,Slot__Patch;Slot__CPW_Feed_Pin;Patch__CPW_Feed_Pin,True,Slot__CPW_Feed_Pin,,Slot__CPW_Feed_Pin,,"{""Slot__CPW_Feed_Pin"": {""geometry_type"": ""MultiLineString"", ""relations"": ""overlaps"", ""wkt"": ""MULTILINESTRING ((0.5 23.19, 0 23.19), (0 23.19, -0.5 23.19))""}}",True,,,True,lhs
229,55.326676439388208,2.2268412964911497,8.9048722338704938,3.7272012106026784,2.2941579023790943,12.150318569797847,4.5421283731722113,0.095920104120314015,0.27379107224803956,0.11972533708869895,0.10896015749495083,0.39859571396426319,0.71617990491378281,0.56067973148917338,0.62587950939996817,0.58099949331158884,0.28842536463171758,0.39757040786000253,0.68401279233549162,0.19555886796592212,0.5363850916551256,0.085180691744992598,0.25417964084280925,True,,1,0,Slot__Patch;Slot__CPW_Feed_Pin;Patch__CPW_Feed_Pin,True,Slot__CPW_Feed_Pin,,Slot__CPW_Feed_Pin,,"{""Slot__CPW_Feed_Pin"": {""geometry_type"": ""MultiLineString"", ""relations"": ""overlaps"", ""wkt"": ""MULTILINESTRING ((0.5 23.06, 0 23.06), (0 23.06, -0.5 23.06))""}}",True,,,True,lhs
230,56.516209082747906,1.1782826463447222,6.243133683521382,1.3728614121211244,2.0320397435563153,16.924128380327037,2.5362535983797505,0.56244579487017954,0.73552157650834582,0.15906428269439446,0.26915753616346927,0.81792294805395493,0.15852131414113668,0.92573684337202555,0.87605384918143725,0.054591706808068574,0.7488260711533723,0.3725570680136579,0.13095029681409945,0.93670282353092049,0.76681454333766164,0.53719662068779583,0.22760400283910404,True,,1,0,Slot__Patch;Slot__CPW_Feed_Pin;Patch__CPW_Feed_Pin,True,Slot__CPW_Feed_Pin,,Slot__CPW_Feed_Pin,,"{""Slot__CPW_Feed_Pin"": {""geometry_type"": ""MultiLineString"", ""relations"": ""overlaps"", ""wkt"": ""MULTILINESTRING ((0.5 19.75, 0 19.75), (0 19.75, -0.5 19.75))""}}",True,,,True,lhs
231,57.006134404032018,2.0012716568361717,3.5123652098798517,2.8821944410261611,1.6920425405821686,15.002332573617302,5.6542861291504192,0.35083066683968717,0.52001179779705087,0.90219204374852291,0.94750136110625016,0.53385429576495036,0.20720968590122552,0.17806543156605445,0.52405816703757002,0.2042930281474036,0.40491788977431997,0.26167235642865322,0.63436839030216652,0.085715823702543881,0.89127515521098399,0.37821622653983267,0.53663890188563246,True,,1,0,Slot__Patch;Slot__CPW_Feed_Pin;Patch__CPW_Feed_Pin,True,Slot__CPW_Feed_Pin,,Slot__CPW_Feed_Pin,,"{""Slot__CPW_Feed_Pin"": {""geometry_type"": ""MultiLineString"", ""relations"": ""overlaps"", ""wkt"": ""MULTILINESTRING ((0.5 23.35, 0 23.35), (0 23.35, -0.5 23.35))""}}",True,,,True,lhs
232,21.664905852611156,2.5522774540504551,5.7493712255840768,1.453760033200941,2.2334259717499294,14.018658638199589,4.2544392272239548,0.21177382016486809,0.98221486173495975,0.47778921078885944,0.64193480588426943,0.62720361251985179,0.9626280560050845,0.4587095658407066,0.43332954771987442,0.080043683754235581,0.89743146602984269,0.68434623558284802,0.75033532700260963,0.90089814944295621,0.82366419956074366,0.11322438118662653,0.60079815744457854,True,,1,0,Slot__Patch;Slot__CPW_Feed_Pin;Patch__CPW_Feed_Pin,True,Slot__CPW_Feed_Pin,,Slot__CPW_Feed_Pin,,"{""Slot__CPW_Feed_Pin"": {""geometry_type"": ""MultiLineString"", ""relations"": ""overlaps"", ""wkt"": ""MULTILINESTRING ((0.5 23.04, 0 23.04), (0 23.04, -0.5 23.04))""}}",True,,,True,lhs
233,20.799366298409645,1.0972728609479661,3.9639226916302355,1.3149878555939392,2.0724700775732843,15.631783099459502,5.8890062095404714,0.51016950902430858,0.23541597516407989,0.31421366874612972,0.57160023905260804,0.33907330291098264,0.68267268033605422,0.90457710909527622,0.76994931889392915,0.20855315027786214,0.24123880593114969,0.66156148074977728,0.41931484313452216,0.76236017335178685,0.7228067971186608,0.31558881141968731,0.38957931988946426,True,,1,0,Slot__Patch;Slot__CPW_Feed_Pin;Patch__CPW_Feed_Pin,True,Slot__CPW_Feed_Pin,,Slot__CPW_Feed_Pin,,"{""Slot__CPW_Feed_Pin"": {""geometry_type"": ""MultiLineString"", ""relations"": ""overlaps"", ""wkt"": ""MULTILINESTRING ((0.5 23.06, 0 23.06), (0 23.06, -0.5 23.06))""}}",True,,,True,lhs
234,44.41211950166425,2.3135625858555438,5.2553438370304901,1.5776061711913052,1.7305801467870154,16.206504216135677,5.7003415754094107,0.30843994945756165,0.93491853653239065,0.57501683258926817,0.47110760622657954,0.27812383472031516,0.8957261058110747,0.48206734870393436,0.092405067736736998,0.38318697810194596,0.10102558873667136,0.86670006277716793,0.13865420153124744,0.092053138308792123,0.73034279048529094,0.016838723362436216,0.50462736811027176,True,,1,0,Slot__Patch;Slot__CPW_Feed_Pin;Patch__CPW_Feed_Pin,True,Slot__CPW_Feed_Pin,,Slot__CPW_Feed_Pin,,"{""Slot__CPW_Feed_Pin"": {""geometry_type"": ""MultiLineString"", ""relations"": ""overlaps"", ""wkt"": ""MULTILINESTRING ((0.5 23.75, 0 23.75), (0 23.75, -0.5 23.75))""}}",True,,,True,lhs
235,21.440666928046021,2.9006670447089222,8.4101506125252907,1.8958895130016904,1.2825435440425654,20.598105176475979,2.1736429229486811,0.59193352949041211,0.6656962275128383,0.97343159119170419,0.55937496838411549,0.63891224144537229,0.39714581404268906,0.86073001518318037,0.72725066660035087,0.8628529876311346,0.9628143942295172,0.61731623220513165,0.53772072999274889,0.97345640661175947,0.84775048604407599,0.48972427124475443,0.81555893915370414,True,,1,0,Slot__Patch;Slot__CPW_Feed_Pin;Patch__CPW_Feed_Pin,True,Slot__CPW_Feed_Pin,,Slot__CPW_Feed_Pin,,"{""Slot__CPW_Feed_Pin"": {""geometry_type"": ""MultiLineString"", ""relations"": ""overlaps"", ""wkt"": ""MULTILINESTRING ((0.5 20.36, 0 20.36), (0 20.36, -0.5 20.36))""}}",True,,,True,lhs
236,18.01586330175364,1.1021940605168628,7.9819918775066645,2.9388228668260847,1.6253100983137614,20.07043776344247,3.8379889150344813,0.7254580805265366,0.71360289451141634,0.90311556642454338,0.11684284272652737,0.45107813871058922,0.32547660445292953,0.54782820856733672,0.68155597923637223,0.53901963992128465,0.79648845028909876,0.10262295386993059,0.1393668241306899,0.97781623048130395,0.21122153766038487,0.22834299091760074,0.42019359794967592,True,,1,0,Slot__Patch;Slot__CPW_Feed_Pin;Patch__CPW_Feed_Pin,True,Slot__CPW_Feed_Pin,,Slot__CPW_Feed_Pin,,"{""Slot__CPW_Feed_Pin"": {""geometry_type"": ""MultiLineString"", ""relations"": ""overlaps"", ""wkt"": ""MULTILINESTRING ((0.5 20.56, 0 20.56), (0 20.56, -0.5 20.56))""}}",True,,,True,lhs
237,49.589669632207787,1.256251702851976,5.2396304888065508,2.3163361842877288,2.3363976679663772,12.53663973309872,3.4428899954948933,0.87446370073783442,0.58267539767796817,0.6585440113448725,0.50335439724234088,0.091602920032597637,0.87645668928291631,0.72206796840684284,0.4841293417322205,0.31216875029985569,0.21226356289666845,0.10383404603348341,0.21004770759317512,0.27661680722108206,0.53254843238569516,0.51546843441269197,0.46840322445092564,True,,1,0,Slot__Patch;Slot__CPW_Feed_Pin;Patch__CPW_Feed_Pin,True,Slot__CPW_Feed_Pin,,Slot__CPW_Feed_Pin,,"{""Slot__CPW_Feed_Pin"": {""geometry_type"": ""MultiLineString"", ""relations"": ""overlaps"", ""wkt"": ""MULTILINESTRING ((0.5 21.04, 0 21.04), (0 21.04, -0.5 21.04))""}}",True,,,True,lhs
238,24.478409028933143,2.3098078783012941,8.7958279662890497,1.464796834846551,2.6260108303418459,18.799856177305958,2.9000379426689924,0.46967389240058144,0.71681678473984423,0.031441771180648309,0.30003210570551742,0.15415075634316047,0.4971317109505885,0.43203681015011758,0.24889330557190123,0.76540344175242903,0.17325764034697841,0.22984414040642384,0.79625399945486197,0.66385535066066781,0.52410392899108738,0.30804292819714668,0.7575641194585605,True,,1,0,Slot__Patch;Slot__CPW_Feed_Pin;Patch__CPW_Feed_Pin,True,Slot__CPW_Feed_Pin,,Slot__CPW_Feed_Pin,,"{""Slot__CPW_Feed_Pin"": {""geometry_type"": ""MultiLineString"", ""relations"": ""overlaps"", ""wkt"": ""MULTILINESTRING ((0.5 21.83, 0 21.83), (0 21.83, -0.5 21.83))""}}",True,,,True,lhs
239,42.163121634295763,2.0870559307589014,3.7314802673678971,3.3003174681332359,2.6062404493898428,21.791670080246536,5.6356093166012098,0.91598168164681715,0.86726122706554187,0.60056890179597566,0.99779452393640033,0.53126863666625168,0.98619874251198592,0.023842072939869625,0.90760841814226312,0.82559059100850174,0.38460654084285056,0.86387988962429718,0.57433931427689999,0.504024326229084,0.80718632206411978,0.14866736355293975,0.37092034094662152,True,,1,0,Slot__Patch;Slot__CPW_Feed_Pin;Patch__CPW_Feed_Pin,True,Slot__CPW_Feed_Pin,,Slot__CPW_Feed_Pin,,"{""Slot__CPW_Feed_Pin"": {""geometry_type"": ""MultiLineString"", ""relations"": ""overlaps"", ""wkt"": ""MULTILINESTRING ((0.5 24.33, 0 24.33), (0 24.33, -0.5 24.33))""}}",True,,,True,lhs
240,47.816845558646243,1.9807220592737584,5.7725153239860063,2.9587623865825261,1.4928366950868581,8.1601799038750329,5.1197513322540296,0.39261098117545629,0.25369887542474562,0.059095103363120571,0.57488456322558823,0.7414383223619101,0.96471140234812969,0.24468837366293075,0.80923669608990412,0.42342269232078245,0.8370285090475349,0.8870597912103132,0.89483382437605508,0.73019857722086923,0.86640257418804967,0.038246960619404802,0.014846021982882653,True,,1,0,Slot__Patch;Slot__CPW_Feed_Pin;Patch__CPW_Feed_Pin,True,Slot__CPW_Feed_Pin,,Slot__CPW_Feed_Pin,,"{""Slot__CPW_Feed_Pin"": {""geometry_type"": ""MultiLineString"", ""relations"": ""overlaps"", ""wkt"": ""MULTILINESTRING ((0.5 22.59, 0 22.59), (0 22.59, -0.5 22.59))""}}",True,,,True,lhs
241,33.142105139606137,1.6587965464297967,6.9345158635556965,2.5558388685909814,2.9057646988849659,11.585588594575338,3.7817817457776446,0.1731833405351603,0.040973807391845453,0.15768203893580152,0.93501969066793789,0.14818155475159173,0.87017368217078372,0.026468262403401395,0.86910890148816877,0.081560419282268426,0.88055574061802622,0.030020564127202307,0.31425948627320682,0.26341769314056607,0.88880392581989665,0.42708170828058351,0.3069775378079827,True,,1,0,Slot__Patch;Slot__CPW_Feed_Pin;Patch__CPW_Feed_Pin,True,Slot__CPW_Feed_Pin,,Slot__CPW_Feed_Pin,,"{""Slot__CPW_Feed_Pin"": {""geometry_type"": ""MultiLineString"", ""relations"": ""overlaps"", ""wkt"": ""MULTILINESTRING ((0.5 22.35, 0 22.35), (0 22.35, -0.5 22.35))""}}",True,,,True,lhs
242,53.515644611139145,1.8776501793393032,8.0828732199925497,2.3085799936967311,1.9312437028781644,22.287982117008326,4.4061970286150309,0.42437590460541152,0.97618757628219521,0.97790215402540615,0.23419712394161293,0.43028405549824977,0.99603986790370369,0.51713214442203914,0.51670855675983163,0.79688826613838315,0.56418917818547221,0.6238941743676315,0.63637447939117264,0.62120537326657499,0.95912474347002286,0.72452478310797563,0.16491145807346422,True,,1,0,Slot__Patch;Slot__CPW_Feed_Pin;Patch__CPW_Feed_Pin,True,Slot__CPW_Feed_Pin,,Slot__CPW_Feed_Pin,,"{""Slot__CPW_Feed_Pin"": {""geometry_type"": ""MultiLineString"", ""relations"": ""overlaps"", ""wkt"": ""MULTILINESTRING ((0.5 22.22, 0 22.22), (0 22.22, -0.5 22.22))""}}",True,,,True,lhs
243,47.288428874709105,1.007411147999983,5.649911563731747,2.3406291253531917,1.0174467251174439,16.815158122840494,2.8098248528635326,0.38725784941895158,0.99423299347554173,0.49478939244505821,0.9516386276297073,0.22806320123284904,0.79321376581939196,0.95157455333423824,0.35699510755531466,0.56740190276888058,0.29476500374341058,0.91416598784070124,0.94748488926337182,0.46310033189622846,0.99433512254512813,0.4923282002545174,0.078462372458137128,True,,1,0,Slot__Patch;Slot__CPW_Feed_Pin;Patch__CPW_Feed_Pin,True,Slot__CPW_Feed_Pin,,Slot__CPW_Feed_Pin,,"{""Slot__CPW_Feed_Pin"": {""geometry_type"": ""MultiLineString"", ""relations"": ""overlaps"", ""wkt"": ""MULTILINESTRING ((0.5 18.83, 0 18.83), (0 18.83, -0.5 18.83))""}}",True,,,True,lhs
244,44.778129439340404,2.4637033868377793,4.7789000453756341,2.0843891949524598,1.2956868608340373,15.148888635003081,4.1955634150196666,0.81610766328966988,0.65103831265344825,0.55886207712268365,0.7592409638470986,0.62010792665367964,0.14057515967266043,0.4731997189977617,0.74205469054509832,0.96531661645456324,0.98211164502946946,0.94731142659804612,0.96485881626578485,0.25372713598640395,0.36560637080561748,0.44121064452008779,0.90966241197789943,True,,1,0,Slot__Patch;Slot__CPW_Feed_Pin;Patch__CPW_Feed_Pin,True,Slot__CPW_Feed_Pin,,Slot__CPW_Feed_Pin,,"{""Slot__CPW_Feed_Pin"": {""geometry_type"": ""MultiLineString"", ""relations"": ""overlaps"", ""wkt"": ""MULTILINESTRING ((0.5 21.95, 0 21.95), (0 21.95, -0.5 21.95))""}}",True,,,True,lhs
245,36.724720737347454,2.6620401025829636,7.8573699145744094,2.8948038275479151,2.5708078149414262,16.95692756026687,4.1805229687364118,0.90920555913897594,0.85743466838850391,0.53449477596200645,0.11028133945965587,0.23154823457252127,0.35177043370641398,0.1956878195371986,0.53568236672442615,0.83951818911100529,0.084139005451165955,0.4471866860724874,0.65808084193564875,0.46770398964374416,0.81166825949615606,0.31305532424229687,0.63102416444404197,True,,1,0,Slot__Patch;Slot__CPW_Feed_Pin;Patch__CPW_Feed_Pin,True,Slot__CPW_Feed_Pin,,Slot__CPW_Feed_Pin,,"{""Slot__CPW_Feed_Pin"": {""geometry_type"": ""MultiLineString"", ""relations"": ""overlaps"", ""wkt"": ""MULTILINESTRING ((0.5 23.41, 0 23.41), (0 23.41, -0.5 23.41))""}}",True,,,True,lhs
246,27.606881088118818,1.7186092356168925,5.8880796946322338,3.1977902720714102,2.1095202030712294,20.325750503525619,5.0199603306445244,0.26697621158400892,0.55196486841746162,0.5690795193270064,0.34370224940453153,0.59837619197112091,0.88476905127414973,0.79233617843466897,0.80018817074603998,0.31328219513061306,0.92070685637887539,0.38790377707581281,0.35576226597836508,0.84981665044320087,0.5155769833924102,0.56917673220111187,0.34969583875145849,True,,1,0,Slot__Patch;Slot__CPW_Feed_Pin;Patch__CPW_Feed_Pin,True,Slot__CPW_Feed_Pin,,Slot__CPW_Feed_Pin,,"{""Slot__CPW_Feed_Pin"": {""geometry_type"": ""MultiLineString"", ""relations"": ""overlaps"", ""wkt"": ""MULTILINESTRING ((0.5 22.85, 0 22.85), (0 22.85, -0.5 22.85))""}}",True,,,True,lhs
247,51.490161287782527,1.5455156599988902,5.3892630881018659,1.4024627515901653,1.490639779736225,17.743626050533493,2.51331256082659,0.58116694686953008,0.92433776658096201,0.36742348552565857,0.84378556793463022,0.55072253647864822,0.9114099970484103,0.33551884123521108,0.94803433599865505,0.23845673627402264,0.050782926168040962,0.33415178436557569,0.099314546416237562,0.069175435460875484,0.82871056538208732,0.58568695236076351,0.9929060180303535,True,,1,0,Slot__Patch;Slot__CPW_Feed_Pin;Patch__CPW_Feed_Pin,True,Slot__CPW_Feed_Pin,,Slot__CPW_Feed_Pin,,"{""Slot__CPW_Feed_Pin"": {""geometry_type"": ""MultiLineString"", ""relations"": ""overlaps"", ""wkt"": ""MULTILINESTRING ((0.5 19.55, 0 19.55), (0 19.55, -0.5 19.55))""}}",True,,,True,lhs
248,17.383165874562664,1.8437021810649101,5.1468368666249651,3.7483661142963109,1.6703729831680261,19.794729962137815,5.9046730240352003,0.59919335292879605,0.11330179437827366,0.84639171751657705,0.14547682633491729,0.61682455477296483,0.93694674230316166,0.76928407236054441,0.027435694620413686,0.91173293223513474,0.78852494326399358,0.49257582422859714,0.26189299516796172,0.50249265176995039,0.032329281736601649,0.6481299889016674,0.32192881252612876,True,,1,0,Slot__Patch;Slot__CPW_Feed_Pin;Patch__CPW_Feed_Pin,True,Slot__CPW_Feed_Pin,,Slot__CPW_Feed_Pin,,"{""Slot__CPW_Feed_Pin"": {""geometry_type"": ""MultiLineString"", ""relations"": ""overlaps"", ""wkt"": ""MULTILINESTRING ((0.5 23.42, 0 23.42), (0 23.42, -0.5 23.42))""}}",True,,,True,lhs
249,46.610971275163315,1.3480108594983777,6.4543723387750163,1.457725725619625,2.3976789403927716,21.257194719814009,4.8242704842610369,0.43546871519537511,0.73266678385238904,0.068599939503354052,0.85611449666844108,0.98137759976914585,0.19038668988087873,0.55075236774923986,0.41426680135087546,0.87460808066609141,0.86969743010721456,0.45164301035492227,0.36613644281862706,0.55450462295003833,0.87283371916682162,0.68936063397920277,0.87089009035206744,True,,1,0,Slot__Patch;Slot__CPW_Feed_Pin;Patch__CPW_Feed_Pin,True,Slot__CPW_Feed_Pin,,Slot__CPW_Feed_Pin,,"{""Slot__CPW_Feed_Pin"": {""geometry_type"": ""MultiLineString"", ""relations"": ""overlaps"", ""wkt"": ""MULTILINESTRING ((0.5 22.57, 0 22.57), (0 22.57, -0.5 22.57))""}}",True,,,True,lhs
250,18.708639093679437,1.3884359974425564,6.3794808696170664,1.709442897669682,2.3293281658003275,22.159529356123222,3.5804245191607276,0.5691822680428047,0.57730745608289136,0.95047100687814701,0.1285508689077503,0.054006858719629618,0.55968670978654711,0.68015253728179004,0.30622446116247493,0.98646378570044624,0.48408501772966467,0.55217347282699769,0.31230381979883232,0.37322802929545001,0.10973054516946421,0.60699215816611851,0.011797431363062978,True,,1,0,Slot__Patch;Slot__CPW_Feed_Pin;Patch__CPW_Feed_Pin,True,Slot__CPW_Feed_Pin,,Slot__CPW_Feed_Pin,,"{""Slot__CPW_Feed_Pin"": {""geometry_type"": ""MultiLineString"", ""relations"": ""overlaps"", ""wkt"": ""MULTILINESTRING ((0.5 21.29, 0 21.29), (0 21.29, -0.5 21.29))""}}",True,,,True,lhs
251,36.494115418569542,1.0617992237354807,8.0122512899129532,1.9018929066026877,2.2300556420696127,9.3683356621736742,5.1439128012250128,0.76862901919820037,0.62185156936871078,0.3595817125034701,0.68004665678459386,0.29026026717228159,0.52838270176365587,0.81343358167110458,0.27491024782036561,0.12905974665840486,0.71066983973373088,0.063340938503736913,0.14894083466298089,0.017319767793764138,0.68450836022103378,0.78931080131479159,0.67677003065858155,True,,1,0,Slot__Patch;Slot__CPW_Feed_Pin;Patch__CPW_Feed_Pin,True,Slot__CPW_Feed_Pin,,Slot__CPW_Feed_Pin,,"{""Slot__CPW_Feed_Pin"": {""geometry_type"": ""MultiLineString"", ""relations"": ""overlaps"", ""wkt"": ""MULTILINESTRING ((0.5 22.43, 0 22.43), (0 22.43, -0.5 22.43))""}}",True,,,True,lhs
252,52.439436918982551,1.7247255111524438,5.9844437676051854,2.3313762218700833,2.1133356441524374,8.2766418410120295,3.4004705121186314,0.11924851627308816,0.21921087138371537,0.58390494077509913,0.70617079136976335,0.71576052302858251,0.57221375372662775,0.49084153572992539,0.66143757318995511,0.89503490741804781,0.26281552939079622,0.082864912660950099,0.065753300611641419,0.57802957873390615,0.89744722794235066,0.58336826612468651,0.47343651001816023,True,,1,0,Slot__Patch;Slot__CPW_Feed_Pin;Patch__CPW_Feed_Pin,True,Slot__CPW_Feed_Pin,,Slot__CPW_Feed_Pin,,"{""Slot__CPW_Feed_Pin"": {""geometry_type"": ""MultiLineString"", ""relations"": ""overlaps"", ""wkt"": ""MULTILINESTRING ((0.5 21.24, 0 21.24), (0 21.24, -0.5 21.24))""}}",True,,,True,lhs
253,48.583678202933015,2.0691196919448331,6.0988019155902178,2.2046208124633186,1.6453267460796672,11.784088171210286,5.4061538590199083,0.98686201128732765,0.9197360544101002,0.70366515036952271,0.92707821471145457,0.29797348796344408,0.87383069094239352,0.7248241779206116,0.74326490312939397,0.11124522592732514,0.093357323096556324,0.77839611649597995,0.27306649538080763,0.88080356214120592,0.40845805979773636,0.39313149547130327,0.75228760808562789,True,,1,0,Slot__Patch;Slot__CPW_Feed_Pin;Patch__CPW_Feed_Pin,True,Slot__CPW_Feed_Pin,,Slot__CPW_Feed_Pin,,"{""Slot__CPW_Feed_Pin"": {""geometry_type"": ""MultiLineString"", ""relations"": ""overlaps"", ""wkt"": ""MULTILINESTRING ((0.5 23.12, 0 23.12), (0 23.12, -0.5 23.12))""}}",True,,,True,lhs
254,17.747517424444393,2.06014415221681,5.9487121648522745,1.4768581583981839,1.2466354227582672,16.468918915687091,2.7047771081458913,0.7602898796412203,0.56628056459964959,0.59505482626611661,0.52100346514875084,0.75651065221727287,0.26405233297062969,0.030689634058711827,0.40520670012857107,0.0093166792493126205,0.045121476885076971,0.76950649128799431,0.19388413706882343,0.11520249236031156,0.76147971255723079,0.461993309209558,0.17775126279024481,True,,1,0,Slot__Patch;Slot__CPW_Feed_Pin;Patch__CPW_Feed_Pin,True,Slot__CPW_Feed_Pin,,Slot__CPW_Feed_Pin,,"{""Slot__CPW_Feed_Pin"": {""geometry_type"": ""MultiLineString"", ""relations"": ""overlaps"", ""wkt"": ""MULTILINESTRING ((0.5 20.01, 0 20.01), (0 20.01, -0.5 20.01))""}}",True,,,True,lhs
255,17.24372300252049,1.9936853061711624,5.6846031857060098,3.0176382263449559,2.8174637527329773,19.534478510031921,3.4477303264656749,0.70021878653275127,0.077072120165360997,0.081663334757694411,0.19901376586754513,0.57408111910206583,0.33874954454237932,0.16618499209934331,0.58241248211044816,0.87015040290885026,0.73559056962628455,0.70361896916820776,0.70240670824454132,0.46557086029853073,0.65034309970492432,0.4835459087253336,0.096477335419143412,True,,1,0,Slot__Patch;Slot__CPW_Feed_Pin;Patch__CPW_Feed_Pin,True,Slot__CPW_Feed_Pin,,Slot__CPW_Feed_Pin,,"{""Slot__CPW_Feed_Pin"": {""geometry_type"": ""MultiLineString"", ""relations"": ""overlaps"", ""wkt"": ""MULTILINESTRING ((0.5 22.26, 0 22.26), (0 22.26, -0.5 22.26))""}}",True,,,True,lhs
256,19.470001817523617,2.9082871149161251,3.683162982316607,2.0398022015657071,1.0253009562367346,12.613746933444968,4.9304304170130511,0.56439077939248572,0.50622519109642505,0.97916315499547457,0.44261331547431054,0.95533339672249162,0.60103683929038387,0.35840106604097222,0.96795733024122832,0.78703789892958187,0.43314188213807392,0.25339829488798421,0.29905667380125739,0.53972417220370061,0.3301529107465499,0.26601508559507203,0.061695948057212603,True,,1,0,Slot__Patch;Slot__CPW_Feed_Pin;Patch__CPW_Feed_Pin,True,Slot__CPW_Feed_Pin,,Slot__CPW_Feed_Pin,,"{""Slot__CPW_Feed_Pin"": {""geometry_type"": ""MultiLineString"", ""relations"": ""overlaps"", ""wkt"": ""MULTILINESTRING ((0.5 22.86, 0 22.86), (0 22.86, -0.5 22.86))""}}",True,,,True,lhs
257,25.16071753651276,1.6060241048824389,8.0975548408447917,1.593186589011977,2.3779671504419664,7.8639301441515359,3.0030748052852254,0.99233684206283934,0.17439707331752094,0.51456967605080983,0.87234111066398556,0.91884067711222472,0.69384996686166456,0.6787617033030855,0.18703937421902428,0.45657429747185413,0.4492515387172229,0.096305898648508734,0.99901788039746897,0.16918860332810726,0.24595967033520047,0.76557971739540964,0.54634631938075839,True,,1,0,Slot__Patch;Slot__CPW_Feed_Pin;Patch__CPW_Feed_Pin,True,Slot__CPW_Feed_Pin,,Slot__CPW_Feed_Pin,,"{""Slot__CPW_Feed_Pin"": {""geometry_type"": ""MultiLineString"", ""relations"": ""overlaps"", ""wkt"": ""MULTILINESTRING ((0.5 20.98, 0 20.98), (0 20.98, -0.5 20.98))""}}",True,,,True,lhs
258,29.010876183104493,2.6480962110254378,6.3292013466075234,2.0687004857640101,2.8973131752853982,19.225721512976264,2.3793509928810268,0.808737738600114,0.297786175650606,0.87774219302114198,0.805933849903401,0.96288488358928015,0.42620683239156204,0.072396910337149761,0.30179617682653387,0.18937491870343939,0.72110028857618036,0.23943711199596007,0.3038742887716992,0.56263979909243145,0.84497842898720688,0.21696976981795724,0.61511333182051842,True,,1,0,Slot__Patch;Slot__CPW_Feed_Pin;Patch__CPW_Feed_Pin,True,Slot__CPW_Feed_Pin,,Slot__CPW_Feed_Pin,,"{""Slot__CPW_Feed_Pin"": {""geometry_type"": ""MultiLineString"", ""relations"": ""overlaps"", ""wkt"": ""MULTILINESTRING ((0.5 21.92, 0 21.92), (0 21.92, -0.5 21.92))""}}",True,,,True,lhs
259,45.542840266945966,1.7082276756838364,3.7216393749454979,3.0466155196677218,1.5570647508193356,14.377462871452657,2.491863749387786,0.88003667482161574,0.89610904591045426,0.83840587477090323,0.028208402029645391,0.056275055798208642,0.879243640200571,0.22868604948936552,0.69434804741130729,0.087758247991469279,0.47384699094091426,0.10876102253489593,0.39381409239475995,0.29008852465244445,0.30219896000560642,0.97085119778078199,0.90770905848687222,True,,1,0,Slot__Patch;Slot__CPW_Feed_Pin;Patch__CPW_Feed_Pin,True,Slot__CPW_Feed_Pin,,Slot__CPW_Feed_Pin,,"{""Slot__CPW_Feed_Pin"": {""geometry_type"": ""MultiLineString"", ""relations"": ""overlaps"", ""wkt"": ""MULTILINESTRING ((0.5 19.75, 0 19.75), (0 19.75, -0.5 19.75))""}}",True,,,True,lhs
260,44.025960517869187,2.3777316154007515,5.3312880579429471,2.5362791325861398,1.3018136051921223,8.9547833592278536,3.2176900788892064,0.82929251967718343,0.77936202391620091,0.92734706371199671,0.11419220108520232,0.73296738319000077,0.60656678185070279,0.080174955189228472,0.11513865051515473,0.98087322563349699,0.35396443267811745,0.98222316855112413,0.75866728367875158,0.54563611317857486,0.48493662434114754,0.54617149677441101,0.94161777253590262,True,,1,0,Slot__Patch;Slot__CPW_Feed_Pin;Patch__CPW_Feed_Pin,True,Slot__Patch;Slot__CPW_Feed_Pin,Slot__Patch,Slot__CPW_Feed_Pin,,"{""Slot__CPW_Feed_Pin"": {""geometry_type"": ""MultiLineString"", ""relations"": ""overlaps"", ""wkt"": ""MULTILINESTRING ((0.5 20.9, 0 20.9), (0 20.9, -0.5 20.9))""}, ""Slot__Patch"": {""geometry_type"": ""MultiPoint"", ""relations"": ""crosses"", ""wkt"": ""MULTIPOINT ((-13.280000000000001 8.71), (-11.97 8.71), (11.97 8.71), (13.280000000000001 8.71))""}}",True,,unexpected non-bottom curve intersection: Slot__Patch,False,lhs
261,28.728227910878264,1.1122631318327756,6.2782254761304408,1.9679137066823236,1.241444666981256,11.627723963551704,5.2858993032840527,0.83937109332959314,0.28081991407286594,0.4299097939170638,0.77173688914940985,0.40265959042367233,0.84133967280919719,0.16915760146360823,0.04412011268092713,0.964227424051608,0.91176509681767459,0.21492040828871803,0.39959718902643887,0.24712420247924113,0.21042420136862294,0.24025100900588992,0.99707519107100717,True,,1,0,Slot__Patch;Slot__CPW_Feed_Pin;Patch__CPW_Feed_Pin,True,Slot__CPW_Feed_Pin,,Slot__CPW_Feed_Pin,,"{""Slot__CPW_Feed_Pin"": {""geometry_type"": ""MultiLineString"", ""relations"": ""overlaps"", ""wkt"": ""MULTILINESTRING ((0.5 21.64, 0 21.64), (0 21.64, -0.5 21.64))""}}",True,,,True,lhs
262,39.50866382914036,2.8292261464711017,3.2428808246361487,1.6075747613812099,1.574582919546422,10.923941522354903,4.7574433191154561,0.50154371709533407,0.63381621120402898,0.79251740027044848,0.49329677284329232,0.85841960938372541,0.24430326450117282,0.74956159600615013,0.038082943606815481,0.43279991311323895,0.54215630369825951,0.82550176591664237,0.80177779346388478,0.30007563311813651,0.007121226232866134,0.7410042094182101,0.97377680038155623,True,,1,0,Slot__Patch;Slot__CPW_Feed_Pin;Patch__CPW_Feed_Pin,True,Slot__CPW_Feed_Pin,,Slot__CPW_Feed_Pin,,"{""Slot__CPW_Feed_Pin"": {""geometry_type"": ""MultiLineString"", ""relations"": ""overlaps"", ""wkt"": ""MULTILINESTRING ((0.5 23.16, 0 23.16), (0 23.16, -0.5 23.16))""}}",True,,,True,lhs
263,29.858064002104264,1.7734635581544604,7.0773423488022722,2.4738697463207631,1.8192581436104187,18.648552847002726,4.3216057831491455,0.66699107072339647,0.12157765216030822,0.52783112653355113,0.77749666618355684,0.46061344724829556,0.9024982535815238,0.78240226975014326,0.29208882446576023,0.11407043041384771,0.0093422386337223759,0.58492096697810814,0.6659716724047583,0.10654422837990056,0.51707157176604035,0.6307812031475073,0.21276579737538506,True,,1,0,Slot__Patch;Slot__CPW_Feed_Pin;Patch__CPW_Feed_Pin,True,Slot__CPW_Feed_Pin,,Slot__CPW_Feed_Pin,,"{""Slot__CPW_Feed_Pin"": {""geometry_type"": ""MultiLineString"", ""relations"": ""overlaps"", ""wkt"": ""MULTILINESTRING ((0.5 21.92, 0 21.92), (0 21.92, -0.5 21.92))""}}",True,,,True,lhs
264,25.78249269710647,2.6808740448594981,5.8442782900387016,3.2002853563206557,2.9987335049682287,11.232375300443731,5.2192986285431378,0.13958767910897268,0.79163937071240731,0.3958910371645864,0.94993630430594223,0.67342515615607135,0.51876894105780491,0.3299852859553663,0.12189491700961165,0.90813200075975886,0.4452750582224958,0.021511563974070624,0.92584048688689324,0.89200192672329426,0.77473651426583756,0.7360907619464413,0.70305171760778062,True,,1,0,Slot__Patch;Slot__CPW_Feed_Pin;Patch__CPW_Feed_Pin,True,Slot__CPW_Feed_Pin,,Slot__CPW_Feed_Pin,,"{""Slot__CPW_Feed_Pin"": {""geometry_type"": ""MultiLineString"", ""relations"": ""overlaps"", ""wkt"": ""MULTILINESTRING ((0.5 24.9, 0 24.9), (0 24.9, -0.5 24.9))""}}",True,,,True,lhs
265,38.5830161314191,2.7580316622818275,3.8966873294246711,1.4466497721188702,2.9615947028863894,12.630498989694448,4.9865247333704215,0.54267177225649887,0.52713325580097437,0.33772013924630501,0.90991693368294946,0.35312872435455556,0.89355839839948414,0.72835707711227404,0.90603259517228807,0.50933299005756905,0.79489838886978936,0.55473389529454331,0.43772413608355809,0.078549695518282156,0.41681690808985883,0.93923235326498755,0.3345338152019694,True,,1,0,Slot__Patch;Slot__CPW_Feed_Pin;Patch__CPW_Feed_Pin,True,Slot__CPW_Feed_Pin,,Slot__CPW_Feed_Pin,,"{""Slot__CPW_Feed_Pin"": {""geometry_type"": ""MultiLineString"", ""relations"": ""overlaps"", ""wkt"": ""MULTILINESTRING ((0.5 24.71, 0 24.71), (0 24.71, -0.5 24.71))""}}",True,,,True,lhs
266,59.419999703322233,1.3149204349031935,5.0169678494591725,2.2731406366354299,2.6757026632683658,7.6668942471033734,2.9519748551041598,0.56796748319881318,0.24528566149553918,0.44415158991466647,0.016926156795924737,0.12454177753283484,0.49597786405033822,0.80170169809028602,0.55307201327972988,0.82230004206981089,0.73830712651085195,0.69369371414745773,0.47460798392927001,0.40190593417070425,0.96200428884802547,0.80536884377910489,0.77814716186431543,True,,1,0,Slot__Patch;Slot__CPW_Feed_Pin;Patch__CPW_Feed_Pin,True,Slot__CPW_Feed_Pin,,Slot__CPW_Feed_Pin,,"{""Slot__CPW_Feed_Pin"": {""geometry_type"": ""MultiLineString"", ""relations"": ""overlaps"", ""wkt"": ""MULTILINESTRING ((0.5 20.95, 0 20.95), (0 20.95, -0.5 20.95))""}}",True,,,True,lhs
267,28.188346269719606,2.6370305752273495,4.5679676260556796,2.3944118959469072,1.1080954889454349,13.396184078707272,3.8607175511204797,0.35802678557904449,0.26750032785112549,0.61359308973189297,0.4113802497349438,0.56726484497069174,0.4340126398529961,0.36695808835732446,0.91468231008135636,0.73026160731204892,0.14116054568261144,0.1236976820442592,0.11866047063025206,0.66059734726057873,0.33299911610274657,0.64169430994130838,0.93705534510982125,True,,1,0,Slot__Patch;Slot__CPW_Feed_Pin;Patch__CPW_Feed_Pin,True,Slot__CPW_Feed_Pin,,Slot__CPW_Feed_Pin,,"{""Slot__CPW_Feed_Pin"": {""geometry_type"": ""MultiLineString"", ""relations"": ""overlaps"", ""wkt"": ""MULTILINESTRING ((0.5 21.61, 0 21.61), (0 21.61, -0.5 21.61))""}}",True,,,True,lhs
268,23.5356902302047,1.2792181038649835,8.9977480909184901,3.5073749824396305,2.5286606616029452,20.70606429709531,5.2751540851374159,0.34509784687802336,0.83811097524536515,0.92000147002949551,0.74664803917112632,0.14530651615420809,0.70188475831505459,0.73605910479047276,0.049457628017022297,0.74114960209620728,0.64828975168956249,0.96863842917529774,0.17790887865610344,0.85166634206509562,0.067025070891393812,0.43478613196142774,0.98770754343298595,True,,1,0,Slot__Patch;Slot__CPW_Feed_Pin;Patch__CPW_Feed_Pin,True,Slot__CPW_Feed_Pin,,Slot__CPW_Feed_Pin,,"{""Slot__CPW_Feed_Pin"": {""geometry_type"": ""MultiLineString"", ""relations"": ""overlaps"", ""wkt"": ""MULTILINESTRING ((0.5 23.08, 0 23.08), (0 23.08, -0.5 23.08))""}}",True,,,True,lhs
269,30.057648169207077,1.9195858866144317,4.3572745314990735,1.9998297476559832,2.3257500967000846,18.32066825918481,5.4482064759136684,0.089428657365893519,0.11828077610952567,0.22826054736504245,0.36730042295705606,0.10816181590929758,0.33215540888905465,0.098712579333431041,0.62157278101721369,0.56478119424375317,0.77392872079539576,0.14475354312618482,0.51550172268149441,0.12394078888456272,0.95595116722232532,0.0438365142379167,0.23140778106494761,True,,1,0,Slot__Patch;Slot__CPW_Feed_Pin;Patch__CPW_Feed_Pin,True,Slot__CPW_Feed_Pin,,Slot__CPW_Feed_Pin,,"{""Slot__CPW_Feed_Pin"": {""geometry_type"": ""MultiLineString"", ""relations"": ""overlaps"", ""wkt"": ""MULTILINESTRING ((0.5 23.69, 0 23.69), (0 23.69, -0.5 23.69))""}}",True,,,True,lhs
270,18.796334972661867,2.2624252226730737,3.0591884694182276,2.9737889779499325,1.6012129009559506,16.265220484216353,4.3039437121606277,0.61182218138851696,0.26443598734975293,0.07753328138004012,0.49879518319490057,0.68626952727526302,0.94812010548623193,0.77897902259423146,0.84286322332886099,0.71584268524328709,0.45365546016666108,0.44769046491695752,0.19214026100445977,0.24032414238804797,0.055009479299763867,0.17734212716498748,0.38544549244023646,True,,1,0,Slot__Patch;Slot__CPW_Feed_Pin;Patch__CPW_Feed_Pin,True,Slot__CPW_Feed_Pin,,Slot__CPW_Feed_Pin,,"{""Slot__CPW_Feed_Pin"": {""geometry_type"": ""MultiLineString"", ""relations"": ""overlaps"", ""wkt"": ""MULTILINESTRING ((0.5 22.17, 0 22.17), (0 22.17, -0.5 22.17))""}}",True,,,True,lhs
271,32.026843134151804,2.0409498675779325,5.4102204525260547,1.3875348883599545,1.7116989805191127,22.240102609597891,2.9183928567123503,0.12692416682089161,0.70317189056833129,0.74506199776976778,0.10597397407346179,0.15916431663019492,0.49076309997373802,0.78815459348251593,0.49061304704815817,0.42804944267319756,0.93071773367046629,0.88568009500926603,0.43722762406808646,0.55128673326919153,0.18388295686266434,0.37914098632769327,0.71050130848154902,True,,1,0,Slot__Patch;Slot__CPW_Feed_Pin;Patch__CPW_Feed_Pin,True,Slot__CPW_Feed_Pin,,Slot__CPW_Feed_Pin,,"{""Slot__CPW_Feed_Pin"": {""geometry_type"": ""MultiLineString"", ""relations"": ""overlaps"", ""wkt"": ""MULTILINESTRING ((0.5 20.67, 0 20.67), (0 20.67, -0.5 20.67))""}}",True,,,True,lhs
272,52.02179665471715,2.2773729556453746,4.0543640681942685,3.8843305292440213,1.5698297088427497,10.358646365733106,3.2008876852996107,0.6043717560071904,0.57170343783577104,0.96691409216617896,0.98758684621531745,0.381781610651445,0.32906420655963109,0.54450715793622539,0.50025991591883257,0.18326091917742374,0.44585489729642308,0.28325526954946217,0.17725595004568598,0.48970715322069724,0.62661119914751018,0.16977691393304326,0.74702116406920771,True,,1,0,Slot__Patch;Slot__CPW_Feed_Pin;Patch__CPW_Feed_Pin,True,Slot__CPW_Feed_Pin,,Slot__CPW_Feed_Pin,,"{""Slot__CPW_Feed_Pin"": {""geometry_type"": ""MultiLineString"", ""relations"": ""overlaps"", ""wkt"": ""MULTILINESTRING ((0.5 21.05, 0 21.05), (0 21.05, -0.5 21.05))""}}",True,,,True,lhs
273,33.93440575438887,2.6492158764216365,4.3794352960007128,1.4785708707316898,2.8218830310459229,9.4379534083936534,2.5822130135051218,0.86272661372701442,0.48640512607451536,0.5620663115037472,0.43786887189561974,0.080040170650691897,0.48675722646335096,0.25923004901158764,0.28104739786866484,0.63458989443760683,0.28285436178142898,0.55749351536109615,0.39529716768287992,0.75116046167759332,0.65376319158902496,0.23350286547394575,0.25016698819130906,True,,1,0,Slot__Patch;Slot__CPW_Feed_Pin;Patch__CPW_Feed_Pin,True,Slot__CPW_Feed_Pin,,Slot__CPW_Feed_Pin,,"{""Slot__CPW_Feed_Pin"": {""geometry_type"": ""MultiLineString"", ""relations"": ""overlaps"", ""wkt"": ""MULTILINESTRING ((0.5 22.05, 0 22.05), (0 22.05, -0.5 22.05))""}}",True,,,True,lhs
274,20.027406825977991,2.1329099343022517,5.631506522880648,3.5648265968168706,2.3583283785582632,18.244912347098776,2.5993860628083549,0.41471778513914698,0.099016637864933352,0.75559789142449485,0.041654969977298881,0.2641347191363595,0.6504646934792141,0.78038429602752224,0.50299221559774554,0.24164485664943922,0.0368914716826617,0.012253559725217767,0.93829500312993497,0.53786516785289618,0.10085213129643326,0.65940768125071481,0.40461047183829824,True,,1,0,Slot__Patch;Slot__CPW_Feed_Pin;Patch__CPW_Feed_Pin,True,Slot__CPW_Feed_Pin,,Slot__CPW_Feed_Pin,,"{""Slot__CPW_Feed_Pin"": {""geometry_type"": ""MultiLineString"", ""relations"": ""overlaps"", ""wkt"": ""MULTILINESTRING ((0.5 21.09, 0 21.09), (0 21.09, -0.5 21.09))""}}",True,,,True,lhs
275,47.174342107928915,1.5950664737809583,6.5368123009193768,3.2739194831974006,1.9991141351329351,17.681182732096389,5.7623662456013163,0.35697086756408697,0.90743544436375367,0.488104484588187,0.97450380245967327,0.39484926401514381,0.3861971921945837,0.99637254415086163,0.16858902650909688,0.89846270345830259,0.37015924064467493,0.27133594141975187,0.49682234772086109,0.033614968091062264,0.5435774788482246,0.01281425606768663,0.49972793118523978,True,,1,0,Slot__Patch;Slot__CPW_Feed_Pin;Patch__CPW_Feed_Pin,True,Slot__CPW_Feed_Pin,,Slot__CPW_Feed_Pin,,"{""Slot__CPW_Feed_Pin"": {""geometry_type"": ""MultiLineString"", ""relations"": ""overlaps"", ""wkt"": ""MULTILINESTRING ((0.5 23.36, 0 23.36), (0 23.36, -0.5 23.36))""}}",True,,,True,lhs
276,35.624543053924683,2.4974189746878181,5.4838897277938816,2.1772682501053033,1.7729349992280508,11.381449888758301,2.0619827440502854,0.49533634365500473,0.15944369966081737,0.12556955933755007,0.63078133446099849,0.59973972672605935,0.54047178045874644,0.0036993683579946241,0.97578830959634766,0.32994431169788419,0.39279531018645936,0.7493546787416514,0.3842181697272235,0.69826217217767494,0.69366052417929525,0.86821999151091511,0.72451534952209884,True,,1,0,Slot__Patch;Slot__CPW_Feed_Pin;Patch__CPW_Feed_Pin,True,Slot__CPW_Feed_Pin,,Slot__CPW_Feed_Pin,,"{""Slot__CPW_Feed_Pin"": {""geometry_type"": ""MultiLineString"", ""relations"": ""overlaps"", ""wkt"": ""MULTILINESTRING ((0.5 20.33, 0 20.33), (0 20.33, -0.5 20.33))""}}",True,,,True,lhs
277,35.779627992475852,2.575358836239023,5.1106609301760919,3.237372646093144,1.0135438334620774,9.9165164852839585,4.9100050657775931,0.20398425028863487,0.94992562997809493,0.35504260114238195,0.33932349801694928,0.086968459722455926,0.082698715154514379,0.93185140607771155,0.28972919822432119,0.94107808924536818,0.72910446895617931,0.93705623060177357,0.22633551433685106,0.21240757487049416,0.73569762159286234,0.39891053224622874,0.81871993289726552,True,,1,0,Slot__Patch;Slot__CPW_Feed_Pin;Patch__CPW_Feed_Pin,True,Slot__CPW_Feed_Pin,,Slot__CPW_Feed_Pin,,"{""Slot__CPW_Feed_Pin"": {""geometry_type"": ""MultiLineString"", ""relations"": ""overlaps"", ""wkt"": ""MULTILINESTRING ((0.5 22.5, 0 22.5), (0 22.5, -0.5 22.5))""}}",True,,,True,lhs
278,21.078276745328562,2.2912746468615772,6.6058594845026786,3.7015193638320261,2.8087967435808414,12.177261814487718,5.6066364682820922,0.50913237671555944,0.48883053260016701,0.25743555887619718,0.63459084962299528,0.93944130204299259,0.98008301414460308,0.9224933567436262,0.054516419162513825,0.82120874210507355,0.22642428379258175,0.19721199180956153,0.47805980344299037,0.34936911896522849,0.85329468456189417,0.048879348962893282,0.79022939049822205,True,,1,0,Slot__Patch;Slot__CPW_Feed_Pin;Patch__CPW_Feed_Pin,True,Slot__CPW_Feed_Pin,,Slot__CPW_Feed_Pin,,"{""Slot__CPW_Feed_Pin"": {""geometry_type"": ""MultiLineString"", ""relations"": ""overlaps"", ""wkt"": ""MULTILINESTRING ((0.5 24.71, 0 24.71), (0 24.71, -0.5 24.71))""}}",True,,,True,lhs
279,33.270661412131304,2.4012498877569435,6.4323766793732631,3.4638487804902462,2.8730239519076211,12.321885244115624,2.0486516750612389,0.37215578593982007,0.9579347537165066,0.014318436671317474,0.39869397370050552,0.98375028389950991,0.093687304150845085,0.055099996290377984,0.40412453213201888,0.89369788475025869,0.73374536171409488,0.19050920083805054,0.89196246231538978,0.15302544918557068,0.88566838835537465,0.73081258422753159,0.65815331195532722,True,,1,0,Slot__Patch;Slot__CPW_Feed_Pin;Patch__CPW_Feed_Pin,True,Slot__CPW_Feed_Pin,,Slot__CPW_Feed_Pin,,"{""Slot__CPW_Feed_Pin"": {""geometry_type"": ""MultiLineString"", ""relations"": ""overlaps"", ""wkt"": ""MULTILINESTRING ((0.5 21.32, 0 21.32), (0 21.32, -0.5 21.32))""}}",True,,,True,lhs
280,15.390471116414886,2.7231182024440419,8.162823355746557,2.3796276068565367,2.4102518202670975,10.634022356593036,4.7220377441041332,0.37382337285086925,0.32015959696262741,0.37696824868794243,0.383130335801113,0.12130989833192149,0.68505929300996926,0.091753736933630731,0.88374956746292799,0.169020388672491,0.13210741116177332,0.65610367872975028,0.85033971983741652,0.82296794048143629,0.54503235343981238,0.45088972232935337,0.62848136005895427,True,,1,0,Slot__Patch;Slot__CPW_Feed_Pin;Patch__CPW_Feed_Pin,True,Slot__CPW_Feed_Pin,,Slot__CPW_Feed_Pin,,"{""Slot__CPW_Feed_Pin"": {""geometry_type"": ""MultiLineString"", ""relations"": ""overlaps"", ""wkt"": ""MULTILINESTRING ((0.5 23.85, 0 23.85), (0 23.85, -0.5 23.85))""}}",True,,,True,lhs
281,55.472486390394081,2.0648586685163011,5.7883290639377627,3.0065709159770444,1.6890610954290679,13.374317192945695,4.4883254080287029,0.71830228458619272,0.80146105448561133,0.28144428074340433,0.15903751146111506,0.75215611596585441,0.32736534028015229,0.11802443698918452,0.14842586889381021,0.1841327398407239,0.50369767780666286,0.87929610106407685,0.68791592616720654,0.26789252982233208,0.33847346345722684,0.82165102814193336,0.5175793765244876,True,,1,0,Slot__Patch;Slot__CPW_Feed_Pin;Patch__CPW_Feed_Pin,True,Slot__CPW_Feed_Pin,,Slot__CPW_Feed_Pin,,"{""Slot__CPW_Feed_Pin"": {""geometry_type"": ""MultiLineString"", ""relations"": ""overlaps"", ""wkt"": ""MULTILINESTRING ((0.5 22.24, 0 22.24), (0 22.24, -0.5 22.24))""}}",True,,,True,lhs
282,20.455436181705664,2.8628436083911648,4.9586831464510315,3.2295320407630408,2.1996077818738349,13.658165098318694,2.237526472195607,0.31741437611785367,0.62313993553337554,0.83612337646372226,0.60510460190703441,0.6512672270208385,0.86482698259096746,0.57591594417507552,0.38170017338575568,0.37319083205927717,0.19922644695288927,0.39846291308145021,0.62401161855379572,0.10496783210696467,0.68261356294797226,0.35461766160572017,0.84595030076864219,True,,1,0,Slot__Patch;Slot__CPW_Feed_Pin;Patch__CPW_Feed_Pin,True,Slot__CPW_Feed_Pin,,Slot__CPW_Feed_Pin,,"{""Slot__CPW_Feed_Pin"": {""geometry_type"": ""MultiLineString"", ""relations"": ""overlaps"", ""wkt"": ""MULTILINESTRING ((0.5 21.3, 0 21.3), (0 21.3, -0.5 21.3))""}}",True,,,True,lhs
283,43.233325536114563,2.3668274993180729,6.3154829410911866,3.0575668386433112,1.2183194532819623,9.6991909790396242,5.3870303169419511,0.1495136265334315,0.41043821646971779,0.98579479665818237,0.12278236427742936,0.53830828335005998,0.85212771737073489,0.5906668542816863,0.96641392812136773,0.56011197874010843,0.60664584309399427,0.22406451642885691,0.0069107856936617869,0.69706534095728079,0.84742859308992358,0.13849908482425283,0.8179956933029553,True,,1,0,Slot__Patch;Slot__CPW_Feed_Pin;Patch__CPW_Feed_Pin,True,Slot__CPW_Feed_Pin,,Slot__CPW_Feed_Pin,,"{""Slot__CPW_Feed_Pin"": {""geometry_type"": ""MultiLineString"", ""relations"": ""overlaps"", ""wkt"": ""MULTILINESTRING ((0.5 22.97, 0 22.97), (0 22.97, -0.5 22.97))""}}",True,,,True,lhs
284,24.843452582979779,2.3608101771661985,3.4063984211990195,3.8942414206216611,1.1673539892298685,15.445851788536665,3.9712030014623081,0.43346127312109478,0.068230901120631876,0.038396917724056949,0.62608640075842614,0.19480047769730943,0.14549222463760295,0.22228151761684023,0.5281937744921833,0.9127034896243309,0.65492895218522407,0.12853589499472853,0.23267875203968416,0.11113402258691563,0.42639940997237535,0.66280911188475145,0.19398848865064369,True,,1,0,Slot__Patch;Slot__CPW_Feed_Pin;Patch__CPW_Feed_Pin,True,Slot__CPW_Feed_Pin,,Slot__CPW_Feed_Pin,,"{""Slot__CPW_Feed_Pin"": {""geometry_type"": ""MultiLineString"", ""relations"": ""overlaps"", ""wkt"": ""MULTILINESTRING ((0.5 21.5, 0 21.5), (0 21.5, -0.5 21.5))""}}",True,,,True,lhs
285,35.964493738089907,1.9902016100398927,8.1402960133976769,2.3818254239030185,2.1547925059694597,13.795063011167263,5.5601086998707103,0.75570210596785736,0.028026165597981139,0.82385240272230387,0.63735653990052121,0.16095633253538005,0.21624562417521587,0.10718290445507368,0.27667268084932589,0.04745372757950863,0.67990108928193604,0.24355730023914424,0.30805000544514871,0.12192682850413973,0.38758586601439571,0.93226228910105891,0.45665797924873031,True,,1,0,Slot__Patch;Slot__CPW_Feed_Pin;Patch__CPW_Feed_Pin,True,Slot__CPW_Feed_Pin,,Slot__CPW_Feed_Pin,,"{""Slot__CPW_Feed_Pin"": {""geometry_type"": ""MultiLineString"", ""relations"": ""overlaps"", ""wkt"": ""MULTILINESTRING ((0.5 23.71, 0 23.71), (0 23.71, -0.5 23.71))""}}",True,,,True,lhs
286,33.73925781584019,2.0577449805401855,5.9275025190837329,2.8675126533981175,2.0923875527921521,20.270757617243113,3.6147847515039482,0.40451712870952056,0.52369501228024296,0.94344564058678193,0.48789496288096329,0.46189828582795966,0.95762948026812433,0.26721318208522754,0.27298287783579134,0.19486089261268733,0.1121942312364041,0.83605413882314827,0.69288510568321338,0.46239896456056945,0.28253919339972816,0.10399583076122766,0.24066252812592159,True,,1,0,Slot__Patch;Slot__CPW_Feed_Pin;Patch__CPW_Feed_Pin,True,Slot__CPW_Feed_Pin,,Slot__CPW_Feed_Pin,,"{""Slot__CPW_Feed_Pin"": {""geometry_type"": ""MultiLineString"", ""relations"": ""overlaps"", ""wkt"": ""MULTILINESTRING ((0.5 21.77, 0 21.77), (0 21.77, -0.5 21.77))""}}",True,,,True,lhs
287,38.184946226252251,1.2880786431230915,7.4950202575817473,1.6455908432945328,1.059993231280733,20.431377817039703,3.914714947805995,0.77545996967632613,0.38269677691170956,0.55130437094800433,0.21735394816858167,0.83391476241554352,0.12596743165124344,0.49362729908443781,0.73685876561363972,0.82733851492411981,0.55669824625253828,0.36833543352731224,0.66059526238794231,0.54327851977922836,0.63994788815679571,0.34285341837909161,0.61098205111933557,True,,1,0,Slot__Patch;Slot__CPW_Feed_Pin;Patch__CPW_Feed_Pin,True,Slot__CPW_Feed_Pin,,Slot__CPW_Feed_Pin,,"{""Slot__CPW_Feed_Pin"": {""geometry_type"": ""MultiLineString"", ""relations"": ""overlaps"", ""wkt"": ""MULTILINESTRING ((0.5 20.26, 0 20.26), (0 20.26, -0.5 20.26))""}}",True,,,True,lhs
288,53.822292335740286,2.1156363341293236,3.9146636659400147,2.838653084443775,1.8869598142617323,15.583010824923008,4.7981344880187073,0.040701101090566114,0.019198629474599379,0.80806245202874039,0.23112987069450738,0.84786646839022572,0.70968361376083433,0.25616049781188244,0.23263247599029052,0.74539581320734272,0.21721661536176187,0.79197554689021687,0.92442555732309628,0.74802072643269313,0.21366308910220108,4.4287069278942017e-05,0.44077049386014538,False,ValueError: producer reported invalid exported polygon(s): Slot,,0,Slot__Patch;Slot__CPW_Feed_Pin;Patch__CPW_Feed_Pin,True,Slot__CPW_Feed_Pin,,Slot__CPW_Feed_Pin,,"{""Slot__CPW_Feed_Pin"": {""geometry_type"": ""MultiLineString"", ""relations"": ""overlaps"", ""wkt"": ""MULTILINESTRING ((0.5 22.8, 0 22.8), (0 22.8, -0.5 22.8))""}}",True,,ValueError: producer reported invalid exported polygon(s): Slot,False,lhs
289,41.093858916248756,2.2768700774812731,5.3610037977425318,3.7623333518965358,1.8123920013196089,11.355821924877766,3.7741218546333481,0.54813149939996875,0.69475761095828259,0.93785818849670566,0.48052350430483903,0.23766522192362385,0.44738763615520921,0.83710469916086105,0.52556566467711985,0.020079445189026386,0.083175276364018738,0.25798264135371135,0.73244533539584677,0.41639392133656133,0.92808814871691148,0.60413614808805594,0.18320847191893871,True,,1,0,Slot__Patch;Slot__CPW_Feed_Pin;Patch__CPW_Feed_Pin,True,Slot__CPW_Feed_Pin,,Slot__CPW_Feed_Pin,,"{""Slot__CPW_Feed_Pin"": {""geometry_type"": ""MultiLineString"", ""relations"": ""overlaps"", ""wkt"": ""MULTILINESTRING ((0.5 21.86, 0 21.86), (0 21.86, -0.5 21.86))""}}",True,,,True,lhs
290,19.588615173137779,1.5168049967279811,8.460527345247506,3.3258436016251318,1.6637226088142099,17.381865638283287,4.8071845423285318,0.25415447705146743,0.12534842004806321,0.68653519162497489,0.27820150241920028,0.23392654280320913,0.48131172041572878,0.84599513729988962,0.94132645901000256,0.34524958867731897,0.77681455104805208,0.070653346832228195,0.14129730832581366,0.18016359823208258,0.93073872817467296,0.6086111023080143,0.83649432266980528,True,,1,0,Slot__Patch;Slot__CPW_Feed_Pin;Patch__CPW_Feed_Pin,True,Slot__CPW_Feed_Pin,,Slot__CPW_Feed_Pin,,"{""Slot__CPW_Feed_Pin"": {""geometry_type"": ""MultiLineString"", ""relations"": ""overlaps"", ""wkt"": ""MULTILINESTRING ((0.5 21.99, 0 21.99), (0 21.99, -0.5 21.99))""}}",True,,,True,lhs
291,37.645260191617979,1.8510985868247012,5.2973843233582141,2.6589650322305172,1.0491832774696122,19.829272794018642,3.3476946012201489,0.87111329919128211,0.84183909767788478,0.98126731378115672,0.3882089529353297,0.85566691798185723,0.70503392135693876,0.94058458363463604,0.56716907311792097,0.10669713310046297,0.53825375487302762,0.30996751403194794,0.56675347880512539,0.71039942233940123,0.98841968742453123,0.96133209843001344,0.60796596149893356,True,,1,0,Slot__Patch;Slot__CPW_Feed_Pin;Patch__CPW_Feed_Pin,True,Slot__CPW_Feed_Pin,,Slot__CPW_Feed_Pin,,"{""Slot__CPW_Feed_Pin"": {""geometry_type"": ""MultiLineString"", ""relations"": ""overlaps"", ""wkt"": ""MULTILINESTRING ((0.5 20.25, 0 20.25), (0 20.25, -0.5 20.25))""}}",True,,,True,lhs
292,26.636155574366875,2.171266909981596,4.8725689140774993,1.9945327861092095,1.3146349797197896,15.046470845537744,3.6318528405095578,0.058497196347158727,0.53239907187718927,0.5670920176597074,0.1757354063228117,0.45470072116978821,0.0060783289064067283,0.021243950603620915,0.029358098201245589,0.014814392604605212,0.66559322054953207,0.50076280128752826,0.38072259041770068,0.83283317023814485,0.82000905858630857,0.039983394240859234,0.86338293948316513,False,ValueError: producer reported invalid exported polygon(s): Patch,,0,Slot__Patch;Slot__CPW_Feed_Pin;Patch__CPW_Feed_Pin,True,Slot__CPW_Feed_Pin,,Slot__CPW_Feed_Pin,,"{""Slot__CPW_Feed_Pin"": {""geometry_type"": ""MultiLineString"", ""relations"": ""overlaps"", ""wkt"": ""MULTILINESTRING ((0.5 21.12, 0 21.12), (0 21.12, -0.5 21.12))""}}",True,,ValueError: producer reported invalid exported polygon(s): Patch,False,lhs
293,40.98031713450203,1.4386600993784473,6.7313995041057639,2.4373923048220236,2.343699995320919,14.274340817795403,5.9192707553392685,0.20109406165408597,0.6560164493262578,0.36531258762724184,0.80207520373955277,0.71752629169973958,0.76855423282376067,0.85503181576605669,0.31868746715219037,0.3930917588633091,0.71807939841614121,0.97838774754409263,0.37151701630507517,0.029986563380411609,0.16657389962206648,0.92462728188969923,0.39146689629857639,True,,1,0,Slot__Patch;Slot__CPW_Feed_Pin;Patch__CPW_Feed_Pin,True,Slot__CPW_Feed_Pin,,Slot__CPW_Feed_Pin,,"{""Slot__CPW_Feed_Pin"": {""geometry_type"": ""MultiLineString"", ""relations"": ""overlaps"", ""wkt"": ""MULTILINESTRING ((0.5 23.7, 0 23.7), (0 23.7, -0.5 23.7))""}}",True,,,True,lhs
294,25.642903270014305,2.5362880386411106,7.8984390283305919,2.4714911702508502,1.2866354048664106,7.9997424583566037,4.8935051551422974,0.65891316421293022,0.16215146125752969,0.87336777981946756,0.4321559911020047,0.65849649225386719,0.98656402747962757,0.071602817665357948,0.75481637660136458,0.11874309079600634,0.76251140227276115,0.41344188955437899,0.21163408545391488,0.90687227839475248,0.45662987538482558,0.12955382681432459,0.15172570051829248,True,,1,0,Slot__Patch;Slot__CPW_Feed_Pin;Patch__CPW_Feed_Pin,True,Slot__CPW_Feed_Pin,,Slot__CPW_Feed_Pin,,"{""Slot__CPW_Feed_Pin"": {""geometry_type"": ""MultiLineString"", ""relations"": ""overlaps"", ""wkt"": ""MULTILINESTRING ((0.5 22.72, 0 22.72), (0 22.72, -0.5 22.72))""}}",True,,,True,lhs
295,24.87341852344364,2.12593967045418,4.4339460644764941,3.114320593787542,2.4216213533837001,15.113496114573774,2.9770114231817333,0.15492527657264432,0.92728409940762391,0.70199771597242411,0.7435866540240933,0.63827419178161171,0.35995463543787104,0.88450102457232815,0.4482366863592957,0.74339966310134586,0.209462161676992,0.89302865821465016,0.84056588674668675,0.31197070822833328,0.72529157805100108,0.10964070414898497,0.7190728744608561,True,,1,0,Slot__Patch;Slot__CPW_Feed_Pin;Patch__CPW_Feed_Pin,True,Slot__CPW_Feed_Pin,,Slot__CPW_Feed_Pin,,"{""Slot__CPW_Feed_Pin"": {""geometry_type"": ""MultiLineString"", ""relations"": ""overlaps"", ""wkt"": ""MULTILINESTRING ((0.5 21.52, 0 21.52), (0 21.52, -0.5 21.52))""}}",True,,,True,lhs
296,31.259113335201874,1.781311468863791,8.0341228524980757,1.3480128439498913,2.4164252655183844,14.891849736117457,4.0262012494087571,0.65745068066212564,0.95254945250446799,0.9632236498605723,0.013332236520070569,0.40177458867262034,0.63544106056888539,0.34300288754987729,0.62884840910546169,0.93931824164309163,0.15910748911854714,0.94703022538453707,0.16459551573420661,0.88333397420642101,0.42965005199787837,0.1535493095108991,0.30952813924537026,True,,1,0,Slot__Patch;Slot__CPW_Feed_Pin;Patch__CPW_Feed_Pin,True,Slot__CPW_Feed_Pin,,Slot__CPW_Feed_Pin,,"{""Slot__CPW_Feed_Pin"": {""geometry_type"": ""MultiLineString"", ""relations"": ""overlaps"", ""wkt"": ""MULTILINESTRING ((0.5 22.22, 0 22.22), (0 22.22, -0.5 22.22))""}}",True,,,True,lhs
297,55.886262171243089,1.1230255267768636,8.3719124776391425,1.6865481042341,2.3817248857132816,13.21421809091796,4.5121319997001859,0.9103303934321807,0.093036333694276496,0.046316730207689935,0.29253100767661311,0.030768417364358883,0.086518220739307761,0.75965617400109864,0.91663281104236516,0.018381012851206514,0.41838623833639293,0.51592941571234763,0.17040880180949461,0.47126482808129561,0.19097520684537025,0.76924114380902897,0.84510913934090659,True,,1,0,Slot__Patch;Slot__CPW_Feed_Pin;Patch__CPW_Feed_Pin,True,Slot__CPW_Feed_Pin,,Slot__CPW_Feed_Pin,,"{""Slot__CPW_Feed_Pin"": {""geometry_type"": ""MultiLineString"", ""relations"": ""overlaps"", ""wkt"": ""MULTILINESTRING ((0.5 22.02, 0 22.02), (0 22.02, -0.5 22.02))""}}",True,,,True,lhs
298,38.092975828105658,2.081786669775509,3.1694935194266769,3.0268479132143398,1.1628853071025431,17.775083818892522,3.8059248460340895,0.60295228434604908,0.11266637976223715,0.64927306475563729,0.82087406068417557,0.34285620377602427,0.6632259522615066,0.42257610065617607,0.42465815104848803,0.68658303282593958,0.40175151858294872,0.8074750767632477,0.2559718169781276,0.39829473445310215,0.59902020108445331,0.092586904163888276,0.87541461184524638,True,,1,0,Slot__Patch;Slot__CPW_Feed_Pin;Patch__CPW_Feed_Pin,True,Slot__CPW_Feed_Pin,,Slot__CPW_Feed_Pin,,"{""Slot__CPW_Feed_Pin"": {""geometry_type"": ""MultiLineString"", ""relations"": ""overlaps"", ""wkt"": ""MULTILINESTRING ((0.5 21.05, 0 21.05), (0 21.05, -0.5 21.05))""}}",True,,,True,lhs
299,35.670490194893034,2.7010010606311274,8.7062779800364787,1.8466810845141406,1.4588775576429756,14.833787355879579,2.4741240677439436,0.80249453989428632,0.90445112723730814,0.78145181089574134,0.094574533035196473,0.72100546752468486,0.41622571524387297,0.23400785630113882,0.75678722902625017,0.62387374651678429,0.39512976870147248,0.79099547737247811,0.59635084131775162,0.086003170921440053,0.11977790754804704,0.45233307537285478,0.64064041322963639,True,,1,0,Slot__Patch;Slot__CPW_Feed_Pin;Patch__CPW_Feed_Pin,True,Slot__CPW_Feed_Pin,,Slot__CPW_Feed_Pin,,"{""Slot__CPW_Feed_Pin"": {""geometry_type"": ""MultiLineString"", ""relations"": ""overlaps"", ""wkt"": ""MULTILINESTRING ((0.5 20.63, 0 20.63), (0 20.63, -0.5 20.63))""}}",True,,,True,lhs
300,48.789289563602814,2.5325838062870378,6.8151388202038463,3.69457124642505,1.1452682995705337,8.8816690582373621,4.2485366821011965,0.46302730278946347,0.52866763439110553,0.082697985549000291,0.85000713717283394,0.66178643339843346,0.29973825415878508,0.29447431236265603,0.10143737091503094,0.13710379340654205,0.50034524206248032,0.51985196524077171,0.26652160756289994,0.78095862569723973,0.56421766682164665,0.61653114442580248,0.044790547604126991,True,,1,0,Slot__Patch;Slot__CPW_Feed_Pin;Patch__CPW_Feed_Pin,True,Slot__CPW_Feed_Pin,,Slot__CPW_Feed_Pin,,"{""Slot__CPW_Feed_Pin"": {""geometry_type"": ""MultiLineString"", ""relations"": ""overlaps"", ""wkt"": ""MULTILINESTRING ((0.5 21.93, 0 21.93), (0 21.93, -0.5 21.93))""}}",True,,,True,lhs
301,34.387949287977506,2.1243346303497801,8.2353528569709198,2.368924649372123,1.1768488038521274,13.901292376870236,2.6834746887292296,0.028972991522564003,0.67215664901612782,0.97160981519822232,0.36641974024579665,0.69829780790191964,0.39847893446256805,0.42819902023334677,0.14872291501327292,0.23245917355097795,0.78178036791242822,0.76967787935580045,0.72664439901848599,0.7847234139843412,0.95805171700187819,0.9159211084215958,0.15003093240264617,True,,1,0,Slot__Patch;Slot__CPW_Feed_Pin;Patch__CPW_Feed_Pin,True,Slot__CPW_Feed_Pin,,Slot__CPW_Feed_Pin,,"{""Slot__CPW_Feed_Pin"": {""geometry_type"": ""MultiLineString"", ""relations"": ""overlaps"", ""wkt"": ""MULTILINESTRING ((0.5 19.98, 0 19.98), (0 19.98, -0.5 19.98))""}}",True,,,True,lhs
302,51.295177878969064,1.7425880298214633,6.053407922117203,2.5641642908324824,2.5561607845113494,21.682920259521957,5.524168039906999,0.91743150177102473,0.56115735519147825,0.10967332559512061,0.65368863878289518,0.97217050156724627,0.37103542487209784,0.69277153594365337,0.069018624262304207,0.88198765206242247,0.1677998397105914,0.17388487385054252,0.2286492120614933,0.090601883879145195,0.48145362622021454,0.0084222633074511975,0.76828153002060873,True,,1,0,Slot__Patch;Slot__CPW_Feed_Pin;Patch__CPW_Feed_Pin,True,Slot__CPW_Feed_Pin,,Slot__CPW_Feed_Pin,,"{""Slot__CPW_Feed_Pin"": {""geometry_type"": ""MultiLineString"", ""relations"": ""overlaps"", ""wkt"": ""MULTILINESTRING ((0.5 23.82, 0 23.82), (0 23.82, -0.5 23.82))""}}",True,,,True,lhs
303,45.397305150992125,1.6332214601220061,8.974978056075873,1.5892237520930981,1.753405723555608,12.704012476157683,3.2794235637330935,0.48643585269324241,0.87393750371774537,0.020042714920947429,0.39644519785022481,0.8978376600975434,0.64560997981477641,0.34477780050961671,0.64049406221906724,0.94612455209806468,0.74603562263477818,0.66551721475789216,0.13568056321238678,0.64060212482226597,0.66814591004423218,0.81059201598610631,0.96517777263825333,True,,1,0,Slot__Patch;Slot__CPW_Feed_Pin;Patch__CPW_Feed_Pin,True,Slot__CPW_Feed_Pin,,Slot__CPW_Feed_Pin,,"{""Slot__CPW_Feed_Pin"": {""geometry_type"": ""MultiLineString"", ""relations"": ""overlaps"", ""wkt"": ""MULTILINESTRING ((0.5 20.67, 0 20.67), (0 20.67, -0.5 20.67))""}}",True,,,True,lhs
304,23.151104519738183,2.948715661353289,6.0240742441883715,2.5055218199307538,2.8381134835494972,10.705728839171183,5.9703199566616396,0.74435412054225725,0.9161034535759135,0.15333704735920206,0.34742383407704419,0.47334253386983138,0.72352211341290984,0.46476551656229359,0.078333056712918611,0.30626136740069915,0.66077921780234139,0.18356221336218981,0.36872219176584831,0.39998331178809643,0.44376972593530567,0.27795498811506586,0.08188100912790397,True,,1,0,Slot__Patch;Slot__CPW_Feed_Pin;Patch__CPW_Feed_Pin,True,Slot__CPW_Feed_Pin,,Slot__CPW_Feed_Pin,,"{""Slot__CPW_Feed_Pin"": {""geometry_type"": ""MultiLineString"", ""relations"": ""overlaps"", ""wkt"": ""MULTILINESTRING ((0.5 25.75, 0 25.75), (0 25.75, -0.5 25.75))""}}",True,,,True,lhs
305,50.159203190475885,2.7407051571352867,7.5737358166232038,2.1271686222794939,1.7569369814491633,18.270831653307717,3.492149103973488,0.50718455934423623,0.79632588295591467,0.71550470469716854,0.32526338706919627,0.25351284781864675,0.28698184905405921,0.31538750924744047,0.55614790506246048,0.81322113291692533,0.37644203817896532,0.48748488586506489,0.20812658405656559,0.97068073843166547,0.49999069896038101,0.5862043129409753,0.96287382525569876,True,,1,0,Slot__Patch;Slot__CPW_Feed_Pin;Patch__CPW_Feed_Pin,True,Slot__CPW_Feed_Pin,,Slot__CPW_Feed_Pin,,"{""Slot__CPW_Feed_Pin"": {""geometry_type"": ""MultiLineString"", ""relations"": ""overlaps"", ""wkt"": ""MULTILINESTRING ((0.5 21.99, 0 21.99), (0 21.99, -0.5 21.99))""}}",True,,,True,lhs
306,30.427153917560453,2.2933578045451535,4.883013130451026,3.6273429851888306,2.2515796819833378,8.4432523856285542,5.4430607671331703,0.32845048091897439,0.75858731104723154,0.17473081592517239,0.55132284370897622,0.22145671978539569,0.82154536432678527,0.17684024187118402,0.86676882307156877,0.60599594684889602,0.36493534927622157,0.343146308604456,0.94446497538989382,0.041131753980787923,0.74593936151457541,0.22288167280829038,0.98910721616021602,True,,1,0,Slot__Patch;Slot__CPW_Feed_Pin;Patch__CPW_Feed_Pin,True,Slot__CPW_Feed_Pin,,Slot__CPW_Feed_Pin,,"{""Slot__CPW_Feed_Pin"": {""geometry_type"": ""MultiLineString"", ""relations"": ""overlaps"", ""wkt"": ""MULTILINESTRING ((0.5 23.99, 0 23.99), (0 23.99, -0.5 23.99))""}}",True,,,True,lhs
307,58.493446536780553,1.2139198374998363,3.2505176255003496,3.3169698309901676,1.9667083663630252,13.748694919725256,5.773719922295764,0.10569201329148396,0.523325825975264,0.033509084931988384,0.34883636733017342,0.33752631949981465,0.99999147586749637,0.73177901781117793,0.12612207206620787,0.61422667703424838,0.96844903594915799,0.46324036031766042,0.5323037976881817,0.29665979379974744,0.89877555187773306,0.78647853951697433,0.15493143431280082,True,,1,0,Slot__Patch;Slot__CPW_Feed_Pin;Patch__CPW_Feed_Pin,True,Slot__CPW_Feed_Pin,,Slot__CPW_Feed_Pin,,"{""Slot__CPW_Feed_Pin"": {""geometry_type"": ""MultiLineString"", ""relations"": ""overlaps"", ""wkt"": ""MULTILINESTRING ((0.5 22.96, 0 22.96), (0 22.96, -0.5 22.96))""}}",True,,,True,lhs
308,46.692888458426715,1.5622308854281597,3.7751531263482523,3.1757383742412264,2.387526276606299,10.544203735072767,5.74904610193704,0.60041316729474381,0.34755402751970799,0.20456207869813239,0.4011009794122059,0.66444064710740658,0.52057831702915647,0.41319704290776921,0.43100944573665695,0.80660655589749475,0.59090705505845897,0.14082165491942827,0.24597661468310167,0.7378660953826367,0.0085943551842438282,0.13453605081627912,0.57997683438888303,True,,1,0,Slot__Patch;Slot__CPW_Feed_Pin;Patch__CPW_Feed_Pin,True,Slot__CPW_Feed_Pin,,Slot__CPW_Feed_Pin,,"{""Slot__CPW_Feed_Pin"": {""geometry_type"": ""MultiLineString"", ""relations"": ""overlaps"", ""wkt"": ""MULTILINESTRING ((0.5 23.7, 0 23.7), (0 23.7, -0.5 23.7))""}}",True,,,True,lhs
309,44.903266976435333,1.8674249682932014,8.5121041894813168,1.9170055393146779,1.726261803866417,20.948911398027768,3.0499147278293326,0.40279143478030693,0.82533454441581766,0.38463076929171985,0.6757265887545485,0.25743357003376266,0.13452959352056393,0.11369623048924885,0.25971677540228288,0.74843089798948537,0.30479565924216095,0.85701596881409625,0.71071980157743952,0.3750062261266664,0.76221551670507581,0.56066354856875322,0.0536506246297851,True,,1,0,Slot__Patch;Slot__CPW_Feed_Pin;Patch__CPW_Feed_Pin,True,Slot__CPW_Feed_Pin,,Slot__CPW_Feed_Pin,,"{""Slot__CPW_Feed_Pin"": {""geometry_type"": ""MultiLineString"", ""relations"": ""overlaps"", ""wkt"": ""MULTILINESTRING ((0.5 20.64, 0 20.64), (0 20.64, -0.5 20.64))""}}",True,,,True,lhs
310,48.970487878019426,2.0968185328918931,7.7423962636527577,3.8577527889078791,1.2111911721297977,18.562423235626277,4.922140999561492,0.30891812613012287,0.80578443417510293,0.38246152111736276,0.083747089839765393,0.19770310420552364,0.28899004314262838,0.47150604962167503,0.44500810087849513,0.22591885201300446,0.86597254108627442,0.13430572567417762,0.053347004309022353,0.79050568015579725,0.92619054790301147,0.23471006768953157,0.59613695586692239,True,,1,0,Slot__Patch;Slot__CPW_Feed_Pin;Patch__CPW_Feed_Pin,True,Slot__CPW_Feed_Pin,,Slot__CPW_Feed_Pin,,"{""Slot__CPW_Feed_Pin"": {""geometry_type"": ""MultiLineString"", ""relations"": ""overlaps"", ""wkt"": ""MULTILINESTRING ((0.5 22.23, 0 22.23), (0 22.23, -0.5 22.23))""}}",True,,,True,lhs
311,41.414492333273387,1.0870093617231382,5.2259444799649426,3.7656237014491767,2.1428686058495132,13.507093290395748,4.0326311522448774,0.073139646088196106,0.068928817221084168,0.2753041191787855,0.71712067610611374,0.44655506577539156,0.98245080409192076,0.23873586532692945,0.81749009859101618,0.25249118410514726,0.97749195390096122,0.45094192742014955,0.57030065106568584,0.68045943105221107,0.076264302343837881,0.46865163409977723,0.63399406824962778,True,,1,0,Slot__Patch;Slot__CPW_Feed_Pin;Patch__CPW_Feed_Pin,True,Slot__CPW_Feed_Pin,,Slot__CPW_Feed_Pin,,"{""Slot__CPW_Feed_Pin"": {""geometry_type"": ""MultiLineString"", ""relations"": ""overlaps"", ""wkt"": ""MULTILINESTRING ((0.5 21.26, 0 21.26), (0 21.26, -0.5 21.26))""}}",True,,,True,lhs
312,57.345162500267143,1.1411491941332303,5.1828468513725845,2.9524305320973911,1.4308441200448465,18.100438463506222,3.4548727916563617,0.24682787114979668,0.54256989931127564,0.97603724874660369,0.81005671833417958,0.76508019056251086,0.32207364883878276,0.62718366830426231,0.1603665055579187,0.56158677136200974,0.68625921618005226,0.30776783066507563,0.97845444226368139,0.16076015964853813,0.84998204294328383,0.19179505966994029,0.18504676738006043,True,,1,0,Slot__Patch;Slot__CPW_Feed_Pin;Patch__CPW_Feed_Pin,True,Slot__CPW_Feed_Pin,,Slot__CPW_Feed_Pin,,"{""Slot__CPW_Feed_Pin"": {""geometry_type"": ""MultiLineString"", ""relations"": ""overlaps"", ""wkt"": ""MULTILINESTRING ((0.5 20.03, 0 20.03), (0 20.03, -0.5 20.03))""}}",True,,,True,lhs
313,48.499667783579511,2.0517981366734146,3.6666587294515089,2.4220948806052434,1.3846610376112511,18.744358428087189,4.5273901471097044,0.96994411904445088,0.98931555472085653,0.15091576310362684,0.72907471815309277,0.74464485260511326,0.14373612979575856,0.62603818158842139,0.90001444350625726,0.66853684257904034,0.57704111178201711,0.43255466235531159,0.70593758346399815,0.99986068273091677,0.27145200053877722,0.56525395180932192,0.10650240034746743,True,,1,0,Slot__Patch;Slot__CPW_Feed_Pin;Patch__CPW_Feed_Pin,True,Slot__Patch;Slot__CPW_Feed_Pin,,Slot__Patch;Slot__CPW_Feed_Pin,,"{""Slot__CPW_Feed_Pin"": {""geometry_type"": ""MultiLineString"", ""relations"": ""overlaps"", ""wkt"": ""MULTILINESTRING ((0.5 21.97, 0 21.97), (0 21.97, -0.5 21.97))""}, ""Slot__Patch"": {""geometry_type"": ""MultiLineString"", ""relations"": ""overlaps"", ""wkt"": ""MULTILINESTRING ((18.39 25.59, 10.040000000000001 25.59), (-10.040000000000001 25.59, -18.39 25.59))""}}",True,,unexpected non-bottom curve intersection: Slot__Patch,False,lhs
314,36.940741125906442,1.3344926508429928,8.2471249229293146,1.4478721140037125,1.037523174607925,12.206869602290233,3.2825090780349053,0.26955239082949556,0.16827686167796177,0.39114228609932045,0.59932352367102759,0.69298516209193006,0.8322648567902009,0.2865877537668024,0.78856866374742096,0.25767035046666642,0.55554879600420037,0.71647404876295417,0.9572843745807692,0.42302536902942534,0.11586726317965451,0.80052731211518047,0.91978717918090724,True,,1,0,Slot__Patch;Slot__CPW_Feed_Pin;Patch__CPW_Feed_Pin,True,Slot__CPW_Feed_Pin,,Slot__CPW_Feed_Pin,,"{""Slot__CPW_Feed_Pin"": {""geometry_type"": ""MultiLineString"", ""relations"": ""overlaps"", ""wkt"": ""MULTILINESTRING ((0.5 19.66, 0 19.66), (0 19.66, -0.5 19.66))""}}",True,,,True,lhs
315,49.703967409678441,2.8897493316184315,6.8301458612799291,1.5734369470456788,2.7496960703096276,19.29754818900269,2.5716440836357912,0.63456091577815799,0.27676101372745332,0.60280788992885037,0.30238647065008778,0.36600780761073309,0.99356227931069518,0.48251677619342059,0.56990640744218757,0.15902586516121842,0.21541201505038712,0.99593693166902064,0.85430407180292312,0.47464311849050178,0.51327032415776341,0.45780013380843898,0.91704753631170577,True,,1,0,Slot__Patch;Slot__CPW_Feed_Pin;Patch__CPW_Feed_Pin,True,Slot__CPW_Feed_Pin,,Slot__CPW_Feed_Pin,,"{""Slot__CPW_Feed_Pin"": {""geometry_type"": ""MultiLineString"", ""relations"": ""overlaps"", ""wkt"": ""MULTILINESTRING ((0.5 22.21, 0 22.21), (0 22.21, -0.5 22.21))""}}",True,,,True,lhs
316,43.822542156612847,2.3316664026548297,4.3363548979888327,3.8269486515729474,2.8321151139473244,21.082074520362511,3.3368865529847014,0.93675767509651187,0.14474942934043392,0.639962209541873,0.32860077252828834,0.21604938119762326,0.48446925375873801,0.63624223156528392,0.15812806257203266,0.9537941054524216,0.31951433812655189,0.59254304188301987,0.90247703995762063,0.84318524057753874,0.69989725296909222,0.63872563959144513,0.58981612439951314,True,,1,0,Slot__Patch;Slot__CPW_Feed_Pin;Patch__CPW_Feed_Pin,True,Slot__CPW_Feed_Pin,,Slot__CPW_Feed_Pin,,"{""Slot__CPW_Feed_Pin"": {""geometry_type"": ""MultiLineString"", ""relations"": ""overlaps"", ""wkt"": ""MULTILINESTRING ((0.5 22.5, 0 22.5), (0 22.5, -0.5 22.5))""}}",True,,,True,lhs
317,46.729483078263755,1.765960215820455,8.6201302072272465,3.4563798904033431,2.2605608762509011,16.186732743965145,3.9887403702218656,0.10820295632552039,0.40970421813089347,0.15498590666710102,0.86593190652333585,0.48286697502984821,0.24764899575685553,0.2105329621949987,0.19532036945651249,0.57183845528403388,0.5702641315562974,0.64835351311264922,0.11996073178910109,0.19473779864232241,0.86276136492348188,0.075634242420042824,0.83281971420244316,True,,1,0,Slot__Patch;Slot__CPW_Feed_Pin;Patch__CPW_Feed_Pin,True,Slot__CPW_Feed_Pin,,Slot__CPW_Feed_Pin,,"{""Slot__CPW_Feed_Pin"": {""geometry_type"": ""MultiLineString"", ""relations"": ""overlaps"", ""wkt"": ""MULTILINESTRING ((0.5 22.01, 0 22.01), (0 22.01, -0.5 22.01))""}}",True,,,True,lhs
318,19.998882781234414,2.5177149119234183,5.0877579482516726,2.3911447748862718,2.4828018498676219,18.452841324367867,5.273150781322677,0.68141377921725077,0.0013375983238640094,0.59673814339525433,0.42952507473927209,0.54432996679398327,0.30397544535657511,0.31815031103512459,0.08618784467071168,0.34065562281948281,0.72661735887728818,0.96965644987843946,0.18436470913742761,0.94596814153452125,0.32520067316724932,0.57117949039747851,0.36335115857357514,True,,1,0,Slot__Patch;Slot__CPW_Feed_Pin;Patch__CPW_Feed_Pin,True,Slot__CPW_Feed_Pin,,Slot__CPW_Feed_Pin,,"{""Slot__CPW_Feed_Pin"": {""geometry_type"": ""MultiLineString"", ""relations"": ""overlaps"", ""wkt"": ""MULTILINESTRING ((0.5 24.27, 0 24.27), (0 24.27, -0.5 24.27))""}}",True,,,True,lhs
319,21.834370312743026,1.8638604089052693,6.0439909302023302,3.3896168374424951,1.1412915182876697,9.8431566044713801,5.5072752108992793,0.70664907622805984,0.034828267240192536,0.8882774823070001,0.84802041769048042,0.80136301295068268,0.12358288958743564,0.40249711680716516,0.24252746061534461,0.17222965506208704,0.71220709629829515,0.63239629836899014,0.58543315373593008,0.20152188846934438,0.96357494275797773,0.80853330125293321,0.82596919052220974,True,,1,0,Slot__Patch;Slot__CPW_Feed_Pin;Patch__CPW_Feed_Pin,True,Slot__CPW_Feed_Pin,,Slot__CPW_Feed_Pin,,"{""Slot__CPW_Feed_Pin"": {""geometry_type"": ""MultiLineString"", ""relations"": ""overlaps"", ""wkt"": ""MULTILINESTRING ((0.5 22.51, 0 22.51), (0 22.51, -0.5 22.51))""}}",True,,,True,lhs
320,49.131753411593998,2.3913981506018724,6.1748535265916562,2.6171835731120527,2.2196439297074577,12.572677274641437,4.9646238353979069,0.72429882905940868,0.15753769176672336,0.43552675599735241,0.70120303760733704,0.80549675609746707,0.86057808949247572,0.22502834192442836,0.55706760238062392,0.59587520977801167,0.15253894813767488,0.40829008090079083,0.96771358651689421,0.74105255647351032,0.68803534517943732,0.27209878104651203,0.082618983628600359,True,,1,0,Slot__Patch;Slot__CPW_Feed_Pin;Patch__CPW_Feed_Pin,True,Slot__CPW_Feed_Pin,,Slot__CPW_Feed_Pin,,"{""Slot__CPW_Feed_Pin"": {""geometry_type"": ""MultiLineString"", ""relations"": ""overlaps"", ""wkt"": ""MULTILINESTRING ((0.5 23.58, 0 23.58), (0 23.58, -0.5 23.58))""}}",True,,,True,lhs
321,19.145473977734131,2.4808792793231178,4.8349396479469409,1.9136119097858786,2.9391461514134392,13.308009250569397,5.6937890080622369,0.73131974545707357,0.33790762305083094,0.68263372158949231,0.2048016235142,0.26709375205584129,0.30776223274676018,0.65380128029514073,0.26375611306423208,0.62674758779057882,0.99979224731154259,0.9582593326497747,0.068928475769165984,0.99737296003435694,0.35986352159625434,0.28925617767438994,0.0050476605934937002,False,ValueError: producer reported invalid exported polygon(s): Patch,,0,Slot__Patch;Slot__CPW_Feed_Pin;Patch__CPW_Feed_Pin,True,Slot__CPW_Feed_Pin,,Slot__CPW_Feed_Pin,,"{""Slot__CPW_Feed_Pin"": {""geometry_type"": ""MultiLineString"", ""relations"": ""overlaps"", ""wkt"": ""MULTILINESTRING ((0.5 25.11, 0 25.11), (0 25.11, -0.5 25.11))""}}",True,,ValueError: producer reported invalid exported polygon(s): Patch,False,lhs
322,53.628673222437065,1.7506206776751649,5.7601072459066263,2.8747492420425398,1.9581705472027739,17.810835884425707,5.9848240029005577,0.59700569205616971,0.67926895419921496,0.93031412950669323,0.690836870635263,0.63454897177578251,0.43859858766465559,0.58867996106598852,0.014231979695207715,0.77025204730070285,0.57349072277753066,0.028543350333978396,0.67135143228583449,0.62776160360802347,0.73193567737652143,0.44701768164989841,0.00090155128007755208,True,,1,0,Slot__Patch;Slot__CPW_Feed_Pin;Patch__CPW_Feed_Pin,True,Slot__CPW_Feed_Pin,,Slot__CPW_Feed_Pin,,"{""Slot__CPW_Feed_Pin"": {""geometry_type"": ""MultiLineString"", ""relations"": ""overlaps"", ""wkt"": ""MULTILINESTRING ((0.5 23.7, 0 23.7), (0 23.7, -0.5 23.7))""}}",True,,,True,lhs
323,29.714611011639654,2.9760428725386308,4.7589053924262199,3.8067708832139528,2.7334308372047538,15.369294478901516,3.7575648140890467,0.63654260163498133,0.048292845954621529,0.86223292171393695,0.39724637847017313,0.82743290537336012,0.29601662458923722,0.12624995032273578,0.16448070896161743,0.021666357957107595,0.97056608488415186,0.51431629200815188,0.27055747982744882,0.13704824026484125,0.33577251713002576,0.84705186297482427,0.65911466664884333,True,,1,0,Slot__Patch;Slot__CPW_Feed_Pin;Patch__CPW_Feed_Pin,True,Slot__CPW_Feed_Pin,,Slot__CPW_Feed_Pin,,"{""Slot__CPW_Feed_Pin"": {""geometry_type"": ""MultiLineString"", ""relations"": ""overlaps"", ""wkt"": ""MULTILINESTRING ((0.5 23.47, 0 23.47), (0 23.47, -0.5 23.47))""}}",True,,,True,lhs
324,43.915732645574735,2.2233837916105719,5.9004107615953707,2.3973930364354716,1.3725698264495221,18.177972019605413,3.6062484258941683,0.2925380726268616,0.87015512332817924,0.91007637926513507,0.45131111726976419,0.34002616468493541,0.97565816514621817,0.75630558633182354,0.71088391191574885,0.026211881921428648,0.34214704328945383,0.32497251325588289,0.60895666885181121,0.49947035558740999,0.99727413616317484,0.052573073030167651,0.19304934784774672,True,,1,0,Slot__Patch;Slot__CPW_Feed_Pin;Patch__CPW_Feed_Pin,True,Slot__CPW_Feed_Pin,,Slot__CPW_Feed_Pin,,"{""Slot__CPW_Feed_Pin"": {""geometry_type"": ""MultiLineString"", ""relations"": ""overlaps"", ""wkt"": ""MULTILINESTRING ((0.5 21.2, 0 21.2), (0 21.2, -0.5 21.2))""}}",True,,,True,lhs
325,53.879034627872279,2.5467853502727409,6.2499531175841501,3.6533612034759795,2.8779368799812977,14.047970057739095,5.1047360909258401,0.22928566975155698,0.97232888511654025,0.17805211446031771,0.47898534566050294,0.023989801548716438,0.25020846411764947,0.87907536124024921,0.34038231062055135,0.65763518206955263,0.62449093009496126,0.20794596263964946,0.49139793716874719,0.92526606546644241,0.40233946397168846,0.66103008373537919,0.43454976377311577,True,,1,0,Slot__Patch;Slot__CPW_Feed_Pin;Patch__CPW_Feed_Pin,True,Slot__CPW_Feed_Pin,,Slot__CPW_Feed_Pin,,"{""Slot__CPW_Feed_Pin"": {""geometry_type"": ""MultiLineString"", ""relations"": ""overlaps"", ""wkt"": ""MULTILINESTRING ((0.5 24.53, 0 24.53), (0 24.53, -0.5 24.53))""}}",True,,,True,lhs
326,17.054764863835921,2.8668308717925317,6.7470983144749717,1.8173064281027609,1.5128770070102771,8.3435680347014909,5.7052641790107952,0.23081577372522805,0.94695755490818911,0.70600616579862052,0.41659668354692941,0.79833904377833886,0.051720284092579109,0.38238294933119327,0.2824786578447448,0.91859604082483981,0.02537910999532941,0.38026634692099787,0.64003558745965639,0.17037807031886512,0.92420857933045175,0.48006230051643078,0.4025871622761874,True,,1,0,Slot__Patch;Slot__CPW_Feed_Pin;Patch__CPW_Feed_Pin,True,Slot__CPW_Feed_Pin,,Slot__CPW_Feed_Pin,,"{""Slot__CPW_Feed_Pin"": {""geometry_type"": ""MultiLineString"", ""relations"": ""overlaps"", ""wkt"": ""MULTILINESTRING ((0.5 24.08, 0 24.08), (0 24.08, -0.5 24.08))""}}",True,,,True,lhs
327,41.610263791542216,1.2688357006166804,3.5483285263722251,2.9421954640831096,1.8215476402766959,21.936579376327622,5.6679581682809808,0.1698171121839045,0.74640210186976064,0.17620661288177036,0.88449935083067566,0.1209322142880588,0.72564847201675364,0.15066783701566278,0.86504216235846743,0.28016721600042466,0.68814453196929548,0.22209988333633521,0.98116904420325779,0.060952227717877436,0.62424727946575076,0.30513293981364814,0.44434704167092959,True,,1,0,Slot__Patch;Slot__CPW_Feed_Pin;Patch__CPW_Feed_Pin,True,Slot__CPW_Feed_Pin,,Slot__CPW_Feed_Pin,,"{""Slot__CPW_Feed_Pin"": {""geometry_type"": ""MultiLineString"", ""relations"": ""overlaps"", ""wkt"": ""MULTILINESTRING ((0.5 22.75, 0 22.75), (0 22.75, -0.5 22.75))""}}",True,,,True,lhs
328,54.082515658190154,2.8806403580958762,4.4911725747087221,3.5784660487794362,2.3131579629899877,20.632891599052627,3.0933480103728197,0.27356356107964652,0.50084369476569335,0.0012715401367135249,0.8180940713813728,0.11029602638325831,0.77797857114113245,0.71131506698717428,0.88481060396007705,0.22450929612445891,0.5795041820627026,0.20264963902700023,0.56310348693195666,0.78739794903219595,0.201585966935836,0.8728482247000664,0.67937589154582456,True,,1,0,Slot__Patch;Slot__CPW_Feed_Pin;Patch__CPW_Feed_Pin,True,Slot__CPW_Feed_Pin,,Slot__CPW_Feed_Pin,,"{""Slot__CPW_Feed_Pin"": {""geometry_type"": ""MultiLineString"", ""relations"": ""overlaps"", ""wkt"": ""MULTILINESTRING ((0.5 22.29, 0 22.29), (0 22.29, -0.5 22.29))""}}",True,,,True,lhs
329,55.219205092194919,2.1894220224821552,7.681327849607734,1.327687879018983,1.0025663753102152,11.461422323985232,4.3198830325201394,0.88817818496516376,0.21460790450492823,0.50110528921184549,0.74860776763278225,0.72907387586692463,0.57640463429166455,0.70145376250059044,0.10864026607603083,0.10095010376836012,0.033013708019827975,0.40424807632968718,0.75458964220224933,0.99131832122427566,0.71970903032013589,0.99314860659564941,0.91469762107731956,True,,1,0,Slot__Patch;Slot__CPW_Feed_Pin;Patch__CPW_Feed_Pin,True,Slot__CPW_Feed_Pin,,Slot__CPW_Feed_Pin,,"{""Slot__CPW_Feed_Pin"": {""geometry_type"": ""MultiLineString"", ""relations"": ""overlaps"", ""wkt"": ""MULTILINESTRING ((0.5 21.51, 0 21.51), (0 21.51, -0.5 21.51))""}}",True,,,True,lhs
330,30.881398525724034,2.791215201264134,7.4099835406647925,1.774088699899083,1.9850321742678527,17.704047364809661,5.1633470835051032,0.72189768254035458,0.63679826910840409,0.53809815123066462,0.52530078513088052,0.95732700871983367,0.89793059048391699,0.22423899915735643,0.052104764545784527,0.1480266587418054,0.82844207788210922,0.53814445100218899,0.43464932357340502,0.81107160495993214,0.69162190430704273,0.18330445556200139,0.75952218264857341,True,,1,0,Slot__Patch;Slot__CPW_Feed_Pin;Patch__CPW_Feed_Pin,True,Slot__CPW_Feed_Pin,,Slot__CPW_Feed_Pin,,"{""Slot__CPW_Feed_Pin"": {""geometry_type"": ""MultiLineString"", ""relations"": ""overlaps"", ""wkt"": ""MULTILINESTRING ((0.5 23.94, 0 23.94), (0 23.94, -0.5 23.94))""}}",True,,,True,lhs
331,50.838665191650129,2.8029707353830471,5.9413075951798344,3.5440328271988513,1.4044420619858569,18.932000045965715,3.9992316613195289,0.41776381559507353,0.92873124497210913,0.69818906709187678,0.49578701153332544,0.89434050191765968,0.021283028425145886,0.52211961942268181,0.74010812214878607,0.26184259005397986,0.0029625768581200292,0.2312045006008058,0.95332033404907313,0.29412018357730202,0.95017117839126375,0.058395019904529812,0.76381859548305686,True,,1,0,Slot__Patch;Slot__CPW_Feed_Pin;Patch__CPW_Feed_Pin,True,Slot__CPW_Feed_Pin,,Slot__CPW_Feed_Pin,,"{""Slot__CPW_Feed_Pin"": {""geometry_type"": ""MultiLineString"", ""relations"": ""overlaps"", ""wkt"": ""MULTILINESTRING ((0.5 22.21, 0 22.21), (0 22.21, -0.5 22.21))""}}",True,,,True,lhs
332,16.727857803396432,2.6094504215037277,8.0465884003849055,2.8068236617664226,1.870950558726594,7.8479639959804564,3.0978973472533777,0.72844696939600073,0.55839642864291616,0.81750571145361317,0.048333712839301213,0.89560460355145421,0.011412679511185853,0.25036390589718915,0.85452772311978775,0.21971074498569843,0.66392474999443163,0.50540774268096789,0.1098479068255457,0.63856354426287598,0.4389809956584001,0.91064513578358885,0.93549180168294421,True,,1,0,Slot__Patch;Slot__CPW_Feed_Pin;Patch__CPW_Feed_Pin,True,Slot__CPW_Feed_Pin,,Slot__CPW_Feed_Pin,,"{""Slot__CPW_Feed_Pin"": {""geometry_type"": ""MultiLineString"", ""relations"": ""overlaps"", ""wkt"": ""MULTILINESTRING ((0.5 21.57, 0 21.57), (0 21.57, -0.5 21.57))""}}",True,,,True,lhs
333,16.223507924013134,1.4589179722374463,6.7194656980187766,3.05550980756782,2.7541644897968389,16.45096921068351,5.8298897445527,0.58248611130838757,0.85039843211974742,0.28013688946276938,0.072092545578374301,0.71907387177805138,0.98902998479951232,0.68345426859386582,0.57812347758925497,0.80141008463894348,0.82529958657350555,0.11528781105718909,0.61010604874988184,0.9631800190249894,0.016990011916998463,0.13123790926014439,0.046079184510783223,True,,1,0,Slot__Patch;Slot__CPW_Feed_Pin;Patch__CPW_Feed_Pin,True,Slot__CPW_Feed_Pin,,Slot__CPW_Feed_Pin,,"{""Slot__CPW_Feed_Pin"": {""geometry_type"": ""MultiLineString"", ""relations"": ""overlaps"", ""wkt"": ""MULTILINESTRING ((0.5 24.04, 0 24.04), (0 24.04, -0.5 24.04))""}}",True,,,True,lhs
334,32.846075486555499,2.7542819504714391,8.4737134793164408,3.2815693307792095,2.9147002437797189,14.869825617786226,5.4971953647745773,0.54622380675559912,0.74482578189170556,0.90519696167553465,0.13597344037454331,0.071146304253157294,0.90078060734791932,0.30354445813601422,0.035064119510298711,0.85956731558630894,0.47089474800438164,0.010414819703841699,0.69984543967070467,0.52480288839474587,0.27701851305137515,0.21613170770194032,0.82664431982595032,True,,1,0,Slot__Patch;Slot__CPW_Feed_Pin;Patch__CPW_Feed_Pin,True,Slot__CPW_Feed_Pin,,Slot__CPW_Feed_Pin,,"{""Slot__CPW_Feed_Pin"": {""geometry_type"": ""MultiLineString"", ""relations"": ""overlaps"", ""wkt"": ""MULTILINESTRING ((0.5 25.17, 0 25.17), (0 25.17, -0.5 25.17))""}}",True,,,True,lhs
335,39.782460321037348,1.2243067726366821,7.8821066079654818,1.6449914821936122,1.6112675136364816,10.106073245830252,4.9477497553231853,0.70407091880757322,0.36093161515352884,0.74336358778646505,0.92420413680129043,0.42967508439579688,0.69997661647535137,0.031916431512283239,0.29914872077067867,0.33114138502138818,0.95781419706460247,0.76541839787822763,0.89827132870574833,0.91765528033180332,0.24124662782793518,0.47631537513474204,0.87911993511113129,True,,1,0,Slot__Patch;Slot__CPW_Feed_Pin;Patch__CPW_Feed_Pin,True,Slot__CPW_Feed_Pin,,Slot__CPW_Feed_Pin,,"{""Slot__CPW_Feed_Pin"": {""geometry_type"": ""MultiLineString"", ""relations"": ""overlaps"", ""wkt"": ""MULTILINESTRING ((0.5 21.78, 0 21.78), (0 21.78, -0.5 21.78))""}}",True,,,True,lhs
336,47.382212070263982,2.819268968505054,6.5566154514085362,1.7191335488622448,2.3219860067731912,8.8538329737741766,2.0681791928351378,0.76375369525344627,0.55557951867668343,0.8537819965870278,0.47066193980267002,0.59509238703302492,0.47427685908668665,0.35628006032272802,0.77679713018394725,0.2029148241290088,0.62702598361604389,0.74514597034834817,0.72478431425206591,0.93522942991028957,0.046636349187461734,0.22104190312803146,0.020135768589884397,True,,1,0,Slot__Patch;Slot__CPW_Feed_Pin;Patch__CPW_Feed_Pin,True,Slot__CPW_Feed_Pin,,Slot__CPW_Feed_Pin,,"{""Slot__CPW_Feed_Pin"": {""geometry_type"": ""MultiLineString"", ""relations"": ""overlaps"", ""wkt"": ""MULTILINESTRING ((0.5 21.21, 0 21.21), (0 21.21, -0.5 21.21))""}}",True,,,True,lhs
337,58.805021674002305,1.7944507651854327,7.6908463345873264,3.4783904857528132,2.8160362851748406,8.5332779324540518,2.1148285398340838,0.49753551301591398,0.90319603738103305,0.35167586154685865,0.73189393435772832,0.059874506774128172,0.56615891157866305,0.3642630949754162,0.75998630688531554,0.48993468115247779,0.4789599192009204,0.5288333158437597,0.94328360111561438,0.9583027066507156,0.43269135978491186,0.69603902372978566,0.20504044237189695,True,,1,0,Slot__Patch;Slot__CPW_Feed_Pin;Patch__CPW_Feed_Pin,True,Slot__CPW_Feed_Pin,,Slot__CPW_Feed_Pin,,"{""Slot__CPW_Feed_Pin"": {""geometry_type"": ""MultiLineString"", ""relations"": ""overlaps"", ""wkt"": ""MULTILINESTRING ((0.5 20.73, 0 20.73), (0 20.73, -0.5 20.73))""}}",True,,,True,lhs
338,36.203319857884559,2.997378382332383,3.3036123074405914,1.8672033062406961,1.5466715894461724,14.311406222008616,4.9578840400748119,0.3386268544398946,0.09464710143576599,0.30971783660022584,0.034819354234242955,0.23958791672058097,0.76438013376457514,0.67701214026857226,0.98241606866579345,0.7383946315750004,0.58224878184378293,0.43924716347240833,0.60338531473784784,0.65272971299932914,0.038494925550632955,0.86352264729913097,0.36130368605054342,True,,1,0,Slot__Patch;Slot__CPW_Feed_Pin;Patch__CPW_Feed_Pin,True,Slot__CPW_Feed_Pin,,Slot__CPW_Feed_Pin,,"{""Slot__CPW_Feed_Pin"": {""geometry_type"": ""MultiLineString"", ""relations"": ""overlaps"", ""wkt"": ""MULTILINESTRING ((0.5 23.5, 0 23.5), (0 23.5, -0.5 23.5))""}}",True,,,True,lhs
339,57.710410053049451,2.3822893348111771,3.2791497914285972,1.5152696269501347,1.2093054542477142,13.500758872046948,5.4089002736855605,0.017288855790546481,0.41769574278670946,0.0055699847105653809,0.67321987899369129,0.62935480250361664,0.10192250530391335,0.44873483871692893,0.928484389992834,0.19329063624208029,0.42502347748606412,0.28826658604456362,0.98958199371124667,0.15102598429858785,0.81716179788102328,0.9744820172227816,0.61918746993685558,True,,1,0,Slot__Patch;Slot__CPW_Feed_Pin;Patch__CPW_Feed_Pin,True,Slot__CPW_Feed_Pin,,Slot__CPW_Feed_Pin,,"{""Slot__CPW_Feed_Pin"": {""geometry_type"": ""MultiLineString"", ""relations"": ""overlaps"", ""wkt"": ""MULTILINESTRING ((0.5 23, 0 23), (0 23, -0.5 23))""}}",True,,,True,lhs
340,24.073416988193308,2.2387178335966387,5.5288047857270364,3.5726250859881334,2.431025828645617,22.314100519589303,2.5282099363369044,0.24193287899593968,0.49299878044744161,0.14168650884055647,0.31090525913097355,0.32080109276444319,0.38220184445007427,0.32436559638085094,0.41042575504644779,0.62242303878716798,0.022609886538773178,0.52983291621306028,0.227478109766583,0.893849428563533,0.7824834342796454,0.94557793475642682,0.90528764112457816,True,,1,0,Slot__Patch;Slot__CPW_Feed_Pin;Patch__CPW_Feed_Pin,True,Slot__CPW_Feed_Pin,,Slot__CPW_Feed_Pin,,"{""Slot__CPW_Feed_Pin"": {""geometry_type"": ""MultiLineString"", ""relations"": ""overlaps"", ""wkt"": ""MULTILINESTRING ((0.5 21.2, 0 21.2), (0 21.2, -0.5 21.2))""}}",True,,,True,lhs
341,15.971966707650651,1.6467748526005233,6.9711943072918565,2.2008423401738506,1.3369226553205049,20.401838782059833,5.3043670127638665,0.058987631572917636,0.0023080369996400884,0.79671937791295921,0.72399586173168717,0.72633136125926878,0.80401730889181267,0.058198747722500575,0.2264608371745421,0.18063953549480183,0.98845186810534991,0.097690442586561538,0.0058154237295107176,0.050541816363172939,0.082438855202829495,0.32728869289947682,0.93108393481838292,True,,1,0,Slot__Patch;Slot__CPW_Feed_Pin;Patch__CPW_Feed_Pin,True,Slot__CPW_Feed_Pin,,Slot__CPW_Feed_Pin,,"{""Slot__CPW_Feed_Pin"": {""geometry_type"": ""MultiLineString"", ""relations"": ""overlaps"", ""wkt"": ""MULTILINESTRING ((0.5 22.28, 0 22.28), (0 22.28, -0.5 22.28))""}}",True,,,True,lhs
342,26.919130502019655,2.8227830011427,3.5261391127101045,1.5537612250183759,2.2692651690495533,16.314750443183051,2.0179436271359177,0.98497856830403463,0.84595260971404473,0.2833218568990668,0.183976748210887,0.47907815988164271,0.77255207716029894,0.72312214154083276,0.20434564017249413,0.26803499572945166,0.20263147455500885,0.61158237375198388,0.33212038866191379,0.53049699555814223,0.85716790111593022,0.32542994586007484,0.31911207430536065,True,,1,0,Slot__Patch;Slot__CPW_Feed_Pin;Patch__CPW_Feed_Pin,True,Slot__CPW_Feed_Pin,,Slot__CPW_Feed_Pin,,"{""Slot__CPW_Feed_Pin"": {""geometry_type"": ""MultiLineString"", ""relations"": ""overlaps"", ""wkt"": ""MULTILINESTRING ((0.5 21.11, 0 21.11), (0 21.11, -0.5 21.11))""}}",True,,,True,lhs
343,31.744954330242969,1.5869576128990133,5.507477269495217,3.5556203351107296,2.8292003370357328,11.647843163891633,2.797926874279018,0.18799088735021585,0.41525694319948803,0.10129059061545065,0.94308864290539396,0.49216113246936916,0.78831409352118442,0.90071103485088222,0.58885280637064108,0.6741224208034966,0.98456079846892197,0.491580947103679,0.39207146598145876,0.20086396085036265,0.80489099932370023,0.4184679606011586,0.067353312853051919,True,,1,0,Slot__Patch;Slot__CPW_Feed_Pin;Patch__CPW_Feed_Pin,True,Slot__CPW_Feed_Pin,,Slot__CPW_Feed_Pin,,"{""Slot__CPW_Feed_Pin"": {""geometry_type"": ""MultiLineString"", ""relations"": ""overlaps"", ""wkt"": ""MULTILINESTRING ((0.5 21.21, 0 21.21), (0 21.21, -0.5 21.21))""}}",True,,,True,lhs
344,22.266000023304432,2.7959258999386054,4.0836187385172291,2.2270502281513505,1.4870651053365016,8.356322276200558,3.6549310606393215,0.19870456121314256,0.57556171907957421,0.70921960101263715,0.25369694635580547,0.67942069888373557,0.2232073736910602,0.21957390427208834,0.40846034659115826,0.46357865402187431,0.7678440496872817,0.43075161431329873,0.80609841830595008,0.71322866800861529,0.94424155092522888,0.4712034337977597,0.14524113373240502,True,,1,0,Slot__Patch;Slot__CPW_Feed_Pin;Patch__CPW_Feed_Pin,True,Slot__CPW_Feed_Pin,,Slot__CPW_Feed_Pin,,"{""Slot__CPW_Feed_Pin"": {""geometry_type"": ""MultiLineString"", ""relations"": ""overlaps"", ""wkt"": ""MULTILINESTRING ((0.5 21.94, 0 21.94), (0 21.94, -0.5 21.94))""}}",True,,,True,lhs
345,55.027650705649584,2.7198896907986723,3.8835332998266967,1.526810633473094,2.1980581249324631,18.986162009872807,2.7661371091639517,0.23373828339416125,0.43942004610794139,0.417082821376552,0.87900878087626577,0.31525031828315375,0.5023015916295297,0.87707454126596118,0.39903703668146023,0.66196083187710963,0.5171298077670009,0.14943528812704826,0.8287644248096,0.49592358540728804,0.41211483055899789,0.48763008397648283,0.80065076747471287,True,,1,0,Slot__Patch;Slot__CPW_Feed_Pin;Patch__CPW_Feed_Pin,True,Slot__CPW_Feed_Pin,,Slot__CPW_Feed_Pin,,"{""Slot__CPW_Feed_Pin"": {""geometry_type"": ""MultiLineString"", ""relations"": ""overlaps"", ""wkt"": ""MULTILINESTRING ((0.5 21.68, 0 21.68), (0 21.68, -0.5 21.68))""}}",True,,,True,lhs
346,27.510294812888169,1.4736227296621414,7.5057639068115121,3.1056865420252731,2.1301000641470966,10.041473318012997,2.4098889172195586,0.4568663840638964,0.60014423105882342,0.086446796518130226,0.039751698020139635,0.34418378835870733,0.61718095508465609,0.32660357320547695,0.23984245645561819,0.88508339672943415,0.46067341692956293,0.2925392713713863,0.2201837967660841,0.18343983238969128,0.79453689847452447,0.75002765646296565,0.86789320733609499,True,,1,0,Slot__Patch;Slot__CPW_Feed_Pin;Patch__CPW_Feed_Pin,True,Slot__CPW_Feed_Pin,,Slot__CPW_Feed_Pin,,"{""Slot__CPW_Feed_Pin"": {""geometry_type"": ""MultiLineString"", ""relations"": ""overlaps"", ""wkt"": ""MULTILINESTRING ((0.5 20.02, 0 20.02), (0 20.02, -0.5 20.02))""}}",True,,,True,lhs
347,54.269452364761563,1.4783394133665215,6.0174351362913736,2.1925083295366035,2.470507659791795,21.968125742124496,4.0173282872900584,0.6726544614791079,0.81783063434890513,0.21423412047482401,0.17704581150244583,0.35106095667809017,0.063314650806271869,0.0071809863064484399,0.15866092126060399,0.94456283863239443,0.90652610411491119,0.033288175063664986,0.12788086963005549,0.55655313374438931,0.47418702850953259,0.74998273393193715,0.34173879977801924,True,,1,0,Slot__Patch;Slot__CPW_Feed_Pin;Patch__CPW_Feed_Pin,True,Slot__CPW_Feed_Pin,,Slot__CPW_Feed_Pin,,"{""Slot__CPW_Feed_Pin"": {""geometry_type"": ""MultiLineString"", ""relations"": ""overlaps"", ""wkt"": ""MULTILINESTRING ((0.5 21.97, 0 21.97), (0 21.97, -0.5 21.97))""}}",True,,,True,lhs
348,15.524671685021234,2.5011203992717239,8.4488960789533696,2.8702304211842256,1.8951105531714487,20.174269515394556,3.3566142198954818,0.8709337339270623,0.99753251657308684,0.62641473707761952,0.21170364916757456,0.8464974371154006,0.16114350621430548,0.26315682968897608,0.088643420197689921,0.90620819386218432,0.12247194277396545,0.67520050906537443,0.16134320069610222,0.29200920970949162,0.38076121576501176,0.041734606963569884,0.17988785994521439,True,,1,0,Slot__Patch;Slot__CPW_Feed_Pin;Patch__CPW_Feed_Pin,True,Slot__CPW_Feed_Pin,,Slot__CPW_Feed_Pin,,"{""Slot__CPW_Feed_Pin"": {""geometry_type"": ""MultiLineString"", ""relations"": ""overlaps"", ""wkt"": ""MULTILINESTRING ((0.5 21.75, 0 21.75), (0 21.75, -0.5 21.75))""}}",True,,,True,lhs
349,21.716948550202922,2.7110531250018388,6.5022066547449171,1.987080468388295,1.2716213771494718,11.271008551302605,5.4165916614988117,0.3479496324552791,0.76457983733261348,0.89112338198620333,0.47339510538581425,0.70619716320066339,0.33748826819029115,0.29933123673882722,0.58505756595849723,0.28691715780480415,0.15186150644561766,0.87354281952670076,0.17278749114070155,0.81468171426719926,0.092744589386772699,0.98644000095915951,0.1419541384607515,True,,1,0,Slot__Patch;Slot__CPW_Feed_Pin;Patch__CPW_Feed_Pin,True,Slot__CPW_Feed_Pin,,Slot__CPW_Feed_Pin,,"{""Slot__CPW_Feed_Pin"": {""geometry_type"": ""MultiLineString"", ""relations"": ""overlaps"", ""wkt"": ""MULTILINESTRING ((0.5 23.4, 0 23.4), (0 23.4, -0.5 23.4))""}}",True,,,True,lhs
350,26.085537360353875,2.9907509220724231,7.3894808775228666,2.447648416119288,1.5422396833074723,18.582539387346237,5.4826772440125033,0.18628881763819646,0.54032347613570797,0.33865428244313939,0.01960695554078936,0.12981787440442011,0.5573142603957626,0.29226851378775931,0.22011313392008502,0.68761085049405202,0.71481702056570307,0.54387801761975929,0.036204064075331645,0.85764976341816512,0.58591572576395723,0.65321206318048108,0.2581246368589199,True,,1,0,Slot__Patch;Slot__CPW_Feed_Pin;Patch__CPW_Feed_Pin,True,Slot__CPW_Feed_Pin,,Slot__CPW_Feed_Pin,,"{""Slot__CPW_Feed_Pin"": {""geometry_type"": ""MultiLineString"", ""relations"": ""overlaps"", ""wkt"": ""MULTILINESTRING ((0.5 24.02, 0 24.02), (0 24.02, -0.5 24.02))""}}",True,,,True,lhs
351,27.266784244201041,2.8770691661164198,6.0100258888615219,2.7113088615027907,2.452222374044104,15.139096576690363,3.7706319230339043,0.15821426378208869,0.24362725207457503,0.3028754511730859,0.26559485151697454,0.67763093342494485,0.21363424539296197,0.49907435796913791,0.080253331867284547,0.588621678139161,0.75425373266413354,0.024006826292485281,0.30163498476480383,0.74409043257710794,0.64584683710898438,0.5941748665084734,0.017778935379690042,True,,1,0,Slot__Patch;Slot__CPW_Feed_Pin;Patch__CPW_Feed_Pin,True,Slot__CPW_Feed_Pin,,Slot__CPW_Feed_Pin,,"{""Slot__CPW_Feed_Pin"": {""geometry_type"": ""MultiLineString"", ""relations"": ""overlaps"", ""wkt"": ""MULTILINESTRING ((0.5 23.1, 0 23.1), (0 23.1, -0.5 23.1))""}}",True,,,True,lhs
352,44.848368395271656,2.1652828820546635,8.7542918086570936,3.3826593937017408,1.5741156507737721,9.6917092645791207,3.9343059083418339,0.85952898965988822,0.37861004158406514,0.6191308898541138,0.16235607668040578,0.56212998002846937,0.89124146275956329,0.66431308583411419,0.39751210331494197,0.084637875356031581,0.0713440602969002,0.67259138500933624,0.66898675008689279,0.51715566009382641,0.50478087276833949,0.4168307099193348,0.94093505208981643,True,,1,0,Slot__Patch;Slot__CPW_Feed_Pin;Patch__CPW_Feed_Pin,True,Slot__CPW_Feed_Pin,,Slot__CPW_Feed_Pin,,"{""Slot__CPW_Feed_Pin"": {""geometry_type"": ""MultiLineString"", ""relations"": ""overlaps"", ""wkt"": ""MULTILINESTRING ((0.5 21.67, 0 21.67), (0 21.67, -0.5 21.67))""}}",True,,,True,lhs
353,17.166591685516718,2.9198851539244983,5.4941409573179438,1.7409978654701987,2.4905363419183613,17.475525548285773,4.786011303656875,0.42671209290267026,0.95400405389807585,0.83448427079854437,0.04560272829004567,0.014793262690747986,0.47481338328074313,0.40712319425919413,0.13474998099824501,0.4173462070768833,0.28078958044704189,0.078280616996862298,0.31488615650768764,0.03863236497049001,0.32977571687018886,0.31172426452717311,0.65176065387258941,True,,1,0,Slot__Patch;Slot__CPW_Feed_Pin;Patch__CPW_Feed_Pin,True,Slot__CPW_Feed_Pin,,Slot__CPW_Feed_Pin,,"{""Slot__CPW_Feed_Pin"": {""geometry_type"": ""MultiLineString"", ""relations"": ""overlaps"", ""wkt"": ""MULTILINESTRING ((0.5 24.2, 0 24.2), (0 24.2, -0.5 24.2))""}}",True,,,True,lhs
354,26.073401494075178,2.0109069226806415,8.5273236763091322,3.4389494131828107,2.4790684346902414,21.569163129384727,4.5175983301138434,0.85804651321251801,0.78960320203178214,0.1697184236889531,0.17068068791573643,0.21880612715216924,0.90519259560178478,0.63326425036347522,0.74534512346331538,0.3475857185578699,0.064518339305148095,0.33112303611061067,0.50509209601099692,0.22250175904406469,0.32363455917635708,0.7287881303592576,0.66658464488319558,True,,1,0,Slot__Patch;Slot__CPW_Feed_Pin;Patch__CPW_Feed_Pin,True,Slot__CPW_Feed_Pin,,Slot__CPW_Feed_Pin,,"{""Slot__CPW_Feed_Pin"": {""geometry_type"": ""MultiLineString"", ""relations"": ""overlaps"", ""wkt"": ""MULTILINESTRING ((0.5 23.01, 0 23.01), (0 23.01, -0.5 23.01))""}}",True,,,True,lhs
355,29.297073859293135,2.1838103548569459,3.6310289893142977,3.4163992517980279,1.969529847161378,13.878709020797377,4.1425595543525873,0.025672365182065213,0.30853043377162936,0.43589117709190728,0.70333479826902623,0.062691239864137299,0.39513868289329701,0.82887362005370158,0.82004798242921095,0.44292523286960689,0.1565280528031566,0.7136814776398116,0.78494921800956929,0.75502076090546155,0.090989356820166206,0.96969675560838731,0.44271738488524698,True,,1,0,Slot__Patch;Slot__CPW_Feed_Pin;Patch__CPW_Feed_Pin,True,Slot__CPW_Feed_Pin,,Slot__CPW_Feed_Pin,,"{""Slot__CPW_Feed_Pin"": {""geometry_type"": ""MultiLineString"", ""relations"": ""overlaps"", ""wkt"": ""MULTILINESTRING ((0.5 22.29, 0 22.29), (0 22.29, -0.5 22.29))""}}",True,,,True,lhs
356,51.377071297192913,2.4955987762911778,8.886423240204806,3.3700895475802097,2.8938897217259818,18.664870117141994,3.079845265154221,0.55670321168257009,0.3352954402064387,0.035726157773707412,0.88672865400923917,0.16856910884930612,0.48381168340748293,0.91799960491567534,0.15373671169024905,0.9892057155849211,0.14865676227398913,0.54645908223260442,0.71189546137482806,0.92280947322212281,0.62195236944631282,0.50503795575566079,0.95113997341232548,True,,1,0,Slot__Patch;Slot__CPW_Feed_Pin;Patch__CPW_Feed_Pin,True,Slot__CPW_Feed_Pin,,Slot__CPW_Feed_Pin,,"{""Slot__CPW_Feed_Pin"": {""geometry_type"": ""MultiLineString"", ""relations"": ""overlaps"", ""wkt"": ""MULTILINESTRING ((0.5 22.47, 0 22.47), (0 22.47, -0.5 22.47))""}}",True,,,True,lhs
357,53.108132054129236,1.0987009346552261,4.28874359057391,1.6329214329644699,1.2357617628673843,20.758183971233152,4.8793508074740313,0.86435492411563397,0.091082680246817288,0.42415029041027014,0.47540823117837144,0.61014272978394191,0.060984811185411235,0.79484315814340245,0.26985644984760571,0.67666516502624563,0.12500059098356947,0.21456920415405237,0.16750987601542724,0.3568689221861594,0.32074923544897233,0.14414638157984999,0.26725735205853646,True,,1,0,Slot__Patch;Slot__CPW_Feed_Pin;Patch__CPW_Feed_Pin,True,Slot__CPW_Feed_Pin,,Slot__CPW_Feed_Pin,,"{""Slot__CPW_Feed_Pin"": {""geometry_type"": ""MultiLineString"", ""relations"": ""overlaps"", ""wkt"": ""MULTILINESTRING ((0.5 21.21, 0 21.21), (0 21.21, -0.5 21.21))""}}",True,,,True,lhs
358,33.552981446714412,1.5501369364220019,7.6039085609392929,2.2938357821791442,2.8806489602044358,10.887816137837611,5.3090354363109862,0.39561383942584472,0.69572920376604497,0.76623711072907896,0.66344211577348977,0.39285503543799949,0.15153173408925438,0.98492400633666577,0.22868720622628699,0.27285323891052127,0.84879848966322236,0.11169638109221829,0.15928689287086092,0.76149957392790368,0.21894508820755151,0.48478267486869359,0.67366232744287935,True,,1,0,Slot__Patch;Slot__CPW_Feed_Pin;Patch__CPW_Feed_Pin,True,Slot__CPW_Feed_Pin,,Slot__CPW_Feed_Pin,,"{""Slot__CPW_Feed_Pin"": {""geometry_type"": ""MultiLineString"", ""relations"": ""overlaps"", ""wkt"": ""MULTILINESTRING ((0.5 23.74, 0 23.74), (0 23.74, -0.5 23.74))""}}",True,,,True,lhs
359,25.061024412211417,1.1450958733661678,7.1651862328745946,3.8113561361830923,2.1623800517727503,14.759736296958678,2.4775649060752212,0.41035839770107058,0.23075241167240376,0.32543200459172772,0.51531826741094933,0.20038547178662808,0.054452360564680918,0.18803341023448286,0.58709023273412209,0.63480396825860019,0.56701724566295308,0.7936003506979149,0.68167602806628325,0.82152136927052299,0.32728068631108914,0.44912310992024018,0.35689459916550559,True,,1,0,Slot__Patch;Slot__CPW_Feed_Pin;Patch__CPW_Feed_Pin,True,Slot__CPW_Feed_Pin,,Slot__CPW_Feed_Pin,,"{""Slot__CPW_Feed_Pin"": {""geometry_type"": ""MultiLineString"", ""relations"": ""overlaps"", ""wkt"": ""MULTILINESTRING ((0.5 19.78, 0 19.78), (0 19.78, -0.5 19.78))""}}",True,,,True,lhs
360,23.752990417595086,2.5417285797026841,7.1217385202803731,2.3219829748323475,1.9459267020386446,11.133674191605781,2.2847900524631997,0.060967740203290204,0.76231104515192305,0.16220900174682065,0.089442927013975354,0.035820409396078445,0.65239754753007995,0.80984121101624884,0.82301119094174746,0.094475668586741252,0.47036702031971506,0.29840421569886627,0.38748286996010473,0.24892533102184197,0.037099264238862298,0.15136079845049655,0.32241620050056891,True,,1,0,Slot__Patch;Slot__CPW_Feed_Pin;Patch__CPW_Feed_Pin,True,Slot__CPW_Feed_Pin,,Slot__CPW_Feed_Pin,,"{""Slot__CPW_Feed_Pin"": {""geometry_type"": ""MultiLineString"", ""relations"": ""overlaps"", ""wkt"": ""MULTILINESTRING ((0.5 20.77, 0 20.77), (0 20.77, -0.5 20.77))""}}",True,,,True,lhs
361,27.186480638665877,1.7273076661307649,3.5593281801503376,2.0170515965683382,2.5430126591880615,10.243285704695882,3.7156642814988508,0.81995866792251071,0.68431291037225872,0.070634217099837401,0.35602807524046781,0.37606258029044742,0.037200197079537915,0.95391321166873455,0.37663724086855088,0.28343300271041116,0.9649925267229742,0.21779524647940937,0.71463696335358151,0.80615534810987211,0.85864758134554953,0.83857522307324361,0.16617119829073007,True,,1,0,Slot__Patch;Slot__CPW_Feed_Pin;Patch__CPW_Feed_Pin,True,Slot__CPW_Feed_Pin,,Slot__CPW_Feed_Pin,,"{""Slot__CPW_Feed_Pin"": {""geometry_type"": ""MultiLineString"", ""relations"": ""overlaps"", ""wkt"": ""MULTILINESTRING ((0.5 21.98, 0 21.98), (0 21.98, -0.5 21.98))""}}",True,,,True,lhs
362,48.033702556806816,1.8529469221556978,8.4283340594599636,3.4210674806224013,1.9070701673657497,14.655188480988761,3.1671620367182363,0.099606176286811884,0.1062754773446154,0.52435970509721852,0.6865322316647523,0.022544961030190911,0.92087560944694713,0.46993958633205324,0.28683943800915029,0.67988951615358095,0.23923492607119207,0.26950631154133065,0.55877091286149305,0.38889375067259224,0.37119691326193444,0.15436757448784366,0.18760830354890054,True,,1,0,Slot__Patch;Slot__CPW_Feed_Pin;Patch__CPW_Feed_Pin,True,Slot__CPW_Feed_Pin,,Slot__CPW_Feed_Pin,,"{""Slot__CPW_Feed_Pin"": {""geometry_type"": ""MultiLineString"", ""relations"": ""overlaps"", ""wkt"": ""MULTILINESTRING ((0.5 20.93, 0 20.93), (0 20.93, -0.5 20.93))""}}",True,,,True,lhs
363,47.541925922005518,1.2319257051406847,7.5484390575743641,2.9972784457694965,1.256713370581424,8.7189076522761297,2.2450797262914017,0.42010661354020351,0.18325367333111936,0.36958324118524005,0.45523295207677128,0.78032890219098272,0.93039963719519969,0.4797460259294189,0.48880977745277848,0.91771033297267757,0.88238073552970675,0.056219833188977095,0.46591737460531629,0.82784368404567699,0.94033383850266061,0.56337837764954157,0.27300141008750339,True,,1,0,Slot__Patch;Slot__CPW_Feed_Pin;Patch__CPW_Feed_Pin,True,Slot__CPW_Feed_Pin,,Slot__CPW_Feed_Pin,,"{""Slot__CPW_Feed_Pin"": {""geometry_type"": ""MultiLineString"", ""relations"": ""overlaps"", ""wkt"": ""MULTILINESTRING ((0.5 18.74, 0 18.74), (0 18.74, -0.5 18.74))""}}",True,,,True,lhs
364,46.870714004786876,1.3002433005936169,3.328891750194872,2.7419403141361194,2.2243238185962468,15.219365917269489,2.3911532180828186,0.94197461196797205,0.0057553959726183192,0.269174356520132,0.54863706206155693,0.62517200679666407,0.69121661034148274,0.84062972483758092,0.78301149134210923,0.61891304470610631,0.51466491704776585,0.35671350484488235,0.82506589044152012,0.61559082357309913,0.31765786457130502,0.19917836080352883,0.99154995689204573,True,,1,0,Slot__Patch;Slot__CPW_Feed_Pin;Patch__CPW_Feed_Pin,True,Slot__CPW_Feed_Pin,,Slot__CPW_Feed_Pin,,"{""Slot__CPW_Feed_Pin"": {""geometry_type"": ""MultiLineString"", ""relations"": ""overlaps"", ""wkt"": ""MULTILINESTRING ((0.5 19.92, 0 19.92), (0 19.92, -0.5 19.92))""}}",True,,,True,lhs
365,36.570322513657089,1.1559334012764351,5.5333387904224676,1.7821129025829865,2.6932952754421589,19.161898141624057,3.5586186807447606,0.49812851326704982,0.64276386372904992,0.85549129076653629,0.9467475340573398,0.97325587680373038,0.14887540041014205,0.55358551899127073,0.1978451782734944,0.41160895290559263,0.59933848779741317,0.16746246656681923,0.9745246038700337,0.26710023412300576,0.94559665389927405,0.29553712534877496,0.61850556703745629,True,,1,0,Slot__Patch;Slot__CPW_Feed_Pin;Patch__CPW_Feed_Pin,True,Slot__CPW_Feed_Pin,,Slot__CPW_Feed_Pin,,"{""Slot__CPW_Feed_Pin"": {""geometry_type"": ""MultiLineString"", ""relations"": ""overlaps"", ""wkt"": ""MULTILINESTRING ((0.5 21.41, 0 21.41), (0 21.41, -0.5 21.41))""}}",True,,,True,lhs
366,15.716067038424168,1.1144041988992934,4.6033555480531696,3.6209728595857618,2.0167607788875621,10.408437540354679,5.9818360202106025,0.14484378658789077,0.83279179706938589,0.84848405703144703,0.14700808328979947,0.50967088845858299,0.63912037524325316,0.24399082212816803,0.66287321090863516,0.10415071838773704,0.92747720715298609,0.81876605252404155,0.68678781626716945,0.1992146362152814,0.27926239642253237,0.032007955830575849,0.82145704385768814,True,,1,0,Slot__Patch;Slot__CPW_Feed_Pin;Patch__CPW_Feed_Pin,True,Slot__CPW_Feed_Pin,,Slot__CPW_Feed_Pin,,"{""Slot__CPW_Feed_Pin"": {""geometry_type"": ""MultiLineString"", ""relations"": ""overlaps"", ""wkt"": ""MULTILINESTRING ((0.5 23.12, 0 23.12), (0 23.12, -0.5 23.12))""}}",True,,,True,lhs
367,47.033589016527145,2.9572449327213004,4.7325624323371809,3.1662443791672437,1.5236260183005021,16.98621291542289,2.7790264572143819,0.90367428754985324,0.33135961342445519,0.60617119606116854,0.13773019548590182,0.52102572773050904,0.14830046850536668,0.14297137567552651,0.53422112861293469,0.5980452933305288,0.12763037175649933,0.90895762867410934,0.88852470239595061,0.02734490190051049,0.70799956764910055,0.054932844949056467,0.97558156565575005,True,,1,0,Slot__Patch;Slot__CPW_Feed_Pin;Patch__CPW_Feed_Pin,True,Slot__CPW_Feed_Pin,,Slot__CPW_Feed_Pin,,"{""Slot__CPW_Feed_Pin"": {""geometry_type"": ""MultiLineString"", ""relations"": ""overlaps"", ""wkt"": ""MULTILINESTRING ((0.5 21.26, 0 21.26), (0 21.26, -0.5 21.26))""}}",True,,,True,lhs
368,19.51791637731607,2.8002785161541959,4.2899068425337505,1.74659348485021,2.1071750429558458,18.622773122632125,2.4248819261735792,0.89594061400356395,0.72010649081883116,0.26255319049390535,0.52320725638621168,0.10714764653095052,0.79262228568634585,0.50374583589915478,0.8877688996195644,0.049367374070653613,0.69925483078815376,0.69740930613711172,0.59270990169223936,0.87464481635015945,0.86919410982835044,0.37673416180202501,0.51076416898955368,True,,1,0,Slot__Patch;Slot__CPW_Feed_Pin;Patch__CPW_Feed_Pin,True,Slot__CPW_Feed_Pin,,Slot__CPW_Feed_Pin,,"{""Slot__CPW_Feed_Pin"": {""geometry_type"": ""MultiLineString"", ""relations"": ""overlaps"", ""wkt"": ""MULTILINESTRING ((0.5 21.33, 0 21.33), (0 21.33, -0.5 21.33))""}}",True,,,True,lhs
369,39.05447768999673,1.9323523943957275,8.3135096371140946,1.8102632604701796,1.9247556021975223,12.997944394996003,5.8815372659089977,0.742576284845337,0.4801626126489435,0.19534946244885132,0.5955107901791864,0.074180616895903231,0.68661687929108173,0.74592798155481677,0.44568873969064549,0.35484701563375798,0.102427344460872,0.59926464549286229,0.76609095850171882,0.8717110135604843,0.66335792572460506,0.7338179017744525,0.79540321139355608,True,,1,0,Slot__Patch;Slot__CPW_Feed_Pin;Patch__CPW_Feed_Pin,True,Slot__CPW_Feed_Pin,,Slot__CPW_Feed_Pin,,"{""Slot__CPW_Feed_Pin"": {""geometry_type"": ""MultiLineString"", ""relations"": ""overlaps"", ""wkt"": ""MULTILINESTRING ((0.5 23.74, 0 23.74), (0 23.74, -0.5 23.74))""}}",True,,,True,lhs
370,31.166788190530514,2.4738625943535881,7.3302257840889187,1.7361862529922225,2.2551391886490944,13.719140929294349,5.9459083594272011,0.89769828917963967,0.24761879215879001,0.38902671693493474,0.057893410189292976,0.14007703840045557,0.46047986442319616,0.31043759644712166,0.68612544616514359,0.57441317299964467,0.94982957990238248,0.8136452785770022,0.52828728224799859,0.024449610185168603,0.23386353789916928,0.53461455804027957,0.28633418096468255,True,,1,0,Slot__Patch;Slot__CPW_Feed_Pin;Patch__CPW_Feed_Pin,True,Slot__CPW_Feed_Pin,,Slot__CPW_Feed_Pin,,"{""Slot__CPW_Feed_Pin"": {""geometry_type"": ""MultiLineString"", ""relations"": ""overlaps"", ""wkt"": ""MULTILINESTRING ((0.5 24.68, 0 24.68), (0 24.68, -0.5 24.68))""}}",True,,,True,lhs
371,52.713952146660844,2.704921747557159,6.6848064110624152,1.806162305105115,2.6775671948217115,11.054341844358532,5.3377668328752339,0.10329269522329515,0.91278142021529274,0.94876721488338811,0.7616824765486645,0.2607989140942697,0.64209346096579067,0.32386604619911868,0.57048547586768827,0.31662639531867121,0.09433818843747932,0.23449092603614116,0.29079723904735999,0.44472062242865879,0.75820506502256679,0.3088733702779119,0.21458008829885106,True,,1,0,Slot__Patch;Slot__CPW_Feed_Pin;Patch__CPW_Feed_Pin,True,Slot__CPW_Feed_Pin,,Slot__CPW_Feed_Pin,,"{""Slot__CPW_Feed_Pin"": {""geometry_type"": ""MultiLineString"", ""relations"": ""overlaps"", ""wkt"": ""MULTILINESTRING ((0.5 24.72, 0 24.72), (0 24.72, -0.5 24.72))""}}",True,,,True,lhs
372,23.281173139638554,1.5533162890780123,5.3490127920310684,3.3113278149172727,1.8259167187006928,12.84311538084561,4.114902579223882,0.8464255720995173,0.39953480323929258,0.45138822003925938,0.89073753587273385,0.77764938322243293,0.96794130672066869,0.74161858946544812,0.29668244488512535,0.60909144106876767,0.097557765466749449,0.89972731687779262,0.85780690341258226,0.84720677310135517,0.73858094672355923,0.93032012182865176,0.43297612717201173,True,,1,0,Slot__Patch;Slot__CPW_Feed_Pin;Patch__CPW_Feed_Pin,True,Slot__CPW_Feed_Pin,,Slot__CPW_Feed_Pin,,"{""Slot__CPW_Feed_Pin"": {""geometry_type"": ""MultiLineString"", ""relations"": ""overlaps"", ""wkt"": ""MULTILINESTRING ((0.5 21.5, 0 21.5), (0 21.5, -0.5 21.5))""}}",True,,,True,lhs
373,45.662408332748782,1.5697429192179593,6.1939339860208937,2.4933819683775038,1.4980459735205169,22.106864928078728,2.3532918049059783,0.52250759674683378,0.7005125938741773,0.26033647875544963,0.8617757763901136,0.0037437022407850497,0.23641508107089987,0.14975539599430795,0.46290517158438449,0.18594302424980227,0.50830532301909659,0.31516039832020837,0.80311765816758129,0.61210938893876332,0.67443722765031955,0.20772813873156545,0.41831817734848403,True,,1,0,Slot__Patch;Slot__CPW_Feed_Pin;Patch__CPW_Feed_Pin,True,Slot__CPW_Feed_Pin,,Slot__CPW_Feed_Pin,,"{""Slot__CPW_Feed_Pin"": {""geometry_type"": ""MultiLineString"", ""relations"": ""overlaps"", ""wkt"": ""MULTILINESTRING ((0.5 19.42, 0 19.42), (0 19.42, -0.5 19.42))""}}",True,,,True,lhs
374,19.86765600455627,1.3114467524513351,7.9929859441794529,2.6804774736921919,1.4735039263986127,12.095783284028069,4.1528965847682118,0.93069464186753781,0.64154642167122289,0.38739101872047227,0.69256534534513914,0.4081268608464827,0.033491797461446961,0.37016138168337759,0.25388009946150281,0.093432962403413505,0.56485824850711963,0.74340287199504296,0.26898429596352053,0.44083378751533459,0.28830984228273182,0.84232448915903768,0.140385954665395,True,,1,0,Slot__Patch;Slot__CPW_Feed_Pin;Patch__CPW_Feed_Pin,True,Slot__CPW_Feed_Pin,,Slot__CPW_Feed_Pin,,"{""Slot__CPW_Feed_Pin"": {""geometry_type"": ""MultiLineString"", ""relations"": ""overlaps"", ""wkt"": ""MULTILINESTRING ((0.5 20.94, 0 20.94), (0 20.94, -0.5 20.94))""}}",True,,,True,lhs
375,42.115178354525192,2.7870432409767893,3.371334450444381,2.8308324365307014,2.4763406722139103,8.1819919451978116,4.7167361818015356,0.90701244620939936,0.25815025329964603,0.35890085258793197,0.18342400012946716,0.17956920722324238,0.53894432520083657,0.20863599439115746,0.24168064242014753,0.66321052225026356,0.088235409580023766,0.71928713461094096,0.32073098948878553,0.30576488963467591,0.28030120437483635,0.55970723561548874,0.29903946968176048,True,,1,0,Slot__Patch;Slot__CPW_Feed_Pin;Patch__CPW_Feed_Pin,True,Slot__CPW_Feed_Pin,,Slot__CPW_Feed_Pin,,"{""Slot__CPW_Feed_Pin"": {""geometry_type"": ""MultiLineString"", ""relations"": ""overlaps"", ""wkt"": ""MULTILINESTRING ((0.5 23.98, 0 23.98), (0 23.98, -0.5 23.98))""}}",True,,,True,lhs
376,34.509164925989303,2.8952928546975003,3.15376249385714,3.1121197978934809,1.6748510908622078,18.826784068108577,2.6144282114650079,0.87675760321331486,0.29390017261741208,0.38003817571058818,0.65081194652255159,0.91323142674854108,0.88807491064469579,0.19131419080513809,0.92056666630243267,0.099430495964622195,0.26635078717483923,0.6702672446974699,0.15762005532802026,0.082232916858387461,0.44590405586353565,0.87600321811167314,0.12548666709158635,True,,1,0,Slot__Patch;Slot__CPW_Feed_Pin;Patch__CPW_Feed_Pin,True,Slot__CPW_Feed_Pin,,Slot__CPW_Feed_Pin,,"{""Slot__CPW_Feed_Pin"": {""geometry_type"": ""MultiLineString"", ""relations"": ""overlaps"", ""wkt"": ""MULTILINESTRING ((0.5 21.19, 0 21.19), (0 21.19, -0.5 21.19))""}}",True,,,True,lhs
377,42.557774966734542,1.4875133448598632,6.0830558884869816,1.8788649981936481,2.8846387530770476,18.717600132255701,4.1660894792235448,0.61751317691603558,0.29151698042167939,0.49980153023607327,0.6651730540627796,0.37125505185193053,0.40369039817613728,0.36173755649581746,0.2102741439930122,0.50437917636357033,0.48924214075870093,0.2405625024526486,0.39720999589748879,0.39178970062150043,0.91534899089372446,0.94456017260817537,0.52819581299735208,True,,1,0,Slot__Patch;Slot__CPW_Feed_Pin;Patch__CPW_Feed_Pin,True,Slot__CPW_Feed_Pin,,Slot__CPW_Feed_Pin,,"{""Slot__CPW_Feed_Pin"": {""geometry_type"": ""MultiLineString"", ""relations"": ""overlaps"", ""wkt"": ""MULTILINESTRING ((0.5 22.53, 0 22.53), (0 22.53, -0.5 22.53))""}}",True,,,True,lhs
378,19.774226902806998,2.6175187787435759,4.5188186901879188,3.7386130541657057,2.0762595017670811,19.658545038413504,3.8896268474186906,0.36648858506347232,0.84871100084467799,0.76408692926526922,0.54158050993980467,0.28529056457099639,0.93865233238855483,0.86647027801300625,0.70417272335934378,0.98035764403897063,0.26022520442398978,0.93214334512879105,0.075096309863922198,0.80344216812563296,0.64207801185598279,0.080809021780378187,0.16974314578248906,True,,1,0,Slot__Patch;Slot__CPW_Feed_Pin;Patch__CPW_Feed_Pin,True,Slot__CPW_Feed_Pin,,Slot__CPW_Feed_Pin,,"{""Slot__CPW_Feed_Pin"": {""geometry_type"": ""MultiLineString"", ""relations"": ""overlaps"", ""wkt"": ""MULTILINESTRING ((0.5 22.58, 0 22.58), (0 22.58, -0.5 22.58))""}}",True,,,True,lhs
379,23.476856696852145,1.8907474849598032,7.234650625689163,2.6555891405166756,2.1938320141289713,21.005858453342292,3.1619419834881439,0.68675892554880424,0.12437106217602802,0.55367149545436001,0.63093138889203826,0.78235438557615944,0.095612058642417064,0.45303946079305613,0.31766230343694424,0.32204239300197152,0.84010731569764052,0.27550746903231921,0.41659318773588694,0.82912302685096251,0.11457818585413448,0.89218731250970917,0.42942339586982248,True,,1,0,Slot__Patch;Slot__CPW_Feed_Pin;Patch__CPW_Feed_Pin,True,Slot__CPW_Feed_Pin,,Slot__CPW_Feed_Pin,,"{""Slot__CPW_Feed_Pin"": {""geometry_type"": ""MultiLineString"", ""relations"": ""overlaps"", ""wkt"": ""MULTILINESTRING ((0.5 21.25, 0 21.25), (0 21.25, -0.5 21.25))""}}",True,,,True,lhs
380,34.13790318826652,1.8183441227928669,4.848548031200929,1.6651948421848839,2.4368804929007868,7.754729738066489,2.2182659889478025,0.35308735013229492,0.22463359434224911,0.62736204575140286,0.45786836649926438,0.0097768266722268061,0.65929168129356497,0.95771547841877103,0.80290959652144533,0.81713314093720801,0.94324845624353282,0.065477578694024374,0.53679652970392022,0.72404531632824576,0.73752774862797366,0.61858446248847554,0.59525278643804758,True,,1,0,Slot__Patch;Slot__CPW_Feed_Pin;Patch__CPW_Feed_Pin,True,Slot__CPW_Feed_Pin,,Slot__CPW_Feed_Pin,,"{""Slot__CPW_Feed_Pin"": {""geometry_type"": ""MultiLineString"", ""relations"": ""overlaps"", ""wkt"": ""MULTILINESTRING ((0.5 20.47, 0 20.47), (0 20.47, -0.5 20.47))""}}",True,,,True,lhs
381,45.048358045950884,2.5303094485392466,6.4364434547781544,2.6386051534416,1.7680957352292896,9.7551990582942238,2.2745857371918063,0.4669810866130194,0.39409481848210037,0.14536095083768275,0.25983339251609938,0.042163210058942274,0.59597468041347423,0.15876252666129365,0.78465669199548771,0.21185346899298518,0.7436817253732162,0.46779164248379052,0.73723702125634971,0.20631358837390637,0.02223068246921656,0.1207945872431609,0.075339883444902264,True,,1,0,Slot__Patch;Slot__CPW_Feed_Pin;Patch__CPW_Feed_Pin,True,Slot__CPW_Feed_Pin,,Slot__CPW_Feed_Pin,,"{""Slot__CPW_Feed_Pin"": {""geometry_type"": ""MultiLineString"", ""relations"": ""overlaps"", ""wkt"": ""MULTILINESTRING ((0.5 20.58, 0 20.58), (0 20.58, -0.5 20.58))""}}",True,,,True,lhs
382,50.355824553570805,1.0854952104514399,3.2818244547615243,2.594685999491527,2.1462300853210809,21.668556639272261,2.2925866190346991,0.084229508801521608,0.79863584208736982,0.63454578034918274,0.60690546397055734,0.16239332233159648,0.34475664526036937,0.2016676533228525,0.98348843313529222,0.8474732673817823,0.62301638090538358,0.83424502482187191,0.45835337630673795,0.28900997890592578,0.02116453841960186,0.40228003282907798,0.36218492183023948,True,,1,0,Slot__Patch;Slot__CPW_Feed_Pin;Patch__CPW_Feed_Pin,True,Slot__CPW_Feed_Pin,,Slot__CPW_Feed_Pin,,"{""Slot__CPW_Feed_Pin"": {""geometry_type"": ""MultiLineString"", ""relations"": ""overlaps"", ""wkt"": ""MULTILINESTRING ((0.5 19.52, 0 19.52), (0 19.52, -0.5 19.52))""}}",True,,,True,lhs
383,42.00714117264485,2.9564706922301935,4.5537622941009372,1.486072782846293,1.6052031917767562,18.972119302556219,3.2895331652372319,0.90170109803400189,0.71238156628981386,0.82526601676334321,0.24001493062313034,0.24442921950875482,0.12930537561780087,0.35161763791982836,0.041823618673753102,0.1784101051568763,0.41054063897978926,0.47365198957805787,0.97975833297692316,0.51357360004152119,0.791845876237395,0.91890545827734282,0.84904463296830401,True,,1,0,Slot__Patch;Slot__CPW_Feed_Pin;Patch__CPW_Feed_Pin,True,Slot__CPW_Feed_Pin,,Slot__CPW_Feed_Pin,,"{""Slot__CPW_Feed_Pin"": {""geometry_type"": ""MultiLineString"", ""relations"": ""overlaps"", ""wkt"": ""MULTILINESTRING ((0.5 21.85, 0 21.85), (0 21.85, -0.5 21.85))""}}",True,,,True,lhs
384,50.252893309456269,2.8424860563681245,3.5642884605213219,2.1830204331129228,1.5641418582915692,11.28584998682528,5.335905565682852,0.73249403250321965,0.10867561188721549,0.96048898665113625,0.92959483958314404,0.68003999155224926,0.66448779372281763,0.15563811848549114,0.83325142286093024,0.12283069831504648,0.5919435835391772,0.1850926064509113,0.81640751608615492,0.49254397243603076,0.088917534445493274,0.58099996285861655,0.97229065077650245,True,,1,0,Slot__Patch;Slot__CPW_Feed_Pin;Patch__CPW_Feed_Pin,True,Slot__CPW_Feed_Pin,,Slot__CPW_Feed_Pin,,"{""Slot__CPW_Feed_Pin"": {""geometry_type"": ""MultiLineString"", ""relations"": ""overlaps"", ""wkt"": ""MULTILINESTRING ((0.5 23.74, 0 23.74), (0 23.74, -0.5 23.74))""}}",True,,,True,lhs
385,22.088382440555506,1.6275183503734318,7.6280229106371271,1.7561400095654813,1.7881520991768094,8.0721199184167904,4.4421712850548438,0.8660578330795814,0.51207266100074522,0.59860008408981003,0.31342872393217897,0.32490978458941389,0.92900724933068257,0.9554262147265562,0.26605606220898353,0.53429138521220032,0.82100169020600289,0.12291649233855885,0.15427680901568558,0.93029620676119895,0.29186736008571779,0.0030762113478373541,0.25772705854237882,True,,1,0,Slot__Patch;Slot__CPW_Feed_Pin;Patch__CPW_Feed_Pin,True,Slot__CPW_Feed_Pin,,Slot__CPW_Feed_Pin,,"{""Slot__CPW_Feed_Pin"": {""geometry_type"": ""MultiLineString"", ""relations"": ""overlaps"", ""wkt"": ""MULTILINESTRING ((0.5 21.85, 0 21.85), (0 21.85, -0.5 21.85))""}}",True,,,True,lhs
386,16.551018504361892,1.345198366291555,3.0751898533912732,1.4335507363794056,2.2143923183438625,14.713719780135804,4.9207312986455349,0.053603326795755732,0.20635452717245426,0.05132955578749257,0.0051661218143860899,0.31845167259091817,0.63414945689080238,0.9919044213680891,0.71160188728765073,0.13261502175392673,0.23301354562347409,0.67848116460930197,0.44208971120260615,0.59610501190294141,0.59602896453816845,0.38440988543641202,0.27958552766324241,True,,1,0,Slot__Patch;Slot__CPW_Feed_Pin;Patch__CPW_Feed_Pin,True,Slot__CPW_Feed_Pin,,Slot__CPW_Feed_Pin,,"{""Slot__CPW_Feed_Pin"": {""geometry_type"": ""MultiLineString"", ""relations"": ""overlaps"", ""wkt"": ""MULTILINESTRING ((0.5 22.48, 0 22.48), (0 22.48, -0.5 22.48))""}}",True,,,True,lhs
387,32.981719100797719,2.2827544577094216,5.4177388631424215,2.0353638145771922,2.208042143606884,20.232014226797741,5.9232777579086147,0.31319493329221015,0.17323991537067121,0.25380323706291696,0.28934187765727798,0.4760341554596158,0.30563143779046037,0.69062896299526466,0.31085466432425374,0.14438503116461565,0.63973657452799448,0.70758982984142293,0.12258218887256617,0.52281084686270329,0.78494177935071063,0.14225501567253229,0.586074805464459,True,,1,0,Slot__Patch;Slot__CPW_Feed_Pin;Patch__CPW_Feed_Pin,True,Slot__CPW_Feed_Pin,,Slot__CPW_Feed_Pin,,"{""Slot__CPW_Feed_Pin"": {""geometry_type"": ""MultiLineString"", ""relations"": ""overlaps"", ""wkt"": ""MULTILINESTRING ((0.5 24.41, 0 24.41), (0 24.41, -0.5 24.41))""}}",True,,,True,lhs
388,32.341311315582395,2.4205774075794579,4.1376558365294409,2.5189796068989452,2.688356948809226,21.390463955104998,5.2051089946678761,0.50568790361961369,0.6352413739276942,0.89937805993332132,0.84609847961090645,0.2843288603837783,0.044119233761950344,0.77549824974926607,0.56260716482547657,0.54977283932446197,0.47564822009987323,0.26669514883048967,0.008520685112170889,0.18739359092871857,0.91239623298027672,0.37422226763755245,0.92878116154841051,True,,1,0,Slot__Patch;Slot__CPW_Feed_Pin;Patch__CPW_Feed_Pin,True,Slot__CPW_Feed_Pin,,Slot__CPW_Feed_Pin,,"{""Slot__CPW_Feed_Pin"": {""geometry_type"": ""MultiLineString"", ""relations"": ""overlaps"", ""wkt"": ""MULTILINESTRING ((0.5 24.31, 0 24.31), (0 24.31, -0.5 24.31))""}}",True,,,True,lhs
389,39.343657843423898,1.1922773057965603,6.159722009931702,2.0613357178583676,1.2240062305410284,19.4117501441008,3.2614861190043136,0.1125606292053805,0.94369979025010986,0.98752036320572745,0.9724016916558661,0.5893956750382654,0.74166850790220096,0.83366969746131692,0.17499833970537551,0.38172488056841147,0.079228651128612909,0.25684430830275889,0.57260809697336967,0.067030347276822083,0.60985777655321094,0.64555822154548559,0.56413142771684577,True,,1,0,Slot__Patch;Slot__CPW_Feed_Pin;Patch__CPW_Feed_Pin,True,Slot__CPW_Feed_Pin,,Slot__CPW_Feed_Pin,,"{""Slot__CPW_Feed_Pin"": {""geometry_type"": ""MultiLineString"", ""relations"": ""overlaps"", ""wkt"": ""MULTILINESTRING ((0.5 19.68, 0 19.68), (0 19.68, -0.5 19.68))""}}",True,,,True,lhs
390,21.40899395487634,1.3818990163978275,4.0718191345186074,1.6002829398417662,2.4249364566094589,21.535407394158501,3.4127985687006732,0.88917142305353691,0.28525548659295447,0.66041019046057825,0.7894463440561621,0.20615246469456155,0.047184692951249885,0.29658181390525579,0.6479557313826515,0.040550360432820669,0.46463083123292909,0.57586089137056173,0.4821395905245815,0.47392920250826787,0.55194802708114832,0.27961167562018452,0.77974587146485441,True,,1,0,Slot__Patch;Slot__CPW_Feed_Pin;Patch__CPW_Feed_Pin,True,Slot__CPW_Feed_Pin,,Slot__CPW_Feed_Pin,,"{""Slot__CPW_Feed_Pin"": {""geometry_type"": ""MultiLineString"", ""relations"": ""overlaps"", ""wkt"": ""MULTILINESTRING ((0.5 21.22, 0 21.22), (0 21.22, -0.5 21.22))""}}",True,,,True,lhs
391,32.125749158935058,2.6863495643437929,6.2211866038249752,2.8092291959356395,2.9185105188196241,12.123775382652338,5.3168693298858578,0.66801429337536589,0.15384764307053966,0.74174210545498698,0.58905158618754072,0.57456913162684742,0.31733836074605881,0.87100943908453943,0.39386685712236086,0.95208731903971888,0.39658405257739088,0.85178280802265482,0.47185257412305404,0.65155691846022179,0.86817218102635241,0.67566242390024944,0.027948017512537719,True,,1,0,Slot__Patch;Slot__CPW_Feed_Pin;Patch__CPW_Feed_Pin,True,Slot__CPW_Feed_Pin,,Slot__CPW_Feed_Pin,,"{""Slot__CPW_Feed_Pin"": {""geometry_type"": ""MultiLineString"", ""relations"": ""overlaps"", ""wkt"": ""MULTILINESTRING ((0.5 24.92, 0 24.92), (0 24.92, -0.5 24.92))""}}",True,,,True,lhs
392,22.528521554840264,1.5766078054944552,6.2037729468838467,3.4465019379590984,2.9479986691475117,13.121562938263997,3.1028191358518713,0.0064992291618642672,0.070323275216631481,0.88489606999294812,0.67929365691707477,0.90250732237496289,0.91527182342654534,0.14518502789755625,0.79544009716279873,0.91544393734995644,0.75968971561933418,0.93482937037125402,0.29707627835992623,0.83804201067462469,0.20057388856127276,0.063993035578759502,0.83563135814100953,True,,1,0,Slot__Patch;Slot__CPW_Feed_Pin;Patch__CPW_Feed_Pin,True,Slot__CPW_Feed_Pin,,Slot__CPW_Feed_Pin,,"{""Slot__CPW_Feed_Pin"": {""geometry_type"": ""MultiLineString"", ""relations"": ""overlaps"", ""wkt"": ""MULTILINESTRING ((0.5 21.63, 0 21.63), (0 21.63, -0.5 21.63))""}}",True,,,True,lhs
393,30.5583506456591,1.1653012198605159,4.1311233945956136,2.6477146111783028,1.0981463377683649,14.182251243730796,3.9554602719938443,0.74135603353653468,0.89908999567954695,0.68111623399815724,0.83199702842688783,0.27388925623404031,0.090301768164016818,0.35443173632469066,0.93436346305060547,0.39657768129049153,0.48209578425544064,0.86993946798213595,0.050572453685116384,0.0057283511691044228,0.40537062494447323,0.35197245701094637,0.87417319855198239,True,,1,0,Slot__Patch;Slot__CPW_Feed_Pin;Patch__CPW_Feed_Pin,True,Slot__CPW_Feed_Pin,,Slot__CPW_Feed_Pin,,"{""Slot__CPW_Feed_Pin"": {""geometry_type"": ""MultiLineString"", ""relations"": ""overlaps"", ""wkt"": ""MULTILINESTRING ((0.5 20.22, 0 20.22), (0 20.22, -0.5 20.22))""}}",True,,,True,lhs
394,49.206773218062935,1.5740941145973466,3.1837214944267482,2.4910825236017011,2.7579383113373028,9.5429667531921183,3.2201453762851937,0.80787707984717916,0.93875416545178547,0.40974102511492777,0.27407645691113147,0.84191615221404359,0.11467418969849609,0.8483713874741643,0.47518574791629287,0.65255799473113141,0.89045187005545712,0.026948649717601459,0.74394475837612362,0.99283284059066701,0.88013425452705241,0.52617024497860465,0.96896393783369494,True,,1,0,Slot__Patch;Slot__CPW_Feed_Pin;Patch__CPW_Feed_Pin,True,Slot__CPW_Feed_Pin,,Slot__CPW_Feed_Pin,,"{""Slot__CPW_Feed_Pin"": {""geometry_type"": ""MultiLineString"", ""relations"": ""overlaps"", ""wkt"": ""MULTILINESTRING ((0.5 21.56, 0 21.56), (0 21.56, -0.5 21.56))""}}",True,,,True,lhs
395,51.941316853215206,1.0497081985998287,8.2832083115223085,3.8235914023438626,2.5407398680447697,8.0378050814680808,4.0479915788604117,0.92564927602147196,0.1271030801516011,0.93527511344094971,0.2873103092396086,0.66370813541706297,0.011916615198074486,0.49450238347981118,0.016254925220419766,0.26133925486546178,0.33208451175950504,0.96591054627779083,0.45983311471014393,0.8998482290337293,0.94176450319976213,0.035042805306980999,0.39580453739496235,False,ValueError: producer reported invalid exported polygon(s): Patch,,0,Slot__Patch;Slot__CPW_Feed_Pin;Patch__CPW_Feed_Pin,True,Slot__CPW_Feed_Pin,,Slot__CPW_Feed_Pin,,"{""Slot__CPW_Feed_Pin"": {""geometry_type"": ""MultiLineString"", ""relations"": ""overlaps"", ""wkt"": ""MULTILINESTRING ((0.5 21.63, 0 21.63), (0 21.63, -0.5 21.63))""}}",True,,ValueError: producer reported invalid exported polygon(s): Patch,False,lhs
396,17.830268406456838,1.0676472869174671,5.7899376241074823,1.6508649921899643,1.243181852086376,13.435902938460032,3.9427648183891759,0.34740812694828788,0.84407210687585343,0.60410665396577445,0.79764405937007432,0.79289646883392018,0.67800327785963477,0.92078222164890922,0.41252288677826104,0.37047354205214356,0.57555572709574621,0.14310920855386855,0.19776493237061424,0.044836608051126138,0.99129134374755856,0.87017077454956482,0.77208303869691675,True,,1,0,Slot__Patch;Slot__CPW_Feed_Pin;Patch__CPW_Feed_Pin,True,Slot__CPW_Feed_Pin,,Slot__CPW_Feed_Pin,,"{""Slot__CPW_Feed_Pin"": {""geometry_type"": ""MultiLineString"", ""relations"": ""overlaps"", ""wkt"": ""MULTILINESTRING ((0.5 20.25, 0 20.25), (0 20.25, -0.5 20.25))""}}",True,,,True,lhs
397,19.106977327016423,1.0084618255163991,3.754952651654206,3.5028568222161489,1.7649884275853258,19.979497886647351,4.8551828350035242,0.27585514971026848,0.54301278131466302,0.33357882414136503,0.20894407170794327,0.65326142492975681,0.22480458234404069,0.18340910676141034,0.078046873630491287,0.024679663189424019,0.40387791328857109,0.65748696393720152,0.89370569669903588,0.3033881738511684,0.065041876086932723,0.5532251880021547,0.12986905087819278,True,,1,0,Slot__Patch;Slot__CPW_Feed_Pin;Patch__CPW_Feed_Pin,True,Slot__CPW_Feed_Pin,,Slot__CPW_Feed_Pin,,"{""Slot__CPW_Feed_Pin"": {""geometry_type"": ""MultiLineString"", ""relations"": ""overlaps"", ""wkt"": ""MULTILINESTRING ((0.5 21.62, 0 21.62), (0 21.62, -0.5 21.62))""}}",True,,,True,lhs
398,31.029488446897595,2.3894870624018569,4.4722788123919042,1.8319913102269407,1.8292679472903284,17.495536347957231,5.1802151619267969,0.75232680144445885,0.10471344911519795,0.54218734625608722,0.50765155136989248,0.24369308555560512,0.22210310769695549,0.8867084620681166,0.97403577932890117,0.70504269610374359,0.54007220520220578,0.092289646929237731,0.94615076155939903,0.096390856239900458,0.92006589274646244,0.29732961520374901,0.23753053262013873,True,,1,0,Slot__Patch;Slot__CPW_Feed_Pin;Patch__CPW_Feed_Pin,True,Slot__CPW_Feed_Pin,,Slot__CPW_Feed_Pin,,"{""Slot__CPW_Feed_Pin"": {""geometry_type"": ""MultiLineString"", ""relations"": ""overlaps"", ""wkt"": ""MULTILINESTRING ((0.5 23.39, 0 23.39), (0 23.39, -0.5 23.39))""}}",True,,,True,lhs
399,57.070974185653014,2.2706099207237704,4.3901177494482653,3.7716997685838036,2.7970867637506061,10.26638216307699,4.1033605217499529,0.66338363030583325,0.99399409128042138,0.51103418445710613,0.85752553395887632,0.040539922049679544,0.6210964832767133,0.65699564308852676,0.32583963845404373,0.96824847055968444,0.51362088519007731,0.61703395078976231,0.81129128036291787,0.70182873805007051,0.57786352816096465,0.065467690777821622,0.20817798020964248,True,,1,0,Slot__Patch;Slot__CPW_Feed_Pin;Patch__CPW_Feed_Pin,True,Slot__CPW_Feed_Pin,,Slot__CPW_Feed_Pin,,"{""Slot__CPW_Feed_Pin"": {""geometry_type"": ""MultiLineString"", ""relations"": ""overlaps"", ""wkt"": ""MULTILINESTRING ((0.5 23.18, 0 23.18), (0 23.18, -0.5 23.18))""}}",True,,,True,lhs
400,34.548274530554934,2.8444317752947015,4.8005034725824096,3.3075201334569435,1.0541125869045482,18.211544193175662,3.7290830388385849,0.16575957506889261,0.50274507839395133,0.30167571674006233,0.28476511859495085,0.87734625936125199,0.12796823249406125,0.89285708319547974,0.10281890526136456,0.49694353349633724,0.67390439606513175,0.85983719047823015,0.36082941560743387,0.84809499515273457,0.16396005652436449,0.58956928386898311,0.60219279512216617,True,,1,0,Slot__Patch;Slot__CPW_Feed_Pin;Patch__CPW_Feed_Pin,True,Slot__CPW_Feed_Pin,,Slot__CPW_Feed_Pin,,"{""Slot__CPW_Feed_Pin"": {""geometry_type"": ""MultiLineString"", ""relations"": ""overlaps"", ""wkt"": ""MULTILINESTRING ((0.5 21.63, 0 21.63), (0 21.63, -0.5 21.63))""}}",True,,,True,lhs
401,25.281073295062846,2.7620135835001429,3.3835487509527127,1.5044014936300365,2.0480792531172929,7.5492609268638287,5.1308740084264279,0.1483523728703538,0.45213622401892045,0.45828770797648227,0.7152953822268584,0.082974670400972284,0.84487966594027775,0.40000954232025893,0.4731887919957769,0.11565641158096929,0.52123271372734914,0.38436694422157386,0.81884074155535225,0.7691010858826407,0.21533484753041882,0.95753694815575519,0.32656438889151457,True,,1,0,Slot__Patch;Slot__CPW_Feed_Pin;Patch__CPW_Feed_Pin,True,Slot__CPW_Feed_Pin,,Slot__CPW_Feed_Pin,,"{""Slot__CPW_Feed_Pin"": {""geometry_type"": ""MultiLineString"", ""relations"": ""overlaps"", ""wkt"": ""MULTILINESTRING ((0.5 23.94, 0 23.94), (0 23.94, -0.5 23.94))""}}",True,,,True,lhs
402,40.736124811100332,1.3907406420956507,7.8366822271575831,3.0353274533548298,1.44700100154482,15.431997217281268,3.1378157047892694,0.82417848582513553,0.70540627303075254,0.90657671474086521,0.35855397152796686,0.30540361319032899,0.68790522251071906,0.27053094951997309,0.30949233091047551,0.15590139070061695,0.098472265688204372,0.94178743659896391,0.97592620888483561,0.59289157175525831,0.10581692958277827,0.68514978946814287,0.62979368392911883,True,,1,0,Slot__Patch;Slot__CPW_Feed_Pin;Patch__CPW_Feed_Pin,True,Slot__CPW_Feed_Pin,,Slot__CPW_Feed_Pin,,"{""Slot__CPW_Feed_Pin"": {""geometry_type"": ""MultiLineString"", ""relations"": ""overlaps"", ""wkt"": ""MULTILINESTRING ((0.5 19.98, 0 19.98), (0 19.98, -0.5 19.98))""}}",True,,,True,lhs
403,20.84953714210334,2.0915358546678848,7.3980458240625033,3.4283990337111163,1.8826889071391231,12.275348711660616,2.9677673592606713,0.93361730638453355,0.36386562637093212,0.053473790960010883,0.77936021531947608,0.60384601415999239,0.15766135236013282,0.73407878561033146,0.75111361574020374,0.37670320572852756,0.70173805571960868,0.57015119029576289,0.034427923407459766,0.64933607100481394,0.36907616623998324,0.70483857430959085,0.6392426678200116,True,,1,0,Slot__Patch;Slot__CPW_Feed_Pin;Patch__CPW_Feed_Pin,True,Slot__CPW_Feed_Pin,,Slot__CPW_Feed_Pin,,"{""Slot__CPW_Feed_Pin"": {""geometry_type"": ""MultiLineString"", ""relations"": ""overlaps"", ""wkt"": ""MULTILINESTRING ((0.5 20.95, 0 20.95), (0 20.95, -0.5 20.95))""}}",True,,,True,lhs
404,34.710476581183286,1.2711069603562313,8.9544246238960596,3.7162611009885502,2.6543426021087404,17.875638486369049,2.7889755510683956,0.66434307909197798,0.46709265121579974,0.81127415868800479,0.19617846351022455,0.61385711627409811,0.56711579914018784,0.21374537499266671,0.50991628310596626,0.54456361607985648,0.71657078593700163,0.24893875215419778,0.055843399738672285,0.94183293998190987,0.096893407714863183,0.93731015353364289,0.29592592298838727,True,,1,0,Slot__Patch;Slot__CPW_Feed_Pin;Patch__CPW_Feed_Pin,True,Slot__CPW_Feed_Pin,,Slot__CPW_Feed_Pin,,"{""Slot__CPW_Feed_Pin"": {""geometry_type"": ""MultiLineString"", ""relations"": ""overlaps"", ""wkt"": ""MULTILINESTRING ((0.5 20.72, 0 20.72), (0 20.72, -0.5 20.72))""}}",True,,,True,lhs
405,15.550430720111029,2.3561198771198626,3.8683461357669295,1.7295601408676355,2.2740142977874891,11.662103012017688,4.2685669912204638,0.52822385133095318,0.50877342850070706,0.98275420215737797,0.54596932190586689,0.6029488248778303,0.74917891318231544,0.93881707878065923,0.29465971962981674,0.32691292752693957,0.014654758828363732,0.91723526602759775,0.25497756053787007,0.26106667818029966,0.70328897401956625,0.54212956014440949,0.87794407987949374,True,,1,0,Slot__Patch;Slot__CPW_Feed_Pin;Patch__CPW_Feed_Pin,True,Slot__CPW_Feed_Pin,,Slot__CPW_Feed_Pin,,"{""Slot__CPW_Feed_Pin"": {""geometry_type"": ""MultiLineString"", ""relations"": ""overlaps"", ""wkt"": ""MULTILINESTRING ((0.5 22.9, 0 22.9), (0 22.9, -0.5 22.9))""}}",True,,,True,lhs
406,38.857629439384993,1.7486681032843427,4.5892644726557332,3.8648196885891908,2.0420176907882768,18.532599752610974,5.1876801771050332,0.22581199096348742,0.89020604055599661,0.92902605829396323,0.25777879198885817,0.29939011294064111,0.5435048245204217,0.18065007318270032,0.79283712323583011,0.7937470762399762,0.58892432949855167,0.64137502227732002,0.58196637590157796,0.86832947395823412,0.26534235572662013,0.021116931378505847,0.54146604175395374,True,,1,0,Slot__Patch;Slot__CPW_Feed_Pin;Patch__CPW_Feed_Pin,True,Slot__CPW_Feed_Pin,,Slot__CPW_Feed_Pin,,"{""Slot__CPW_Feed_Pin"": {""geometry_type"": ""MultiLineString"", ""relations"": ""overlaps"", ""wkt"": ""MULTILINESTRING ((0.5 22.97, 0 22.97), (0 22.97, -0.5 22.97))""}}",True,,,True,lhs
407,39.18686433926576,1.3641274868414861,7.7146949487131362,1.8492430450001545,2.4386569694182105,14.556001406955101,5.892515313371133,0.94350250114779544,0.96398859442674778,0.4014052669301178,0.25924942172579779,0.33302443198548087,0.20470273853275572,0.017373223066407126,0.13694554989397964,0.15806625940298316,0.82373029930326758,0.81482321990372231,0.45060896341259438,0.4209597818637586,0.90365409584726608,0.94948875716326764,0.24616594238527509,True,,1,0,Slot__Patch;Slot__CPW_Feed_Pin;Patch__CPW_Feed_Pin,True,Slot__CPW_Feed_Pin,,Slot__CPW_Feed_Pin,,"{""Slot__CPW_Feed_Pin"": {""geometry_type"": ""MultiLineString"", ""relations"": ""overlaps"", ""wkt"": ""MULTILINESTRING ((0.5 23.69, 0 23.69), (0 23.69, -0.5 23.69))""}}",True,,,True,lhs
408,22.84800892708888,1.4826339042185093,4.9913854071688739,3.8758737883362961,2.9340399808296675,16.873290799753455,3.2555834777592545,0.15812645714076234,0.39792577492244291,0.89489779525189794,0.97038896815415498,0.60573661675282175,0.37333782427385337,0.26782372282642725,0.38305381282750428,0.19886895110094899,0.64627129073484646,0.069840134244866223,0.64354306478818057,0.039739699291389957,0.24695658621627842,0.41311311377132837,0.91207245810384252,True,,1,0,Slot__Patch;Slot__CPW_Feed_Pin;Patch__CPW_Feed_Pin,True,Slot__CPW_Feed_Pin,,Slot__CPW_Feed_Pin,,"{""Slot__CPW_Feed_Pin"": {""geometry_type"": ""MultiLineString"", ""relations"": ""overlaps"", ""wkt"": ""MULTILINESTRING ((0.5 21.67, 0 21.67), (0 21.67, -0.5 21.67))""}}",True,,,True,lhs
409,52.689386226520206,2.6442872668902124,4.6431228964620015,1.8424094544283904,1.8934834753145573,21.058099980790303,2.3265499083867218,0.51407945663496135,0.59051167416326489,0.41076020576364741,0.20966842708690167,0.96499356005714698,0.7395425195491282,0.68401914298326061,0.70151203843813037,0.80385104778588978,0.91966081232143249,0.15726899229223829,0.75629170648813748,0.04650990478344217,0.38481982802396797,0.10929294374326928,0.66063248787483453,True,,1,0,Slot__Patch;Slot__CPW_Feed_Pin;Patch__CPW_Feed_Pin,True,Slot__CPW_Feed_Pin,,Slot__CPW_Feed_Pin,,"{""Slot__CPW_Feed_Pin"": {""geometry_type"": ""MultiLineString"", ""relations"": ""overlaps"", ""wkt"": ""MULTILINESTRING ((0.5 20.86, 0 20.86), (0 20.86, -0.5 20.86))""}}",True,,,True,lhs
410,59.923016186396822,1.8067447792542719,8.0702469455334942,3.6045300692699511,2.4662029457483143,14.64392322885621,4.6608317623374305,0.95390821060249265,0.13640391655919026,0.40237489609092381,0.97786231012853586,0.90909405585971637,0.85689896796118559,0.44266752216739891,0.68230210391913404,0.9578295790122574,0.53231600059441564,0.47539952836574972,0.78282094204686581,0.047373697758443044,0.12950986006068746,0.1587729332641605,0.92400575347976976,True,,1,0,Slot__Patch;Slot__CPW_Feed_Pin;Patch__CPW_Feed_Pin,True,Slot__CPW_Feed_Pin,,Slot__CPW_Feed_Pin,,"{""Slot__CPW_Feed_Pin"": {""geometry_type"": ""MultiLineString"", ""relations"": ""overlaps"", ""wkt"": ""MULTILINESTRING ((0.5 22.93, 0 22.93), (0 22.93, -0.5 22.93))""}}",True,,,True,lhs
411,37.447172636359809,1.8955858607051859,4.4551324298987964,1.5547882264607096,1.1497601596479772,21.61346458570425,4.7694323555823246,0.98141520747321931,0.22432325313558177,0.06751377816006611,0.42351154040633926,0.47167116514863039,0.25816125588364364,0.28133584364211844,0.62463900294435459,0.87964907839804818,0.030735915088838911,0.22759309375832806,0.86448253347132209,0.43057582412703077,0.2283000959737429,0.30360502814025281,0.063476665577820224,True,,1,0,Slot__Patch;Slot__CPW_Feed_Pin;Patch__CPW_Feed_Pin,True,Slot__CPW_Feed_Pin,,Slot__CPW_Feed_Pin,,"{""Slot__CPW_Feed_Pin"": {""geometry_type"": ""MultiLineString"", ""relations"": ""overlaps"", ""wkt"": ""MULTILINESTRING ((0.5 21.82, 0 21.82), (0 21.82, -0.5 21.82))""}}",True,,,True,lhs
412,26.165760197282335,1.0786256214105976,4.2467133751880084,2.7012206026507632,2.6374978291377866,10.770430270678688,2.7344259150787966,0.57627922419999256,0.41977136226593598,0.84386579484989888,0.37394236861781355,0.4774573701390869,0.82877355551263154,0.62975166744151378,0.98768306371903758,0.29780118740235761,0.25371970741665656,0.440513856211387,0.79747501200459114,0.23838033142076168,0.084158744334844077,0.0068986999894937104,0.69888844794834415,True,,1,0,Slot__Patch;Slot__CPW_Feed_Pin;Patch__CPW_Feed_Pin,True,Slot__CPW_Feed_Pin,,Slot__CPW_Feed_Pin,,"{""Slot__CPW_Feed_Pin"": {""geometry_type"": ""MultiLineString"", ""relations"": ""overlaps"", ""wkt"": ""MULTILINESTRING ((0.5 20.45, 0 20.45), (0 20.45, -0.5 20.45))""}}",True,,,True,lhs
413,58.651657936224829,1.5018276894950504,7.2713590551362355,1.9507656361589798,2.0976619665947993,15.690202191240168,4.5905441691163054,0.0085306651640060689,0.69181032763020855,0.13290671046151747,0.1860367151920915,0.12673133194317743,0.046057267987470459,0.48641240146836562,0.55109470997192178,0.92645477000700849,0.2373407096251178,0.40648412208603829,0.76353350072657933,0.12575980227665057,0.35187632958428117,0.54436029377652784,0.50675757945118316,True,,1,0,Slot__Patch;Slot__CPW_Feed_Pin;Patch__CPW_Feed_Pin,True,Slot__CPW_Feed_Pin,,Slot__CPW_Feed_Pin,,"{""Slot__CPW_Feed_Pin"": {""geometry_type"": ""MultiLineString"", ""relations"": ""overlaps"", ""wkt"": ""MULTILINESTRING ((0.5 22.19, 0 22.19), (0 22.19, -0.5 22.19))""}}",True,,,True,lhs
414,51.78444348233144,2.9335770000119883,5.1414624568027287,3.3484602950718747,2.024262401442984,14.42987570297975,3.7654359671795934,0.21313730014364135,0.91156070871733819,0.62344464340508932,0.58592690622683108,0.84423488092972743,0.91350801069343035,0.67213794014935779,0.17787655727360027,0.80756219753895475,0.69195436884213757,0.8324905000181253,0.35751203595945341,0.43821161227680244,0.081413802836879892,0.18717705078637542,0.037685392827492795,True,,1,0,Slot__Patch;Slot__CPW_Feed_Pin;Patch__CPW_Feed_Pin,True,Slot__CPW_Feed_Pin,,Slot__CPW_Feed_Pin,,"{""Slot__CPW_Feed_Pin"": {""geometry_type"": ""MultiLineString"", ""relations"": ""overlaps"", ""wkt"": ""MULTILINESTRING ((0.5 22.73, 0 22.73), (0 22.73, -0.5 22.73))""}}",True,,,True,lhs
415,58.979817371768284,1.3368806988196409,5.056179457328458,1.7681010914848527,1.0788119040745043,12.827713435735369,3.5454447171056476,0.97765745995923803,0.6075628757672179,0.028829366682937316,0.25560054660875098,0.47047489285318667,0.6299152116623058,0.028853230485246125,0.63499611779873599,0.86670334859130371,0.90605871080531519,0.87502980470587699,0.27451772469567709,0.15728696605660095,0.23778477178738019,0.94027509022438427,0.92324218603253005,True,,1,0,Slot__Patch;Slot__CPW_Feed_Pin;Patch__CPW_Feed_Pin,True,Slot__CPW_Feed_Pin,,Slot__CPW_Feed_Pin,,"{""Slot__CPW_Feed_Pin"": {""geometry_type"": ""MultiLineString"", ""relations"": ""overlaps"", ""wkt"": ""MULTILINESTRING ((0.5 19.96, 0 19.96), (0 19.96, -0.5 19.96))""}}",True,,,True,lhs
416,30.69532592407441,1.5997566035221353,7.6064759819499317,1.8830450849528935,2.5971943031760358,8.8402674459975294,3.0433005840031591,0.42263088201797799,0.30368646071777844,0.99786765828274471,0.76436949075582639,0.28171182863400729,0.09641597046538429,0.47729115851688053,0.18283861818809544,0.48181566838586443,0.32524570490003518,0.19884449040777288,0.79260322529759974,0.25397398612871347,0.83670900413431304,0.72626706408762043,0.49534556422500153,True,,1,0,Slot__Patch;Slot__CPW_Feed_Pin;Patch__CPW_Feed_Pin,True,Slot__CPW_Feed_Pin,,Slot__CPW_Feed_Pin,,"{""Slot__CPW_Feed_Pin"": {""geometry_type"": ""MultiLineString"", ""relations"": ""overlaps"", ""wkt"": ""MULTILINESTRING ((0.5 21.24, 0 21.24), (0 21.24, -0.5 21.24))""}}",True,,,True,lhs
417,36.330512074884815,1.9650237228866698,8.8799313607107315,2.5004663194125074,2.1231797980751059,16.069436638206987,4.0419152953043396,0.68235260346785442,0.61049741181742345,0.58552969876120464,0.83448305990501281,0.43713729994957373,0.99125315936122116,0.58224873377133946,0.7175877059164204,0.90245441994704878,0.3722250040998008,0.78056880197165479,0.87087473409646776,0.86991882876586801,0.56460582455365127,0.99658915051632269,0.4590307528704381,True,,1,0,Slot__Patch;Slot__CPW_Feed_Pin;Patch__CPW_Feed_Pin,True,Slot__CPW_Feed_Pin,,Slot__CPW_Feed_Pin,,"{""Slot__CPW_Feed_Pin"": {""geometry_type"": ""MultiLineString"", ""relations"": ""overlaps"", ""wkt"": ""MULTILINESTRING ((0.5 22.13, 0 22.13), (0 22.13, -0.5 22.13))""}}",True,,,True,lhs
418,17.689735957653969,1.6132054308665356,4.3140386228104068,3.0790246719522871,1.4656895238062102,22.127289561505577,3.7021042877447394,0.48847796542529393,0.5463825169488663,0.49626069821817548,0.46085960724562319,0.39153730672484022,0.55464994290706893,0.11101247759579216,0.39572573804667349,0.39220410367977965,0.89851422379017709,0.91898933490474677,0.20666795608428046,0.60350503955551849,0.60722233978331275,0.25107752308610159,0.24565785700260126,True,,1,0,Slot__Patch;Slot__CPW_Feed_Pin;Patch__CPW_Feed_Pin,True,Slot__CPW_Feed_Pin,,Slot__CPW_Feed_Pin,,"{""Slot__CPW_Feed_Pin"": {""geometry_type"": ""MultiLineString"", ""relations"": ""overlaps"", ""wkt"": ""MULTILINESTRING ((0.5 20.78, 0 20.78), (0 20.78, -0.5 20.78))""}}",True,,,True,lhs
419,28.017532437446476,2.7466189404632537,6.3268864799738171,1.7657139225190892,2.5500515503357106,10.191736488450978,5.6190250391482284,0.33623410257599012,0.81612245838592601,0.61654432318713237,0.6076779938464556,0.42140640595512519,0.57830194959481263,0.15638120629117455,0.54152580330238331,0.9508494877098953,0.69662089521641446,0.97364195943046716,0.91952725740597263,0.77083689772710451,0.61150516354710005,0.31803591108152857,0.087529242260383222,True,,1,0,Slot__Patch;Slot__CPW_Feed_Pin;Patch__CPW_Feed_Pin,True,Slot__CPW_Feed_Pin,,Slot__CPW_Feed_Pin,,"{""Slot__CPW_Feed_Pin"": {""geometry_type"": ""MultiLineString"", ""relations"": ""overlaps"", ""wkt"": ""MULTILINESTRING ((0.5 24.91, 0 24.91), (0 24.91, -0.5 24.91))""}}",True,,,True,lhs
420,55.741541661800994,2.9170888725192992,7.2585469208563875,3.7103873915166528,2.7304079461833464,7.6436596009148223,2.871658476513439,0.013269762662879417,0.34823148368383139,0.31958416320933947,0.49762888516654197,0.2250577053860722,0.6770479996652875,0.84337117511367232,0.45757530702916216,0.73541504510653199,0.77805403316226296,0.12538457668850894,0.52151240527802012,0.1744212699067815,0.13694752766510268,0.46496999429252195,0.13571842618000177,True,,1,0,Slot__Patch;Slot__CPW_Feed_Pin;Patch__CPW_Feed_Pin,True,Slot__CPW_Feed_Pin,,Slot__CPW_Feed_Pin,,"{""Slot__CPW_Feed_Pin"": {""geometry_type"": ""MultiLineString"", ""relations"": ""overlaps"", ""wkt"": ""MULTILINESTRING ((0.5 22.52, 0 22.52), (0 22.52, -0.5 22.52))""}}",True,,,True,lhs
421,43.050092204822377,2.3399802219085744,6.6118171092949103,3.6421013449038524,2.741252780503332,19.771022846516633,5.3539047441014027,0.57378610703284305,0.93229588144539921,0.7561774141374078,0.66868443999097937,0.18949030763153368,0.25617084463967893,0.83841975187611062,0.47036160601485616,0.6127392007460597,0.017457499497248775,0.35261828675917378,0.24755142895980647,0.85596459506254774,0.07225111999685252,0.92874627716459857,0.52377546640857364,True,,1,0,Slot__Patch;Slot__CPW_Feed_Pin;Patch__CPW_Feed_Pin,True,Slot__CPW_Feed_Pin,,Slot__CPW_Feed_Pin,,"{""Slot__CPW_Feed_Pin"": {""geometry_type"": ""MultiLineString"", ""relations"": ""overlaps"", ""wkt"": ""MULTILINESTRING ((0.5 24.44, 0 24.44), (0 24.44, -0.5 24.44))""}}",True,,,True,lhs
422,34.776112954938085,2.4059797584159872,7.0055438345591732,2.9485527085788004,2.3015335036932956,12.78793611616082,4.0016615705840568,0.25074877786323724,0.85638628053625798,0.055883702887098818,0.55856834612703143,0.55927113263753425,0.34664988157861515,0.55169212656210276,0.23098111335687865,0.027922349284125909,0.086289065054531169,0.93077161092330052,0.42933890608243186,0.60531536013314236,0.12124419173994638,0.99882394869857483,0.78673876217537486,True,,1,0,Slot__Patch;Slot__CPW_Feed_Pin;Patch__CPW_Feed_Pin,True,Slot__CPW_Feed_Pin,,Slot__CPW_Feed_Pin,,"{""Slot__CPW_Feed_Pin"": {""geometry_type"": ""MultiLineString"", ""relations"": ""overlaps"", ""wkt"": ""MULTILINESTRING ((0.5 22.71, 0 22.71), (0 22.71, -0.5 22.71))""}}",True,,,True,lhs
423,20.403221583903758,1.7640531876927481,6.9547147524845911,3.7545637466589721,2.5136447949276413,14.586586146682057,2.5228087359935496,0.96410076255015709,0.53719144666621388,0.097043231971451371,0.61400813788893915,0.058206545553332864,0.43164581975184146,0.50623060491487604,0.50579035890806034,0.78073153701090769,0.059065714983140873,0.73410596486914059,0.54539569278723221,0.053821451034773961,0.2672987730996717,0.24242310073900886,0.72964070789478241,True,,1,0,Slot__Patch;Slot__CPW_Feed_Pin;Patch__CPW_Feed_Pin,True,Slot__CPW_Feed_Pin,,Slot__CPW_Feed_Pin,,"{""Slot__CPW_Feed_Pin"": {""geometry_type"": ""MultiLineString"", ""relations"": ""overlaps"", ""wkt"": ""MULTILINESTRING ((0.5 20.8, 0 20.8), (0 20.8, -0.5 20.8))""}}",True,,,True,lhs
424,53.732944361711027,2.21544415992852,8.3566716778297074,3.8424135205026753,1.4075590351560463,10.215774247680585,5.6742159875721114,0.45870402610930872,0.30193953658904865,0.021791808848702229,0.062593375997393799,0.86354494191954834,0.29365632373577388,0.51835229591692145,0.4861756926462486,0.45257986127701227,0.99150060550428809,0.072735723682490441,0.062420249155767077,0.90563145592327654,0.45437727384168342,0.2650199498877498,0.14274941634511379,True,,1,0,Slot__Patch;Slot__CPW_Feed_Pin;Patch__CPW_Feed_Pin,True,Slot__CPW_Feed_Pin,,Slot__CPW_Feed_Pin,,"{""Slot__CPW_Feed_Pin"": {""geometry_type"": ""MultiLineString"", ""relations"": ""overlaps"", ""wkt"": ""MULTILINESTRING ((0.5 23.3, 0 23.3), (0 23.3, -0.5 23.3))""}}",True,,,True,lhs
425,40.052884734061998,2.2019643547976995,6.3465374072825611,2.8471316445184049,2.7244681327394566,17.100553821545418,4.7960271056757886,0.067003029116757623,0.81305436245415474,0.24207883366819716,0.78256813780847068,0.13174096565528823,0.79004669091391511,0.87208000343300385,0.32142083960028572,0.54597204006450661,0.55464001424596421,0.2829035711305849,0.40260918713624533,0.66567364180573041,0.52952480313882877,0.72019830812275643,0.61272779664844601,True,,1,0,Slot__Patch;Slot__CPW_Feed_Pin;Patch__CPW_Feed_Pin,True,Slot__CPW_Feed_Pin,,Slot__CPW_Feed_Pin,,"{""Slot__CPW_Feed_Pin"": {""geometry_type"": ""MultiLineString"", ""relations"": ""overlaps"", ""wkt"": ""MULTILINESTRING ((0.5 23.72, 0 23.72), (0 23.72, -0.5 23.72))""}}",True,,,True,lhs
426,26.301345210021189,1.5252656089865333,7.3435075004634314,2.1187170122080392,1.6651064159024527,17.140077387111951,2.1862660219635899,0.20242115363149782,0.77818976828216935,0.94156682747644904,0.77474728085191369,0.32657659372449216,0.81386857273332369,0.27733946099035917,0.90399113998986025,0.90177305022194065,0.13832883138930205,0.9074482838965755,0.9720599369954892,0.36717012209502664,0.057350121390267003,0.77220392669791327,0.48637766099203755,True,,1,0,Slot__Patch;Slot__CPW_Feed_Pin;Patch__CPW_Feed_Pin,True,Slot__CPW_Feed_Pin,,Slot__CPW_Feed_Pin,,"{""Slot__CPW_Feed_Pin"": {""geometry_type"": ""MultiLineString"", ""relations"": ""overlaps"", ""wkt"": ""MULTILINESTRING ((0.5 19.37, 0 19.37), (0 19.37, -0.5 19.37))""}}",True,,,True,lhs
427,40.275166047603093,2.6538462319779921,8.4657332879632765,2.45323818094566,2.7069622525164041,15.507989035451377,4.551486595994426,0.58919773061382785,0.11701979812448243,0.78468047244116401,0.13214437996381298,0.93261055577543772,0.64712832124627506,0.4608978080111622,0.13574484324409822,0.81975166103795327,0.013584093383050274,0.70640719605411073,0.13361293107853103,0.11622919231492186,0.34029705396520959,0.88866581678159928,0.57559720282350801,True,,1,0,Slot__Patch;Slot__CPW_Feed_Pin;Patch__CPW_Feed_Pin,True,Slot__CPW_Feed_Pin,,Slot__CPW_Feed_Pin,,"{""Slot__CPW_Feed_Pin"": {""geometry_type"": ""MultiLineString"", ""relations"": ""overlaps"", ""wkt"": ""MULTILINESTRING ((0.5 23.92, 0 23.92), (0 23.92, -0.5 23.92))""}}",True,,,True,lhs
428,43.499506914969068,2.815482114607518,4.9466494599818152,3.7286759076088636,2.9233444659570762,20.341347425661457,4.8452580207769227,0.9992757789289638,0.59291355731245921,0.55474173505371416,0.03802883784512371,0.44459761477040466,0.59298476843837866,0.75311337341728835,0.83523925700547086,0.20616181704829878,0.10376396086601486,0.484197452937766,0.92035125716508626,0.79124064036470232,0.42246732026758937,0.41421880505350184,0.76063789012978411,True,,1,0,Slot__Patch;Slot__CPW_Feed_Pin;Patch__CPW_Feed_Pin,True,Slot__CPW_Feed_Pin,,Slot__CPW_Feed_Pin,,"{""Slot__CPW_Feed_Pin"": {""geometry_type"": ""MultiLineString"", ""relations"": ""overlaps"", ""wkt"": ""MULTILINESTRING ((0.5 24.59, 0 24.59), (0 24.59, -0.5 24.59))""}}",True,,,True,lhs
429,48.17982855241015,2.3675684984509653,8.5860511437903213,3.8858028315466795,1.7941543371471387,9.2004351518040988,2.0025769598847631,0.37693974333013458,0.7863114020776425,0.72725112285940541,0.91938255288854576,0.41828173642919281,0.28032818935325832,0.048649447660932182,0.16747864997709591,0.88992398452161658,0.96368877447896717,0.59010839122449532,0.3553658341597169,0.73498077534162809,0.61573968659839773,0.7555645794730903,0.51653844098607571,True,,1,0,Slot__Patch;Slot__CPW_Feed_Pin;Patch__CPW_Feed_Pin,True,Slot__CPW_Feed_Pin,,Slot__CPW_Feed_Pin,,"{""Slot__CPW_Feed_Pin"": {""geometry_type"": ""MultiLineString"", ""relations"": ""overlaps"", ""wkt"": ""MULTILINESTRING ((0.5 20.16, 0 20.16), (0 20.16, -0.5 20.16))""}}",True,,,True,lhs
430,50.056951054950446,1.5585360249127551,6.5842866424814952,2.6854786823870382,2.8533195635779971,15.71170693629351,3.8001115477476874,0.31989620519499667,0.68034060135271712,0.11415049001902093,0.75104490465088392,0.36248820907957308,0.4108705990429572,0.035585494247645053,0.74923902477923887,0.77794056464155747,0.38652669993247596,0.96186551494651418,0.61889885370348552,0.054975553864451188,0.63017564252773206,0.98927434852801455,0.53763694122937089,True,,1,0,Slot__Patch;Slot__CPW_Feed_Pin;Patch__CPW_Feed_Pin,True,Slot__CPW_Feed_Pin,,Slot__CPW_Feed_Pin,,"{""Slot__CPW_Feed_Pin"": {""geometry_type"": ""MultiLineString"", ""relations"": ""overlaps"", ""wkt"": ""MULTILINESTRING ((0.5 22.21, 0 22.21), (0 22.21, -0.5 22.21))""}}",True,,,True,lhs
431,29.423595327840481,1.1689703769518449,8.3414124845698829,2.8490864978930075,1.5224315876727905,10.05384092458609,3.6754077354441881,0.69590030626739829,0.0069774468442917346,0.23082563952789453,0.80293175593738741,0.18918175276601057,0.5238257506740942,0.41674376966907811,0.65584820986741377,0.44609677142889692,0.17997890262911531,0.95316762106734321,0.74506669916764678,0.82484720751778362,0.63477262738837559,0.11728104653674343,0.010581275869160651,True,,1,0,Slot__Patch;Slot__CPW_Feed_Pin;Patch__CPW_Feed_Pin,True,Slot__CPW_Feed_Pin,,Slot__CPW_Feed_Pin,,"{""Slot__CPW_Feed_Pin"": {""geometry_type"": ""MultiLineString"", ""relations"": ""overlaps"", ""wkt"": ""MULTILINESTRING ((0.5 20.36, 0 20.36), (0 20.36, -0.5 20.36))""}}",True,,,True,lhs
432,59.091187020133589,2.963487270033518,3.3121446829496848,2.7975113888556056,2.4647456516075632,20.364817941812607,3.27047871008845,0.13268972918663224,0.87246465008672514,0.18916590920689794,0.82932647680205906,0.038590144280087307,0.40597973559338191,0.75060483782023557,0.82641973467541696,0.94317784170656505,0.65929025794829621,0.77368975369597348,0.79324835869096721,0.90870789191811541,0.50923303433380329,0.80884123035629885,0.55220724097129337,True,,1,0,Slot__Patch;Slot__CPW_Feed_Pin;Patch__CPW_Feed_Pin,True,Slot__CPW_Feed_Pin,,Slot__CPW_Feed_Pin,,"{""Slot__CPW_Feed_Pin"": {""geometry_type"": ""MultiLineString"", ""relations"": ""overlaps"", ""wkt"": ""MULTILINESTRING ((0.5 22.7, 0 22.7), (0 22.7, -0.5 22.7))""}}",True,,,True,lhs
433,56.731580154900314,2.5870354552184347,4.2103894651365739,1.3916643656871055,2.0580185811893705,8.7420836078430639,2.2566009733062167,0.53488362393808808,0.40326724264804503,0.93998745914991144,0.73621403527070661,0.24999584083163845,0.6692955918690251,0.36849428429174913,0.61324169167457732,0.83989162734812428,0.42946450145294712,0.017775090318018334,0.089851821279986227,0.27768848885673397,0.42564383839672354,0.97649909963536019,0.60382693760901884,True,,1,0,Slot__Patch;Slot__CPW_Feed_Pin;Patch__CPW_Feed_Pin,True,Slot__CPW_Feed_Pin,,Slot__CPW_Feed_Pin,,"{""Slot__CPW_Feed_Pin"": {""geometry_type"": ""MultiLineString"", ""relations"": ""overlaps"", ""wkt"": ""MULTILINESTRING ((0.5 20.9, 0 20.9), (0 20.9, -0.5 20.9))""}}",True,,,True,lhs
434,48.869238438176765,1.4634665196254435,3.9853629751860318,2.90313137556047,2.5169466100801996,12.291843049614588,2.8405090477957256,0.52482778922133266,0.23264345753775167,0.50931403915119722,0.23765559702793376,0.92125803490021851,0.47881112810341714,0.71552567799648126,0.036595370697450676,0.38779261946192561,0.72395733443693377,0.76095749563657322,0.69349314217570923,0.55820577307375652,0.45913934499441228,0.80170118623771114,0.70500974373714254,True,,1,0,Slot__Patch;Slot__CPW_Feed_Pin;Patch__CPW_Feed_Pin,True,Slot__CPW_Feed_Pin,,Slot__CPW_Feed_Pin,,"{""Slot__CPW_Feed_Pin"": {""geometry_type"": ""MultiLineString"", ""relations"": ""overlaps"", ""wkt"": ""MULTILINESTRING ((0.5 20.82, 0 20.82), (0 20.82, -0.5 20.82))""}}",True,,,True,lhs
435,35.349646725179944,1.408678092399466,4.4276937440237543,2.7349215389390129,1.0404178159032582,10.691218845139197,3.4638841183716895,0.44544902511759005,0.99196450828549609,0.84111026125528676,0.41559719538802048,0.86801774147149124,0.084537215764348653,0.78391062815504553,0.80515339559324928,0.69423146658918933,0.039359702178616549,0.5539235103659067,0.69891820803631899,0.40929776480950641,0.15865784670889371,0.92328245250754037,0.56824008992405572,True,,1,0,Slot__Patch;Slot__CPW_Feed_Pin;Patch__CPW_Feed_Pin,True,Slot__CPW_Feed_Pin,,Slot__CPW_Feed_Pin,,"{""Slot__CPW_Feed_Pin"": {""geometry_type"": ""MultiLineString"", ""relations"": ""overlaps"", ""wkt"": ""MULTILINESTRING ((0.5 19.91, 0 19.91), (0 19.91, -0.5 19.91))""}}",True,,,True,lhs
436,42.766163878413181,1.5084783241615924,6.7076794163451758,1.677682326335947,2.9123345445438806,16.829730000863272,3.8912547427307871,0.58620737705109038,0.21864489039675397,0.10787431719085058,0.90639582513002992,0.81595501711917839,0.91778273410795619,0.83043943069012827,0.69062015174296265,0.53234828521823074,0.53688677494184955,0.75727632422306645,0.9824288635295404,0.59150603753193931,0.65613735367820591,0.17937804317559544,0.56085911556380086,True,,1,0,Slot__Patch;Slot__CPW_Feed_Pin;Patch__CPW_Feed_Pin,True,Slot__CPW_Feed_Pin,,Slot__CPW_Feed_Pin,,"{""Slot__CPW_Feed_Pin"": {""geometry_type"": ""MultiLineString"", ""relations"": ""overlaps"", ""wkt"": ""MULTILINESTRING ((0.5 22.31, 0 22.31), (0 22.31, -0.5 22.31))""}}",True,,,True,lhs
437,53.439895617259516,1.2833143249162298,4.2313079741360111,2.7154654493852499,1.7157749205285464,7.5058978227124005,3.4720309804412395,0.16107459269636448,0.17972318697644388,0.18113641457200805,0.53321913987757874,0.81404604228482691,0.059037555959769804,0.78999390680012938,0.88061011242132914,0.41864632128756862,0.85419566358205334,0.92502639728251668,0.48666823757381633,0.98673375093984472,0.86038399753895156,0.14557826650839145,0.10535751084931416,True,,1,0,Slot__Patch;Slot__CPW_Feed_Pin;Patch__CPW_Feed_Pin,True,Slot__CPW_Feed_Pin,,Slot__CPW_Feed_Pin,,"{""Slot__CPW_Feed_Pin"": {""geometry_type"": ""MultiLineString"", ""relations"": ""overlaps"", ""wkt"": ""MULTILINESTRING ((0.5 20.47, 0 20.47), (0 20.47, -0.5 20.47))""}}",True,,,True,lhs
438,27.080141889855401,1.722321457740871,3.6767847540744745,1.6099639066831304,2.6196064674581336,17.01168704202469,3.6837336446251463,0.19305207187856888,0.49903726329215586,0.29250033581194596,0.27198298568263879,0.73552230763275639,0.23252796491364605,0.23803550892028921,0.011383379362123767,0.43931855196968261,0.16948068676593628,0.75976494011807572,0.69032088851028206,0.70648896767137292,0.139073294377453,0.21474740570187054,0.57384256148022394,True,,1,0,Slot__Patch;Slot__CPW_Feed_Pin;Patch__CPW_Feed_Pin,True,Slot__CPW_Feed_Pin,,Slot__CPW_Feed_Pin,,"{""Slot__CPW_Feed_Pin"": {""geometry_type"": ""MultiLineString"", ""relations"": ""overlaps"", ""wkt"": ""MULTILINESTRING ((0.5 22.02, 0 22.02), (0 22.02, -0.5 22.02))""}}",True,,,True,lhs
439,22.629712922918326,1.1568020854672332,6.9216269015146032,3.8304458467440217,1.0585291937419892,20.02396881885241,3.3687266723541294,0.12744729307920508,0.42059409039323165,0.75059582864444863,0.56081373893126507,0.94295454398287537,0.58688380622271696,0.48944679167779043,0.80813077692014479,0.69956738615210778,0.46847883362803444,0.15118353626369821,0.52559253008202778,0.90343100559017375,0.17743034411721753,0.42052478505107915,0.22492090263527989,True,,1,0,Slot__Patch;Slot__CPW_Feed_Pin;Patch__CPW_Feed_Pin,True,Slot__CPW_Feed_Pin,,Slot__CPW_Feed_Pin,,"{""Slot__CPW_Feed_Pin"": {""geometry_type"": ""MultiLineString"", ""relations"": ""overlaps"", ""wkt"": ""MULTILINESTRING ((0.5 19.59, 0 19.59), (0 19.59, -0.5 19.59))""}}",True,,,True,lhs
440,16.780392173312602,1.3863605738599174,4.9716982508210084,2.1634202220394716,2.6839736149685596,19.898754805624847,2.8200635492823891,0.33585650063165401,0.14167049855350355,0.70797255209548149,0.37087458201627149,0.57130997874144551,0.75024661860151876,0.85170367547281634,0.20701459998621841,0.051554176797142567,0.97505562413163038,0.48482615467994228,0.084063689667936897,0.58537289768221046,0.57870112669419194,0.46086696721016313,0.89554445476704114,True,,1,0,Slot__Patch;Slot__CPW_Feed_Pin;Patch__CPW_Feed_Pin,True,Slot__CPW_Feed_Pin,,Slot__CPW_Feed_Pin,,"{""Slot__CPW_Feed_Pin"": {""geometry_type"": ""MultiLineString"", ""relations"": ""overlaps"", ""wkt"": ""MULTILINESTRING ((0.5 20.89, 0 20.89), (0 20.89, -0.5 20.89))""}}",True,,,True,lhs
441,52.521401784033436,1.6525157118313283,6.4679539718608705,2.3491965487712947,2.5929103409677592,16.530601828172394,5.6326303817340291,0.17620024429689532,0.7498814679089717,0.54747550479093576,0.60029478973776962,0.67449372296047072,0.18286607951831041,0.77340168695197375,0.41888339009134873,0.63041163576243542,0.81497401140590087,0.93947608680218198,0.71552300023714066,0.17354862413017472,0.30000416390311874,0.50051556939559094,0.076455287888400239,True,,1,0,Slot__Patch;Slot__CPW_Feed_Pin;Patch__CPW_Feed_Pin,True,Slot__CPW_Feed_Pin,,Slot__CPW_Feed_Pin,,"{""Slot__CPW_Feed_Pin"": {""geometry_type"": ""MultiLineString"", ""relations"": ""overlaps"", ""wkt"": ""MULTILINESTRING ((0.5 23.88, 0 23.88), (0 23.88, -0.5 23.88))""}}",True,,,True,lhs
442,56.254659852224364,1.4006944212234993,6.4817090857514543,2.6341783236493215,2.6966684409222235,17.425275914590561,2.4161738020652184,0.26920595294387684,0.86162515351652091,0.75800469292095174,0.81844529544155376,0.076382577650964081,0.34126165546175669,0.050479743556993792,0.28719322457704105,0.30432989484057626,0.75630251616840205,0.72892579024931525,0.42112564733824098,0.72772965820695878,0.77971856315399879,0.80389482540892476,0.58096127845690304,True,,1,0,Slot__Patch;Slot__CPW_Feed_Pin;Patch__CPW_Feed_Pin,True,Slot__CPW_Feed_Pin,,Slot__CPW_Feed_Pin,,"{""Slot__CPW_Feed_Pin"": {""geometry_type"": ""MultiLineString"", ""relations"": ""overlaps"", ""wkt"": ""MULTILINESTRING ((0.5 20.51, 0 20.51), (0 20.51, -0.5 20.51))""}}",True,,,True,lhs
443,45.947252983177265,2.5249262493292557,7.4432234520077802,3.7799822687674718,2.9436834118243871,8.2554784463608808,4.0572025223779011,0.11710772912968942,0.32403229704331427,0.78703282905141703,0.1691337554001747,0.82513881014814738,0.67003213121919036,0.66110755274571231,0.64083487818444151,0.84355491545219075,0.49110730673223341,0.4007479528846527,0.23688878487763906,0.37859919422400273,0.019127642270849968,0.23147577751327592,0.56046992427060294,True,,1,0,Slot__Patch;Slot__CPW_Feed_Pin;Patch__CPW_Feed_Pin,True,Slot__CPW_Feed_Pin,,Slot__CPW_Feed_Pin,,"{""Slot__CPW_Feed_Pin"": {""geometry_type"": ""MultiLineString"", ""relations"": ""overlaps"", ""wkt"": ""MULTILINESTRING ((0.5 23.52, 0 23.52), (0 23.52, -0.5 23.52))""}}",True,,,True,lhs
444,36.057940742054242,2.4298482894189282,5.834936967863471,2.9859222152057256,1.7345804662928734,8.9244800190352294,2.8483336614319352,0.03659403988620976,0.3861188749340293,0.68436189126418434,0.78542265525309718,0.60848898200983104,0.33138795835780965,0.98016035088593856,0.32865887483938344,0.40224024580102702,0.11502942185536,0.015538816778253016,0.45684871472069855,0.057086480462606719,0.20587486503956956,0.86091336736403345,0.68377764997384638,True,,1,0,Slot__Patch;Slot__CPW_Feed_Pin;Patch__CPW_Feed_Pin,True,Slot__CPW_Feed_Pin,,Slot__CPW_Feed_Pin,,"{""Slot__CPW_Feed_Pin"": {""geometry_type"": ""MultiLineString"", ""relations"": ""overlaps"", ""wkt"": ""MULTILINESTRING ((0.5 21.01, 0 21.01), (0 21.01, -0.5 21.01))""}}",True,,,True,lhs
445,48.710899061437999,2.9363151915006718,5.9090859667682976,2.3632164685799442,2.5760538057797842,13.091633769775562,4.1351133488903127,0.13755046680029778,0.83076894132985302,0.12958757811966556,0.61247285696782683,0.76329034981333665,0.69898227884050956,0.59452602619132489,0.65682348281894909,0.069107481540905957,0.29812339384553482,0.84833654066896014,0.6300403271151126,0.24492464352971849,0.36376230916131674,0.3715549160133082,0.52976128399127587,True,,1,0,Slot__Patch;Slot__CPW_Feed_Pin;Patch__CPW_Feed_Pin,True,Slot__CPW_Feed_Pin,,Slot__CPW_Feed_Pin,,"{""Slot__CPW_Feed_Pin"": {""geometry_type"": ""MultiLineString"", ""relations"": ""overlaps"", ""wkt"": ""MULTILINESTRING ((0.5 23.65, 0 23.65), (0 23.65, -0.5 23.65))""}}",True,,,True,lhs
446,39.597935484842139,1.4349668292005933,3.392131006148531,2.0983592323824993,1.8629486928095269,12.72342539559299,3.7456114073021389,0.32196441309268414,0.33277409137962011,0.56573659078409977,0.77127681468368448,0.78649893708893504,0.4357758972131337,0.16076893884638335,0.13113447584281795,0.10268154029373205,0.69354285095120805,0.32754003162033701,0.70870644192627796,0.59548595360638013,0.506336563543066,0.97690210609678929,0.89092579388858029,True,,1,0,Slot__Patch;Slot__CPW_Feed_Pin;Patch__CPW_Feed_Pin,True,Slot__CPW_Feed_Pin,,Slot__CPW_Feed_Pin,,"{""Slot__CPW_Feed_Pin"": {""geometry_type"": ""MultiLineString"", ""relations"": ""overlaps"", ""wkt"": ""MULTILINESTRING ((0.5 21.05, 0 21.05), (0 21.05, -0.5 21.05))""}}",True,,,True,lhs
447,25.966626542256961,2.3008839850480527,4.4778461622740329,1.4948833318978947,1.7090527408424006,21.16404844619197,3.8166275516782124,0.8303443194172907,0.88245354448578428,0.95149694398823481,0.24503444945591074,0.65520927197354473,0.82019271646301595,0.76143929586729386,0.59366234289062891,0.5364632428083278,0.67104732073227469,0.80437368314458424,0.48960179487821537,0.71789114771528406,0.3708297508710785,0.32949712020345906,0.11823623291841293,True,,1,0,Slot__Patch;Slot__CPW_Feed_Pin;Patch__CPW_Feed_Pin,True,Slot__CPW_Feed_Pin,,Slot__CPW_Feed_Pin,,"{""Slot__CPW_Feed_Pin"": {""geometry_type"": ""MultiLineString"", ""relations"": ""overlaps"", ""wkt"": ""MULTILINESTRING ((0.5 21.83, 0 21.83), (0 21.83, -0.5 21.83))""}}",True,,,True,lhs
448,21.545945316100386,1.6855515887909336,6.1797980234944294,1.49880707088818,1.4621665860351016,15.99349282914917,3.1169882406054827,0.68439561086960532,0.14804994123812001,0.85209438363709156,0.50436072587915481,0.95904799359745407,0.49943615973038435,0.74365785822272978,0.89409197598368728,0.036821822190628864,0.30450388434398379,0.51814230036918496,0.55377010007491212,0.92801947536914753,0.68671527314606029,0.95690346144592875,0.0083559950791801292,True,,1,0,Slot__Patch;Slot__CPW_Feed_Pin;Patch__CPW_Feed_Pin,True,Slot__CPW_Feed_Pin,,Slot__CPW_Feed_Pin,,"{""Slot__CPW_Feed_Pin"": {""geometry_type"": ""MultiLineString"", ""relations"": ""overlaps"", ""wkt"": ""MULTILINESTRING ((0.5 20.26, 0 20.26), (0 20.26, -0.5 20.26))""}}",True,,,True,lhs
449,22.987433399621771,1.4545729865777992,6.5122507989812801,3.3782630306143595,2.5051569613716738,22.329486088348119,5.0148362068660628,0.74807681326685316,0.96646264128693105,0.36188285393223513,0.3317611914488956,0.12805207037127192,0.65819759713136139,0.091904634486937475,0.73489950368581336,0.93059829388754112,0.93582436775465061,0.37324905868522618,0.85670133868309817,0.11964548338165436,0.12539433161305213,0.53122574684205737,0.088148034919305743,True,,1,0,Slot__Patch;Slot__CPW_Feed_Pin;Patch__CPW_Feed_Pin,True,Slot__CPW_Feed_Pin,,Slot__CPW_Feed_Pin,,"{""Slot__CPW_Feed_Pin"": {""geometry_type"": ""MultiLineString"", ""relations"": ""overlaps"", ""wkt"": ""MULTILINESTRING ((0.5 22.98, 0 22.98), (0 22.98, -0.5 22.98))""}}",True,,,True,lhs
450,24.299219080742141,1.9588590449111616,3.2299194314948276,1.3001579399965941,1.2321100140216408,20.929585646245556,4.2106213258604086,0.98292969669971997,0.015664005717946027,0.20994045587789179,0.29424733489313115,0.3556245937472885,0.94291969804593456,0.23468226219684316,0.95657888986547268,0.6586021495961577,0.97268458374958122,0.41094476594075391,0.88201330870902961,0.73188251910034008,0.15396386260454248,0.74770210566603978,0.2383276456867196,True,,1,0,Slot__Patch;Slot__CPW_Feed_Pin;Patch__CPW_Feed_Pin,True,Slot__CPW_Feed_Pin,,Slot__CPW_Feed_Pin,,"{""Slot__CPW_Feed_Pin"": {""geometry_type"": ""MultiLineString"", ""relations"": ""overlaps"", ""wkt"": ""MULTILINESTRING ((0.5 21.4, 0 21.4), (0 21.4, -0.5 21.4))""}}",True,,,True,lhs
451,28.405749609576194,2.9958089240465577,4.6133535543758333,1.9282973675829238,1.3926795403783301,9.3993314356993913,5.5855596239235954,0.82169113982163111,0.21025531942333733,0.66466012363614824,0.0083899232644035256,0.92835549266081807,0.4095398858673483,0.54536927456492146,0.57308382834911331,0.58007536012060823,0.22458050308397259,0.85501313413529656,0.53459666414505813,0.16368610408557818,0.90722353056922578,0.42244581577106072,0.67014559631122028,True,,1,0,Slot__Patch;Slot__CPW_Feed_Pin;Patch__CPW_Feed_Pin,True,Slot__CPW_Feed_Pin,,Slot__CPW_Feed_Pin,,"{""Slot__CPW_Feed_Pin"": {""geometry_type"": ""MultiLineString"", ""relations"": ""overlaps"", ""wkt"": ""MULTILINESTRING ((0.5 23.98, 0 23.98), (0 23.98, -0.5 23.98))""}}",True,,,True,lhs
452,53.984105841173623,1.3060843804241888,5.6085368639716204,1.8886252978078684,1.0698602938625619,11.902121244403929,4.413657849705757,0.046978788689457672,0.40227042198463608,0.098854340196095666,0.93170098775609633,0.74653368072301074,0.37916619110742272,0.60468646478639909,0.22692808540686718,0.88375838311899058,0.27835737342022954,0.58281969387688382,0.19014593457010626,0.78190099251746736,0.6968259593444901,0.63560934680787606,0.85950340435486972,True,,1,0,Slot__Patch;Slot__CPW_Feed_Pin;Patch__CPW_Feed_Pin,True,Slot__CPW_Feed_Pin,,Slot__CPW_Feed_Pin,,"{""Slot__CPW_Feed_Pin"": {""geometry_type"": ""MultiLineString"", ""relations"": ""overlaps"", ""wkt"": ""MULTILINESTRING ((0.5 20.79, 0 20.79), (0 20.79, -0.5 20.79))""}}",True,,,True,lhs
453,38.938449932252404,1.360551984593859,5.1765936395189929,2.8869506061787256,2.7453448379299252,19.881601485020383,4.8897440523386457,0.83769113877500445,0.11934378684942483,0.34481934837539668,0.96188417573150209,0.82090290455868198,0.39076262317354787,0.40049520234707292,0.61884899965166118,0.70809735705632959,0.33686400023661783,0.56461114263069334,0.38109047735162388,0.48119046844683727,0.15505001337801608,0.62407406716253477,0.3380716141222378,True,,1,0,Slot__Patch;Slot__CPW_Feed_Pin;Patch__CPW_Feed_Pin,True,Slot__CPW_Feed_Pin,,Slot__CPW_Feed_Pin,,"{""Slot__CPW_Feed_Pin"": {""geometry_type"": ""MultiLineString"", ""relations"": ""overlaps"", ""wkt"": ""MULTILINESTRING ((0.5 23, 0 23), (0 23, -0.5 23))""}}",True,,,True,lhs
454,37.222400422446825,1.4934887804966486,6.2581193212764301,3.8153517597653233,2.4280072059655335,9.1113100774293674,3.0150969538780874,0.36030020894858455,0.8852350546694987,0.089165405194497199,0.032944247620514365,0.75412030249294504,0.77352543282523289,0.6187596685378427,0.47750737350971417,0.015991353413526001,0.61320366192397269,0.10552422231755232,0.74631859958162139,0.4106695656013693,0.033945691918558257,0.60024684366953363,0.21651827409442739,True,,1,0,Slot__Patch;Slot__CPW_Feed_Pin;Patch__CPW_Feed_Pin,True,Slot__CPW_Feed_Pin,,Slot__CPW_Feed_Pin,,"{""Slot__CPW_Feed_Pin"": {""geometry_type"": ""MultiLineString"", ""relations"": ""overlaps"", ""wkt"": ""MULTILINESTRING ((0.5 20.94, 0 20.94), (0 20.94, -0.5 20.94))""}}",True,,,True,lhs
455,49.088881193695777,1.831611057976692,4.5298419695521641,3.7027783744531799,2.362074513514159,11.432467511415597,4.818056859199829,0.38547373167563059,0.99931945502881281,0.94625689605115226,0.65663216093189192,0.54852558797974948,0.45241403172526262,0.65922277882243596,0.47099652165822309,0.73739457959343235,0.12931791497612591,0.30506866959717932,0.058485252078806352,0.64768805657548967,0.81518938850621525,0.35920359256770734,0.25237105610266175,True,,1,0,Slot__Patch;Slot__CPW_Feed_Pin;Patch__CPW_Feed_Pin,True,Slot__CPW_Feed_Pin,,Slot__CPW_Feed_Pin,,"{""Slot__CPW_Feed_Pin"": {""geometry_type"": ""MultiLineString"", ""relations"": ""overlaps"", ""wkt"": ""MULTILINESTRING ((0.5 23.02, 0 23.02), (0 23.02, -0.5 23.02))""}}",True,,,True,lhs
456,58.300357900706189,1.3758217301789455,8.5011810796940015,3.2516471444996524,1.1557735876818322,20.892015782324318,3.3301155685339197,0.31604131966039989,0.92339279828489884,0.0028369774081414842,0.71271845757016561,0.74888461002382989,0.16581601090838796,0.25445028691914318,0.5979729116388719,0.59221467103404413,0.69005974607976439,0.38238808621550774,0.60697821029078003,0.91063998170735005,0.74872125973475312,0.95172754547184135,0.94390819637761714,True,,1,0,Slot__Patch;Slot__CPW_Feed_Pin;Patch__CPW_Feed_Pin,True,Slot__CPW_Feed_Pin,,Slot__CPW_Feed_Pin,,"{""Slot__CPW_Feed_Pin"": {""geometry_type"": ""MultiLineString"", ""relations"": ""overlaps"", ""wkt"": ""MULTILINESTRING ((0.5 19.86, 0 19.86), (0 19.86, -0.5 19.86))""}}",True,,,True,lhs
457,54.870035545607855,2.8829794713316153,5.0681650493538104,2.7039170083510808,2.4575649464737923,13.264866214276125,5.1708532226878265,0.0013941952326992212,0.57997489505363187,0.63824065980729416,0.94343817999979029,0.78395532223729192,0.18901491523480837,0.91553082741914404,0.21802603265788933,0.11944054605232386,0.59675989467588764,0.81771735709846649,0.2779126694439169,0.4459112410903136,0.47770772699881336,0.1889825255705101,0.50812617480161082,True,,1,0,Slot__Patch;Slot__CPW_Feed_Pin;Patch__CPW_Feed_Pin,True,Slot__CPW_Feed_Pin,,Slot__CPW_Feed_Pin,,"{""Slot__CPW_Feed_Pin"": {""geometry_type"": ""MultiLineString"", ""relations"": ""overlaps"", ""wkt"": ""MULTILINESTRING ((0.5 24.51, 0 24.51), (0 24.51, -0.5 24.51))""}}",True,,,True,lhs
458,26.699656920432748,1.4207534057041571,8.2066393622881844,2.9216983431963452,1.3339988646756411,12.410638052581767,4.5376293140130013,0.28584006552077684,0.60459841450049845,0.43753578405734656,0.38869761068991293,0.92358396943509147,0.46939731201047513,0.21627317026604495,0.33644197019609484,0.83752442442272168,0.9934727301781876,0.15286437209039236,0.9926277242361663,0.79300762299178851,0.77593425453973397,0.63362221182973666,0.33017815850877047,True,,1,0,Slot__Patch;Slot__CPW_Feed_Pin;Patch__CPW_Feed_Pin,True,Slot__CPW_Feed_Pin,,Slot__CPW_Feed_Pin,,"{""Slot__CPW_Feed_Pin"": {""geometry_type"": ""MultiLineString"", ""relations"": ""overlaps"", ""wkt"": ""MULTILINESTRING ((0.5 21.29, 0 21.29), (0 21.29, -0.5 21.29))""}}",True,,,True,lhs
459,31.670844906092036,2.4905808724449199,6.5490196646052006,2.330615692706238,1.5808383798334209,21.030921912235332,3.9775927171631253,0.73776325815313526,0.77111856700657677,0.23612309835189546,0.91727399178945102,0.36363874653263617,0.27005076110013337,0.4272575698688677,0.85983751930239571,0.15325175347115408,0.97216725422495631,0.72482279244081438,0.4069952848021347,0.17786878080132573,0.71313930864743635,0.44155598309695981,0.92166511986830602,True,,1,0,Slot__Patch;Slot__CPW_Feed_Pin;Patch__CPW_Feed_Pin,True,Slot__CPW_Feed_Pin,,Slot__CPW_Feed_Pin,,"{""Slot__CPW_Feed_Pin"": {""geometry_type"": ""MultiLineString"", ""relations"": ""overlaps"", ""wkt"": ""MULTILINESTRING ((0.5 22.05, 0 22.05), (0 22.05, -0.5 22.05))""}}",True,,,True,lhs
460,54.296183396624926,2.5838199887237545,5.0456316254486833,2.12942721714913,2.7343990631151733,15.273271596062671,3.9645873931986344,0.94776870508441291,0.16080925065392612,0.70086709803309344,0.83747186731415024,0.97493527457765761,0.036655912659144252,0.4625044371706552,0.91296770628082546,0.7139802030457747,0.86317453463264082,0.042036533554299961,0.66306460733277206,0.65764063138502682,0.06973459453084932,0.036737716657619088,0.28131076394406895,True,,1,0,Slot__Patch;Slot__CPW_Feed_Pin;Patch__CPW_Feed_Pin,True,Slot__CPW_Feed_Pin,,Slot__CPW_Feed_Pin,,"{""Slot__CPW_Feed_Pin"": {""geometry_type"": ""MultiLineString"", ""relations"": ""overlaps"", ""wkt"": ""MULTILINESTRING ((0.5 23.28, 0 23.28), (0 23.28, -0.5 23.28))""}}",True,,,True,lhs
461,25.860409384705207,1.972185948075817,3.9553501318539821,3.2480416909431176,2.5817281962673442,12.862413824042202,5.6128182379920615,0.65287944085821026,0.95646501421646912,0.33480048810296092,0.95465370677961892,0.017734000748746852,0.45704731228664897,0.28982322572815788,0.085521202217307385,0.96960846501705111,0.44142595404787122,0.91240282292775066,0.12583117623090975,0.52735954203031665,0.47104964929270227,0.32309172801318226,0.62656413927975874,True,,1,0,Slot__Patch;Slot__CPW_Feed_Pin;Patch__CPW_Feed_Pin,True,Slot__CPW_Feed_Pin,,Slot__CPW_Feed_Pin,,"{""Slot__CPW_Feed_Pin"": {""geometry_type"": ""MultiLineString"", ""relations"": ""overlaps"", ""wkt"": ""MULTILINESTRING ((0.5 24.17, 0 24.17), (0 24.17, -0.5 24.17))""}}",True,,,True,lhs
462,33.083870693062174,1.8262059193545266,8.2631937505393864,2.7727110027723367,1.7767745327815283,20.280340747000487,3.634664914830056,0.22055227492732293,0.020497431131832042,0.58941476187430553,0.29659575560827611,0.59046676671895504,0.94028529281320095,0.95909772417919859,0.37470140364887966,0.43468322314949731,0.63832067731114994,0.07621696291517821,0.18003803988125716,0.75276934834517584,0.58290416125058819,0.011668138232379891,0.16016089902187147,True,,1,0,Slot__Patch;Slot__CPW_Feed_Pin;Patch__CPW_Feed_Pin,True,Slot__CPW_Feed_Pin,,Slot__CPW_Feed_Pin,,"{""Slot__CPW_Feed_Pin"": {""geometry_type"": ""MultiLineString"", ""relations"": ""overlaps"", ""wkt"": ""MULTILINESTRING ((0.5 21.23, 0 21.23), (0 21.23, -0.5 21.23))""}}",True,,,True,lhs
463,24.554579516878576,2.6939508495957591,7.2777310253725744,2.8545211112800706,1.3272710708015518,18.867474282149445,2.2651155032401911,0.038733655496203542,0.85505605939684215,0.88995255963817888,0.58039125024125016,0.82372784019295131,0.58225257611777337,0.6077895658813588,0.44210637440233247,0.30141672661500618,0.14809290942198117,0.27927607225142292,0.32507605365281134,0.27087473434575515,0.27303651426318876,0.3674685977351736,0.37149782399885706,True,,1,0,Slot__Patch;Slot__CPW_Feed_Pin;Patch__CPW_Feed_Pin,True,Slot__CPW_Feed_Pin,,Slot__CPW_Feed_Pin,,"{""Slot__CPW_Feed_Pin"": {""geometry_type"": ""MultiLineString"", ""relations"": ""overlaps"", ""wkt"": ""MULTILINESTRING ((0.5 20.29, 0 20.29), (0 20.29, -0.5 20.29))""}}",True,,,True,lhs
464,52.854891657065842,1.022434086462308,8.3013537320747446,2.4419555223602134,1.1890910134824182,15.474768268363098,5.4869582623312443,0.54375852282278181,0.24157516549981106,0.53628564221311348,0.24885112904010256,0.87186114868600528,0.49255075253776576,0.063782384919995633,0.60063888057411341,0.24899694600426811,0.95656812821266424,0.13151222481576416,0.051194321116886959,0.95435348943153608,0.45212499000212159,0.85899886135789116,0.98467199367420155,True,,1,0,Slot__Patch;Slot__CPW_Feed_Pin;Patch__CPW_Feed_Pin,True,Slot__CPW_Feed_Pin,,Slot__CPW_Feed_Pin,,"{""Slot__CPW_Feed_Pin"": {""geometry_type"": ""MultiLineString"", ""relations"": ""overlaps"", ""wkt"": ""MULTILINESTRING ((0.5 21.7, 0 21.7), (0 21.7, -0.5 21.7))""}}",True,,,True,lhs
465,21.285609458525435,2.1039679113124778,6.1488419352901902,3.2054904060328973,2.4081740000551903,15.529807258105393,2.2082614970741954,0.43964461064948701,0.56423971941133988,0.7719296973079891,0.035515475372109383,0.73767795270229009,0.84742611937958179,0.63701785432506497,0.20114965181708069,0.98247909723391591,0.40925360785942794,0.68850348456235622,0.27699228853358143,0.33889975437518954,0.051965628421157734,0.5355910638229755,0.73714095366927268,True,,1,0,Slot__Patch;Slot__CPW_Feed_Pin;Patch__CPW_Feed_Pin,True,Slot__CPW_Feed_Pin,,Slot__CPW_Feed_Pin,,"{""Slot__CPW_Feed_Pin"": {""geometry_type"": ""MultiLineString"", ""relations"": ""overlaps"", ""wkt"": ""MULTILINESTRING ((0.5 20.72, 0 20.72), (0 20.72, -0.5 20.72))""}}",True,,,True,lhs
466,47.628852532838465,2.7345477684443935,7.0826362186278935,3.7923009528949319,1.5944153002147567,22.359456044268477,5.3639340093364982,0.79757806955907751,0.05289610221110682,0.8015365251944514,0.24683681665622192,0.91605213841228417,0.31429426788511827,0.78622305334081477,0.020001289589862317,0.93488149605875859,0.76560756150169385,0.19240660210844587,0.43015600113741104,0.023212965129002307,0.43459212882917836,0.36452186852282653,0.11702205170533343,True,,1,0,Slot__Patch;Slot__CPW_Feed_Pin;Patch__CPW_Feed_Pin,True,Slot__CPW_Feed_Pin,,Slot__CPW_Feed_Pin,,"{""Slot__CPW_Feed_Pin"": {""geometry_type"": ""MultiLineString"", ""relations"": ""overlaps"", ""wkt"": ""MULTILINESTRING ((0.5 23.7, 0 23.7), (0 23.7, -0.5 23.7))""}}",True,,,True,lhs
467,23.228801833694874,2.9282422297739688,4.0270502445810017,2.9764673934049659,1.1739090332047482,15.238232368362993,4.4966780696096942,0.08718066791022655,0.53603667099774688,0.37545156110158517,0.86329615756740441,0.74299767928219196,0.35549460885547834,0.32176072958553797,0.5119334317990768,0.3484175876400985,0.11623053180312584,0.63413819348511802,0.57685193139477942,0.9754740070099599,0.11731833769848017,0.20367346149114174,0.090490493704073013,True,,1,0,Slot__Patch;Slot__CPW_Feed_Pin;Patch__CPW_Feed_Pin,True,Slot__CPW_Feed_Pin,,Slot__CPW_Feed_Pin,,"{""Slot__CPW_Feed_Pin"": {""geometry_type"": ""MultiLineString"", ""relations"": ""overlaps"", ""wkt"": ""MULTILINESTRING ((0.5 22.59, 0 22.59), (0 22.59, -0.5 22.59))""}}",True,,,True,lhs
468,30.004363063270858,1.5300951512234011,5.9541190869080207,3.4351596874965953,2.1656132576905494,14.775703981222993,2.6983248934884214,0.08182288820731938,0.65794841625265066,0.73680093463896501,0.53700329369075106,0.49473360126262178,0.7673336780602612,0.28794562293532266,0.87322762839164847,0.97807380330231275,0.063435854306933576,0.48122792320629276,0.40480083944027817,0.28258761593624909,0.91150283057206627,0.1615835000091731,0.83201513123151194,True,,1,0,Slot__Patch;Slot__CPW_Feed_Pin;Patch__CPW_Feed_Pin,True,Slot__CPW_Feed_Pin,,Slot__CPW_Feed_Pin,,"{""Slot__CPW_Feed_Pin"": {""geometry_type"": ""MultiLineString"", ""relations"": ""overlaps"", ""wkt"": ""MULTILINESTRING ((0.5 20.4, 0 20.4), (0 20.4, -0.5 20.4))""}}",True,,,True,lhs
469,32.194404496116995,1.4677047096592148,7.82587114954939,2.7269653071182725,1.8996072373396462,16.253369842547883,4.0923990809833359,0.92687868938388729,0.90958578339071761,0.80062070756593717,0.88570788825565394,0.22296776497889884,0.81100043166630209,0.30091260194133179,0.60371703949831246,0.071744461854394662,0.22247883407767771,0.75502405495799296,0.29350941420938947,0.56785594305134457,0.93573951694825541,0.66652329086884254,0.74441217206109145,True,,1,0,Slot__Patch;Slot__CPW_Feed_Pin;Patch__CPW_Feed_Pin,True,Slot__CPW_Feed_Pin,,Slot__CPW_Feed_Pin,,"{""Slot__CPW_Feed_Pin"": {""geometry_type"": ""MultiLineString"", ""relations"": ""overlaps"", ""wkt"": ""MULTILINESTRING ((0.5 21.46, 0 21.46), (0 21.46, -0.5 21.46))""}}",True,,,True,lhs
470,30.356293694322154,1.3425245200734235,4.1666390145433843,2.2568975248541516,1.7583667364461564,11.952439059178705,4.2625591234581712,0.30153622537033892,0.89350231671828495,0.35668071766313375,0.44370997577726223,0.44910916069491974,0.46432901240510976,0.36105102878398199,0.84749163229426394,0.78736721490523953,0.29500629988831739,0.66347407991653429,0.26419796223090214,0.00034394262052860991,0.29837065456499107,0.71336106379343789,0.37607647083008167,True,,1,0,Slot__Patch;Slot__CPW_Feed_Pin;Patch__CPW_Feed_Pin,True,Slot__CPW_Feed_Pin,,Slot__CPW_Feed_Pin,,"{""Slot__CPW_Feed_Pin"": {""geometry_type"": ""MultiLineString"", ""relations"": ""overlaps"", ""wkt"": ""MULTILINESTRING ((0.5 21.36, 0 21.36), (0 21.36, -0.5 21.36))""}}",True,,,True,lhs
471,50.878277543377081,1.9569340967161799,7.5227673647335322,2.2441222596180843,1.197796617559918,10.791924559580748,5.4689934605791404,0.2239268966601955,0.10139577524526119,0.52701738397438846,0.61039010446917419,0.16525157712838626,0.86632900942906332,0.13259921695382473,0.85599969389711539,0.74622450359176551,0.67808133567682027,0.89192046524026847,0.022784315332995526,0.25081403732913066,0.063286272547563832,0.29383168804507759,0.65371980867196922,True,,1,0,Slot__Patch;Slot__CPW_Feed_Pin;Patch__CPW_Feed_Pin,True,Slot__CPW_Feed_Pin,,Slot__CPW_Feed_Pin,,"{""Slot__CPW_Feed_Pin"": {""geometry_type"": ""MultiLineString"", ""relations"": ""overlaps"", ""wkt"": ""MULTILINESTRING ((0.5 22.63, 0 22.63), (0 22.63, -0.5 22.63))""}}",True,,,True,lhs
472,32.836726025135505,1.6693542457054718,5.8533095906948578,2.9054397764248199,2.8250570944633577,15.189948071737371,5.7850418228731701,0.022273812597185059,0.80332169453812352,0.73969566303218925,0.3541696445923268,0.79052352025226902,0.20194645099077066,0.85572516796155351,0.60720051651175533,0.71060979672192415,0.66655605830563391,0.85058109320389674,0.83828204753504698,0.96017728166227589,0.58601906044947116,0.38999187913229416,0.86224723128852843,True,,1,0,Slot__Patch;Slot__CPW_Feed_Pin;Patch__CPW_Feed_Pin,True,Slot__CPW_Feed_Pin,,Slot__CPW_Feed_Pin,,"{""Slot__CPW_Feed_Pin"": {""geometry_type"": ""MultiLineString"", ""relations"": ""overlaps"", ""wkt"": ""MULTILINESTRING ((0.5 24.27, 0 24.27), (0 24.27, -0.5 24.27))""}}",True,,,True,lhs
473,23.649381469736262,1.6974250754255515,3.9055892282852005,2.1169280727106177,2.3837685384405676,18.904889717395989,5.2646846868841415,0.28021165614924032,0.97959199778039907,0.99550846782495017,0.50000639787540446,0.026745891985158775,0.19859982671553891,0.53659371587239491,0.46516567050135449,0.71925150394322834,0.79773338996000176,0.51324641671106308,0.82698628325176504,0.24245166458187428,0.28547158194680006,0.87899441964301572,0.79830193877490818,True,,1,0,Slot__Patch;Slot__CPW_Feed_Pin;Patch__CPW_Feed_Pin,True,Slot__CPW_Feed_Pin,,Slot__CPW_Feed_Pin,,"{""Slot__CPW_Feed_Pin"": {""geometry_type"": ""MultiLineString"", ""relations"": ""overlaps"", ""wkt"": ""MULTILINESTRING ((0.5 23.35, 0 23.35), (0 23.35, -0.5 23.35))""}}",True,,,True,lhs
474,21.202867320324486,2.5710186502140107,7.6434096284526936,3.8374454621094669,2.5891010912685815,14.463007487630039,2.0339093161332773,0.076543855106165529,0.30859912482859675,0.9369533261771632,0.090092906231784731,0.55452746761700411,0.055687307871392977,0.69719152822497843,0.48653214263780931,0.83230509290970522,0.9788502457155559,0.69056741008741473,0.51197633742571302,0.28414567509477467,0.8759898144715571,0.79240777430728948,0.12818206175650756,True,,1,0,Slot__Patch;Slot__CPW_Feed_Pin;Patch__CPW_Feed_Pin,True,Slot__CPW_Feed_Pin,,Slot__CPW_Feed_Pin,,"{""Slot__CPW_Feed_Pin"": {""geometry_type"": ""MultiLineString"", ""relations"": ""overlaps"", ""wkt"": ""MULTILINESTRING ((0.5 21.2, 0 21.2), (0 21.2, -0.5 21.2))""}}",True,,,True,lhs
475,37.564391484089299,1.1292592263795178,6.5212344579041011,3.3457270925484321,2.3102322513327582,9.1442694864807397,2.499417272008658,0.51716993566604397,0.36594021708950303,0.95670797357267856,0.5176683057069682,0.11250961514909673,0.29115088176859399,0.12779268104466099,0.12439921429181786,0.75876045025815919,0.22748934744108368,0.44359660113479882,0.21325453701154257,0.62979472494455557,0.17876588846340793,0.069500777499559227,0.10762558497410819,True,,1,0,Slot__Patch;Slot__CPW_Feed_Pin;Patch__CPW_Feed_Pin,True,Slot__CPW_Feed_Pin,,Slot__CPW_Feed_Pin,,"{""Slot__CPW_Feed_Pin"": {""geometry_type"": ""MultiLineString"", ""relations"": ""overlaps"", ""wkt"": ""MULTILINESTRING ((0.5 19.93, 0 19.93), (0 19.93, -0.5 19.93))""}}",True,,,True,lhs
476,49.350422809869393,2.7449059939340135,3.0570020966008808,1.3775931086476096,2.8512894384899434,21.716768982515518,4.2803563985656421,0.76187320816310811,0.27908742570570422,0.85137335826789895,0.78451979701596652,0.1145843890546225,0.37777799997247363,0.31374458827594559,0.097380478323642342,0.056592117844329867,0.52179194172442467,0.1611382940159041,0.097543841510826179,0.13929995889960103,0.84158936187537714,0.69174248912624092,0.93825165008989442,True,,1,0,Slot__Patch;Slot__CPW_Feed_Pin;Patch__CPW_Feed_Pin,True,Slot__CPW_Feed_Pin,,Slot__CPW_Feed_Pin,,"{""Slot__CPW_Feed_Pin"": {""geometry_type"": ""MultiLineString"", ""relations"": ""overlaps"", ""wkt"": ""MULTILINESTRING ((0.5 23.87, 0 23.87), (0 23.87, -0.5 23.87))""}}",True,,,True,lhs
477,26.861759272321937,2.1805984832723788,3.0076508841617966,2.4230997002328083,2.5350531864054897,13.651976940689057,5.7359997349742358,0.29083954134369305,0.049085595156761065,0.65103368931103289,0.82714667523786067,0.7958836986055049,0.11082527887207014,0.28026788316010637,0.79717444155555262,0.57337204546302389,0.74117314047976912,0.13032993126675335,0.82169484134183612,0.67317333508372934,0.47655243229997424,0.26971823464123684,0.50286384003988804,True,,1,0,Slot__Patch;Slot__CPW_Feed_Pin;Patch__CPW_Feed_Pin,True,Slot__CPW_Feed_Pin,,Slot__CPW_Feed_Pin,,"{""Slot__CPW_Feed_Pin"": {""geometry_type"": ""MultiLineString"", ""relations"": ""overlaps"", ""wkt"": ""MULTILINESTRING ((0.5 24.45, 0 24.45), (0 24.45, -0.5 24.45))""}}",True,,,True,lhs
478,59.63225186972069,1.238921310513837,3.6141037379561354,1.7243634530350969,2.0637328341475083,16.03550190849684,3.70696456107183,0.14090657515981994,0.1919599703793069,0.18547483098788647,0.59319249622116199,0.80686886147587533,0.27822660595759979,0.34696012404350757,0.4516877411181951,0.84841472573520915,0.42765868238389482,0.84179225361260079,0.64711295178921957,0.21397987500789775,0.7692159134484009,0.21272788857347275,0.52175216241817013,True,,1,0,Slot__Patch;Slot__CPW_Feed_Pin;Patch__CPW_Feed_Pin,True,Slot__CPW_Feed_Pin,,Slot__CPW_Feed_Pin,,"{""Slot__CPW_Feed_Pin"": {""geometry_type"": ""MultiLineString"", ""relations"": ""overlaps"", ""wkt"": ""MULTILINESTRING ((0.5 21.01, 0 21.01), (0 21.01, -0.5 21.01))""}}",True,,,True,lhs
479,55.414850793411084,1.8204385306038506,3.5990887133407279,3.2439080270348213,1.4226759239642566,18.766477315483606,3.3090117505160048,0.4085401375855986,0.26924451016795575,0.67613387407094583,0.88277045852503577,0.51402937935407322,0.17347547328243457,0.53338501651998349,0.84565999606454079,0.59544234618230363,0.80454625578055716,0.3119500526129238,0.91001584388296408,0.2196327758803244,0.83173131340822115,0.70658302944623752,0.59018319343148196,True,,1,0,Slot__Patch;Slot__CPW_Feed_Pin;Patch__CPW_Feed_Pin,True,Slot__CPW_Feed_Pin,,Slot__CPW_Feed_Pin,,"{""Slot__CPW_Feed_Pin"": {""geometry_type"": ""MultiLineString"", ""relations"": ""overlaps"", ""wkt"": ""MULTILINESTRING ((0.5 20.55, 0 20.55), (0 20.55, -0.5 20.55))""}}",True,,,True,lhs
480,50.071251772859931,1.6486832485471692,8.8307192761860591,3.6187463343972119,2.5227450053185043,11.498278643240194,4.362149719111601,0.71309731097601303,0.68233124836636194,0.24645908511688133,0.066753065616142804,0.043202503542008129,0.41238802732647128,0.84406844843503825,0.61939213651176628,0.52407939420013983,0.77067091732025417,0.3370308065294596,0.78987399419484905,0.23519876415994709,0.5561562018300531,0.98572503558318625,0.13801720153403396,True,,1,0,Slot__Patch;Slot__CPW_Feed_Pin;Patch__CPW_Feed_Pin,True,Slot__CPW_Feed_Pin,,Slot__CPW_Feed_Pin,,"{""Slot__CPW_Feed_Pin"": {""geometry_type"": ""MultiLineString"", ""relations"": ""overlaps"", ""wkt"": ""MULTILINESTRING ((0.5 22.53, 0 22.53), (0 22.53, -0.5 22.53))""}}",True,,,True,lhs
481,34.013664358702997,2.9512563929775606,8.8593060897593432,1.5088261212508001,1.9176186774545014,16.086369697322461,2.6769799912286678,0.77796267936909425,0.69918850097128515,0.14708153429077236,0.59570322967940326,0.31775074876244558,0.11307629365505588,0.68799467287569804,0.95275550103534978,0.066345840829983155,0.64892739415583633,0.7309127091323091,0.63781007009771773,0.014895994499633537,0.26026329714295088,0.9835683004910305,0.032457388165699055,True,,1,0,Slot__Patch;Slot__CPW_Feed_Pin;Patch__CPW_Feed_Pin,True,Slot__CPW_Feed_Pin,,Slot__CPW_Feed_Pin,,"{""Slot__CPW_Feed_Pin"": {""geometry_type"": ""MultiLineString"", ""relations"": ""overlaps"", ""wkt"": ""MULTILINESTRING ((0.5 21.55, 0 21.55), (0 21.55, -0.5 21.55))""}}",True,,,True,lhs
482,47.94078145757635,1.9470487300107568,4.1532837372863742,3.5824589771117266,1.6232110376811517,9.4296541677896997,4.3490835862798338,0.045324070361567527,0.32594983548223161,0.99035631577859129,0.17947836505574552,0.18121956300049377,0.049630326081304472,0.38552448843449377,0.16403016512604235,0.46763918539797833,0.32089952578687198,0.80626681949875745,0.10876115069044272,0.74594153819109699,0.094868233298112295,0.9480888521435622,0.4129768011103257,True,,1,0,Slot__Patch;Slot__CPW_Feed_Pin;Patch__CPW_Feed_Pin,True,Slot__CPW_Feed_Pin,,Slot__CPW_Feed_Pin,,"{""Slot__CPW_Feed_Pin"": {""geometry_type"": ""MultiLineString"", ""relations"": ""overlaps"", ""wkt"": ""MULTILINESTRING ((0.5 21.92, 0 21.92), (0 21.92, -0.5 21.92))""}}",True,,,True,lhs
483,43.945021741515191,1.6212457304273962,5.8016908620621148,2.8160879522880164,2.2733508621697194,20.838813309747941,3.4228283078068924,0.77236083695222646,0.312197827920352,0.18673533721737906,0.40776457351995332,0.76763115043385732,0.52150266247332489,0.66673965467362672,0.92283700930312618,0.88712394662145488,0.038699654592501041,0.17720019682722363,0.35076310000095112,0.46074427894009151,0.87883210681548951,0.87751682776579387,0.98111017666994715,True,,1,0,Slot__Patch;Slot__CPW_Feed_Pin;Patch__CPW_Feed_Pin,True,Slot__CPW_Feed_Pin,,Slot__CPW_Feed_Pin,,"{""Slot__CPW_Feed_Pin"": {""geometry_type"": ""MultiLineString"", ""relations"": ""overlaps"", ""wkt"": ""MULTILINESTRING ((0.5 21.32, 0 21.32), (0 21.32, -0.5 21.32))""}}",True,,,True,lhs
484,44.224605205773543,1.9997024875492468,8.9846884225348553,3.3357884168773255,1.0288186885835913,10.434184961524602,5.042599966206323,0.018436268161926651,0.61383760622301475,0.16518159447821018,0.262491714291403,0.25094969606801643,0.51243921625292765,0.91767839199251144,0.1071395436650964,0.28243495100183297,0.80961069928320784,0.79725548848278949,0.16884491507554694,0.57485415085721614,0.20708003894427415,0.57231978002471195,0.53383108624772557,True,,1,0,Slot__Patch;Slot__CPW_Feed_Pin;Patch__CPW_Feed_Pin,True,Slot__CPW_Feed_Pin,,Slot__CPW_Feed_Pin,,"{""Slot__CPW_Feed_Pin"": {""geometry_type"": ""MultiLineString"", ""relations"": ""overlaps"", ""wkt"": ""MULTILINESTRING ((0.5 22.07, 0 22.07), (0 22.07, -0.5 22.07))""}}",True,,,True,lhs
485,18.369496580698204,1.4721577412780276,5.2806710920066013,2.9676845908034633,1.9937557436338889,13.333070636664102,2.8669086001392099,0.13008638918722309,0.6663179844585132,0.41817045715391404,0.030158170994966229,0.51274310262199452,0.25497864283127003,0.33072946631196626,0.38785365950568146,0.29951925323554318,0.41327128227639698,0.9203042103790775,0.87541214992036975,0.77477194680992634,0.89342976361531312,0.76733769729891221,0.85455474674802534,True,,1,0,Slot__Patch;Slot__CPW_Feed_Pin;Patch__CPW_Feed_Pin,True,Slot__CPW_Feed_Pin,,Slot__CPW_Feed_Pin,,"{""Slot__CPW_Feed_Pin"": {""geometry_type"": ""MultiLineString"", ""relations"": ""overlaps"", ""wkt"": ""MULTILINESTRING ((0.5 20.34, 0 20.34), (0 20.34, -0.5 20.34))""}}",True,,,True,lhs
486,55.970918184790257,1.9754401752710935,7.8936689815681413,1.4418166365623659,1.343386149733272,13.065726881265029,2.0138197222195982,0.6146530685732593,0.58957026469621721,0.14016761495582122,0.049353734752168234,0.56415778700543195,0.27463133473696488,0.40599313267043574,0.13035489067623149,0.24377837450679785,0.33138576117311114,0.63537636768899264,0.020329985079275449,0.69262750085901781,0.78997432305214155,0.12445706119507687,0.46446739149237859,True,,1,0,Slot__Patch;Slot__CPW_Feed_Pin;Patch__CPW_Feed_Pin,True,Slot__CPW_Feed_Pin,,Slot__CPW_Feed_Pin,,"{""Slot__CPW_Feed_Pin"": {""geometry_type"": ""MultiLineString"", ""relations"": ""overlaps"", ""wkt"": ""MULTILINESTRING ((0.5 19.33, 0 19.33), (0 19.33, -0.5 19.33))""}}",True,,,True,lhs
487,25.630794933758718,1.9525713114720367,3.8137022875287765,1.9814068066013171,2.0085460884750717,16.377040468165937,2.458058466435193,0.5202252059694884,0.53322412537914388,0.11754227382169372,0.33656680155795854,0.29532413201558544,0.51459820523582755,0.70816905565005039,0.90166575459194775,0.58992256096269446,0.6360320750585996,0.69552301182290488,0.13050850354756965,0.96864588484158454,0.049831567347742328,0.2479523543079005,0.095447708412052842,True,,1,0,Slot__Patch;Slot__CPW_Feed_Pin;Patch__CPW_Feed_Pin,True,Slot__CPW_Feed_Pin,,Slot__CPW_Feed_Pin,,"{""Slot__CPW_Feed_Pin"": {""geometry_type"": ""MultiLineString"", ""relations"": ""overlaps"", ""wkt"": ""MULTILINESTRING ((0.5 20.42, 0 20.42), (0 20.42, -0.5 20.42))""}}",True,,,True,lhs
488,40.42267680555036,2.3278726433378156,7.3545962545682499,2.2514311903734443,1.5180766044865219,19.460187614896075,2.3128060797217489,0.73473066527520348,0.79438797318771437,0.71824600080557366,0.51349326099793602,0.62438063599424343,0.31980467544704722,0.51368453149536253,0.14542538444497205,0.06411109446543406,0.73060356901674794,0.4573452944195201,0.83040765511316772,0.64545130591995881,0.15188035905010103,0.10147717814401917,0.39359736516485089,True,,1,0,Slot__Patch;Slot__CPW_Feed_Pin;Patch__CPW_Feed_Pin,True,Slot__CPW_Feed_Pin,,Slot__CPW_Feed_Pin,,"{""Slot__CPW_Feed_Pin"": {""geometry_type"": ""MultiLineString"", ""relations"": ""overlaps"", ""wkt"": ""MULTILINESTRING ((0.5 20.15, 0 20.15), (0 20.15, -0.5 20.15))""}}",True,,,True,lhs
489,35.398575211625456,2.111855591900766,7.5343117706941385,3.54823716795359,2.7073478284579604,12.335835581994813,5.0926214751598931,0.33390134072610039,0.80002704568047989,0.07345590866509151,0.23620422519705506,0.36971468055104484,0.76135455569430066,0.94481892170685311,0.77210549861693123,0.33226756066847596,0.056716372715189846,0.71200924505321928,0.2805604697933019,0.010680517469739787,0.75558647280077207,0.43306649656542218,0.81019313597440179,True,,1,0,Slot__Patch;Slot__CPW_Feed_Pin;Patch__CPW_Feed_Pin,True,Slot__CPW_Feed_Pin,,Slot__CPW_Feed_Pin,,"{""Slot__CPW_Feed_Pin"": {""geometry_type"": ""MultiLineString"", ""relations"": ""overlaps"", ""wkt"": ""MULTILINESTRING ((0.5 23.92, 0 23.92), (0 23.92, -0.5 23.92))""}}",True,,,True,lhs
490,41.136599713054451,2.4238754652092092,8.6774648585188157,3.0997196201151498,2.8675688624091813,7.7196240618692444,4.6262009754604527,0.072016284556603805,0.38323611131514912,0.50229558024014054,0.57862940380071093,0.76085831943225346,0.959332658978717,0.10816374382576055,0.77938580665152768,0.39603524251918609,0.93399310234374433,0.9862288592290025,0.81365650519341404,0.2174432183685861,0.28923790569595231,0.66889678762195193,0.49345360511760494,True,,1,0,Slot__Patch;Slot__CPW_Feed_Pin;Patch__CPW_Feed_Pin,True,Slot__CPW_Feed_Pin,,Slot__CPW_Feed_Pin,,"{""Slot__CPW_Feed_Pin"": {""geometry_type"": ""MultiLineString"", ""relations"": ""overlaps"", ""wkt"": ""MULTILINESTRING ((0.5 23.92, 0 23.92), (0 23.92, -0.5 23.92))""}}",True,,,True,lhs
491,24.333411198718331,2.5944709940193249,6.6330170547074117,1.3851750531846694,1.9387816674546907,14.506165581274656,3.8703031136013566,0.88309846716641172,0.65297142456084323,0.98918263657671546,0.51149225868627723,0.32986183129191127,0.72179464728705156,0.33951102389035925,0.31301368900571569,0.61556958862847933,0.49263694845664824,0.20907725195858434,0.44675438263375306,0.8179057029097343,0.10393164805902352,0.25708386918813519,0.6645218808339789,True,,1,0,Slot__Patch;Slot__CPW_Feed_Pin;Patch__CPW_Feed_Pin,True,Slot__CPW_Feed_Pin,,Slot__CPW_Feed_Pin,,"{""Slot__CPW_Feed_Pin"": {""geometry_type"": ""MultiLineString"", ""relations"": ""overlaps"", ""wkt"": ""MULTILINESTRING ((0.5 22.41, 0 22.41), (0 22.41, -0.5 22.41))""}}",True,,,True,lhs
492,20.596904680363771,1.2041198227525343,4.4008066768329996,3.528009437372881,1.9053673492524161,19.056082568903516,2.8840315151712916,0.16618624137565263,0.47628456648561585,0.74923585468809195,0.10106605532778118,0.50083096651224712,0.14187938065035099,0.33373712745997697,0.43960811340071287,0.48362864298308322,0.25870475753020888,0.35411712223030478,0.9959818723952818,0.31609490967375642,0.14529037634196798,0.24523817505906814,0.065352836181446022,True,,1,0,Slot__Patch;Slot__CPW_Feed_Pin;Patch__CPW_Feed_Pin,True,Slot__CPW_Feed_Pin,,Slot__CPW_Feed_Pin,,"{""Slot__CPW_Feed_Pin"": {""geometry_type"": ""MultiLineString"", ""relations"": ""overlaps"", ""wkt"": ""MULTILINESTRING ((0.5 19.99, 0 19.99), (0 19.99, -0.5 19.99))""}}",True,,,True,lhs
493,27.915088864390761,1.4105666474506875,7.1380692488375903,3.5659774814289333,1.2276306693649965,14.396641095792047,3.2069069036723885,0.042252119976036992,0.32649487505714364,0.21905224479591243,0.42099617980185022,0.54181927911752081,0.86854423018745075,0.24108808450035524,0.075841640291788859,0.87632725552535939,0.79001016802794344,0.97526368572108479,0.98758504471052277,0.45267038157186679,0.087382027432078777,0.77648041274570556,0.17617830157920553,True,,1,0,Slot__Patch;Slot__CPW_Feed_Pin;Patch__CPW_Feed_Pin,True,Slot__CPW_Feed_Pin,,Slot__CPW_Feed_Pin,,"{""Slot__CPW_Feed_Pin"": {""geometry_type"": ""MultiLineString"", ""relations"": ""overlaps"", ""wkt"": ""MULTILINESTRING ((0.5 19.85, 0 19.85), (0 19.85, -0.5 19.85))""}}",True,,,True,lhs
494,20.195775204928871,1.1489337186901529,6.6721307934009388,1.9336233701802972,1.8479737691841902,20.739221848975639,5.0981920670183856,0.71016405453793474,0.6399190509524485,0.22314005199946171,0.5394232766678192,0.68532668901977256,0.50997025638910942,0.94230349294234417,0.8904048072041334,0.18965454792974998,0.58096503326186111,0.60867978841262915,0.33809201156456603,0.32695348498525023,0.67882114269552252,0.19395444810049969,0.32451622769595728,True,,1,0,Slot__Patch;Slot__CPW_Feed_Pin;Patch__CPW_Feed_Pin,True,Slot__CPW_Feed_Pin,,Slot__CPW_Feed_Pin,,"{""Slot__CPW_Feed_Pin"": {""geometry_type"": ""MultiLineString"", ""relations"": ""overlaps"", ""wkt"": ""MULTILINESTRING ((0.5 22.09, 0 22.09), (0 22.09, -0.5 22.09))""}}",True,,,True,lhs
495,51.116731574600692,2.3490608125217705,8.6845990160833715,2.7570384267245607,2.0961619446972239,21.642234393188204,3.7219598911908447,0.79261802421732519,0.49453864525414226,0.80302279858437442,0.25072099442579066,0.18697378024989961,0.27292878297643736,0.89476067178976315,0.3501246403104642,0.51507648580718612,0.84407051356420559,0.68564032830804911,0.73240404036572004,0.63302646061603074,0.26842810932315309,0.81334229179816597,0.55619538167685123,True,,1,0,Slot__Patch;Slot__CPW_Feed_Pin;Patch__CPW_Feed_Pin,True,Slot__CPW_Feed_Pin,,Slot__CPW_Feed_Pin,,"{""Slot__CPW_Feed_Pin"": {""geometry_type"": ""MultiLineString"", ""relations"": ""overlaps"", ""wkt"": ""MULTILINESTRING ((0.5 22.16, 0 22.16), (0 22.16, -0.5 22.16))""}}",True,,,True,lhs
496,16.971338941692036,1.9162223909420988,5.2945768153964599,2.6136552651814817,2.6636037599679883,20.099072668599753,5.8202799609341582,0.99706398957177211,0.43719429869452803,0.4831968556921285,0.89716379436976335,0.17158606897946344,0.77573552564639969,0.41092693902888155,0.92600732841265987,0.99986433127710705,0.090121172097522489,0.95034816411370382,0.98500619017808733,0.19163656689468106,0.57117377839701788,0.75953924900429404,0.049244757351136474,True,,1,0,Slot__Patch;Slot__CPW_Feed_Pin;Patch__CPW_Feed_Pin,True,Slot__CPW_Feed_Pin,,Slot__CPW_Feed_Pin,,"{""Slot__CPW_Feed_Pin"": {""geometry_type"": ""MultiLineString"", ""relations"": ""overlaps"", ""wkt"": ""MULTILINESTRING ((0.5 24.4, 0 24.4), (0 24.4, -0.5 24.4))""}}",True,,,True,lhs
497,57.819760638907766,1.1865193904265792,7.6631704850630191,2.8613921023033249,2.6458324350960316,7.9095517080256448,2.6177345439053781,0.014943699052390111,0.94243891305736383,0.048183936406041038,0.085032942659303584,0.52611163475930689,0.36719683790099894,0.55700363191948532,0.12867783251838563,0.49413503153912497,0.48465392962911863,0.57711067552292272,0.93616634720180114,0.20454459400485778,0.60742275178497851,0.089279850647926082,0.42580721789847215,True,,1,0,Slot__Patch;Slot__CPW_Feed_Pin;Patch__CPW_Feed_Pin,True,Slot__CPW_Feed_Pin,,Slot__CPW_Feed_Pin,,"{""Slot__CPW_Feed_Pin"": {""geometry_type"": ""MultiLineString"", ""relations"": ""overlaps"", ""wkt"": ""MULTILINESTRING ((0.5 20.45, 0 20.45), (0 20.45, -0.5 20.45))""}}",True,,,True,lhs
498,49.388334289429935,1.6036380276995068,5.5478131781104043,3.4111731623265547,2.5667301798590163,14.258566167009862,4.078114736578744,0.19604128702364781,0.20087375580025962,0.19185557639186179,0.42636160700271014,0.17709411605993072,0.85443233019313203,0.31216674150766743,0.36860893584975046,0.21801791231277395,0.12102569765257816,0.81221030058155053,0.24247810074874859,0.67569738270397073,0.35137370431387682,0.61503604085444008,0.89852612020788214,True,,1,0,Slot__Patch;Slot__CPW_Feed_Pin;Patch__CPW_Feed_Pin,True,Slot__CPW_Feed_Pin,,Slot__CPW_Feed_Pin,,"{""Slot__CPW_Feed_Pin"": {""geometry_type"": ""MultiLineString"", ""relations"": ""overlaps"", ""wkt"": ""MULTILINESTRING ((0.5 22.25, 0 22.25), (0 22.25, -0.5 22.25))""}}",True,,,True,lhs
499,17.33437257103909,1.7124498043069785,5.6391246994313162,2.1561712147933805,2.3661877659617021,10.487107621990321,3.5882144264102727,0.28392810129232321,0.86389337070800376,0.65582054424334124,0.052276543447079021,0.11772903562897387,0.94397401327956298,0.39828502640232155,0.46232448472688575,0.69127261193327461,0.83911766297113988,0.33964757948345364,0.75262411249038896,0.0026945130239417556,0.3053348283648355,0.36018634932163418,0.46275748737799044,True,,1,0,Slot__Patch;Slot__CPW_Feed_Pin;Patch__CPW_Feed_Pin,True,Slot__CPW_Feed_Pin,,Slot__CPW_Feed_Pin,,"{""Slot__CPW_Feed_Pin"": {""geometry_type"": ""MultiLineString"", ""relations"": ""overlaps"", ""wkt"": ""MULTILINESTRING ((0.5 21.67, 0 21.67), (0 21.67, -0.5 21.67))""}}",True,,,True,lhs
500,17.581610838577696,1.7595094785430705,4.927672914441656,1.5453929123923669,1.2638710977500935,19.998556846102566,2.8243693580210341,0.96169898320053981,0.59651704182207399,0.39268052708666756,0.024000204709201244,0.20259241509639306,0.91835958297073195,0.64584717017699966,0.49481702897520136,0.13563628741472702,0.81646341990593774,0.061574787198895621,0.060373536850799818,0.71239001974397342,0.41571418466692528,0.60308022038487707,0.76598500079846688,True,,1,0,Slot__Patch;Slot__CPW_Feed_Pin;Patch__CPW_Feed_Pin,True,Slot__CPW_Feed_Pin,,Slot__CPW_Feed_Pin,,"{""Slot__CPW_Feed_Pin"": {""geometry_type"": ""MultiLineString"", ""relations"": ""overlaps"", ""wkt"": ""MULTILINESTRING ((0.5 19.85, 0 19.85), (0 19.85, -0.5 19.85))""}}",True,,,True,lhs
501,45.810912773683768,2.0236792236432146,3.1091066780662144,2.9190783165737217,1.3949987478046235,16.635542037581615,2.6530052839210478,0.79453954095334578,0.47280943418698168,0.22521920461961947,0.44091276447746902,0.20963086976469072,0.24250573980201709,0.95078007230065931,0.8492166316686941,0.76299203051636955,0.1343022018302629,0.68174167374969341,0.95152170970299521,0.39287594228208172,0.14439152636665306,0.62185200317888545,0.55326338051185098,True,,1,0,Slot__Patch;Slot__CPW_Feed_Pin;Patch__CPW_Feed_Pin,True,Slot__CPW_Feed_Pin,,Slot__CPW_Feed_Pin,,"{""Slot__CPW_Feed_Pin"": {""geometry_type"": ""MultiLineString"", ""relations"": ""overlaps"", ""wkt"": ""MULTILINESTRING ((0.5 20.07, 0 20.07), (0 20.07, -0.5 20.07))""}}",True,,,True,lhs
502,36.423785265377923,1.7306857072939943,4.9931963998430628,3.6384759817821752,2.495906908035324,7.8125621307831459,5.7300624231674666,0.47694644029174038,0.15061638823488374,0.56356923090844679,0.55284842699439485,0.067779172765171314,0.83533812000171614,0.010098697818784327,0.83004453989671334,0.61962612381732751,0.61582925597626004,0.45960643541256024,0.96161146928736541,0.56185672571531842,0.34342501558068689,0.086429690826285294,0.39876408866347063,True,,1,0,Slot__Patch;Slot__CPW_Feed_Pin;Patch__CPW_Feed_Pin,True,Slot__CPW_Feed_Pin,,Slot__CPW_Feed_Pin,,"{""Slot__CPW_Feed_Pin"": {""geometry_type"": ""MultiLineString"", ""relations"": ""overlaps"", ""wkt"": ""MULTILINESTRING ((0.5 23.96, 0 23.96), (0 23.96, -0.5 23.96))""}}",True,,,True,lhs
503,56.460713681493175,1.5644286383686397,8.0549115090697327,1.5404549507313385,2.7750206929523396,13.957465052214868,4.1206132476745267,0.89920714492999443,0.55064119107445786,0.044275602223363152,0.37793818118532935,0.58751173042544125,0.1679009697133779,0.92977017166307219,0.97666189598469222,0.51292523370285714,0.25065216156778658,0.97178778152455347,0.88947395044515676,0.5102178183796402,0.18289549168947755,0.030946714033109144,0.62360133155887176,True,,1,0,Slot__Patch;Slot__CPW_Feed_Pin;Patch__CPW_Feed_Pin,True,Slot__CPW_Feed_Pin,,Slot__CPW_Feed_Pin,,"{""Slot__CPW_Feed_Pin"": {""geometry_type"": ""MultiLineString"", ""relations"": ""overlaps"", ""wkt"": ""MULTILINESTRING ((0.5 22.46, 0 22.46), (0 22.46, -0.5 22.46))""}}",True,,,True,lhs
504,38.749606068489335,1.0136885875383561,7.5636637031285154,1.6982074781320278,2.0141209048012096,17.042046913057263,4.6556694366690659,0.57943904296027715,0.20423375719453848,0.13204543139407982,0.57014966183119431,0.63598709695725208,0.42892696457530921,0.51203996794316919,0.15049260029136161,0.7991016421863868,0.62002498985676724,0.62798150854541468,0.87738351735743048,0.67024487040512493,0.9343987046133887,0.20999198895901472,0.77552215395035684,True,,1,0,Slot__Patch;Slot__CPW_Feed_Pin;Patch__CPW_Feed_Pin,True,Slot__CPW_Feed_Pin,,Slot__CPW_Feed_Pin,,"{""Slot__CPW_Feed_Pin"": {""geometry_type"": ""MultiLineString"", ""relations"": ""overlaps"", ""wkt"": ""MULTILINESTRING ((0.5 21.69, 0 21.69), (0 21.69, -0.5 21.69))""}}",True,,,True,lhs
505,54.981977583494924,1.5848531126300198,8.8619025249350187,3.4697797837474873,1.0116922552686227,19.034695425490558,2.9223559108483061,0.75751842236756561,0.7844009391221376,0.71928891017102514,0.32016902241557715,0.93607702668172277,0.16847397447375015,0.19991331982598951,0.85812325325578775,0.36890649210261522,0.55001347240164311,0.90555315423758542,0.11416301618384175,0.79956255001893395,0.60505323183540038,0.67301958825067665,0.26123054445865301,True,,1,0,Slot__Patch;Slot__CPW_Feed_Pin;Patch__CPW_Feed_Pin,True,Slot__CPW_Feed_Pin,,Slot__CPW_Feed_Pin,,"{""Slot__CPW_Feed_Pin"": {""geometry_type"": ""MultiLineString"", ""relations"": ""overlaps"", ""wkt"": ""MULTILINESTRING ((0.5 19.52, 0 19.52), (0 19.52, -0.5 19.52))""}}",True,,,True,lhs
506,15.282932141307734,2.4799056944675022,8.7212085581348351,3.2307160461960098,1.1241077598514952,21.90269228002176,3.1888583443804666,0.22110376764063949,0.36867453218966895,0.4809402285627426,0.22787686750018302,0.065666455797215612,0.35011958675740495,0.83476743633987749,0.78543060451712365,0.55617798964931897,0.64409034755256533,0.56289169682604012,0.20271135031585202,0.52661282616589888,0.31028939691903451,0.32131143654268951,0.38189257487486666,True,,1,0,Slot__Patch;Slot__CPW_Feed_Pin;Patch__CPW_Feed_Pin,True,Slot__CPW_Feed_Pin,,Slot__CPW_Feed_Pin,,"{""Slot__CPW_Feed_Pin"": {""geometry_type"": ""MultiLineString"", ""relations"": ""overlaps"", ""wkt"": ""MULTILINESTRING ((0.5 20.79, 0 20.79), (0 20.79, -0.5 20.79))""}}",True,,,True,lhs
507,30.266480552155329,1.5142239842264003,4.111561498668606,3.2602778878574892,2.5661187404313948,10.854907063241296,3.7360599085273307,0.95671176296552429,0.30595771110766951,0.26547366409425077,0.28077010504733374,0.21802042753930403,0.43134622024419184,0.76449617332107611,0.14360556454921372,0.86832140089910204,0.70594629954337362,0.44212713138952503,0.51719029897491731,0.68510659205618252,0.14770016175211759,0.27579007068499761,0.69587694154856472,True,,1,0,Slot__Patch;Slot__CPW_Feed_Pin;Patch__CPW_Feed_Pin,True,Slot__CPW_Feed_Pin,,Slot__CPW_Feed_Pin,,"{""Slot__CPW_Feed_Pin"": {""geometry_type"": ""MultiLineString"", ""relations"": ""overlaps"", ""wkt"": ""MULTILINESTRING ((0.5 21.82, 0 21.82), (0 21.82, -0.5 21.82))""}}",True,,,True,lhs
508,22.351659787210728,2.9798169981471689,3.5933762024208544,3.2782829591969334,1.6592215390127043,17.974711410100017,5.5494890035000424,0.62260967429366132,0.49212603875434546,0.76108121142704488,0.16660666212743472,0.9473688559975707,0.97225885103900855,0.46580112587785394,0.86222255809858517,0.090543570215811983,0.36073043437283359,0.11725625471646964,0.44059526155426698,0.58932676784560056,0.62817948786299194,0.66561787390458538,0.45840105047676788,True,,1,0,Slot__Patch;Slot__CPW_Feed_Pin;Patch__CPW_Feed_Pin,True,Slot__CPW_Feed_Pin,,Slot__CPW_Feed_Pin,,"{""Slot__CPW_Feed_Pin"": {""geometry_type"": ""MultiLineString"", ""relations"": ""overlaps"", ""wkt"": ""MULTILINESTRING ((0.5 24.19, 0 24.19), (0 24.19, -0.5 24.19))""}}",True,,,True,lhs
509,41.713129659786489,1.5338267669205512,6.2925163622743083,2.751589226090549,2.9088744487181968,19.644694170511961,4.1326058312331924,0.99478718960630719,0.32981791975306385,0.83219302752617996,0.69701614895098885,0.86589946983158772,0.60260783836876686,0.43542502887819373,0.018442750761543815,0.85040029712606657,0.33816663139803976,0.74173347451754856,0.65054112092951877,0.3424083611426712,0.37801448185434394,0.75739991938125217,0.59279305091176349,True,,1,0,Slot__Patch;Slot__CPW_Feed_Pin;Patch__CPW_Feed_Pin,True,Slot__CPW_Feed_Pin,,Slot__CPW_Feed_Pin,,"{""Slot__CPW_Feed_Pin"": {""geometry_type"": ""MultiLineString"", ""relations"": ""overlaps"", ""wkt"": ""MULTILINESTRING ((0.5 22.58, 0 22.58), (0 22.58, -0.5 22.58))""}}",True,,,True,lhs
510,48.358222217017754,2.028189947608436,8.751350823774338,3.5339137725786136,1.7469480769948442,15.86958954540783,5.5664673721504458,0.17107285877075729,0.47146470069799479,0.23282311292281352,0.45384278660258415,0.37972805151525751,0.79918087651928982,0.30777373598278895,0.99448592353543908,0.60504978196887327,0.20465350487637401,0.088177261552866898,0.87423070866981012,0.42548575940364924,0.48290324612236091,0.39489299697898761,0.30098586170065561,True,,1,0,Slot__Patch;Slot__CPW_Feed_Pin;Patch__CPW_Feed_Pin,True,Slot__CPW_Feed_Pin,,Slot__CPW_Feed_Pin,,"{""Slot__CPW_Feed_Pin"": {""geometry_type"": ""MultiLineString"", ""relations"": ""overlaps"", ""wkt"": ""MULTILINESTRING ((0.5 23.34, 0 23.34), (0 23.34, -0.5 23.34))""}}",True,,,True,lhs
511,59.163874000720355,2.3376013849263524,6.7838275383669266,2.6077924747572019,1.8747689594200367,15.902584055433122,4.2161844959467807,0.55242444960481873,0.29623613269875121,0.025722787762023896,0.52911419722532671,0.86319343268091919,0.5820036545608851,0.52395792854410261,0.25647167764830286,0.86449167387519199,0.27315314709184868,0.081245721348994701,0.65982292943755994,0.73307349074044403,0.010374661753013445,0.24925359864896676,0.17516721866405585,True,,1,0,Slot__Patch;Slot__CPW_Feed_Pin;Patch__CPW_Feed_Pin,True,Slot__CPW_Feed_Pin,,Slot__CPW_Feed_Pin,,"{""Slot__CPW_Feed_Pin"": {""geometry_type"": ""MultiLineString"", ""relations"": ""overlaps"", ""wkt"": ""MULTILINESTRING ((0.5 22.43, 0 22.43), (0 22.43, -0.5 22.43))""}}",True,,,True,lhs
